_id,price
20886,62656.52
117465,146915.76
125220,480040.0
77683,142457.84
77672,269902.1
60719,81289.62
15330,173554.84
31409,249469.42
63045,222639.68
81343,449726.46
2152,144457.1
9788,176665.22
131440,217779.4
127143,245262.92
60964,171885.77
11897,70740.85
28349,112706.9
129800,110437.08
81782,185643.16
3998,94692.03
64497,229348.21
76529,143402.56
51041,195583.21
55378,204788.22
52411,126864.36
122116,166953.29
131,273846.09
135109,90318.37
48013,366440.61
28327,160856.72
58077,164064.76
18876,306879.95
143327,233184.23
125842,176994.99
65781,64219.91
80430,50472.6
132205,241584.77
2416,106526.61
119702,118053.94
1772,239497.14
78641,295298.73
66304,119312.77
4247,240000.0
24308,110268.39
61599,150513.21
118050,48377.44
118277,248357.3
27390,98860.12
29103,159231.7
137207,106917.51
20877,84962.15
128650,321990.65
4179,230891.76
73892,57318.27
43961,159977.41
17915,177714.55
62000,157759.92
130592,247375.69
115347,308138.0
12651,120035.47
137671,269555.01
110726,375877.29
113287,82710.43
62979,157812.54
124783,68086.1
1456,321530.35
79544,88302.69
72577,104313.28
114247,121729.42
43508,52807.32
9338,78267.17
41767,219201.13
1714,87083.22
81526,80961.36
20024,226544.49
76305,214072.78
118710,185531.22
22270,210002.84
144919,131831.69
116429,229849.63
44360,292956.76
124920,120635.64
144566,138915.03
141662,165710.97
118888,235920.05
17739,83663.3
112825,90270.79
33302,262320.01
132955,120418.38
65666,297740.41
135088,240491.28
143170,117813.61
81953,143829.92
31689,123357.63
72768,215885.59
13599,182380.54
40876,165376.55
15794,151173.08
52118,274290.71
79149,45448.37
56808,123619.03
48801,88523.64
9502,277444.8
4846,106698.32
136647,151041.09
43618,97077.74
139136,326372.51
22401,85527.64
52705,157666.67
52220,67917.29
10912,85311.27
24403,300000.0
55494,159707.08
77273,114411.09
26023,330860.74
52481,152444.17
67193,521913.59
20033,177232.26
41597,70147.03
38096,148452.05
39602,209749.14
144617,510977.96
27642,135278.71
70817,288392.75
64049,178954.36
3184,135001.52
82178,185221.6
130494,358853.37
62905,190697.71
18536,120462.75
68781,92054.91
32035,164094.61
75749,110425.35
44580,60848.03
140094,254121.86
45231,192204.34
134569,107425.04
49807,130308.01
8185,129868.52
10900,105185.2
38388,202599.06
38330,87052.79
141479,163714.2
63614,60114.95
70981,369707.11
59302,129935.35
113312,300634.39
83121,164331.21
36,108466.2
2551,91385.87
21698,276336.29
68419,175000.0
147172,180636.4
133464,144483.42
128110,300734.22
124937,155301.02
118294,138772.53
59759,181376.25
80782,135447.92
69674,394857.74
10778,74316.39
27530,117334.38
140123,91472.46
125765,101525.32
12045,147818.59
124968,293325.55
4618,259930.11
46626,200870.38
79683,50100.09
116391,137759.67
120920,354685.44
11351,244994.34
5827,67272.82
62405,182192.39
5257,123591.16
65876,106054.06
111004,143140.99
20962,242865.43
67021,299617.86
37547,94374.4
12672,93616.79
129803,168000.0
125295,276668.86
114069,77794.02
16852,152286.51
4876,113447.98
62617,174833.33
118775,72496.31
136603,115164.47
113712,128179.79
62954,108451.08
40685,165414.62
23616,157135.53
26883,144847.61
114428,100735.39
44796,109626.03
10423,213131.8
120869,328394.03
16473,108395.48
83106,129687.88
25827,112858.6
125938,189979.63
49612,165317.03
20053,170244.1
128485,252718.85
68229,141384.86
135405,194875.24
52394,224270.05
22945,175340.77
131894,103430.33
56024,269944.73
3605,277671.61
123135,123789.14
59270,112722.91
11790,56638.09
135659,99907.55
123498,118675.5
66593,48290.8
139497,85247.77
3972,367811.32
112914,61734.41
113314,138946.4
146922,99877.29
49939,193133.79
146684,85565.86
69182,373989.13
70756,121535.02
30089,113067.25
129662,221814.29
133107,57246.58
125839,93372.33
3871,103224.64
124995,335486.99
61284,72544.46
55551,459687.09
145942,163363.86
111141,219951.23
146056,164382.87
39819,266542.87
1816,51084.75
49659,86746.04
142410,135452.81
15601,648243.41
41743,273089.44
135166,376080.38
124755,164068.04
42254,167025.8
46072,100137.2
48596,444275.83
129111,128430.68
132111,240113.9
4377,126543.05
33656,398598.87
59941,127896.48
140097,102771.85
140407,239027.43
49392,370061.25
4406,242999.91
37707,159381.31
48014,111723.51
126355,156281.2
60569,369609.98
59065,416837.36
18348,179221.58
64703,148769.45
127728,257571.74
13881,70913.34
35544,304683.43
10005,83849.6
75843,112551.61
45168,62282.48
129078,72610.89
52970,109292.02
76277,164851.33
23695,103511.33
64151,215297.32
77515,267674.62
34866,182785.79
5174,209472.58
43098,114355.07
56587,217774.24
127908,74416.25
52093,177328.39
145456,217509.46
24352,380637.13
57277,369392.35
120276,165827.6
121344,148984.98
138042,58015.22
61960,187621.11
126112,211731.87
5009,168437.05
45735,73226.66
61730,123353.81
71377,93209.1
62178,141948.64
3264,320055.41
146589,276381.8
132129,265589.02
142925,104898.28
124202,160332.84
71448,477451.13
80038,251705.32
14301,111335.5
43286,146061.3
139066,216562.23
26551,130298.1
22193,200078.88
39112,189511.63
60097,191600.99
65478,190242.97
2811,162657.4
80108,294144.15
110676,78354.04
76630,129130.71
42917,124920.92
113474,88722.19
10609,205197.44
116277,36309.2
29806,69886.11
59083,194486.16
147151,157019.05
81819,97279.83
144312,148000.0
42967,125096.52
47944,172031.5
140837,77070.04
32837,74291.7
143148,495134.93
41846,133380.95
55854,135930.32
135777,551700.03
115944,110598.35
9170,110527.78
29218,162673.83
10875,89192.95
13908,187348.49
16109,172685.5
16631,154097.2
135715,292496.83
65171,58274.89
147111,272258.38
13396,156747.75
46262,108347.05
82746,404964.02
82088,170903.27
137230,246541.97
121843,136944.11
13372,151669.99
9614,156827.52
46905,183199.15
138088,137306.51
132164,105384.86
40182,89176.68
35634,449741.58
64799,150602.99
141215,161769.96
129332,97967.37
45312,220682.45
124878,100228.41
75277,509457.61
42901,159687.62
5906,147124.02
16740,140211.36
63075,184251.69
23341,124107.12
49396,147240.36
16295,115459.54
140448,94156.33
129443,161708.11
45766,63454.34
114930,191511.73
117193,276411.19
80491,139136.87
69318,231275.4
33742,84919.85
124193,167012.58
133054,194977.34
43828,209991.3
47247,161994.86
46331,85093.93
46020,210552.18
17593,181190.72
36620,124078.47
66488,107317.12
24230,158672.25
133630,115129.2
119597,135426.61
129037,166653.12
59409,132052.49
41189,77729.22
36592,67149.56
62708,88948.46
131352,100693.61
47751,267999.77
22372,184885.93
11119,119774.74
128983,85480.22
20677,248656.47
77325,306597.89
18796,119897.47
73647,116039.36
121103,179552.24
8906,266030.94
142210,153209.76
141126,114073.97
53878,108048.31
17125,78333.33
18750,387167.99
1656,243414.31
124712,85628.75
29905,88419.33
35478,148536.51
38724,401150.41
53539,98596.32
51379,64435.81
67049,195356.1
114418,149586.52
130874,136021.78
45317,79036.18
110390,115213.34
48,102333.33
81080,47937.77
118653,222073.18
3398,152631.0
13610,287331.41
30349,103259.87
45487,278214.64
113862,146309.49
41987,77460.11
41101,244078.31
119074,45546.41
44217,213984.06
134252,279176.05
116579,184582.66
17787,232691.23
120524,267728.25
128818,180722.91
72813,348041.0
15059,277000.25
69134,90018.27
77629,198316.24
124554,58868.04
82521,122238.41
19868,182397.46
41722,128789.95
10637,178421.08
12926,82659.24
64771,292762.85
121887,108632.15
26611,167851.17
138076,113406.59
44693,111005.28
130162,79842.6
59435,183843.89
61345,217403.22
122540,119023.93
19264,180098.04
74663,440071.29
14297,92741.95
62490,127886.72
69709,114538.67
28260,116527.97
57197,231854.98
37302,178425.99
67682,152054.85
135289,80805.1
81261,180996.91
49231,296793.78
71701,350908.25
28440,111236.22
5767,206861.43
21383,164407.3
51892,354877.57
135204,162686.44
138006,142710.83
129950,58163.72
77489,173002.01
19178,167934.99
110454,321730.84
64282,209881.95
144695,95473.02
56078,117971.06
117390,108900.93
40798,127033.68
72434,242105.92
45863,225000.0
130167,120554.52
82923,251319.27
134598,233963.55
51080,181341.88
43439,311284.91
46427,61256.96
1234,171503.31
43131,262229.31
68388,100612.61
119161,127667.78
38406,159378.19
47753,207655.45
37246,151286.53
9384,142497.99
134906,260527.35
74961,301014.18
59666,228353.86
82908,502614.86
37457,115954.92
17859,203774.62
63533,84531.92
81824,285722.14
65859,309291.79
33019,132484.04
45993,243099.11
139731,45867.01
81748,197380.37
50867,462541.72
22526,113375.08
128765,92833.2
141870,44765.06
73163,174386.38
112650,118594.42
125628,118922.94
25435,410627.89
64272,150521.38
56851,98981.14
18794,617970.87
80292,94136.83
124152,59046.54
134746,130395.6
73221,202361.29
130737,153986.21
17115,87806.49
31606,150263.69
28524,151226.48
50387,163525.33
145662,590998.04
127416,178297.16
73848,156182.38
124424,97728.1
2860,244829.75
139983,282581.65
121383,194031.13
23220,237768.4
56873,280999.72
72427,123340.72
31591,97389.2
32900,131925.12
63951,353753.87
138828,178993.96
111578,157110.59
118898,185616.83
63966,467567.81
125100,114063.0
75498,118081.8
125804,134480.13
64908,135480.61
47688,468460.93
540,421693.9
82905,199823.58
43431,249242.78
144239,435488.47
35951,86464.01
32830,182840.11
53556,181009.04
145448,142470.26
16195,184840.23
79303,258650.73
80455,307973.84
40865,106796.87
51504,47372.45
27005,137927.19
130670,165776.25
13188,86932.96
56163,125669.83
20808,134956.84
23678,609679.06
82463,278217.51
30574,145771.62
64706,126831.43
23362,151679.11
33343,371894.39
75002,137829.24
51101,105132.32
145934,34711.3
120223,213336.55
78078,242181.17
68827,177133.23
64102,169678.14
10388,184290.59
79749,103065.17
37652,81131.15
68421,128957.9
67509,49913.12
25908,220648.55
40377,94498.42
8222,342890.67
135044,208007.04
132382,340924.39
112147,394352.63
141670,486481.48
129004,223701.76
56790,174985.51
60441,90902.81
135345,167783.99
12373,93088.13
8648,598931.65
135962,172603.41
16050,168096.94
76276,203859.29
121791,438955.94
57413,123890.35
123487,227171.11
35472,109223.43
9531,142818.61
54673,60023.5
11581,83029.02
26658,52084.5
71580,228893.35
77098,204512.72
26509,165497.73
62850,176580.42
28470,108035.65
133297,159595.75
45439,133579.13
26050,155666.66
60174,185703.15
15068,310254.86
15578,148606.12
15431,103038.63
17252,64523.25
43275,223763.14
1848,269842.73
144391,112680.6
6685,94985.45
43586,156816.89
10649,143500.0
132596,158557.1
28621,106454.76
123756,252142.9
13917,98146.97
5364,303406.56
10655,219658.34
143066,61966.89
6216,143479.02
131633,558845.76
257,108350.47
81304,180749.71
122221,93402.99
80726,161795.42
43341,272201.14
133083,90240.6
139881,101864.7
59714,267403.59
61138,189527.68
22215,421338.03
24800,136150.07
14415,201120.26
70505,88713.62
38760,185268.14
55627,409525.81
20195,113568.59
138667,217335.68
80566,190140.11
115144,86275.35
8689,90339.32
598,187599.65
37965,95413.03
133024,81512.34
137721,161608.58
110874,324422.86
70038,46547.61
35911,153647.57
72663,118571.18
110950,180532.07
25351,145785.1
144896,58528.62
7694,132716.48
111675,267284.26
9112,354397.81
48428,143542.44
133347,84718.68
132196,189998.04
53591,141253.24
18532,75687.96
119857,210525.03
77232,185870.01
47774,223901.75
14273,122499.19
33669,82918.97
43281,221954.84
47356,203346.36
56396,162025.07
128056,99456.78
112360,233800.74
59485,139294.02
43188,148612.42
139579,103243.03
126083,272246.93
118674,298527.55
20795,117813.62
50951,183537.52
38617,118598.11
41801,134650.11
138238,117708.41
15859,62462.21
77089,58917.59
135751,93635.3
125465,62675.38
110324,301101.27
12164,133333.22
27271,105313.95
7379,93548.66
76737,95075.2
138425,110381.51
38582,254753.42
81928,107423.24
111657,85060.49
20530,362188.66
77760,119796.9
130464,232563.64
17881,102357.5
55437,314557.82
131320,348619.51
118256,152971.55
21630,94183.99
119880,94389.2
30840,228137.86
143103,90487.29
64659,128078.23
111420,104560.71
137714,133583.35
63398,109444.43
56422,188864.13
64764,295296.26
134532,259318.86
132151,189768.49
54736,97007.94
10384,561118.62
57556,161386.92
25131,214671.6
125394,158497.86
13408,94185.57
28138,176057.57
142829,93360.93
73935,68063.05
60721,318614.68
20923,143186.46
117573,142665.68
128093,76982.75
12855,151802.62
42983,226092.69
48941,70000.0
120768,147051.16
52165,66618.45
124697,173570.7
82210,178418.69
2812,307514.03
137948,105771.6
30814,195393.68
33257,385348.14
16662,226371.82
138431,216127.51
77120,209106.36
12734,279709.28
57455,190443.31
23181,209456.11
121329,125156.43
32593,110810.99
2487,539240.32
140955,93189.19
140748,277586.11
123503,83885.59
50662,192652.98
17086,228775.48
79892,88539.76
16501,186375.63
138304,234774.6
36705,307869.74
12558,281589.05
81852,297574.45
119501,190782.54
71201,126031.31
144586,231130.42
71440,186357.23
130862,422964.14
120198,216199.6
137348,514139.66
68547,164082.31
134627,56977.86
133739,156504.52
40307,121274.73
141808,220000.0
110972,159790.49
120770,84545.86
15425,90000.0
58096,162465.09
4805,188270.8
122440,105975.59
58156,189836.02
34298,52380.11
23923,121420.81
82108,291625.08
8571,56002.13
69682,78112.5
115748,89634.6
12202,113381.93
48633,513290.82
20970,109533.53
61856,402880.72
146120,127837.85
121020,325628.21
122570,333680.67
59702,114399.27
39349,143174.63
17608,397503.67
140489,258065.6
9554,421001.66
70031,74745.2
74186,48228.59
25932,133142.8
3380,706660.54
135909,50553.2
136721,231743.57
61069,400701.37
51108,186004.79
78792,260767.11
54903,144064.01
116266,86922.98
78106,152111.56
9217,99402.48
69222,188247.06
20427,160590.46
74126,224195.02
48381,148431.97
42260,171369.21
128104,201958.99
50087,207654.44
14624,229659.41
141023,108955.27
135025,60769.82
504,137018.55
134602,97537.89
61235,134906.97
80302,324543.41
69241,252098.87
74819,141864.92
35767,50220.42
20679,157268.55
58259,174680.94
73097,257966.0
49863,115778.06
80646,77209.6
126336,179410.71
127968,75281.61
6460,195760.37
35775,116250.4
20957,361902.17
32143,43133.87
61093,123700.28
12679,193357.94
16092,176103.68
18102,318340.42
30132,266684.44
132664,200050.73
54951,106404.37
33862,76677.24
74654,198549.65
111721,163913.86
12928,256387.25
42851,265682.64
35119,283110.72
8351,205321.08
128055,180000.0
138508,62572.85
54058,193273.31
126930,79352.88
113183,196270.17
44843,200670.06
125151,51432.72
144614,140960.24
18303,85000.8
40582,135606.62
55394,497227.38
129885,76249.04
13892,191622.88
123084,364491.75
123282,76569.58
35449,257187.19
124011,57393.49
125232,119070.36
39470,290063.81
44740,65719.2
8103,94721.13
81532,57436.67
52628,376822.55
65537,156581.33
80481,183175.33
72329,194898.17
18773,127000.0
39690,63157.12
21445,251818.15
18515,194038.25
142614,127071.37
79929,112967.36
126385,255000.0
37162,190633.14
55410,55642.3
75883,48627.75
68353,173527.66
137308,160262.4
13344,122104.7
52690,127876.61
56564,285648.95
118762,96937.97
139647,158807.8
19474,318094.96
76043,69805.88
71870,161630.48
72688,91430.01
34462,94837.51
18003,101654.18
49779,203425.37
32175,138090.64
40099,106967.69
32059,70123.67
125269,178336.08
73985,63387.33
28267,111004.5
28464,102333.33
120046,122260.66
11280,96112.44
8096,247553.51
74329,299004.57
133623,126354.19
36839,156624.38
115184,249965.9
137320,51082.62
23607,51781.13
77364,125564.21
17669,93409.55
117691,129302.75
140695,237410.77
115259,156650.22
40119,97276.61
33226,165021.37
79015,120844.49
29832,127145.04
31970,87717.03
138642,247756.26
2842,195054.3
74575,239122.29
77802,264942.06
63702,83016.78
20403,138128.75
123004,227411.88
62136,127769.31
63930,196964.18
59182,288831.16
40129,112818.09
110621,68745.28
9242,171294.41
54401,151767.58
4512,393710.46
48378,94784.04
74455,119003.52
78647,104553.08
140399,263585.99
31951,171500.0
56728,123788.49
3106,139522.9
79890,199267.91
21050,173391.86
61479,189724.94
40616,404722.02
35189,113027.33
111696,519737.1
132831,101721.94
78137,273463.21
53968,277883.01
123849,262189.14
126328,153881.42
73695,94160.45
48576,117371.77
38027,133251.3
81323,188846.32
112239,63693.64
110469,82777.84
127648,178058.31
40954,136326.06
117807,75712.34
146796,86955.3
77870,50229.21
126162,115270.2
52182,205988.69
31011,166203.54
18977,199335.27
125958,321174.23
81737,201127.24
30768,69164.48
15481,111423.1
41887,170000.0
50953,254076.71
130356,99474.38
145741,137326.71
20629,385713.81
128332,135860.73
32501,55276.73
55408,157618.12
31364,113112.17
29967,96984.15
110476,111938.24
134744,78781.37
14537,228999.87
135699,195648.68
124874,137362.58
64779,96603.39
128576,208889.24
128610,125244.58
63748,100059.32
138748,321147.79
6617,66681.69
131624,142356.69
4961,363405.14
128452,77882.42
5221,130831.66
30659,112611.69
47498,161983.25
3399,205227.54
69419,138025.88
43470,76203.66
40178,167346.37
139807,141186.18
120973,253528.87
5636,213537.17
65720,252250.12
39256,114462.15
62520,122403.47
139905,111308.41
17353,205323.0
1574,256582.77
122304,246189.26
48669,180999.1
70186,90144.28
68324,126626.65
25723,135397.06
126379,114677.32
20258,105868.27
14246,114989.15
43873,149284.72
111826,244366.06
13659,224171.25
130744,47000.0
62404,190839.63
489,146929.67
65145,390131.26
132135,178453.4
124407,341227.75
34603,117607.42
74749,154593.04
57994,149703.94
73947,71582.85
53008,119367.95
111483,77562.02
76488,199243.45
28234,144569.17
19878,518821.76
6772,34367.22
14106,85166.35
22308,179536.77
76104,239500.0
14055,145497.53
146211,88103.43
17604,157245.09
139500,121426.46
134945,104622.2
145037,241154.57
119643,153683.9
139245,66002.93
125173,107739.3
134689,107477.38
69464,167574.35
124263,194944.61
41115,79518.09
142314,153313.86
16008,130270.99
39372,200567.6
56666,121450.26
29641,120043.11
120945,240423.73
34841,164811.55
120312,140965.34
56704,255000.0
56609,236905.66
15310,113500.0
114623,104573.01
47157,136355.22
115683,102192.17
30494,225175.13
139442,237907.95
124866,113669.47
52097,130097.74
48944,134865.7
40767,135923.21
45659,173295.3
1099,127329.88
57987,47782.48
120961,322432.72
17464,308692.27
116623,83610.65
66750,342682.2
65242,223049.88
64749,83813.4
115914,184160.98
4090,221542.52
4004,102545.34
74078,231599.94
115041,136443.42
143814,74087.89
121181,103182.43
30746,181233.27
124463,135806.66
43220,251926.21
74181,152847.4
71416,47496.05
6129,130506.68
31669,167755.58
3942,109194.77
22861,184312.61
135709,289073.74
26810,155660.02
5943,160162.68
53678,66439.76
118376,526652.59
77813,218921.16
36762,270650.94
19866,147106.87
5236,115000.0
41359,234332.7
141149,142664.08
42819,187202.06
128658,377617.22
45544,236704.33
43995,92000.0
34004,59783.47
112467,126496.62
129884,203845.86
2414,170972.52
71079,206891.24
115573,216878.41
39692,132818.73
128331,156396.66
128789,124657.96
120335,224206.69
131493,271701.16
27258,198464.94
119935,188680.02
58065,136855.62
45195,139360.46
124097,197404.7
126751,240839.75
36795,205473.85
43254,319110.65
60563,131520.3
47942,317760.99
60564,249196.8
3148,159364.8
41957,289258.68
111941,224252.62
26271,124985.19
125130,419194.74
55585,100850.7
41751,115140.98
12165,268091.36
59002,57807.13
8308,109832.45
130769,47397.83
124988,200361.78
19422,215397.29
123384,114590.66
57475,186691.23
40900,691709.07
146060,305864.27
57508,177127.18
4032,446117.42
48112,115000.0
139393,162984.26
52830,226979.07
61702,138253.07
18404,60914.38
114358,161061.18
35874,113976.46
3114,88104.52
15306,229687.55
12561,81185.76
146828,99651.55
27830,226838.11
73526,47440.18
60576,180511.41
58080,86612.72
125426,348666.65
8035,95427.59
76852,65923.56
64516,144016.93
2737,144014.27
55897,77331.04
75778,253108.48
65643,146616.0
33076,251308.5
130615,237829.36
50196,57488.81
33618,143525.52
69429,212166.18
141826,117183.47
71464,56106.85
62839,120222.29
146019,98835.91
40250,157637.31
27453,107357.94
124365,183922.17
73684,476080.37
29329,494141.96
118226,187146.98
59321,88266.26
22328,43466.76
143028,167672.39
110808,36707.74
129124,102021.62
70665,288815.67
111670,270093.57
80626,218938.19
66787,136983.65
29590,104661.48
125249,127279.07
13942,149667.5
118699,132684.77
11139,169869.5
52300,78683.34
119686,136454.75
33632,263755.29
129123,175839.37
113233,120247.63
75965,131100.88
125046,63000.0
138346,150416.22
116737,123855.7
61010,85860.96
144081,305013.38
51245,97301.61
63158,83004.72
62686,166377.12
146652,184816.99
42057,107312.17
133431,133782.97
112453,285928.66
125168,387551.19
75337,283692.07
13281,44340.36
7734,95530.3
113059,102888.31
131531,131345.22
29488,407951.81
141530,132076.62
32816,131828.61
25500,124152.58
135670,172471.13
247,304621.78
18759,160390.15
7383,77171.97
10489,125435.66
125048,120000.0
7575,304704.31
127765,125514.06
67789,109109.63
82728,227209.07
142230,171152.39
5999,338159.24
63819,155901.55
15697,75129.0
137801,376669.94
1212,168868.6
117386,211928.15
7045,102309.16
33151,121238.97
5412,243118.97
14252,63373.82
42394,165761.5
1946,92711.72
126246,79615.13
19807,237858.79
112380,193357.04
11003,299712.1
141055,125089.98
14997,141377.73
125175,114520.13
45217,317746.55
133244,310181.07
77473,111273.78
15907,483392.6
35519,212951.62
10391,172867.38
39327,181990.93
6570,83526.45
15187,95104.63
6627,36506.72
121907,102383.2
73293,168055.95
69060,222189.69
131670,252154.81
123468,86239.79
114248,170976.89
132765,139406.99
51902,177744.63
34144,227300.1
141291,79183.63
29429,123257.0
129835,77859.13
121777,37069.55
13893,111953.21
7627,112320.65
73459,120300.0
36070,113633.4
132194,149351.8
49820,220819.8
139621,107335.65
2647,200000.0
18919,152874.77
74515,57888.48
55065,104938.79
42997,336583.17
75532,127967.62
115023,88243.87
17037,128121.07
79587,164216.29
115130,57838.89
82940,258553.0
6899,196372.28
22791,152997.82
17318,304322.93
16592,70006.91
140920,256682.32
70627,515055.07
77781,208616.96
118486,157012.86
69745,129837.49
140831,114124.35
16585,156169.7
4919,103134.33
40620,107849.07
15715,151352.81
57204,293698.09
116464,711510.94
124967,122965.73
8115,230252.24
77724,101916.23
134034,133708.52
133455,183792.65
2847,69319.67
135401,142609.77
43987,214500.83
44198,113581.5
56962,526203.39
77976,266506.23
43518,176317.42
7418,129372.6
144402,185498.17
130052,81000.93
23768,109628.46
25902,357647.17
44134,211612.87
17288,485890.9
24238,32568.89
69574,189673.96
115227,106364.38
82117,255689.38
73616,144100.53
113844,123940.42
44370,175713.42
26917,80567.44
73529,100000.0
40755,222384.98
45736,44901.51
40070,115610.97
16563,75601.26
18282,231864.62
57707,126597.63
119476,112724.78
75715,126720.91
14712,136347.95
29381,104769.16
140322,66189.36
4822,270708.07
15266,192243.4
61971,201678.56
66336,133473.78
139578,306693.95
140360,61947.21
62955,70945.14
14100,85910.04
49576,107257.18
139320,147597.19
42395,233201.16
20558,85455.84
140211,164746.13
77507,134227.14
83159,46001.14
13698,348169.21
14955,135249.71
72019,127341.01
12348,116296.25
60059,135422.11
19924,204692.95
59453,139773.0
41512,89724.04
70537,209842.13
63894,128035.83
3558,144000.0
51116,344691.88
27287,101664.26
47980,201605.92
319,223699.76
20678,96117.1
37612,146411.91
36983,136882.33
22842,235135.05
50771,56942.65
123906,168737.17
138366,214757.89
54130,121815.14
65986,133473.85
72555,332087.34
124540,131434.38
61688,257974.67
71666,274206.38
13120,81828.01
133612,206604.67
41660,162476.86
127198,183670.47
43657,180934.88
80925,263879.51
61956,131823.91
111588,201193.62
20215,435860.0
19040,128376.03
135462,63000.0
51850,130205.23
48966,227863.04
133438,241049.44
25362,85778.9
27107,166408.94
51939,212507.47
145175,221882.1
145897,310962.21
131971,336470.1
26930,202495.06
24053,225000.0
28704,121892.31
139165,196716.06
6720,78742.21
123464,322167.57
77787,177254.48
41235,81853.08
118657,110710.21
52047,130525.74
75642,148158.22
51363,148004.02
24439,437183.79
80773,84146.74
41931,129439.98
24297,128446.9
44052,127229.04
56626,128412.16
2297,225935.14
31631,300905.81
43985,106975.48
132811,118331.91
66307,143462.42
142207,158131.61
141101,84951.19
42352,288872.12
58378,288471.09
19222,137595.99
20031,124950.72
49545,167745.48
13903,271761.88
78605,259734.23
75358,107001.26
18413,353140.32
23103,85227.21
34749,477719.64
14330,106884.76
25156,291301.43
62346,276872.33
18655,158816.35
142175,183660.98
114804,258530.87
125772,135705.66
127182,181352.99
46720,180135.3
70127,193631.12
4013,170998.25
137756,108994.23
58022,102392.82
71761,93511.99
73783,336271.61
127107,374917.83
125186,387333.6
80603,108998.15
1868,99425.12
47608,127818.74
137469,283571.01
54206,56688.34
147136,80276.45
22207,100708.84
122246,417934.02
143202,72920.65
46542,165332.14
133481,170832.76
23055,95000.72
50762,80132.99
111680,149887.07
144013,122166.45
17894,122723.45
61446,153590.77
26492,121262.04
74271,234779.08
113909,345150.11
18214,389305.99
139508,70100.41
138778,124184.73
16850,118739.63
113055,55338.98
114758,104647.38
123206,190054.02
17458,132377.72
77455,177432.03
126337,71069.05
10394,162263.8
59540,269381.55
72590,572320.91
140163,177227.47
8425,176051.19
82943,103949.97
112595,182556.39
49491,121130.73
10036,52778.89
115655,102211.89
114114,239390.53
125470,75039.19
144324,114870.57
12505,165770.06
61990,64617.36
126687,114778.29
125392,250000.0
112286,53508.59
31608,88013.92
67856,106471.05
43233,167983.48
48217,134006.86
38768,49508.53
65717,222695.12
127511,85038.43
80717,81350.72
33220,302995.23
53310,113262.49
22836,59000.0
76805,185604.88
146281,141556.03
133339,212112.32
34044,134490.84
10749,78931.47
66854,116763.21
41154,76788.65
25661,65040.0
68445,133482.27
68405,237115.32
34635,87273.32
80658,99783.34
8484,86154.11
77421,102059.58
137411,437853.85
77344,80494.88
125783,160515.35
31025,252005.84
129028,365118.06
12898,224826.02
78695,130130.61
139464,143439.2
63218,166905.13
27280,210338.65
118335,138901.44
122782,38973.51
38779,135291.72
126104,112994.51
132412,110946.0
45958,127602.57
27536,116253.51
41460,165368.94
139711,256940.92
142299,132217.99
111484,53884.13
6189,164913.77
39841,263154.42
49199,93828.61
122123,82533.52
67488,163347.37
6661,60684.23
33271,174074.81
113050,180420.9
134578,185626.0
137446,313529.32
43203,207617.64
34844,169112.97
45551,265845.71
29243,155374.54
115546,206304.67
45308,88677.13
65238,135388.29
44922,98937.05
8130,235566.06
65651,227731.65
66702,297042.32
13651,249705.07
31681,95787.64
122292,318910.98
130408,161740.02
36971,165043.04
2165,281410.13
10865,481201.39
10235,283503.27
59139,107287.96
66450,131172.24
27210,175043.92
42335,192092.59
29977,295654.47
65224,120323.05
72335,183021.77
143159,69429.88
119307,59202.66
55369,176950.54
67752,300982.01
130969,174668.16
31022,197636.88
10374,271710.62
17479,272401.92
137340,173590.09
8161,148810.79
25913,143095.69
144918,119210.24
11432,84507.72
126537,196633.25
126807,123019.82
48777,223822.59
122411,147996.21
18405,76473.63
21165,285195.9
52991,253097.15
65084,89301.59
56985,141660.88
119382,147640.57
141830,205461.79
26998,128603.26
132658,60413.45
36447,106118.56
10494,198377.09
58049,122962.12
131935,154293.73
36153,236182.51
35258,428730.86
139990,120635.79
65968,227106.46
17588,147527.21
17744,233745.01
122488,234055.71
136085,171666.67
21172,281315.41
18806,151859.25
47179,256894.41
43008,260662.07
136530,80269.36
118007,49661.61
142871,141488.34
56169,126040.14
82445,64827.38
124052,293852.8
12987,83522.86
145454,284431.48
145423,44414.92
43769,163874.48
57285,106370.63
21859,115698.06
15062,174329.18
141327,109613.34
13178,98885.25
124736,167086.79
112211,450385.58
145146,164380.57
15324,184783.92
60021,192614.88
144458,120060.97
113197,106028.62
54029,106121.4
37649,67568.38
119434,312160.93
21018,177050.48
132147,184995.85
69334,328250.53
37342,98676.99
37507,277418.29
68483,211378.27
44883,182955.8
67936,163108.17
31332,156976.98
127475,104114.46
57249,124067.76
20730,135048.77
44617,125231.25
38349,167512.77
113908,146187.51
142948,86489.38
140308,241489.25
125871,293067.53
125105,277863.92
73019,293418.22
58589,174455.77
124008,142000.0
19528,434746.14
81496,103053.56
37895,115801.43
137605,85769.08
146596,78050.24
34897,70520.57
20361,98271.47
76676,188949.33
145336,330891.6
38928,131153.84
131447,260533.59
133409,187078.59
133692,184019.51
73470,130310.1
136228,119560.64
66704,96543.52
46023,83491.02
43876,191779.0
142699,220655.59
79416,46363.56
67117,140478.72
61155,185191.07
136124,226145.87
14395,200674.04
141124,164670.09
135970,118190.97
15694,157436.61
79898,229545.62
60801,136011.61
68474,44557.55
27270,119524.8
21002,87681.21
36248,224942.67
118187,128250.24
37114,121330.57
138442,167212.02
76304,208687.56
17133,103848.76
35384,106576.24
82828,67926.39
52841,194367.65
137333,117889.96
135506,234611.86
3354,82288.88
75510,45525.48
7810,197159.95
44890,214125.23
26343,89919.63
48349,108108.73
20167,102238.85
20609,196483.38
114904,306215.74
4872,156075.98
67064,122888.1
15118,109894.32
45284,185692.47
63415,135051.18
18044,168127.29
74039,102882.75
130756,32493.35
193,107767.85
39307,131860.63
48289,154377.82
48350,298168.53
6202,116372.36
69638,116813.12
45505,109146.69
18928,183000.0
78276,125394.51
19035,318956.25
35742,403410.86
146757,88118.95
70770,235579.45
11371,228526.38
29347,111705.83
74876,94155.11
78782,347639.73
75330,72009.57
125513,143940.95
34157,209290.12
56087,201350.32
54120,179019.41
139745,156530.76
133733,131406.78
41458,207019.49
9204,75791.7
50536,93774.19
137882,149506.23
136090,107736.66
34934,176513.91
75440,102257.19
19551,83682.34
8943,79117.45
130902,124842.96
6000,177429.84
11325,300671.98
44521,270892.11
35355,63124.7
68434,85165.01
50924,230639.31
22966,144171.43
72832,118939.08
141745,123313.92
136253,221936.85
9916,106443.47
122576,85187.75
17599,424637.61
10347,338668.37
5810,111537.63
77037,141507.41
29919,87166.33
73735,200773.51
137393,62805.82
80948,77806.73
77709,292298.6
33286,213907.14
118547,46000.0
59701,145666.71
15951,219965.89
121681,163199.7
67308,119873.61
64343,213301.35
121380,109216.36
46311,251401.76
30656,65568.95
128390,310997.82
139587,144795.2
76679,156205.36
68691,78615.38
16108,107185.13
5167,144785.16
10713,258464.02
125197,304553.73
5414,130407.87
146074,86462.69
38895,46470.69
78725,335492.69
21856,106252.32
10334,149867.57
37521,204615.75
66932,198267.34
116493,268451.89
146698,235995.69
2784,77988.69
21,151492.82
24988,118669.8
131601,113234.53
135392,67134.15
75940,326867.87
72828,177232.68
46000,282400.48
127008,138215.47
67985,109968.56
140033,88986.7
43902,258878.95
146766,236818.45
58742,89787.39
61667,195362.63
14740,83515.95
14825,346802.37
142773,102612.88
37944,128673.0
28985,99205.34
125161,137098.22
111495,225863.83
123317,121523.25
7906,212940.8
32768,121951.12
111579,193423.21
129318,206887.03
53740,36453.17
12377,141308.9
80140,88188.63
51459,335392.94
134317,121871.75
133388,198157.91
1226,179548.85
42472,145000.0
124194,149089.69
132560,182495.68
69920,88759.85
18334,154731.5
121951,158986.42
74124,94262.08
77418,138799.69
80765,182036.97
143511,232989.94
122811,36773.75
47683,83497.24
83148,235206.24
12082,93107.6
123872,137322.28
125569,76232.8
132878,99090.09
74380,54316.87
30512,166924.0
146595,161998.24
126763,141792.18
82552,295000.0
59047,130337.13
117869,190245.9
45725,110394.72
45083,75213.74
59204,77823.87
25537,59341.31
51099,122565.36
115639,163453.96
5075,164939.02
111345,152373.8
34301,134041.79
26769,137079.83
75176,88700.44
142784,261419.8
82524,139914.69
80767,224686.25
145990,288532.53
49218,57000.0
115568,121704.36
135515,118781.35
11610,61454.72
1258,518040.28
6620,58066.48
75142,109437.13
54363,40571.84
142636,186780.5
130573,65002.31
61429,171488.65
115881,193286.12
18009,243852.99
19937,182954.61
62368,85415.95
20694,236514.64
56440,105696.52
118868,50791.89
75073,84630.65
78418,106215.64
54192,654191.89
119196,190998.45
124363,190093.26
48392,67182.58
77477,134075.47
110409,116021.26
64372,89718.17
13342,281209.44
30529,400479.44
73733,128261.3
40779,194697.45
1345,126327.5
121135,101099.69
126451,266017.53
63011,273409.34
120801,332306.66
60025,86932.21
130805,129302.55
49912,178692.73
121112,164765.75
43373,230219.59
71084,306849.15
41295,143913.45
19208,43101.88
36255,257491.68
129705,172197.18
60533,239790.87
10592,697739.83
144374,164721.7
63051,60917.28
18657,118482.97
45,135715.48
67492,161807.47
127292,147731.29
14709,251736.32
77982,80291.33
64509,385675.79
136078,104791.74
48371,179318.39
131526,182691.78
80243,338867.26
112719,67759.66
26166,151529.02
25870,125728.91
121554,58079.35
11996,55601.73
16246,239509.75
115761,101179.33
11006,279989.01
31824,278023.6
54406,132050.94
17335,399523.6
115584,270173.18
8182,84024.32
136210,92919.11
140029,104360.15
58457,159049.95
64718,158305.34
74225,146281.01
125947,90015.2
51993,210461.83
146863,58869.22
14202,157082.31
14878,48825.64
111450,119939.49
142483,359141.85
126315,209296.33
961,119092.51
28171,121490.95
53535,144276.67
61949,115619.77
13542,254754.34
32561,181250.39
485,87729.3
139079,122900.0
82503,191087.96
22942,113968.43
50697,521430.17
25238,117700.99
33995,67091.47
139236,103927.49
16199,101294.44
1693,141261.3
141563,289593.56
66609,140190.44
137186,169178.05
29708,89871.2
120099,244189.75
52870,151613.56
19791,142578.12
140019,249353.43
73839,271341.45
126043,145622.67
11718,223285.94
141301,708026.07
127612,221370.06
125008,200822.37
31533,407084.43
57798,63225.16
63204,188607.2
20715,119581.71
119693,152248.87
111237,169781.28
73749,269603.12
23738,261981.11
67195,154307.47
33148,188071.12
57445,104976.15
1106,219412.58
16311,95555.36
66890,238214.9
146274,196437.05
51676,96983.06
18732,613441.75
63089,189799.74
17748,139789.15
14073,423595.2
61296,162704.99
119651,103763.71
141271,135518.66
41747,136710.49
138682,99120.41
4937,201883.06
126685,262222.38
40639,151272.77
146381,115493.36
12311,227941.65
22576,87041.39
56334,86288.96
113030,120376.35
52569,159817.31
134931,89635.54
70992,245832.51
140576,82140.87
15459,224460.22
15371,117735.75
25508,271235.38
9490,190060.86
12437,68135.5
142180,64011.66
13965,194299.62
19907,233298.1
18359,156330.47
4980,124132.05
37868,597544.85
136584,150879.87
116004,101805.8
134824,136879.7
47861,66526.96
136918,225889.04
130102,493033.03
145440,287088.76
142448,134506.86
141257,159961.44
32597,95866.3
117001,388809.83
74826,81763.12
46474,184548.55
130579,147411.58
52090,131835.57
39584,102510.39
42462,120279.0
7079,131163.87
145131,122874.69
37200,75078.98
34957,374000.0
137702,61891.79
120181,111976.21
122163,241738.8
138250,577295.35
61888,241405.52
74803,387687.6
130353,249570.24
76340,123945.48
116742,106494.44
74544,188506.28
53889,174951.67
114227,192127.18
4731,170988.84
126107,462547.33
140815,85814.08
33484,242552.53
10679,119111.2
3438,310911.29
139214,149885.81
9835,114222.64
139757,253305.3
124005,111333.68
124630,171247.37
40423,107578.24
140144,220816.6
111060,235696.62
117364,118130.55
73755,143049.57
77270,286508.54
119703,84251.2
26850,143141.96
72185,136749.35
43006,139703.58
49400,258758.83
47251,155881.49
77132,115311.48
13014,447576.22
50808,240026.41
139907,101236.15
120203,123088.04
144020,282550.74
139738,116095.0
1972,41786.66
68548,115010.04
128482,131237.65
114079,150267.97
18224,120352.48
7017,92753.38
135621,85708.18
7026,277823.17
325,386565.47
114828,232285.84
113577,51000.0
30367,87008.8
74710,88654.81
41457,194713.96
82673,227251.73
42918,85491.43
4803,99739.41
50264,164820.3
70141,95013.75
112461,116327.13
114761,77009.64
132902,531681.27
138863,382269.57
26877,295253.53
121530,114743.26
7128,465387.89
8487,81745.1
50786,158741.05
147035,93583.17
71969,262770.35
42294,319981.8
39904,330666.85
55360,488607.26
45383,249000.0
80652,55814.46
118815,141226.81
43090,287660.28
50554,127242.36
57,181532.06
57129,96041.1
116752,229748.83
133214,262768.23
39840,176892.75
46360,271749.53
23056,128783.79
10405,164845.92
44352,232989.77
18760,80180.3
133871,109527.62
38712,102962.8
115304,283240.87
44865,333394.55
21765,209901.38
53627,80430.28
133110,127252.57
130799,236746.05
67612,179704.05
146809,273358.47
113985,194503.4
56468,378460.69
1706,165385.79
143408,91758.01
68372,227694.16
29380,102192.76
27606,111935.98
72080,270000.0
19316,368145.47
75348,107031.67
124309,172975.78
134327,168836.75
80966,615262.41
2049,113133.75
123455,141934.76
57975,108449.08
38571,150123.68
74464,59275.69
145264,268000.0
13450,219436.67
138989,99721.69
24393,191034.97
15028,220447.74
138202,199803.22
53020,69044.69
139825,386725.27
77906,165675.97
18706,67751.16
61766,316479.33
119815,564141.0
32663,83606.69
140693,80831.69
20148,195226.44
15550,237470.41
145359,65000.0
118564,235962.58
16125,81473.32
128464,90238.81
64633,81710.44
3666,254622.97
141151,103706.76
46053,502067.93
44848,128373.61
33980,162908.46
139179,58468.28
56006,265000.0
46685,186019.71
82907,198182.44
122616,130881.71
116106,192179.74
43213,145709.61
18362,268562.25
11288,81212.0
120310,353265.2
130268,99857.83
68200,346220.64
10832,101377.74
6140,75571.16
122483,70918.63
859,258554.81
59723,383601.73
25374,120711.85
141118,146755.19
146571,103981.87
39519,136356.65
141204,202602.13
35986,45317.67
143325,135652.78
133974,88298.65
52585,482361.51
41273,86418.86
62984,294808.4
4664,125122.13
35888,75136.1
58893,167403.32
142637,291622.6
68192,99099.68
61158,113464.99
15659,153807.98
76524,119643.7
36334,45098.09
66496,50216.46
133059,273670.14
146292,128204.02
115284,153117.25
141471,118970.96
2995,139517.48
70867,140000.0
46194,358006.98
115901,207507.63
131519,171925.1
24934,82689.91
40652,178377.9
10302,202128.68
112124,76947.65
115933,266337.17
67140,237296.08
127865,156036.28
2274,99437.92
79556,213077.52
124302,220762.01
74185,255926.92
40934,199309.05
121230,149376.11
137481,152957.56
51845,170063.08
126679,333026.08
124828,160233.8
112652,177309.49
42681,110585.3
72822,262403.04
73391,106891.17
143821,225360.45
854,177919.05
39642,215939.94
121349,62781.21
110601,99651.3
71273,192209.61
110357,241330.82
117806,144762.72
50060,204966.73
45167,219704.88
82752,125134.62
124775,144094.3
64106,47152.0
129150,98410.1
142577,510072.67
132913,308227.95
67846,79823.73
47557,112678.84
29154,223531.64
16069,164667.34
111555,96442.23
52966,113003.85
38867,136554.29
67835,126292.97
29619,249621.93
35771,380525.32
59313,80528.63
6946,225727.29
14550,341168.56
74619,91921.57
2175,466064.29
133926,119448.36
13668,96536.28
80771,163693.9
16495,305685.07
116345,149541.8
39838,128290.12
11547,56126.53
134612,192629.88
58966,106641.63
111855,109252.44
130442,134399.73
129934,235243.19
58853,286817.23
59981,178259.61
28118,98234.67
48328,155729.69
40411,198649.4
135669,185332.88
75793,46006.36
20200,60069.74
117703,124369.09
15506,109907.26
36395,142498.82
114097,267350.93
51823,332491.34
139239,60767.88
8330,279342.8
12049,95487.4
143162,108050.28
140422,347530.41
10795,113330.94
129764,81625.17
63925,166262.41
55144,143588.11
30842,175968.92
58528,164952.3
25893,213952.38
43702,83987.21
129137,68978.28
61655,214277.7
24379,104037.59
61472,191428.42
36644,244716.67
65004,142176.8
32578,58722.3
33555,174008.31
14614,176461.98
46596,40356.69
111582,155601.74
35447,93028.94
139488,201515.04
47653,59337.88
4102,84836.82
141000,153709.64
41104,40390.01
115725,236594.28
6060,209898.37
75609,167511.56
114730,65466.87
67536,88500.0
143638,143466.44
14174,206151.82
50815,85311.15
61354,116040.99
72469,176329.01
14776,193634.36
33890,107057.39
35926,177956.96
25766,246618.8
122188,102133.37
73943,411746.48
12191,184400.54
71841,223943.85
60481,173879.92
135015,114939.03
74958,195149.17
113173,94574.6
12013,87732.19
20161,112194.62
130080,265153.59
131298,288547.61
144661,218695.39
144888,303366.28
128021,155000.0
74002,62877.34
81866,101952.89
67385,80875.84
25219,97960.61
4327,330000.0
139836,50571.5
68282,109002.25
78539,190074.18
67468,172098.64
144785,151724.85
112663,59267.75
59607,190313.23
124490,441682.88
52755,50823.26
26487,212391.98
53838,150553.89
68488,151986.14
78145,130327.33
113082,165302.98
21005,177146.63
138572,203364.05
19686,128928.31
35953,264029.4
48434,88512.1
5165,408224.19
41870,190491.35
5318,147079.93
118757,112814.45
69741,179868.51
131856,373284.19
46876,121661.82
127867,105335.09
79802,131114.41
12192,252283.3
76318,203908.96
27687,301439.04
78286,269837.59
4282,234509.28
57081,228173.2
17596,325608.58
80496,194160.81
9294,175304.22
75974,173000.0
3242,281496.31
116433,273381.67
17072,112186.14
65296,159074.78
134140,209123.21
6157,180749.82
18562,153226.68
24293,261284.17
56479,137767.84
116287,50895.0
245,233044.19
57049,206750.66
130443,135344.38
41331,232261.12
31680,255730.27
52161,76611.93
43208,307654.82
46617,175082.89
65184,101478.96
66981,327247.2
114139,187017.67
121932,183819.98
72775,156602.18
80145,109017.54
117079,95875.6
134295,142000.0
75125,162224.06
131608,174080.08
56139,199916.67
137088,211864.65
35309,89257.49
111827,360387.77
80078,194613.08
139766,194191.91
55550,117563.65
69989,190311.94
74814,491802.61
22673,145990.42
64589,125320.33
6343,67744.97
52763,106914.63
59156,139359.92
35954,177699.57
143884,74299.83
125652,288540.02
127269,361048.13
74266,300656.57
13991,86549.36
30146,149038.73
46640,94285.92
15622,284517.25
112284,182059.1
63735,88287.18
126319,235830.9
44694,51480.74
133944,142904.07
126008,169648.1
37752,104858.41
79516,88396.49
23255,163434.59
75331,240964.68
62387,72577.91
2063,95817.17
69910,157148.03
1017,130000.0
52431,176277.43
24442,397142.27
122052,111140.88
144021,150101.16
17136,261514.09
60274,110242.64
55984,201784.99
118605,197411.1
74454,134754.59
68360,161608.1
60619,63777.11
62294,206242.95
15704,107196.34
44837,154937.25
34167,113535.21
138679,169159.13
113252,130792.37
116029,105669.92
114929,233649.02
32208,91009.3
18220,95002.9
141669,300628.79
56518,366368.7
71809,259195.81
1896,106600.42
1237,220000.0
56894,303285.22
51841,136550.0
7171,93079.18
118696,132130.87
51681,164491.55
114385,139670.64
146870,126107.12
16822,104810.45
110337,212086.5
11319,129438.23
53220,479330.56
56846,121923.05
29516,147958.43
4981,142766.7
70577,71010.66
75483,308117.84
12163,183346.46
12962,228229.8
49154,221709.37
52231,63998.33
120058,278938.19
79013,84656.89
15972,133303.66
45200,107802.25
117847,81889.93
135148,70986.02
137010,125080.18
5983,265708.4
27126,108580.9
8482,83445.07
136401,83944.48
77340,228000.0
9441,232284.08
44447,343019.75
60087,357218.53
16727,154750.63
22044,132813.4
42831,192975.28
62321,242143.54
50715,343642.59
112502,91500.45
59849,75283.76
16048,102960.11
58933,116818.42
19615,79182.53
20520,128435.65
21693,177669.74
63358,69727.34
24368,358088.45
128966,76315.12
54457,108010.08
139460,625993.43
34248,109981.26
142371,285410.02
22717,135659.02
147155,92453.91
75829,107013.75
38799,247875.56
126391,134075.11
1748,237453.36
135825,203000.0
80523,107505.99
60597,64366.98
73186,242202.06
144892,507686.49
29600,196318.89
18275,33551.14
12338,103788.15
37986,116864.28
147070,126136.0
79641,108368.92
112456,257932.37
41395,272642.18
146165,83833.31
47947,321138.66
135818,123864.54
5946,148036.97
119607,92771.77
46557,86347.34
22766,78260.3
113750,174870.95
82569,161840.91
14111,206872.36
111639,157946.11
137129,100509.23
143424,107957.96
40609,64028.31
77935,110485.19
132666,120508.04
42176,691738.2
47456,154380.89
142322,74530.26
124685,200100.11
61553,273297.15
21218,97096.22
31698,261949.26
143263,213189.03
34418,134419.63
73880,104419.11
146338,110137.06
67919,181783.19
48592,106351.64
111820,93758.48
8520,176917.06
50494,265118.56
27159,184166.14
143286,164887.27
134307,76452.46
144755,277694.12
62209,272171.74
18640,412557.21
69510,90805.57
79056,653387.48
1757,236777.91
8557,205311.13
143029,147859.49
83171,186324.88
132181,166292.29
16911,126966.73
136987,180186.77
57332,75232.36
7337,240428.59
61770,705073.8
74169,306306.67
76012,173097.52
33536,120291.09
19108,218826.4
47335,71205.23
15054,77983.64
81779,221749.59
138040,311089.46
120340,146491.46
51371,174690.13
63010,157264.03
72868,125738.09
33812,40000.0
118238,307908.3
23463,212656.36
75213,82984.07
12904,98755.11
14373,93593.03
133168,189121.14
32702,46059.15
6083,105590.73
50465,63966.83
128374,280147.62
46203,215091.67
4630,235491.66
49158,76977.02
143186,144723.68
112582,251035.16
124009,119491.04
130537,55542.93
32567,226076.72
61322,303189.76
141015,90330.56
41294,66748.62
35613,88683.07
34354,182469.67
69978,177970.83
6567,173587.93
23070,56074.57
125779,221896.88
51663,169546.68
141464,129003.87
53424,169894.84
128129,138328.94
12958,137295.55
70987,211168.08
139818,138724.89
82698,51633.72
119047,128980.92
77839,143799.29
67817,193149.07
28004,117028.02
76494,128104.25
755,166189.83
57094,219027.27
79561,75946.31
9229,148753.92
8603,210920.62
117147,39014.7
141074,228505.63
37460,147136.55
80377,182960.53
63181,74208.81
44388,337196.74
40583,112547.08
71573,88585.74
136691,119424.24
118631,121195.19
60030,127275.65
20451,92186.49
138651,106336.23
128559,111661.36
125417,176549.65
34213,60842.85
7130,126592.92
2307,492521.36
82599,87047.26
20893,142500.0
144715,144098.57
35044,99401.93
41361,271565.0
73322,127428.66
10996,76221.48
25971,161560.95
65572,147663.61
144174,113719.58
68917,135936.47
21734,257921.01
39920,59085.55
135167,214055.52
7380,137172.02
81997,157197.47
44465,131019.72
7731,155386.73
59328,106570.92
40540,166895.68
122333,96956.38
142226,385851.58
113337,266364.71
135050,165999.76
43001,200351.95
15606,90748.68
26759,250250.6
28988,257569.99
75982,81262.61
69494,61397.12
10057,118224.45
79306,113823.3
71231,234207.56
55312,297921.87
145026,192117.21
117854,321538.11
22523,254750.69
142381,112263.78
60936,70173.3
36942,92928.46
58842,169263.41
23515,145451.48
18208,240000.0
29565,104676.29
61904,92489.68
76989,56247.38
23482,219059.47
1657,213210.59
127947,138350.28
59185,82405.49
48006,70291.84
71541,139512.12
20979,126948.48
43661,180046.63
117357,146396.3
42435,211060.85
77502,81609.96
114685,65972.54
33367,254103.59
71381,218351.66
122562,341873.21
27199,219301.83
16304,82665.42
63049,67154.99
81318,103339.38
62374,143354.63
125133,72279.12
26067,223961.88
114151,110408.43
143235,36016.18
74197,157602.64
57156,194442.94
122293,76679.42
58778,344652.47
79800,91452.9
68801,114310.56
36726,48416.89
143866,124187.37
131375,68696.9
4952,96911.17
20952,138660.93
22566,185191.34
144114,133374.53
138139,76871.73
24634,112563.55
141891,253354.55
18270,91185.6
126768,55362.21
6353,179025.43
16166,130252.39
58857,161450.57
128218,106109.1
118253,339270.6
62454,108776.68
119089,78066.11
49478,305399.5
6823,113376.42
125761,230501.98
115803,297627.64
7191,245693.78
126667,105745.7
37534,169383.07
118494,73995.15
65370,107696.81
30805,261707.47
23107,100678.09
35163,53685.48
22114,164480.32
35741,192488.36
52039,252378.58
81915,660241.64
15950,322772.68
76270,276406.01
20971,275975.0
42404,125294.64
81772,268448.01
123566,96367.75
14538,109902.22
28933,102407.27
6054,94141.67
119314,92537.27
115919,117868.09
121632,101200.96
69656,130407.52
30984,67599.94
6403,275107.27
139377,69124.55
18276,223401.77
128330,123489.29
6825,113420.73
146280,539906.2
139683,42182.59
7083,312015.91
67241,158016.1
69200,149238.68
50239,145288.59
121571,91994.51
47860,196043.54
40548,152508.47
114404,187126.82
68349,98121.06
124135,341045.99
134566,145681.64
129614,214840.3
51254,51568.05
73385,142287.6
51976,368348.04
58174,250476.94
72201,136853.82
116490,138171.66
51858,200054.44
128923,66033.16
9983,107000.0
55702,439911.95
77809,109715.61
80246,531475.59
61875,334276.76
79735,60711.69
57900,107039.18
14019,93707.41
31352,91756.58
17819,110685.85
80367,96898.25
5018,192572.89
20569,165170.85
2594,95611.24
6635,53165.61
80991,153399.45
141587,93903.91
69633,48210.55
32354,127893.31
52390,339114.43
433,115525.05
59952,119874.04
118511,271717.54
8593,168220.5
75960,143409.66
7959,223166.78
145162,293390.19
127749,122232.27
31761,100229.65
77395,227735.94
81956,120833.48
144210,264877.7
129221,199499.47
67233,221248.84
58303,177562.42
44696,83153.03
141965,147761.88
15193,75337.04
14199,150828.07
63046,184674.37
138856,96898.68
123800,202921.9
40664,146452.18
15143,111417.3
127439,507241.64
14103,190717.92
111059,137478.2
74477,209672.67
74942,245817.01
142277,182926.98
6489,292829.27
17388,153829.55
12901,107037.18
80985,156146.55
59885,93012.03
5311,100068.98
123175,183361.09
46859,73500.0
16479,253627.33
74623,73733.57
31798,82777.29
82856,338775.6
1419,111925.47
123077,492312.34
121201,81220.48
29738,85700.41
57895,146790.29
129358,173267.13
82362,181207.16
115412,166811.97
53875,303371.08
82826,529562.03
134796,168264.31
25602,132982.68
21821,62034.58
137499,157295.4
132448,128582.48
146044,279241.48
32480,159878.9
19941,259351.26
116526,126543.67
136843,304853.4
62159,60706.66
38068,71248.44
31374,312552.22
25564,308257.28
40793,93161.19
7615,571702.58
135729,128880.01
66461,92196.86
110350,242952.32
116452,104238.9
126111,144680.07
32514,267952.92
25621,294365.59
1642,224153.77
62446,119538.52
24307,241688.34
145596,170912.81
139144,191789.27
33437,128187.79
32624,62545.8
131174,158853.89
36651,260399.11
21254,91201.95
132998,214233.01
143991,157494.67
73111,155054.34
37655,139205.02
145494,111723.62
27414,113538.5
69673,115252.46
10923,135226.7
31803,196105.83
44955,108371.96
12286,120314.36
124694,506531.73
120222,168399.1
146517,222091.62
39244,160620.28
115450,86575.15
1005,107021.64
28779,167968.28
145754,214011.29
8811,151341.8
44379,447596.68
54997,170626.0
49235,167624.17
116716,93551.08
114186,84599.92
38036,136678.34
133729,132086.77
138169,158945.48
34176,138161.68
52311,274828.79
131876,222707.39
56460,179707.43
76065,117323.53
60276,135383.55
25228,67108.4
122424,318796.77
114885,339717.98
21144,274521.88
135151,168679.58
112989,44726.12
59716,343346.04
24811,134083.88
5024,53560.3
29790,92881.05
12488,162766.74
76949,150757.56
65842,371572.29
143915,108748.88
142422,64911.7
37453,94999.0
47846,153567.69
2365,76695.53
27374,187771.85
139971,62863.48
7978,168105.56
129081,64195.75
135210,90668.18
117604,370881.52
80298,122096.08
17905,234087.46
53531,111260.73
11836,87892.66
44635,99118.94
71803,265180.52
13588,220535.41
76941,181266.59
126130,121637.39
71177,181633.67
67070,208459.0
1477,94271.01
60615,66414.25
74630,124358.1
20358,152488.25
4046,202821.95
37476,76814.54
12001,55492.5
120073,240448.54
1220,160797.93
16070,311969.65
67769,201501.79
70529,104695.08
115623,167246.91
21706,110029.68
73738,159020.79
113586,70712.47
72339,310000.0
20742,97487.32
142118,95000.96
38360,208903.94
24546,521498.59
111241,82468.21
59145,258183.23
12568,331310.56
34158,156638.54
140036,195447.55
25049,592986.67
125063,220726.64
128516,178113.35
82604,190447.52
121318,82822.06
62090,42886.7
139547,227088.1
17031,115015.46
117436,181388.83
37396,97310.94
31877,249414.02
125534,80470.91
68795,257231.16
144712,159093.48
54538,312383.1
42466,77729.33
79835,125796.66
14681,132209.47
136025,106691.06
29978,317300.24
81795,681096.31
53530,104241.35
66137,87443.57
13295,98509.92
7700,414912.99
129265,206049.61
15906,154373.07
113559,51698.67
115889,113310.45
14226,123269.06
20268,186290.81
13755,196075.68
39627,154999.12
38705,218382.43
50985,125205.06
131929,80281.86
110954,81221.29
6968,75058.2
42740,167579.79
15734,127019.21
126569,116106.38
2767,149549.07
5774,112206.22
57689,112909.56
80737,177743.31
16140,94876.18
125936,147888.92
24513,294246.4
123824,105878.6
134615,305011.16
41062,412712.97
120307,188377.97
72247,121375.77
113747,90029.1
34561,218835.96
42214,79878.15
19455,139261.95
54261,262563.35
53278,135917.81
1755,174099.52
125917,94748.82
52119,222500.0
127201,206964.4
59868,108212.95
144646,109588.45
20331,91470.21
120694,311383.25
60292,115168.36
111983,148216.65
37505,149519.86
27428,360828.76
128876,78067.84
1114,95797.54
60998,209619.78
128176,151315.84
19989,136380.52
10481,279664.9
62287,61209.25
44951,126648.28
76435,253992.33
136549,408665.23
21438,132887.84
126006,225873.62
34675,103740.66
25440,241646.0
70909,107028.0
119821,116145.67
3930,328824.86
76999,187530.62
45410,100408.55
43225,219239.7
126150,132453.01
60697,111581.07
30793,332209.93
48234,91646.3
54265,409858.09
29881,66668.28
138218,177482.86
34800,289441.94
113009,193884.17
136692,104029.69
37675,142574.75
65443,137403.87
121334,153607.43
112342,201535.54
24446,107146.97
128528,171836.16
72984,92406.01
142353,65049.36
131510,229799.43
29762,383557.1
46116,64680.72
14616,269332.65
74407,149302.66
11943,52399.7
27444,273280.22
71070,210000.0
122487,71256.74
16766,283139.37
42678,208216.22
16377,117710.49
15056,182473.76
28659,213913.13
68935,120033.04
4602,253480.24
14736,320094.11
25823,97666.92
38309,275723.46
113273,99284.0
79296,62804.86
133880,269926.71
77873,122994.67
225,135004.31
37257,141821.46
56747,84738.92
4848,191455.76
119129,104817.77
73676,100235.63
120136,83823.97
122386,167262.8
58375,107957.08
112833,84924.71
116069,155070.42
20767,137506.2
59721,74551.24
126999,153335.34
48317,280360.1
675,219349.98
123005,144864.76
5458,101690.46
135660,176767.78
20233,253626.94
124489,104542.5
136129,280534.38
80888,311882.61
129175,257398.74
55838,291779.29
73150,298603.46
60867,65000.0
121735,98742.58
43473,84861.23
119205,326471.43
54000,87279.51
75813,109378.86
68409,101353.69
54791,181139.22
61973,323785.68
137795,224620.37
119190,259790.96
26937,116797.35
15966,507579.49
81525,154134.89
26943,190982.31
142443,58056.52
34492,77574.54
38900,80731.65
67315,72912.26
54201,460086.9
47184,177248.76
12762,151538.76
63823,144099.19
11372,479798.25
54484,69887.62
42610,99248.84
35465,70512.94
52751,420954.8
43407,701973.24
79059,101764.49
45132,190325.26
58177,87559.13
27467,72164.6
60780,151062.72
45514,77758.91
33123,234395.32
144964,146792.47
126073,462500.99
144229,95823.85
63788,97065.81
125960,157226.14
130390,204942.99
134712,361597.97
116852,177803.84
74796,92854.68
65268,396314.63
116440,239236.35
5692,270867.97
61937,235624.27
46616,140063.34
8163,204207.5
54993,159740.31
7916,288396.88
30042,135447.56
59486,78652.09
38564,300036.55
64850,304633.45
76076,181969.4
13087,253016.77
39788,76800.0
8647,504331.03
118262,166278.75
53921,126422.41
112283,72412.88
8031,133595.42
26372,171572.8
73290,124170.91
43698,119994.85
132441,147966.99
73715,182607.66
33452,579400.4
3162,56251.77
63120,158466.98
71772,107335.04
141166,91692.21
26436,103971.53
65981,217236.19
56804,123299.89
52476,109757.7
43080,287102.62
39951,68671.42
19800,180438.82
24589,260041.31
29083,147657.08
32272,222744.25
125143,113749.76
35405,67792.51
65980,43181.9
34245,79800.06
44977,76085.9
7220,130029.63
138446,700000.0
120529,179752.77
76020,116836.25
20938,112415.77
135144,131596.75
131781,165561.05
67130,162226.5
139549,248394.85
131557,94403.32
47629,416219.19
18134,196908.14
24585,116240.92
114850,78492.75
16064,261304.2
73325,186588.01
131589,267822.3
29544,85691.14
19322,250173.92
51352,158176.9
71053,352269.72
59697,129595.52
14422,92616.7
42331,138033.72
27241,313228.85
141098,396578.62
145686,270660.94
55942,134194.21
29120,133002.64
142620,87266.92
28080,180955.47
72186,76889.17
34333,322585.37
29197,130000.0
41381,195784.7
13219,199651.53
141174,148573.83
144444,99382.1
122122,159173.74
22453,122838.57
133914,275220.88
66660,70156.63
45254,149829.44
80143,147162.49
145318,324789.51
130225,217734.11
134362,100369.01
1934,161655.99
130613,378457.69
69889,63367.06
61673,119611.88
124778,33798.99
32859,201579.46
144249,523256.53
138419,178514.18
141627,112559.62
48644,355000.0
2999,144000.0
48466,146131.92
9969,109125.72
5258,355644.67
138117,190000.0
45436,195279.07
43202,128749.36
66956,427908.65
19201,111812.01
80663,152905.0
44186,223834.35
80869,47742.88
125328,110734.15
136708,334946.45
11355,683631.21
29378,249300.62
122778,192688.57
119988,96363.96
114635,260577.79
119144,111362.86
126061,89542.64
110382,64041.91
123922,222972.31
37012,78458.18
19701,71338.99
48908,174238.82
115664,100997.73
64337,156488.01
41449,183972.33
134966,80992.58
29034,355819.42
6333,116330.19
1264,144524.44
64278,246133.4
137833,212138.75
15994,249810.64
26549,139524.09
3011,48218.18
72573,159758.76
33149,218332.64
57176,143910.85
15108,135846.3
51350,64141.36
12300,187348.7
33675,177605.82
78861,87038.01
132368,86611.82
8408,342609.94
40869,137883.28
77861,180036.08
33582,163911.06
112921,82780.08
25498,144191.02
124850,261132.15
32621,45078.86
70082,260878.24
42166,347166.14
123440,290300.05
58685,193365.77
78609,107061.61
25924,41478.12
42044,98365.24
115014,85693.04
112641,165447.63
39531,155694.48
79726,31000.0
19903,209048.82
74768,194790.68
74870,388058.03
20038,86465.64
42849,228004.36
128486,139731.09
62892,217434.47
25863,71403.31
60092,261744.13
25423,109751.39
10497,124082.61
5313,343326.96
30123,110281.49
20211,261723.91
111009,299990.77
71078,114335.4
76189,84373.46
24540,333476.28
124917,163838.69
61984,173415.56
135726,291804.49
129457,111203.01
126474,322565.02
46169,47437.42
62174,135377.04
128431,48130.14
112482,273324.37
120720,218534.63
6632,79259.48
11318,227839.31
113074,143519.49
146368,219020.14
132059,93509.06
12493,143388.33
115590,185880.86
33901,223533.28
112891,138744.22
28739,33516.04
49498,259680.82
11680,170383.14
66242,154377.94
55983,124526.19
111021,137747.35
7848,281073.53
64321,138631.58
23216,83569.55
121458,115821.99
119458,144180.61
81839,75172.96
25177,141378.43
62538,262762.25
51,237896.94
132386,211140.53
23108,137150.25
16906,80770.66
41464,235000.0
23792,90965.51
79604,259802.53
116491,197253.63
31434,76600.0
47838,83816.65
49951,112776.31
144837,131929.66
128699,153989.22
21867,511612.11
146964,88185.97
70630,122746.46
140997,99924.32
38306,88498.62
59109,176946.87
20437,201083.44
54637,167963.6
71735,211370.8
74400,52724.68
126546,72629.47
81837,55011.08
24192,62270.91
145124,241020.59
113385,136508.78
71886,95061.64
32147,68924.48
56120,112598.13
111736,174491.15
60865,121701.61
44712,146254.07
12141,57637.78
60512,183672.2
69974,447276.65
15699,175621.93
123897,285625.63
29581,105226.65
136592,101856.57
74913,154990.36
13101,198355.96
120369,162589.86
33106,83433.27
49125,85541.59
42264,46698.79
135789,247386.58
64412,187386.29
26754,504765.2
140889,329423.16
40806,169750.7
80479,50031.03
73487,352934.27
112052,71052.19
39315,366088.72
69871,628180.52
50930,209275.36
54240,79844.3
117763,222072.94
61704,315828.47
47778,73905.51
11908,45663.86
57122,140122.75
52361,251920.13
11578,89167.61
115115,114024.48
132588,137734.38
72249,83161.73
16483,125477.6
143580,248178.24
134778,246251.57
75303,142517.76
132459,178077.77
20752,284503.36
29285,124265.7
45650,233546.03
68599,121674.82
35107,73766.2
76595,220640.82
140818,217313.21
67301,167965.42
138536,181166.83
2323,352443.08
51872,98294.85
20935,237700.4
5295,184100.28
44603,111196.07
3995,87332.32
20709,60290.05
116280,187162.82
32750,158775.85
3237,111348.17
58052,299146.92
13681,194678.34
52551,146596.95
145057,341687.87
16416,278414.35
48374,82696.53
73951,123193.29
37456,181235.94
6930,163433.36
128098,175807.7
11954,48145.3
59571,86987.77
120259,184460.89
2830,115253.65
77160,124528.01
126339,306251.36
133112,150389.07
9888,116077.23
130693,257149.32
112126,171941.15
124559,111276.35
25736,127535.71
64846,102554.9
2787,104106.36
138352,210715.81
12659,177367.48
17769,201144.17
56111,255022.65
16541,57915.8
7343,264772.3
52018,150380.13
72268,135086.32
129649,114615.08
136682,344353.36
11771,46334.97
7907,412919.66
127884,142185.17
127763,83853.2
143691,171271.09
118474,139975.6
127171,189213.78
47407,238231.93
19094,241046.39
71186,175365.25
123491,216965.46
79945,125082.21
17591,162781.38
55201,361308.89
76282,216999.62
5223,130069.31
26633,355615.81
5856,143051.83
21231,120675.94
77240,146026.22
15462,339488.95
140396,287334.2
65727,162041.97
36166,197650.05
77483,271555.22
137014,171014.63
1059,221716.52
120563,142569.51
75856,81420.15
7342,57419.56
80415,44977.81
135685,153832.27
61591,172344.58
146726,124768.21
118121,89518.34
147038,158966.68
129607,261898.4
73563,55500.0
15808,72894.57
71708,154769.38
80962,104901.53
132040,187994.89
13806,189561.63
29718,110606.65
131245,262322.58
111514,63841.17
129380,102743.6
144693,253100.36
7891,314996.01
67569,275980.81
125656,628715.42
132694,227814.22
123984,231106.39
11255,346590.87
80563,55270.82
133320,181938.12
20172,95816.01
34862,180552.71
132742,127264.02
139814,232400.5
24252,86391.32
55519,52172.43
42925,294515.99
52951,82609.63
35228,348360.96
52299,82005.21
144320,145349.41
11283,114270.79
58827,366571.73
128143,205481.25
31061,112439.62
13122,61768.5
25727,515136.22
146058,80719.92
141559,263308.23
33481,149193.39
60029,126500.0
70737,113251.89
44178,153042.78
115108,96189.57
1817,137648.63
80612,131037.52
79495,114180.95
50283,656077.19
41481,72563.25
36577,110841.7
111552,128842.62
3950,201915.26
142833,73299.29
144775,148683.37
73732,106888.52
40093,122191.74
8321,450142.54
7457,83040.81
31002,324411.43
43620,108998.37
115839,103120.26
12188,77490.94
75366,357812.0
138980,94762.27
64465,152673.21
53562,129169.47
93,225140.83
31901,281572.59
31696,249340.79
38711,128148.59
122718,153882.66
3581,84374.93
50565,166955.57
66101,64817.74
9752,231650.18
118680,292237.07
23007,110404.66
123791,68412.3
19395,110072.3
14989,123422.16
54330,108230.04
80354,139821.2
11577,90188.75
73011,65688.11
146240,170168.5
48923,260155.62
20603,118870.95
132218,174819.45
132932,82568.19
57245,244625.12
43287,210379.18
2309,108047.49
20079,128542.2
67645,122293.2
7450,107011.23
6001,117765.91
73504,120171.14
29941,291275.78
26204,168046.9
135355,111384.94
126634,91428.62
58667,219945.68
74163,262394.26
128150,146480.87
28931,139821.39
24732,359139.34
128408,180116.08
74011,109244.09
122431,160880.27
147125,427335.39
144520,47581.54
147108,134681.39
121821,96202.33
18319,179149.56
75511,109894.48
123845,83386.63
63198,88946.45
17817,131740.98
65645,205793.83
38757,128000.0
18776,379618.05
48735,131267.77
77430,433079.88
8089,149232.73
145296,184672.52
124721,225587.5
13548,122019.59
2604,180696.05
50962,183724.07
120407,85506.67
143175,107641.23
41121,242167.49
32879,114000.0
77097,143453.31
839,107891.12
136461,53116.5
124143,159614.4
72952,105955.33
19894,270581.6
71621,191826.68
122504,113115.28
67851,67262.98
36689,200189.56
7938,192292.16
19545,53687.55
79524,120435.65
75320,103014.03
83190,78478.79
37666,222441.28
20120,208669.06
69193,376033.38
71042,142881.49
127501,135744.51
126938,112440.09
120874,221822.7
17453,256217.93
67940,189522.18
23686,212843.78
60797,93425.34
112257,325500.53
55514,111341.45
137465,86419.42
72367,300000.0
5266,171966.64
132839,76866.63
142548,165938.49
75509,230747.59
17947,108823.41
41301,80906.18
126904,177931.17
63763,92269.96
8301,183068.2
70729,36202.33
43892,512728.05
136131,345646.81
82150,135313.55
80605,92252.91
76167,93746.28
59143,300582.57
64835,229210.36
146206,165242.55
138957,117160.18
121999,108760.74
79229,64589.0
140338,147592.51
18937,368191.96
72151,330808.47
68844,56563.7
122390,85957.63
1571,358997.63
120854,46812.45
3275,227677.38
25158,79074.54
48886,170800.92
59598,185928.41
37924,47611.34
70951,249750.62
113606,105900.62
65586,130838.5
63452,55773.28
71670,128081.96
126022,384534.01
120170,140492.55
76498,322672.27
11095,112839.67
20788,96734.16
56770,348855.79
141348,72472.3
125718,40303.79
130446,111201.71
128235,109292.68
18110,87935.25
61182,167889.94
20606,301728.45
17440,219363.47
36185,97496.69
10783,106172.57
22568,94619.11
45960,113606.46
55965,78449.95
5067,119254.61
24470,135608.5
131232,350156.07
75014,225194.14
65756,298884.71
137562,133130.9
38572,226702.3
137978,210191.43
34814,82012.1
13551,131813.8
71379,140219.7
132655,156185.16
76373,149898.46
65096,281552.39
9096,111328.88
118704,165622.73
120123,187751.8
34406,110207.29
75878,90068.87
135564,145577.16
36978,355966.79
33964,162639.7
141185,117798.62
53955,322890.06
123681,252472.04
43840,305760.15
111673,171862.34
143703,104161.02
64490,102142.57
130440,145661.61
131678,62971.34
135269,223470.91
130166,125940.88
37416,70899.89
135591,108578.28
124324,198488.77
120738,50000.0
3303,268563.99
80300,88518.84
143848,87309.65
14036,241954.73
73931,318533.54
111739,164658.3
36376,68357.84
54685,70322.76
137086,196659.83
73033,163042.9
39572,132723.47
122281,339846.28
2150,174082.39
145262,250644.07
133562,91954.96
17452,134612.48
62947,68112.78
73404,190130.72
20301,117746.1
113479,270084.69
37518,186013.63
41398,172693.99
146478,38030.0
39212,62712.17
127748,220011.81
78284,244948.93
54143,94879.26
82672,81276.0
15188,496292.1
110646,115829.55
38082,162319.64
79034,142354.26
115994,392823.13
15150,133913.55
53574,65090.9
6832,220288.26
9024,72700.03
137273,195566.09
43104,248539.89
81040,71116.89
14305,135000.0
67137,144311.29
117601,156384.67
128850,71696.23
32934,70090.25
114453,185610.25
39989,79666.68
131959,231865.11
52185,104959.56
65130,298383.7
143720,78844.33
40970,157012.38
25775,70315.04
5039,153187.68
61824,137147.51
75676,193623.03
79766,93852.7
57062,226007.21
22773,114439.73
45190,298708.63
4904,94613.69
7715,125000.0
130079,84296.99
72503,167554.7
50473,191057.15
54808,104765.72
144474,304044.97
10547,163290.05
38505,160114.96
58654,111964.71
50666,229130.81
29390,159400.57
3298,252851.53
77061,190623.05
40007,273953.46
116668,91599.67
80463,106399.61
67560,59610.33
4194,267210.0
140370,83586.29
145233,126411.28
18170,162873.97
28896,160569.06
124663,89254.25
137688,353894.43
79383,261630.09
61920,153422.95
114073,385345.84
29249,159121.97
8427,98992.9
579,113017.58
71055,143512.34
128024,147350.54
27067,117093.4
142208,152947.27
13560,122228.83
145239,85089.11
36799,75658.55
19967,81192.8
139068,448271.45
77134,67531.4
117415,145368.01
48899,38155.94
15540,73138.68
64917,44556.95
23248,133521.37
130773,174982.74
67800,100194.99
55863,103957.13
52832,161332.26
28255,247731.06
37271,172097.45
51089,109920.73
45181,262040.17
37921,175670.29
131229,285319.99
110827,84717.43
117172,206802.49
68378,145046.61
4006,114113.14
31267,118560.44
124187,107888.85
37717,172718.13
37726,78361.63
16762,113519.87
78063,201541.44
132886,71309.48
55376,112724.66
140874,494554.02
13676,235775.12
135609,160188.83
80438,103795.18
5597,126544.02
136250,126791.95
19521,122133.49
43697,166808.42
55421,58135.35
140172,223430.29
25583,134600.56
58271,217762.36
37191,200220.69
129018,135587.03
135244,241397.15
140526,497566.77
127604,278681.11
37255,73793.88
10594,271364.09
21979,72138.16
72426,164416.44
43135,112812.81
64909,313652.21
15238,240238.38
62818,135302.91
16153,189001.13
16594,150036.7
47997,127578.92
2382,169920.3
41436,221339.09
37595,326096.7
142998,127197.12
35790,451669.32
31350,251764.0
132627,117597.42
134474,177711.07
69484,101560.35
79904,282806.2
16122,98079.79
45261,176580.51
117437,93921.86
128279,222563.76
44226,198611.26
9207,64213.21
6483,247199.87
70270,153096.57
123525,212710.47
80091,283236.21
116670,152663.96
136148,407017.13
74986,311773.36
12701,420122.47
20468,138619.75
113793,214408.0
145244,95728.45
136007,526053.41
15202,35690.58
38080,132928.66
38331,166870.48
66615,221442.85
50496,177905.64
57415,265237.77
145510,179263.84
73856,89025.51
115704,123998.96
81835,227812.95
119604,141433.27
26819,209007.12
19970,114079.03
78432,243440.51
51530,177520.09
143976,107449.46
49980,215909.68
58109,136745.77
59439,88849.32
38862,101845.92
33182,171618.5
41257,399933.29
48913,207554.45
68860,340211.97
118338,446635.36
45971,229291.22
40195,80238.11
66555,73457.72
27562,114174.37
27632,198283.1
142822,188645.85
35118,152146.69
8216,116901.45
131446,371359.09
2773,176112.15
136967,269006.73
25487,62830.65
10077,281793.21
124390,607146.72
139915,126011.63
119996,360917.18
143663,84280.09
123261,138500.0
135773,151845.9
141959,77562.55
10477,116247.57
65612,122196.76
138876,146660.28
68215,134660.78
6409,240882.99
135382,150862.6
24730,152578.42
770,303366.51
65913,243431.29
25061,179157.43
7189,202112.67
53490,36854.0
43982,181273.52
78872,79948.61
34417,196886.54
140636,245421.84
129650,249122.11
41671,276243.84
49761,182567.48
16356,104806.75
70124,168045.47
121997,378829.21
25345,76804.6
134902,239286.31
48355,153413.94
133316,131228.1
72393,164373.87
53085,59792.69
144974,220069.74
63715,116949.71
114992,124036.5
127959,237056.22
68313,177923.16
63637,370058.87
52507,141555.56
65581,274817.08
61928,68476.33
34568,181489.82
63985,178015.78
27372,216424.45
131870,120503.38
81286,143044.65
72960,344172.61
19920,233283.64
16546,131996.48
4711,188350.14
71243,170553.01
13642,760496.65
17975,297957.19
10456,532057.45
19192,145439.53
52694,262711.3
75892,105287.2
19820,375669.72
119549,334688.41
31808,99227.56
22748,108566.57
50717,241070.98
61976,180770.46
16586,229132.09
25540,99595.23
132713,263262.6
123014,350898.15
30958,213356.93
52074,220610.43
80330,121568.29
18770,321396.28
75870,254489.35
67110,120300.0
30371,353295.61
130350,226061.12
77904,152140.47
111427,283139.38
128277,122367.8
117182,413330.83
1448,116583.8
142117,61103.18
44213,177769.69
124347,131838.37
140870,199846.76
28185,134925.31
41809,80248.97
24843,80565.17
8080,186132.4
49541,492819.28
63845,131500.33
63172,246958.7
35755,132576.54
139761,40222.92
22387,138029.62
124343,95727.47
56897,85179.18
20555,178707.8
39151,123394.78
132283,561415.28
35555,84977.28
20257,269097.46
125502,56801.1
69744,161791.22
74763,155532.64
128275,95479.34
123928,82679.71
37395,263648.46
48500,145256.5
121622,253310.01
125359,197746.55
11608,68291.19
5629,141464.32
42738,191550.31
18756,185116.64
7368,107424.73
142072,231163.31
41750,303333.33
75338,78879.3
57397,102890.62
54649,129097.31
41943,151139.09
51403,59557.68
25525,127535.03
133798,198982.92
74195,172981.11
48518,180173.08
52787,211474.86
30972,128325.53
50799,294547.63
80284,203467.78
139128,201817.51
77338,252446.58
9905,126666.67
122381,363309.94
51607,240269.18
11872,59784.9
123369,167064.44
124617,327310.12
56841,263791.9
31447,659775.45
66575,117164.92
115696,78120.94
34860,166344.28
1275,284706.68
14766,195831.03
3451,196196.8
143819,128587.09
67903,73225.68
75502,210914.94
13414,238097.22
39596,242796.96
133755,147580.83
41993,82286.86
13,134330.51
132289,117804.45
138796,165037.83
58721,160371.51
70170,97086.19
113486,252528.73
136551,148775.64
63481,91934.35
13855,206949.05
74198,249377.96
140705,340265.77
19896,81836.76
33268,247611.54
137694,116375.07
52469,162632.59
83183,92969.77
147112,87283.06
61845,353335.25
36291,63802.06
32148,142839.86
74118,146684.35
41804,139250.84
39513,195912.01
40932,254414.37
117199,226853.1
13613,214337.94
74893,103891.67
63151,38770.0
142942,155611.73
4262,157069.85
146936,54332.65
145738,175922.34
135532,88863.17
68840,109257.0
16222,77597.97
50778,306471.07
30138,291377.67
27416,196000.0
48495,115239.15
25803,78859.57
56655,288135.1
131200,228955.46
141794,172186.71
73822,532562.41
76288,229620.5
133255,192858.85
19374,144228.68
78862,115432.08
82383,74002.45
22685,47768.44
19765,124141.47
59106,175556.08
32822,76800.0
144495,200520.99
51753,258842.16
144939,49442.31
144504,126743.87
121743,282638.25
47445,102383.12
16381,182616.66
133286,93703.28
75535,170995.86
115174,88944.6
142725,50646.79
58540,104251.7
3567,227090.66
132640,292582.51
114876,117979.48
59008,70568.24
47793,392323.25
78203,203770.78
52775,174399.29
36005,116270.71
22171,247313.6
142884,230223.62
41758,109202.15
56391,26200.34
113599,254000.21
14915,158227.69
11946,87858.58
80296,136012.96
67154,142900.71
34432,121369.73
123137,583753.03
33109,130750.47
110243,273290.25
143400,370115.42
144629,227253.97
39953,44700.87
54897,245000.0
37360,277655.59
19010,54138.94
146172,60857.43
82759,297205.27
130417,112540.84
47362,185215.71
56027,260729.17
2440,159038.75
62928,85623.15
7219,124482.59
18187,266836.81
44333,291858.55
75220,93726.63
75031,163786.33
70146,367649.86
17347,74198.27
135415,182395.92
15029,209878.09
1206,192239.81
67910,96994.0
2276,459728.43
58148,120830.13
45182,205352.96
10558,80323.95
343,277936.81
112779,170444.83
39618,164777.22
18145,341115.13
111047,232565.01
74359,143222.94
82848,90356.46
125370,104032.38
19360,54340.01
78415,260779.67
46690,90909.98
133422,110816.95
20021,139167.48
68787,105349.49
79401,241923.49
140687,288562.24
132148,131573.7
134253,115410.79
144186,118363.77
140948,164677.41
71154,81363.21
9785,335327.47
125096,267468.67
46651,332074.47
126144,116308.41
123431,55987.6
139736,89300.37
17492,152065.64
131073,271783.07
116924,134791.78
131866,162451.65
6762,133267.51
32884,60687.95
129245,226963.55
4659,229939.92
16452,181736.88
130297,119467.06
144135,116682.04
36893,397654.45
14664,115000.0
81879,137777.64
27455,241653.87
60081,179797.01
4812,133868.89
28840,143578.85
75022,138773.69
72793,130919.87
76378,134313.43
118340,102227.07
41310,82789.5
54320,79385.88
1173,194775.52
528,397932.02
132774,102213.39
59574,86401.98
73460,142000.0
50441,275000.0
13876,243467.37
69235,103596.25
52051,77615.97
33341,101553.78
27131,168944.36
125260,255000.0
121036,125457.18
62912,312783.77
19113,96713.13
38723,174843.83
49343,136250.0
146107,117888.46
58603,108422.6
37514,237789.99
144040,171446.18
70950,127000.0
121748,126598.78
58939,113486.67
34034,244727.52
79357,299367.19
39752,183810.0
35768,116476.83
41242,143170.54
15486,215161.06
14033,253333.33
58296,175726.28
15522,235308.33
116387,116032.02
54995,172720.43
2294,156419.96
3103,247467.87
52756,67575.68
42706,116305.15
146463,113201.98
117188,453531.61
143784,209790.96
34804,145363.7
140573,180540.62
42010,116187.83
70276,129425.7
32233,192953.79
56494,95695.64
133676,376666.13
6909,250703.79
137306,510799.78
39288,362149.99
17641,166661.89
17243,131155.51
80878,86973.41
57680,255705.11
135447,410354.51
61585,81213.63
76330,235172.54
48467,187079.32
51590,181873.96
44460,105000.0
82577,174150.53
41513,158025.12
203,197330.43
111616,109411.64
48021,151546.34
1805,72522.39
36193,184287.22
13089,56375.0
82019,99997.41
137858,154617.89
55822,127528.81
14265,204993.9
61485,109762.95
6718,95179.44
126632,119643.16
50326,107246.15
69844,110708.51
71283,216296.12
62048,179604.4
124579,117462.02
15786,359575.56
140887,101972.29
32988,104865.74
62345,129995.64
14623,154554.16
57741,136879.85
137136,263823.73
67651,478893.51
31406,144997.6
132536,120105.07
137432,428144.87
59877,102384.44
14303,221209.46
31027,185294.76
24365,165570.35
134470,129723.89
45367,253024.94
15954,239057.57
125516,151110.51
82701,592330.77
114859,99583.75
12483,137882.3
131618,143794.12
117426,140132.12
39620,51879.63
40336,237811.87
82279,72475.17
76383,109237.64
77550,131254.87
15391,202876.45
142564,102687.96
73566,208309.32
15514,272725.62
56207,490471.84
17834,67427.69
118829,138172.22
24354,146001.24
136068,267390.65
30294,138158.0
51900,84506.3
11243,69932.86
8344,163049.22
48716,118641.83
116090,180715.04
133822,169565.18
48757,94000.0
19153,180508.13
134346,67222.11
121609,56879.86
132374,328911.32
37949,70170.87
15641,116596.56
27062,108107.28
44495,269070.62
20181,528741.26
113808,81214.34
26401,37039.02
48536,384696.55
137705,157112.89
127489,93641.26
136775,122009.12
136433,335943.88
51069,275488.16
80921,166912.88
137691,189062.59
9497,202107.63
136349,127342.96
119970,111140.95
46180,169721.49
123981,164168.04
48360,118417.03
123979,53120.71
45138,172745.56
8818,94255.33
128701,162588.41
15170,412736.07
127071,171862.04
23069,178032.24
42077,195000.0
137825,302376.26
143857,322919.93
12372,60906.14
20461,167646.38
15934,95075.22
126250,186321.12
128988,344497.05
58695,203139.47
48097,157114.0
53835,127016.42
146693,126567.49
47443,242500.0
78807,138333.64
39463,128854.97
17191,254344.56
83092,91709.52
142845,154172.7
5780,141951.68
11330,88466.69
53133,260000.0
18514,516426.27
20212,404234.91
82411,162943.47
73644,264434.61
57694,211748.12
59451,123116.86
32400,98789.67
6944,307853.24
31978,259493.32
27749,118478.08
45870,156023.45
82380,68739.46
3446,145240.17
9477,125791.05
130991,165788.49
46375,251591.5
80700,141830.69
118134,271011.48
70152,187868.57
136738,47727.58
4815,203750.37
5922,115666.3
129276,151094.56
49085,249594.51
113748,134830.68
142514,31964.09
23044,134924.73
67854,103258.5
36048,210022.21
128153,431851.02
117880,153430.84
132944,85469.1
140950,183451.83
6530,74440.98
113597,455546.03
38683,183866.13
69921,187670.44
13394,168137.39
62139,258998.24
3305,111006.03
47561,139567.21
27201,136803.59
390,92458.62
133357,132477.66
14209,232359.2
20197,80338.0
52774,349407.93
146065,202685.36
48370,201658.33
24298,98610.72
68310,132304.96
143532,79909.91
110816,126493.76
13273,164918.48
67362,133386.48
51317,96204.62
57153,145047.44
72901,220373.88
69204,193730.55
58563,155468.01
134597,91541.11
145558,195124.03
50408,134000.0
18062,152132.7
123552,145954.2
64437,143232.98
65377,91345.48
136915,224809.82
300,118113.28
23479,88116.73
147174,120303.76
59783,256965.52
12661,198171.01
60620,63819.83
20438,178222.06
20443,85282.4
29077,84601.04
34040,131548.98
136110,123220.19
82780,166783.15
66011,63463.04
133627,83693.22
143852,188128.94
140170,249097.91
32123,88028.81
67201,169031.79
64730,75279.52
34325,177119.16
54439,130000.0
2533,83687.11
138435,93570.47
34442,83631.31
80054,127785.0
22699,93022.21
54461,258762.06
38215,324563.77
42748,65396.99
122273,127824.29
45101,205254.91
73979,108372.2
31024,235371.27
112654,211005.21
147106,502194.67
62822,158601.56
66937,63640.78
126639,128953.4
74188,52567.92
142874,202579.64
52664,133298.91
9505,359514.27
42476,153934.93
68797,75017.34
14494,173770.01
3254,226851.34
127138,350800.4
75706,261934.26
20965,109490.63
18368,131502.11
146299,146321.42
137299,40389.52
39078,70049.79
112657,109991.17
57271,516196.5
51420,215318.59
46339,95613.63
139902,211505.83
29655,126942.38
110392,78581.36
14868,82168.39
141356,201511.01
26417,88443.32
28478,111414.36
135586,143119.63
8180,247522.29
140898,143047.53
77991,215290.78
77692,94614.81
62310,332070.49
28392,189843.72
113560,60932.89
116988,110158.47
73140,298749.61
36438,200222.9
73707,129729.82
44306,236070.49
119558,60377.21
82948,131278.31
22384,99685.6
14417,157211.1
76469,176227.58
81974,136429.95
54507,145837.16
120069,136946.77
132410,269544.87
36120,174252.26
27637,116849.46
144618,294929.09
17655,263212.3
66934,114965.02
32176,84295.58
137811,511761.32
134904,235365.16
4693,100862.33
50308,74893.51
61985,104567.46
117925,104920.49
124946,152585.12
20698,272659.02
17207,124780.86
28972,209678.85
45091,182310.56
18378,117336.06
74540,107030.06
66241,144113.9
2451,158902.39
41253,271327.44
69094,261541.29
54924,219510.2
25240,266000.0
137889,72828.93
115091,234307.02
29836,80292.59
77720,163964.06
131863,105530.76
48407,161500.0
80149,164050.01
19898,118878.52
14731,158360.1
123914,85566.69
142053,293253.13
82934,137965.13
145053,101534.93
126958,92254.89
3007,275854.47
22483,149854.25
117359,66134.52
51175,75343.15
4768,115050.92
10883,95952.3
11917,118624.65
46743,101523.87
43290,143956.23
112632,78316.51
40378,48463.61
133740,173041.77
52274,181885.77
120727,161780.85
9791,185648.22
129127,119953.29
137475,149371.17
146569,513125.55
67291,65449.09
78964,168861.79
45612,148144.07
134567,232808.72
2997,69054.36
60313,117397.56
113288,85493.31
57662,282937.7
22006,381711.47
15784,108634.82
57034,320840.98
44638,265452.43
144691,376443.45
23166,175517.74
5111,70301.91
76765,116158.81
62011,128898.76
77404,85795.94
57974,174845.67
39669,425580.28
6022,74205.26
62037,173635.58
28543,272533.19
132759,100000.0
27468,68519.84
18595,196519.24
127578,234628.65
145966,225607.53
119056,114282.94
45413,303923.93
137269,370927.26
54933,220481.85
22837,248487.6
75004,246287.76
127049,437657.91
44836,85155.11
80664,198948.65
128103,228473.57
143905,212288.89
31015,293380.14
39524,108345.5
19103,44105.76
5327,698973.86
118044,61342.57
117931,343093.07
36860,445974.35
144913,83679.0
50217,143164.19
20764,190888.19
47312,86817.51
62141,179128.39
55961,199038.64
42995,181278.1
33548,197117.2
115863,55795.45
10220,316122.7
115972,259332.95
6686,35487.64
6585,69820.39
112163,189481.54
82954,110009.42
115475,43960.2
145040,45750.23
120783,103391.31
50582,89364.99
112403,209422.59
70728,109741.01
139454,153837.26
114221,129726.98
19861,121431.79
54606,174614.73
19199,219598.82
127169,150612.22
76326,253158.52
41571,82542.59
63989,109046.71
147020,274161.6
18036,105477.86
8078,336541.8
36037,209860.69
73367,131277.82
129343,152053.41
19213,139372.18
144889,42949.62
8084,153626.07
36220,181062.27
56345,467999.33
116007,117704.92
120289,208505.87
3728,113819.71
35229,142288.04
64142,231330.8
74745,227653.1
70402,55963.96
41128,76997.03
52896,78542.35
68170,103440.79
34264,300038.72
46113,180560.52
61048,305891.69
140405,71457.92
133682,50986.51
69404,115057.46
121925,116466.82
2504,75221.0
24108,139435.23
124772,64196.96
30248,287488.56
20259,206007.03
30854,510360.49
13671,89481.51
143841,183814.49
34655,113312.54
111886,163609.26
10219,108018.93
61739,183616.63
79097,146101.86
11675,190925.85
12515,62510.62
17051,152934.93
137836,165505.84
16898,126931.36
3775,266917.35
7866,117706.99
4356,306151.5
146770,130265.67
3986,184715.97
3296,85372.59
113661,96830.04
132750,133250.32
42595,136704.28
44142,185619.35
55499,210627.37
147191,49920.77
128441,120562.76
128917,110261.59
61631,205696.1
110751,301796.71
53717,221240.42
73885,72736.88
143690,273319.85
8781,97724.55
141045,119660.64
80943,192408.5
64883,263090.82
36271,53031.47
112151,81621.35
56285,179571.53
964,395404.76
123166,135557.12
76733,137420.01
137528,293496.0
62610,218799.95
37445,188031.95
73831,147517.67
125360,221593.64
17314,82577.4
121140,50354.2
140476,230542.83
132117,193755.24
145213,60194.86
141112,69498.02
59659,193816.85
116460,788792.79
128697,143110.92
11853,42602.27
123345,160159.38
61112,90056.84
20476,300530.66
127352,59749.71
69813,103459.86
51509,67731.8
17324,87509.05
79736,116005.83
129625,203148.22
11202,274858.73
26577,314000.63
47397,132432.33
18814,33757.61
242,105154.32
76371,301587.23
7784,73163.76
56477,215424.11
57416,123562.42
43447,137837.42
118384,127736.25
72817,210583.57
122343,82053.05
2610,143635.5
24457,354632.79
124704,88118.81
17082,436658.48
45556,153252.06
40796,152109.44
44268,271574.0
11829,56249.83
123245,151219.8
2265,226991.17
49537,63843.82
137786,225368.49
21500,351503.73
119767,247933.85
140882,220000.0
122810,155500.0
28110,111327.62
137550,192730.43
27122,317308.64
142539,337945.03
27588,263399.5
73456,204439.3
52440,109828.46
113079,323386.89
23652,403643.06
64900,114049.53
65979,64449.97
45476,66772.8
2041,74735.68
52077,302505.53
136182,70108.09
139896,221834.99
82030,153222.19
71862,131088.88
37363,71333.68
77569,99572.25
16844,317711.36
82332,333979.98
48628,220831.14
74171,133999.56
16016,288677.74
110626,155181.59
131256,489279.33
43528,87187.14
124168,110994.42
10223,216438.92
82795,652825.09
38493,148066.29
128785,83127.23
22035,224125.8
118419,125445.51
138871,296277.9
131925,56406.51
32871,95062.42
129023,169910.91
45435,234481.16
112541,137997.27
26245,39508.75
50259,141705.54
56526,74168.48
11772,56753.21
125122,45000.0
31843,90518.78
59202,182288.84
111051,169977.45
47550,147446.62
21585,249857.29
10360,88677.76
8355,302371.44
74730,318860.92
64782,200439.49
33938,126198.47
65218,145000.0
131097,185635.71
63708,145103.46
62607,136172.02
67728,166668.01
17431,117984.62
59091,137655.67
42373,488576.88
61253,369349.56
77519,291746.21
139953,88659.42
6619,60665.47
7972,98342.21
10134,219600.87
10183,120712.44
114267,101310.76
13404,283687.91
71353,143735.21
36054,139909.45
132322,283038.32
127845,119700.42
126830,229440.36
110321,148159.3
81896,204011.92
112602,339520.24
28945,181305.0
122205,216649.67
30823,311260.11
49103,80242.65
125318,95715.31
15757,57685.39
46541,84504.23
146496,247932.1
59943,62487.51
17648,134607.32
61966,152994.79
21091,152185.89
26202,180057.96
115673,116832.54
8302,85746.61
145342,107679.19
143652,76154.29
46819,269501.49
10495,264307.87
2889,171184.67
82053,231768.14
134459,125555.19
132528,234309.93
129871,149352.68
23614,107743.72
50944,104334.04
142772,273047.77
138204,156298.75
59344,153152.16
143451,100862.93
34430,46702.67
32798,110093.32
15288,134728.84
63489,90423.1
145429,470541.07
119878,94091.59
25246,189211.49
73381,214020.96
128667,231602.84
131581,91709.1
78669,40685.78
32877,290871.34
8610,158426.22
18888,82643.02
39456,440662.9
146774,285434.01
113249,75919.17
129726,175000.0
129162,91137.98
136005,249847.96
14411,80228.4
53362,66707.74
57972,154509.54
61640,77027.44
7035,133419.37
16696,157614.56
44680,84111.29
135431,186299.14
58431,170981.27
66268,58716.46
134501,115592.08
112220,136695.79
68096,90618.39
78494,153177.17
139296,58168.1
47479,162927.21
23357,152821.43
10915,112983.32
13636,270774.89
56510,115768.76
50818,110896.62
51764,81164.13
46413,64061.73
40618,79463.01
13182,153548.71
126727,158020.52
112568,92802.89
63380,573925.93
63174,95029.47
41124,215196.26
121032,114517.65
43192,246746.57
79481,72000.0
30188,242447.59
30676,82466.7
46154,277546.62
45801,47152.02
1236,112365.65
133490,270945.34
113402,86300.29
132660,81000.0
41075,62525.77
57240,65537.93
25833,96669.87
75569,226431.92
14063,92799.6
115101,256155.29
43320,273388.19
135309,65149.55
128996,82263.65
83166,103854.78
73468,113395.31
43929,140330.04
57814,46150.33
20017,170532.05
11386,55522.34
118610,182523.16
46493,157634.85
28216,121945.41
69269,143654.47
76711,237460.77
120022,96157.24
130178,129262.25
115635,252352.64
116564,217216.74
36454,262633.42
46525,90025.42
48296,102141.48
121442,211425.49
127966,141000.4
77303,194164.49
35432,348896.07
5806,204561.57
45187,184836.9
31342,80758.52
15278,45096.97
142489,273595.43
50657,131372.14
69341,172465.22
18660,320615.79
40630,243257.11
138210,134137.95
26069,81256.89
114028,220524.77
144425,242728.86
116006,210963.25
144814,228639.67
56122,241184.77
115261,86290.69
135236,88466.75
43856,145496.27
131196,156862.4
57891,77207.64
78328,120253.69
125912,131209.48
2467,274333.41
22226,189826.13
28003,99983.86
21283,192919.92
23328,167607.93
122711,88002.4
139571,120763.39
127733,279639.29
63495,384404.8
55727,329941.21
64006,277248.99
110871,171906.16
35846,248186.64
111795,154466.98
57967,170000.0
120044,76450.26
73399,150443.0
38796,186065.04
55445,44505.66
1933,147918.4
36995,94810.02
47513,134420.13
29605,127210.69
29723,316463.98
128035,121368.53
146840,198297.89
117871,187283.1
122604,351044.86
147077,117500.0
82388,55581.04
9413,138676.32
22980,81170.09
61992,134479.22
122295,145658.59
50756,226959.03
33614,178875.41
35014,228781.42
32145,251218.78
35401,259630.68
57624,139553.49
30974,299029.83
141347,180006.89
72971,155029.02
52583,280796.28
21141,308642.85
82638,198697.02
64323,227035.39
132492,117277.14
120890,402556.97
19475,244000.0
78264,105200.58
132783,135161.63
71338,189568.11
59157,51566.33
22161,166669.11
60647,49950.92
131458,138226.68
128904,101821.75
31067,84605.99
65750,315577.51
24209,165494.72
137636,208066.6
32250,84869.58
32481,163022.04
3131,198194.95
135784,113878.77
48458,140447.3
68244,85871.15
64192,161191.13
15894,210239.58
13657,105325.82
70154,155903.24
13496,269948.19
52506,173129.12
120747,247450.87
111849,133992.2
117246,177741.17
19471,239219.35
127490,185072.78
142449,221583.56
18588,112248.37
79353,141887.13
23656,96813.41
80297,515229.87
35205,335383.38
138621,147118.4
61510,102144.94
126367,121003.63
67214,123187.73
71158,144262.65
112739,234219.16
52498,379330.45
27529,123093.21
137056,115642.65
118301,125414.19
131075,84689.72
112040,256819.78
56734,272815.49
111925,166771.86
17710,500139.99
81248,117921.51
3082,182660.82
125265,213706.05
32070,92626.19
129504,166270.98
140039,109090.76
51348,82018.89
72342,108481.81
60792,88027.84
58938,187922.02
115464,142042.75
54824,153201.5
14916,180584.37
73169,150289.93
127079,166011.32
10020,164638.39
42980,134681.02
121105,157955.24
19733,35500.0
46323,78914.58
136742,65352.68
35750,276900.51
67679,266163.76
68585,210921.93
112547,194068.9
32729,83932.61
77998,173299.09
52540,106760.2
136033,130311.11
15161,173199.82
138996,162559.96
76506,83913.04
129498,143306.36
48852,113084.49
40594,172509.62
77407,99262.02
72604,591521.1
25280,267687.67
73925,148668.48
52815,265199.27
131883,275364.63
23360,128054.42
114312,101389.81
82046,184839.16
48508,183385.38
137624,124746.89
73957,350000.0
69549,119193.96
67020,278715.98
132650,80599.55
42052,191931.63
11535,100346.5
144381,154519.62
50597,256260.52
60864,164213.25
79315,64502.19
110450,118181.88
138819,189695.25
126979,173492.74
23352,296532.01
40844,91481.01
135307,118308.72
63083,118793.49
67735,244032.41
142479,130856.25
42906,241964.0
143277,123479.19
140333,97580.35
141267,478566.94
70382,103954.47
135005,102168.97
75590,142188.11
73198,495594.53
119164,39014.39
70932,335485.36
41584,109030.69
38235,197099.51
76366,146675.94
63787,140538.51
9999,46025.06
3737,221123.43
14194,123239.62
286,474842.39
71610,216792.74
4007,160765.08
141273,234932.05
67614,116551.24
21072,55741.67
122916,177223.61
7190,77844.69
137876,68759.89
137316,88428.06
64287,66184.63
82644,367983.46
58554,110889.28
52894,212368.1
115633,161353.31
65309,99915.37
138650,62509.55
115468,223725.37
111040,191102.59
42751,61373.46
61552,144288.81
26354,139978.89
121812,77703.27
132050,192339.77
141358,203352.47
117719,119939.81
133827,68221.47
132586,144233.6
50287,81709.69
43767,74269.4
50378,85589.8
24865,207066.62
25930,98424.69
61031,177763.27
135418,176403.99
115583,117272.21
62810,104317.3
25791,86012.0
32313,105585.9
27815,434280.09
39465,85749.5
72289,110335.94
9147,156748.5
4319,74020.21
137608,152500.0
50576,76764.78
146778,238516.29
137312,102069.0
72509,110827.78
48671,112998.72
58737,57877.41
21293,100652.6
31889,138459.72
35802,119554.55
141309,123481.13
124066,76131.88
136375,101216.05
78742,99987.64
52235,226147.52
60451,306590.18
46753,256271.06
76481,139851.08
139284,242298.96
123611,250389.29
138334,423460.94
146088,118497.05
10597,228731.44
50118,184380.08
122572,210872.41
142685,493067.29
122549,182326.64
34029,244768.37
34583,312917.37
14299,158528.24
37582,109064.68
71002,135971.81
62396,297009.25
113527,104779.73
50397,44126.98
72981,150471.33
112847,167574.43
113676,145940.52
64684,349396.79
116636,155290.84
15703,150726.0
71493,162454.8
78312,151864.11
55526,128312.2
64211,98640.05
9552,92853.24
32416,84750.0
112019,255074.04
16959,379037.44
10118,266178.14
36869,105923.07
40249,150459.47
48951,105935.1
56530,101044.07
13887,104030.67
80978,112816.04
65110,117828.01
128386,227000.0
141844,82706.3
35985,49626.13
30612,235291.52
129962,101655.9
20574,168815.63
39768,175756.5
131642,140747.93
43642,330446.37
110897,285522.2
1885,141224.1
136368,233813.61
110830,79345.79
81739,76587.99
116741,180503.31
123679,56444.85
82688,337084.62
115924,592407.9
127258,170195.37
14703,275502.46
129440,122742.67
38854,223884.2
137490,154021.14
137477,192849.26
60095,142837.43
112105,235194.25
51205,119996.35
7058,142758.84
120878,211957.06
2489,120000.0
45330,104438.0
3040,104050.94
130338,162091.84
80403,151297.65
144382,463191.84
35908,147358.29
142292,164280.15
48797,283168.01
78753,183090.19
38594,266985.49
50919,457887.67
111271,146788.26
59452,305704.52
128082,290624.11
36085,149074.07
112893,97993.16
49068,269347.35
68390,299988.95
17284,270159.86
73331,395937.07
79012,102309.0
125751,178632.12
76398,141764.99
3993,272383.54
15328,192516.72
129771,116992.86
129336,145284.3
57089,148570.47
69940,130087.37
31476,81844.28
142295,87622.5
7588,146403.11
124732,117229.01
124269,385182.62
8263,92460.5
20147,125541.48
112495,213131.2
44811,590000.0
51285,164460.33
115406,53258.8
16617,93158.56
22068,282000.27
20980,279750.28
136444,210592.05
135205,154355.23
12863,264938.06
56212,125150.49
4686,102333.33
27553,182638.36
130422,87027.74
32244,306782.76
2144,72174.3
76766,221410.69
137157,130323.02
137227,84370.27
78521,630239.58
142473,287456.78
132057,142256.4
117060,151290.55
3260,315857.02
5118,102672.71
127877,73298.78
62179,213686.64
130575,97353.75
145259,66812.4
66980,151345.74
51535,262306.34
67967,189752.16
135154,136437.88
117609,76413.98
135277,206439.76
14606,371343.48
144109,83308.83
141765,174251.63
64219,139265.37
73284,84896.66
146913,115000.0
43843,100179.44
112571,102162.15
79449,105810.37
54794,137975.49
112298,122172.65
132736,71946.53
17690,225995.81
20083,166945.29
130460,217978.29
38536,117541.8
19960,276800.8
113746,113217.98
138221,250000.0
35978,222162.41
15060,104314.2
81284,111457.12
45099,81945.41
18774,175528.61
59373,176549.88
55384,135759.5
145849,153913.79
210,141766.8
73661,83334.84
64558,71434.91
111615,119612.23
140381,204077.26
2853,277205.83
4142,382743.68
6111,144493.53
137815,109416.83
13672,90838.99
145430,124185.13
51450,115406.63
21038,136857.09
45998,143000.0
68572,395084.75
30963,285317.78
56594,96742.96
3663,496983.8
134413,173601.59
21479,185000.0
64781,130151.61
60933,83638.48
131032,229215.24
11599,58841.29
124776,60665.85
43339,188066.21
61175,109457.29
126487,119336.98
83191,147942.12
15973,243085.88
45631,278284.02
117969,99887.3
144847,229512.56
34552,162456.13
65864,63839.27
77326,106928.47
25972,108761.75
39749,230032.76
79276,145860.68
75858,80047.61
58830,209666.22
59371,148754.58
37927,142239.61
68990,219442.16
67320,360506.37
12086,342652.3
58581,181217.14
23664,159341.2
39869,168503.13
61651,258567.17
31102,217029.93
61326,225796.54
120097,149657.59
25520,158071.32
19758,168064.55
19093,85599.83
65155,309697.26
59819,290145.93
43795,115731.73
15317,486310.2
68966,204971.33
29647,177763.27
62448,111109.01
126114,185564.47
118884,119961.56
17768,370032.98
19137,443074.47
33710,143112.25
19753,88656.03
28575,176810.71
17839,82410.81
128716,68107.7
43748,141013.39
126429,120409.22
143999,104415.79
142296,126810.76
120171,151158.67
146665,62341.66
133713,128861.48
61147,254519.39
123086,178117.59
51579,130540.14
70784,94260.29
67327,414955.42
120756,109789.76
114573,94496.62
74892,268988.17
12773,472407.23
115073,311698.53
37520,229688.64
114448,739416.08
19579,175000.0
31936,348244.46
65951,178104.91
28499,162175.02
37727,79941.67
9054,61344.37
139827,247315.37
43734,49914.39
44006,134218.74
6797,117209.22
20155,104260.16
142996,464078.84
78470,150890.99
129900,205459.91
59089,157708.57
2358,289957.16
26902,53287.56
16985,476574.9
15303,118775.08
138939,73361.13
31097,61766.35
136514,140564.7
131179,270620.14
13430,185829.91
48316,144411.2
121905,170010.21
10013,88914.4
142609,130581.23
10893,130603.49
111226,64028.17
16935,102986.9
82160,50225.0
22853,420160.24
48061,114492.65
75039,194180.93
51325,127249.97
43515,212987.17
52922,72258.64
120902,390330.94
127713,134670.72
72815,75019.17
13133,149208.89
71905,177707.06
125730,121000.62
37015,142805.11
3680,151709.25
82255,80680.51
70705,86608.43
123927,200457.28
138005,363058.07
34554,115472.37
6783,117110.07
69057,208657.35
147072,73882.46
31633,215000.0
45321,270705.97
6209,88324.19
14753,134897.08
123850,143781.86
71565,54920.98
40635,512631.76
57748,216244.73
26699,51365.22
38243,128513.83
64174,107625.67
56425,175514.07
65848,324900.69
8741,136717.72
63529,192056.51
141160,105594.99
33550,82455.04
47494,259314.59
36775,129074.56
37145,146239.17
28061,137822.82
65784,245190.46
50207,95270.05
72730,174723.41
66677,307934.58
112535,83820.96
17481,227418.5
72725,88029.92
13334,138520.95
13761,128482.34
18982,358284.88
140077,60522.11
5159,74806.33
39865,139533.06
138115,91374.45
80777,271290.55
47206,88383.7
5653,116133.18
21694,270429.51
46934,200007.2
918,120263.28
71496,229411.58
71663,249052.34
37971,142711.94
70052,304842.84
3225,96258.3
132937,107694.04
2424,168230.98
139875,59214.87
65522,210160.03
118058,255510.38
144500,110891.17
63098,396007.67
18468,87578.07
74717,105549.42
134262,111172.29
25639,349778.62
114662,251734.83
60706,150549.71
6265,114783.51
119581,74641.9
60767,172336.61
74885,136018.98
34663,146755.29
21122,182897.38
24232,139030.5
144713,307873.47
77235,367560.18
9843,237369.52
19320,154358.03
147005,65258.03
138743,175500.0
59619,351297.63
127693,263425.62
12133,68747.81
4754,152244.69
26448,93141.89
134686,200071.13
61035,163495.76
49280,87717.59
14482,203906.65
44821,90175.01
52629,121069.56
70412,118698.97
36826,128605.48
23085,157530.11
112802,330842.22
9770,78148.15
76448,108327.94
83133,134774.85
29838,297291.47
25132,170268.27
67399,145604.75
60553,268102.91
11785,51065.94
80434,81310.67
128856,257668.89
52808,143159.71
71771,152273.51
75857,460533.27
81760,87405.33
29376,84535.4
130552,153478.61
57359,116125.68
44082,39217.14
6505,227008.47
17461,246147.08
39586,134743.15
41027,227752.03
45357,488287.05
66480,333547.18
120753,142345.12
27528,110257.32
71679,122673.46
66521,140417.63
74926,83843.11
58741,114997.47
49299,513831.07
72908,94037.12
20990,136114.01
78662,100030.15
131992,176685.22
131215,102895.79
80708,147660.58
6509,147143.81
72904,478131.24
142951,142151.39
82947,132749.33
113997,73616.64
45337,139210.29
133461,129154.06
17118,90670.46
132334,239331.52
39165,77653.26
121723,186387.99
40352,99616.29
134303,254233.28
61091,147003.74
118719,109546.93
138396,187410.34
32506,88355.3
113688,166313.05
29996,119499.61
133840,121054.77
13641,313630.75
136378,154448.07
70923,188267.3
138951,120013.16
130908,74090.88
35889,95742.84
4556,81133.97
127999,113994.48
143012,197209.95
13871,225733.45
136393,127231.62
50228,306846.07
111421,173530.91
39816,245751.37
3276,119723.6
33554,384086.68
73309,96983.02
45264,152670.76
1528,451442.66
138627,112159.8
29937,244241.98
69377,73449.99
121717,285811.39
62868,99000.0
113196,130630.06
115288,129487.05
46646,98847.06
133341,357384.17
55878,104970.43
140068,271704.22
116319,148092.62
26527,420965.65
121779,125687.11
17986,63325.79
142099,62521.98
58326,60591.33
115001,106965.6
131057,260511.91
121104,225639.14
38721,180676.21
39849,204325.36
134691,312096.57
20327,345711.97
42344,204732.34
1327,103956.34
141594,97826.86
129138,115013.38
72274,334319.2
9735,96886.56
55403,176160.69
11918,61239.47
46583,236461.51
79052,308851.16
115030,145011.39
33720,179721.62
31691,95603.82
29940,196521.09
25671,117321.75
48995,217786.73
13148,144851.44
79523,268385.03
29873,79184.0
127197,64588.96
37313,158714.02
47478,226938.73
41586,228239.93
69136,114888.75
61162,166832.24
53360,83151.36
20117,274560.05
63754,121383.71
50454,233060.66
45610,117860.0
27235,98520.26
28094,116264.24
48295,156736.77
113149,74862.39
115384,146296.99
80165,83333.5
80802,92937.36
59227,87263.86
19334,204966.79
23534,169369.99
2094,63440.67
66901,87002.84
118981,99060.79
13977,281575.8
18203,102062.6
8466,131346.26
135743,97883.81
17351,169784.7
81855,102451.57
64002,314905.37
37093,110010.17
136518,114137.61
62734,77236.14
66270,206348.81
142525,100097.34
140219,177858.01
136995,146796.36
5791,138964.32
144486,134102.07
140562,163391.94
19519,181061.15
34978,169765.82
125202,446946.83
142293,104945.5
5860,168912.68
59602,285000.0
7207,59931.33
144732,281212.83
127625,61916.21
119478,207381.96
12976,277203.11
54305,463688.06
15020,98693.14
38255,114400.22
135197,154758.6
121552,97200.11
63626,87988.08
119357,207609.16
39061,164506.5
127412,161748.72
123242,98701.63
140375,38771.44
132899,507505.36
20177,329407.18
56340,95943.99
135175,77666.39
205,146052.76
24547,144677.59
46551,212233.55
128147,78432.07
123912,64034.6
65970,83149.39
70246,101513.83
119480,250880.99
33006,129997.33
39058,277016.19
119060,61081.51
119180,93000.0
56348,113960.26
65914,134325.88
80588,112552.3
18265,79303.45
19200,236336.92
78458,164098.41
6589,45905.56
25218,83281.75
145679,240839.38
16811,676077.71
123643,346265.54
57340,273194.28
3199,117658.16
6427,134917.72
1960,171644.46
52184,162391.18
36947,84221.65
147163,205883.44
25025,314140.82
50971,102838.58
44477,128989.26
140343,212508.7
60682,58874.38
63895,94600.4
11417,159783.78
38190,53740.42
18504,175081.02
26774,308396.3
47385,246848.2
62175,110244.58
136417,64417.88
2420,75613.2
70178,345374.69
33359,127692.44
39543,92290.88
4211,137309.82
117432,130340.31
9132,137637.95
21439,193674.61
24022,126080.54
130185,241588.63
119444,133389.11
50894,154434.67
52381,75000.0
121991,190025.84
9995,171500.0
117491,118990.26
143594,169259.31
75761,461094.55
24962,110177.53
112375,102984.29
72736,154733.58
116877,134650.38
80678,250116.57
49172,328667.1
29487,143500.0
40901,107576.17
134263,123886.79
47732,200695.29
10385,125862.37
139427,101107.29
133361,150668.67
72929,299485.68
8226,204594.7
24331,195445.88
82055,582840.83
135327,126304.3
2354,145000.0
16102,155661.12
35306,149452.98
76644,255327.83
72778,160667.18
125975,146658.26
36424,389367.66
138271,176451.73
75413,84363.48
26999,647828.44
121014,194131.39
22821,159541.0
23450,359286.43
133018,245605.63
6300,87333.35
45994,404298.49
146419,131970.81
23038,115572.26
17290,197808.3
43303,357483.41
120882,92518.6
123409,147535.98
141849,120099.66
112788,174304.12
114566,418240.22
48828,260200.77
83147,124696.42
7095,320000.0
55731,253474.71
25282,133374.74
7807,131938.53
30150,212746.62
139315,276322.68
147102,53656.84
58279,93286.34
62244,172699.5
144770,281127.82
115322,249091.88
20801,141070.22
122958,72775.34
128938,255555.06
77350,526494.87
29709,133631.63
136986,263052.08
57646,141661.56
14029,74478.86
60178,285078.51
115474,76684.88
64162,114434.6
23670,72030.19
5307,265051.84
140256,115082.73
7761,65514.5
40059,118044.43
51942,75000.0
123446,121387.15
43377,145261.25
10596,91908.65
255,169086.42
20826,91803.05
1292,131828.08
12029,193601.33
31694,159245.24
1125,269842.73
80118,192839.31
114330,230247.88
5993,97264.42
59363,130954.4
43128,58682.69
14519,150026.78
48161,265000.0
118574,111264.56
124163,265157.12
52492,88453.13
13111,78636.17
19331,180512.46
45932,145323.38
140119,293837.95
25441,155323.71
19081,81949.62
73332,292782.01
65900,74171.32
41851,180680.35
29594,84952.57
133258,164774.45
126064,53577.89
126044,262308.0
40366,163214.14
55187,39786.26
133782,113369.25
143228,201781.29
137538,236055.26
115895,155998.22
30757,452500.0
121677,135294.01
41239,126596.28
47973,127361.61
45637,246448.17
47341,106963.24
125894,283901.12
137803,156342.75
63577,202276.3
111318,182195.93
119595,130438.8
34078,234479.89
139127,123475.45
122566,197819.19
14513,119027.22
117709,102493.41
127250,41444.52
136701,128443.35
12193,205377.35
135189,135171.03
110314,148989.16
63960,128603.81
119224,170033.23
20464,270041.52
17629,76841.83
72570,109430.69
55350,81607.49
64093,260000.0
55629,185387.83
129418,162570.38
76734,255168.09
77821,211494.52
61052,135422.11
891,182269.58
111521,80916.54
50689,287283.38
62060,218153.98
46698,77000.0
57465,122854.47
39503,153701.06
61662,54055.0
132634,132806.89
50555,125166.36
126307,247385.78
14097,198552.61
144615,313282.71
27269,182434.27
10415,137966.7
75774,105331.23
67181,83316.03
33369,349400.11
115377,199425.54
133890,126452.45
65871,198434.28
77697,64045.2
34580,59562.97
120957,150995.3
7067,286821.7
38545,139994.37
115426,93418.75
112084,189105.62
126827,305079.45
141800,82835.44
82833,208674.18
111502,134025.58
20794,138652.05
139600,187588.67
56839,103457.27
124737,107318.75
45065,170464.89
76358,105926.71
127426,119186.34
68212,44919.32
14779,92425.32
5332,110928.36
12917,110008.99
46149,115846.59
82308,259734.66
61050,102492.7
82339,371969.26
145368,503743.02
50361,76833.08
3731,149517.72
50289,123284.13
48258,221019.21
28070,259252.22
51898,212065.68
123999,118383.57
8694,230257.08
76678,135833.79
76478,108999.49
115363,134272.86
144030,68499.71
111407,109450.41
65611,300183.11
138787,148212.77
112687,70787.54
16367,217929.19
116828,157687.65
124893,242579.15
44311,111419.25
73994,158449.85
122368,111553.89
73893,45276.85
124267,212056.16
37994,83144.68
34159,104817.92
16383,232032.97
15640,105680.18
72150,495343.13
77419,153347.63
138162,101843.62
114124,399941.55
12592,137695.6
13016,205619.31
1689,29938.45
2177,278831.15
45440,117257.2
51975,507358.64
77649,173150.03
72502,86188.76
26369,242262.66
130887,134376.4
81499,86777.43
134213,165077.74
65024,323845.58
13818,165941.84
140871,274798.1
115915,229510.74
137210,542937.0
113490,225432.54
138808,167274.48
80010,137695.85
66680,125728.4
50909,320317.72
136100,279158.36
143639,150825.18
78637,116794.63
126598,149421.93
143633,274608.96
50795,152628.88
40701,126756.24
40920,232539.53
129540,78153.22
32306,152887.07
20745,236688.28
70743,143402.51
54988,338995.43
47934,426397.28
14235,166784.12
129002,77935.93
143529,104937.91
64391,209417.69
117489,137131.99
78558,168094.08
6004,209047.89
61467,102783.77
143153,190662.93
33439,144183.43
112621,87679.7
27554,92196.44
113578,58227.46
74021,126262.65
35713,154442.98
76407,179413.83
121060,337724.51
33259,106692.08
62274,246818.6
111794,178787.74
48152,158102.09
20716,425379.49
35931,125364.24
14682,281696.02
111674,436245.45
53104,193741.46
45215,96915.33
49034,129880.24
76724,108983.46
120119,271989.62
45245,190000.0
144340,246126.01
41377,184258.57
131015,130483.68
31727,260359.02
54416,89322.68
63115,300471.42
147120,118518.68
80288,84113.0
124999,170064.81
145493,106282.49
41922,114256.03
54185,357689.75
143561,314645.3
139622,104034.54
114001,143120.31
142696,101601.36
28338,84883.8
7436,108592.03
113785,143227.74
124062,281397.53
118371,127999.7
125923,214780.04
122536,97947.04
143747,176119.43
57981,109729.92
27613,94334.87
120814,78755.92
79453,127496.68
12861,419273.7
137113,107517.45
34042,223909.94
82790,538974.6
74488,209483.75
18304,327972.88
5356,71710.35
39484,73713.93
114433,56399.47
10027,166917.43
115020,261285.43
47996,159821.07
10212,189565.24
140777,142465.82
63328,428535.38
112013,83251.93
145011,86387.75
34847,80955.83
118994,371493.57
37516,202151.97
48845,161387.17
122417,187901.45
81777,95762.92
21189,158878.62
64547,76045.76
44601,110555.31
122593,124658.05
133331,359500.55
134199,197533.06
19616,188007.63
117919,174630.31
125224,128116.89
140196,173673.94
120398,92181.48
39026,219876.82
59776,222920.4
128287,165941.59
126929,141472.93
27982,156513.85
146051,87296.83
49453,134952.45
33283,177015.66
115113,127391.89
48804,360750.0
133943,240938.05
139134,50506.92
38054,127295.71
59271,192556.45
133277,127600.43
73258,200460.14
130923,121019.81
7955,122787.02
26451,343347.91
14674,88139.98
5115,80200.08
77278,180194.03
77980,90367.72
55462,88025.97
1267,102336.73
67008,211231.08
14440,190506.92
65030,180414.27
50882,128880.64
136637,96608.68
16394,164429.81
35639,115337.63
10021,86895.18
67670,143512.36
44861,210747.69
35824,212481.31
16561,298559.82
115868,221574.68
27162,312682.27
80511,163425.34
50157,103137.75
123085,208875.01
40379,153464.82
63857,306979.64
133029,254769.14
67911,108262.08
37266,108611.33
138301,117662.69
16837,103453.45
57352,77837.05
28706,213421.34
141168,176324.05
6724,103815.24
72535,93239.96
112721,144772.93
53891,158000.0
17509,121255.82
136399,141456.11
51910,169566.18
2088,75651.76
60356,57035.63
39282,135362.72
143838,211596.63
123859,200796.28
112870,628808.1
138752,91492.56
7855,316415.34
146296,261843.33
127773,81360.58
54205,247749.31
33485,148003.74
30617,101166.37
44295,260425.31
143475,142709.75
52111,139408.77
126370,232331.74
144393,350708.56
32150,274163.89
139039,243922.29
5359,70394.65
50834,84606.75
129086,194604.12
74348,271882.67
121243,161250.6
46258,286448.95
57934,88035.76
30014,172515.66
117303,99330.51
63199,189156.81
24304,114544.6
6476,100173.75
8782,260710.9
5755,244443.2
145975,144799.3
508,80229.41
143350,95318.98
59541,112364.41
123365,90357.82
8087,74157.91
12182,243543.82
24964,286170.74
69485,256406.19
71012,323420.45
26507,135000.0
27051,345305.46
143643,105000.0
119667,140658.09
39808,166140.63
6447,127719.62
22976,142500.0
142642,160096.75
133313,141367.16
46481,62294.1
6688,41785.13
125675,198450.36
77928,175479.81
65402,69137.65
11426,136896.38
19590,154365.0
29854,100000.0
26126,160513.53
20713,131420.41
133153,243019.57
138926,189231.74
38559,271490.9
81510,76900.97
14386,176718.14
27538,144019.07
64026,37177.91
59048,389963.58
5290,216908.08
39252,94892.78
125267,110833.16
76004,287124.0
8335,193895.08
41805,151677.23
126933,128744.11
4641,279901.73
24868,149253.46
40545,232809.47
116133,240457.65
122391,137972.83
146826,134112.74
113687,423519.78
45334,143523.0
45242,149550.06
45442,125549.05
54511,222672.44
75743,92788.39
69246,130758.31
127644,148582.65
72876,136445.41
39534,248455.59
118615,86852.83
58700,185396.18
145766,142795.73
44498,182254.06
143345,138491.76
131338,346928.35
139151,115601.64
69190,148231.43
7240,156561.35
65419,75526.26
75893,65698.09
7020,138009.67
78354,96287.1
136937,144631.6
15915,177160.02
16960,107084.18
24472,276525.4
115492,230376.48
146709,77203.53
137892,84607.08
38875,127935.16
37937,99255.93
125300,146050.87
131462,714084.04
45409,122157.81
52189,182665.47
1732,199602.81
71918,507794.7
68166,269479.84
2081,86757.68
113792,149118.92
69468,176217.21
36317,79291.3
141051,166421.78
116778,55579.83
141850,218437.78
33048,47217.52
75461,144296.46
28017,78151.94
122202,83844.51
23247,156314.02
6074,99355.8
28398,119240.87
42666,225289.77
68250,186716.04
71240,106696.48
120294,169992.52
66707,95418.05
42744,97051.44
138905,231630.48
4985,432805.17
118607,284690.3
140379,126696.0
3475,210485.24
40785,181123.78
134248,132965.84
127789,62845.13
6435,472254.18
9134,98800.52
8680,164870.51
82679,87068.41
41617,215000.0
62259,91281.6
63107,81280.02
140992,225887.77
70507,94597.37
111389,152390.44
116747,84763.49
19981,313337.39
49308,494377.99
16966,312756.0
24482,77726.42
47999,201785.15
65381,162937.04
33673,249000.0
141508,163022.09
67286,223086.89
128626,130719.63
74875,364012.0
120207,79344.86
8676,81499.33
20983,130810.15
71763,149098.37
19779,194545.83
117777,183008.61
1326,86183.45
794,81902.6
15323,192111.1
14675,203057.93
44473,138284.27
76174,93580.52
139224,129442.11
698,127103.53
70941,257105.49
14245,119379.75
62197,301850.46
142555,78098.17
56321,168510.62
77368,114263.52
29796,111323.28
23669,413002.34
17725,197147.45
76713,229321.6
133642,79385.24
57426,208180.79
118308,220209.51
112133,97850.6
20816,70988.01
71495,108672.3
80592,110402.94
18283,280951.42
1048,106000.0
130926,188361.17
132864,153595.52
52710,265246.8
18578,85825.44
57058,168888.39
4072,235791.8
80817,185175.54
38485,140142.06
142554,288134.22
9325,75036.13
42828,160020.37
143810,74563.19
28842,233977.94
63078,111877.54
21493,124072.21
9543,114980.85
4111,117685.5
21269,178521.73
130245,326832.47
145732,154926.79
59635,91640.19
13036,130205.2
60536,64369.69
46603,141334.82
48351,178798.5
113696,60372.9
13463,95327.23
4254,231646.21
125438,175524.21
48446,127624.41
73973,426274.52
111793,177630.56
66669,263141.63
47929,184583.3
59974,125202.99
124262,465419.64
117831,164939.66
21128,85787.68
54479,692067.05
111343,159713.32
39210,128598.67
75021,143914.17
72398,96770.35
14925,108033.14
119738,164768.11
15737,447305.9
60086,65073.38
16396,186227.14
53392,176645.39
146016,60795.71
57494,155913.02
5182,56654.52
61880,451197.62
29865,646459.96
122856,363934.17
66339,120894.31
135349,251835.7
36918,230783.76
139759,233155.84
44982,138428.14
28427,116073.57
139166,240188.22
35817,370025.11
79363,148809.88
59024,199283.24
116630,59222.68
16626,102499.9
74994,176945.85
28225,217353.28
42622,598629.31
26464,46890.79
64409,64544.06
138909,139981.02
14672,220013.64
22113,176780.65
80355,194846.86
82678,250248.04
78835,207174.21
114899,255478.38
127093,141492.54
65382,186233.32
30141,121994.29
50887,239385.18
74486,220487.92
24068,198290.32
63808,103103.56
19505,212878.41
123139,329148.37
49430,463106.07
64115,119774.92
25260,206758.54
72364,120000.0
28512,52610.08
120154,84765.72
142338,131624.19
12841,176587.46
14863,188309.6
127039,168822.69
12862,204325.28
131993,236390.47
42888,293552.55
71691,116952.41
16406,266054.29
125054,271051.08
18913,296399.03
80621,129749.31
58472,186532.8
39400,146321.17
73789,186500.0
137504,91921.93
72418,126432.49
5459,248904.72
143226,88242.98
78800,579353.08
80333,189051.53
45978,518699.41
122771,83424.61
144094,366699.95
118346,387088.56
68367,93155.06
3751,139148.21
80012,51784.51
129314,152075.38
7328,288294.99
140762,163427.91
37845,94342.52
14049,206491.63
139036,327729.45
58542,225285.16
145442,215748.05
132436,114827.68
74347,192075.71
120595,73700.49
141371,168632.21
79622,194828.97
81718,103760.69
143755,151539.06
119225,61903.69
81701,140679.69
10951,90582.63
130872,113118.97
16900,206165.39
118200,95060.65
70942,109146.32
82682,128094.83
72762,448177.16
116005,165491.95
80040,86489.62
54179,194992.17
122625,121025.25
41119,114097.18
46120,100219.65
39535,88918.78
55411,90984.99
121305,162406.37
26285,141442.73
139714,327110.6
14266,127251.67
44864,121678.86
117350,316389.09
58366,120949.06
46218,119301.34
126089,162306.02
125962,141305.88
139077,203794.15
81988,130708.84
50860,57913.16
135237,122571.88
45318,243571.01
57673,141708.71
13834,197192.57
66689,89195.56
61690,75232.81
48534,472361.91
14213,174442.78
122159,265000.0
141469,85714.72
21655,215307.68
17720,160473.93
31661,329916.08
63924,173496.91
125071,142531.93
70509,94914.62
50534,46018.99
54204,182483.63
40853,654107.91
134647,162437.32
42037,113898.51
18867,159347.02
124157,337027.64
135364,160517.09
133000,162479.72
81812,490297.28
115296,270670.6
4513,304239.27
21515,146176.73
68280,182113.21
123551,128344.72
15873,406335.86
652,181804.43
30376,311350.39
23213,534514.01
10709,273956.62
62604,160124.66
57850,46431.69
17646,220912.08
140241,445460.97
25398,94547.32
5926,51130.71
128446,248992.62
10184,183830.53
65208,125704.95
30478,124079.28
133879,121768.29
5561,396668.23
19145,135938.02
62941,116936.0
78015,196247.61
34787,150286.85
45267,202727.53
6913,134201.0
53312,210978.81
12100,103907.13
130859,515155.17
42441,82200.63
74869,271357.84
144540,78980.48
130237,293915.17
39421,197125.65
8940,87663.78
82409,81559.7
49836,271958.99
134664,254288.19
50895,310921.39
43634,290991.34
62739,89527.66
27116,151518.11
68525,193427.01
127880,128000.0
115558,297375.95
126036,190206.24
136379,75626.03
122539,120290.6
140867,123310.5
64271,196985.32
70724,113239.63
12914,314114.26
121566,112618.34
135809,193021.15
13961,193235.9
82189,189581.51
66049,221517.58
146694,70863.53
139064,143402.23
131150,141232.06
79770,273718.92
2683,156931.59
6156,75930.21
4730,134545.71
64654,108872.04
140279,166118.66
9370,168446.41
50643,139178.05
141837,228740.38
37060,332534.84
141782,239969.26
62611,362932.93
134212,355594.66
131291,80930.13
17490,209306.84
132599,174272.87
70459,134929.73
115772,163794.02
11559,64351.89
58189,229344.34
145885,148317.76
45353,237820.36
56157,393010.03
53440,164334.31
29515,109593.5
49707,153577.05
82533,332340.26
114638,192274.67
6073,81798.5
44309,256489.75
2987,211031.23
20537,214738.2
22745,115461.75
12113,45190.7
49566,245704.89
114884,231419.98
125787,379188.81
116211,38286.8
62385,71213.87
59397,157220.55
34727,288513.68
144299,156025.08
68030,76438.71
141435,152562.84
5489,57231.83
17150,154726.07
67423,309231.06
120434,81150.09
114470,146789.75
120932,350800.54
74207,188728.44
120609,83077.54
62629,178606.37
13640,84582.35
72875,127474.2
73948,97203.54
113113,175341.66
138144,179817.48
16809,514872.98
7228,66820.93
139473,178730.09
38162,143218.9
20433,89168.67
29730,142145.79
18690,745637.0
145529,150863.2
63504,129183.47
49047,135431.82
29501,80353.11
112118,114595.98
55420,140392.68
80881,169758.29
70924,144725.42
143863,142390.9
82840,175481.53
43686,242802.51
23186,63908.1
75625,117349.32
50102,95045.16
3518,165659.54
11237,108532.96
128735,181318.57
16259,243619.99
20493,235776.24
56737,100184.54
132379,38771.1
75928,195272.33
58490,168393.4
19932,116652.5
33079,129865.95
13240,322790.46
144827,127434.86
62821,98848.33
57073,117297.1
119054,115566.5
33891,168076.33
124379,148897.28
10457,69524.31
51451,95000.0
54089,208361.78
114172,443428.19
73045,112967.41
118838,103647.71
39224,220000.0
114007,78583.43
2918,107537.87
142929,233832.03
50063,131172.68
75001,135537.97
51078,98386.37
128982,110623.89
8027,147280.79
69704,191952.28
62879,257025.55
136824,83033.63
141436,128216.08
66465,491626.83
77189,200151.4
78566,117022.47
118904,274165.15
39133,296905.73
126251,269480.41
24422,211728.07
82378,91437.27
44486,135729.04
19867,150573.75
81051,70363.93
17929,389213.45
47514,127149.71
21464,114620.05
64190,181361.04
14491,283539.33
52335,98693.51
39923,234732.63
7386,142083.8
138769,423799.45
125768,152413.18
21134,104641.74
886,328575.49
52326,241732.93
11986,115169.89
7279,156613.11
8061,216717.06
80911,250000.0
48581,143386.99
125546,79052.15
10833,238738.86
134581,177061.79
130903,119691.68
49272,272067.73
46109,119432.27
136672,212019.72
54022,90590.54
65087,319831.71
22408,113225.29
112897,161834.49
58868,446335.45
33249,88250.0
133223,147337.9
46822,45852.51
47866,237318.89
37130,354501.87
25066,99413.99
121282,108980.23
115705,143022.21
18741,88560.84
73864,332194.49
47470,79661.83
121354,332626.71
30291,308855.97
119721,470816.68
13005,168655.21
32946,273762.47
132976,120140.24
113175,392951.88
66321,121059.59
71726,213764.51
21010,102381.73
41082,68045.05
11213,351489.05
42433,192360.52
125361,285046.2
140378,189046.12
82803,429155.51
46928,144236.06
114284,95343.73
58941,284613.23
21106,289319.81
136482,116717.52
110328,124473.76
17618,164162.74
66436,126035.15
124186,244582.73
5683,73299.51
9099,77158.8
1064,424209.11
40328,151957.56
50372,205655.28
57641,206827.67
119589,292372.93
67993,268546.2
7010,200757.14
77758,270121.44
54321,93578.51
10410,229740.28
52972,161317.48
15812,155897.35
27535,105431.04
140603,142810.23
17057,123945.07
122832,181357.11
114168,105190.17
14191,186840.95
30749,144395.79
126483,142072.98
28548,138800.32
27265,96177.09
112999,135201.51
41937,193088.71
79977,254478.71
125709,178856.28
45224,165120.46
44077,81451.17
82853,35011.25
73389,104949.48
24464,260099.81
135423,332937.48
121117,154579.31
65197,196554.15
74643,160388.6
130177,82790.1
14190,82333.63
121192,406918.66
56726,87482.51
27425,239007.93
114239,456638.06
60834,123283.07
141647,246203.61
60485,105408.58
12168,259333.17
135741,252052.27
17670,252168.2
19164,84657.41
141889,187862.0
42885,211196.4
58677,129548.79
63140,275998.29
48129,245424.61
36063,106525.58
77332,123535.34
75639,139743.0
63381,111092.81
43869,310738.86
49210,184378.42
143777,296689.52
145218,166838.86
79079,240828.89
110767,197715.47
1197,140033.43
69733,86249.56
112294,66122.85
137205,131464.64
59552,150532.98
26957,143075.16
36473,115600.68
128995,246091.44
69877,176937.92
45626,303058.53
35088,555690.73
143061,185715.28
132977,116959.96
74468,133624.77
49259,176790.9
18841,41366.16
73156,95986.91
25295,219448.54
68904,377592.38
65198,99702.47
60497,235014.81
113104,137199.67
59462,216744.55
112733,78773.46
130790,256747.97
17948,173512.22
50107,378163.32
20641,136075.55
128376,146195.75
67727,296633.61
51568,332760.45
128788,130294.22
80567,84582.24
44950,87970.57
138916,300115.84
5309,74187.68
81195,125429.23
137599,322692.64
129362,112524.91
117000,258988.75
117186,267819.38
18301,67145.48
27886,144741.35
55855,114687.85
49528,102350.37
55189,67403.58
62462,93434.72
113296,294076.2
40467,164602.37
59214,150841.87
130425,162728.11
49394,134312.18
18755,96919.72
114258,133505.48
119542,447098.86
78471,188954.57
61733,102569.04
127467,151562.89
80531,280250.42
139933,226865.85
56566,111918.05
128382,161112.35
77184,194723.99
68505,126666.67
3830,92481.0
21450,248237.35
69168,86980.31
46315,187361.81
135267,107024.69
46625,50853.66
142191,166975.91
82973,109185.91
63069,70492.26
5485,139200.24
144523,453619.18
141353,347855.33
57786,47470.59
80073,151310.31
112529,113337.27
141547,224195.57
9126,175910.7
122843,477434.34
129465,163356.49
111632,121617.49
65552,212354.71
11495,73912.87
76848,51080.19
78724,84912.14
133938,236313.73
144702,132000.0
110606,266086.38
17765,100982.59
55431,177907.79
119341,308200.51
114614,304207.63
64763,242793.4
73121,476398.01
39909,180785.7
130618,79877.57
31161,178921.0
21157,106216.74
68716,105729.86
117840,581339.64
71125,184249.72
80868,86635.27
135048,107248.7
55622,208552.53
142258,101723.64
25147,112379.72
145300,97578.57
77882,165585.37
147004,249135.99
38153,305814.08
39506,144161.11
41961,236012.61
52565,185000.0
34874,111269.17
9365,84008.54
30493,199010.57
17313,269912.29
2107,69438.24
20481,177564.66
143556,125165.74
51474,98895.88
35800,108891.26
40283,150530.0
22792,158000.0
25417,221481.53
141042,272327.94
34588,64104.41
18972,378530.68
52160,139191.91
70557,110220.39
60134,184428.78
74047,492832.21
33972,90713.15
10262,123100.59
76272,132466.94
78087,127635.52
34901,159434.56
17055,258337.18
17391,185892.8
54085,644248.85
131244,81241.59
114557,202464.55
80036,94187.82
12478,262367.4
68407,227832.19
39382,111506.73
82959,190444.39
28373,48874.57
83077,262493.91
125082,294844.59
55987,107274.62
43383,121733.73
130792,609429.28
11024,191997.02
140590,273841.82
62771,110477.71
60465,118523.4
73516,83298.41
71786,92829.49
146645,185893.88
10031,42792.15
30214,173035.92
5262,120281.79
81854,170004.07
26654,233094.42
56349,282399.72
119028,341265.76
117645,58303.61
130058,100458.62
14636,163680.06
122518,74320.58
44291,155028.55
33961,99000.57
144864,251316.3
37088,226429.32
133330,206686.92
29637,141711.14
25396,226472.82
141910,172862.41
40570,92066.03
18737,292275.61
118675,100781.95
973,177337.93
134488,384052.68
118171,138480.12
122758,96475.03
139316,52203.56
73888,219847.05
16076,147881.09
45641,163887.46
128787,185513.3
31811,163791.42
29467,259128.79
4418,229510.05
63615,65681.22
128247,101945.43
138266,208021.96
27349,176236.9
33404,69892.16
113513,133995.5
80687,234178.29
126075,249590.77
131923,69596.63
54059,67826.46
70396,76493.63
3769,364819.42
118887,162315.43
110746,176714.44
24849,83040.1
73024,80705.98
3419,69515.85
14729,66693.85
33645,81101.85
65093,142747.45
123029,363156.2
80923,111493.54
141127,56717.38
48490,430366.2
68455,322868.19
112737,714866.52
50066,721071.11
23728,139351.11
60995,183151.61
62207,125131.78
133979,493591.64
40526,189348.3
46533,192408.28
117438,204341.85
34673,87493.6
140171,178333.99
126545,98384.95
12803,179215.59
22391,228684.79
78640,119677.27
73087,246772.85
119275,89745.18
55279,133873.38
43712,259429.63
125920,120538.3
140346,355879.44
44633,66000.0
7146,128980.88
82157,60231.8
38089,91727.87
146545,143737.01
39987,105000.0
68155,94505.41
82043,187102.55
17891,102206.18
66523,267448.28
33974,157757.97
126568,55424.13
136357,152429.37
8297,213461.95
14773,193651.11
141641,96407.52
55726,239636.91
110763,355728.49
4696,117000.0
44579,82901.99
62295,134399.51
30430,357322.71
20595,190000.0
9898,202575.25
27140,126606.13
111411,153803.23
50492,109632.68
56917,99491.03
130851,128436.79
38856,174953.11
56333,80726.78
24466,139695.97
114965,115048.82
1269,551437.12
144748,73222.47
22018,80260.83
142533,229397.53
34596,182467.6
4326,237787.9
27359,293664.58
76113,121698.38
55751,69586.31
55080,395972.95
43289,78933.56
66125,164655.02
30002,252372.41
121128,135150.17
112441,129085.8
51669,121470.87
130843,81095.87
139576,128495.53
58601,136088.9
10343,84169.54
12500,359286.75
46559,141181.93
63088,111881.74
49497,113745.34
133167,106880.75
40708,136828.89
69818,180146.35
76258,118235.62
12798,277119.27
19828,181140.88
48502,327436.28
141990,258904.74
74259,54284.6
141993,245999.16
1686,246613.47
134933,115751.52
18227,196960.11
53773,115344.73
15478,156202.14
30657,97583.82
137686,353316.45
116077,217517.29
35756,105855.7
19871,241643.39
11206,110320.36
70871,79367.74
69743,130000.0
123163,253525.2
62951,69387.58
141485,92255.96
121147,104857.39
15093,208712.35
73690,104242.15
137241,67491.74
141388,437935.43
146835,390068.44
18001,121523.83
12746,101624.3
120168,201602.04
133976,199021.48
71431,181766.11
16901,181004.03
140361,131065.69
55125,304491.68
12965,186147.6
134246,195752.28
73568,165267.83
834,88500.0
8966,103805.51
56012,38101.17
52525,138456.65
120647,167473.4
79503,74748.96
41858,318656.55
20278,124850.54
10575,251545.34
54064,75391.39
58785,183809.16
127312,195353.33
16067,211461.21
5748,139756.97
114180,309793.56
111025,106414.84
145179,467129.04
124464,98000.0
123301,73439.5
25190,261273.64
44313,52000.4
47757,72633.08
43049,114510.95
60727,137706.36
1218,125849.85
4101,252789.74
57060,144668.62
16843,178188.97
141543,104491.56
118848,245371.03
116311,239049.49
118786,99926.7
580,240816.97
61476,352600.33
39213,139330.92
28599,49591.99
128731,179345.55
142921,298705.36
125860,153368.15
143233,102808.85
32056,220000.0
43329,370244.92
133565,56497.38
27434,265666.87
118554,124281.11
42484,232498.1
132214,142275.02
123456,147474.72
129583,55062.23
17023,310132.27
146251,114368.51
40673,125047.47
65446,124736.66
52401,248654.49
23453,159434.36
22954,127100.06
80839,85652.29
46839,130615.86
5299,115703.79
116352,36606.15
38002,143432.05
27863,71069.88
3794,122663.41
140866,117978.24
37568,226443.87
31398,193422.73
4002,281073.53
28125,116369.2
73754,240495.45
145753,264542.51
38226,175892.15
119303,178592.18
43688,272679.46
42752,221322.68
69238,88326.31
28490,93079.29
135866,212197.77
123334,254388.22
47922,203536.66
18817,102356.06
1189,465775.6
31378,64818.95
132399,131306.75
128688,321129.68
12754,171894.13
19436,160803.47
141011,117736.84
51839,398667.4
49810,140399.55
48236,261394.28
20811,196479.14
18379,131570.61
23631,212355.38
68036,96340.84
40986,97293.47
125596,157452.56
123698,61137.3
78554,82059.72
118532,114734.01
112997,132453.65
5781,194424.15
68507,103872.84
33698,232874.75
119029,94890.34
53510,281644.28
22758,417571.28
26762,144842.12
26209,223669.19
818,176802.67
110341,94996.12
114233,141193.02
48822,151795.17
53780,221441.45
114005,150199.84
126141,277567.32
68375,355000.0
111388,191011.43
132639,78690.65
135648,256052.28
18620,85960.93
814,114355.06
117684,521267.82
142290,183485.32
50394,186194.27
18117,254542.54
65763,203106.18
143305,108848.15
75441,262841.72
66448,128473.47
82691,309995.08
140342,192959.73
5892,106553.84
45451,229502.95
26884,175151.54
138406,205000.0
132888,50171.78
63726,77754.95
59349,105437.44
6788,39668.77
145565,153376.29
146002,108231.44
70209,96693.27
82115,138815.66
21114,186241.35
34613,61081.88
111609,103713.8
55543,200481.72
73160,106379.15
129908,201381.69
4967,202119.08
120797,88325.75
82974,88167.39
130149,117013.31
140470,155998.61
82237,104000.0
119481,255093.15
31571,327437.45
111687,292288.25
811,94817.46
38580,172127.2
5654,105204.65
38850,240732.67
23082,289801.5
142907,214413.71
142852,463632.66
71038,257746.57
15929,287418.39
15413,186735.62
113563,173033.16
25750,275592.12
140735,230000.0
134333,266890.83
113924,469219.31
72363,137072.36
130560,77248.28
68948,224179.64
3801,266610.99
117492,107215.34
66988,96396.68
121391,145949.0
125322,288747.99
113396,180982.8
25445,159815.82
140780,217077.47
142550,155911.94
2336,143065.3
118907,157317.81
142497,119158.17
68843,63567.1
22795,357640.38
4532,134754.78
56580,103442.6
142426,101797.82
142778,139652.86
28034,63051.98
33821,60052.33
112479,78896.74
3051,105849.0
122924,211607.19
67960,97772.45
76433,136000.0
71538,85638.15
116849,70521.05
51571,469738.09
19198,169272.89
23639,389975.38
116633,91979.24
144456,187046.39
46348,140470.86
60093,58096.91
142532,138893.86
67252,83221.1
26542,289279.49
122755,269473.39
34463,274277.59
3345,476422.91
81743,132682.62
30886,222246.0
68570,143158.47
117581,362053.04
4457,171218.67
24966,634840.1
115935,259627.04
46663,445220.68
129195,85233.15
37614,256282.23
49331,179692.58
43301,97096.32
75145,232148.82
82400,128015.08
16060,81616.49
17220,270456.53
33258,168209.44
50707,337039.57
134035,226965.75
8383,67673.71
117758,285509.44
51380,259106.31
76364,163198.53
133015,106817.47
39428,208277.27
80525,328110.23
19184,330986.9
71807,113587.53
139770,165295.94
74852,92833.33
14511,316666.67
111160,154663.54
149,351708.1
52904,96328.12
73125,99150.34
28164,264424.79
35906,104739.77
7104,95617.29
33802,42189.42
82167,73707.27
27631,344549.27
3221,261885.39
118220,177109.89
68957,123557.57
132680,164634.02
69092,169670.38
8534,96266.55
33222,190591.5
132635,133605.27
143184,159436.77
146055,123035.83
124886,678010.67
52670,173240.7
122316,162266.05
67590,155000.0
46392,208664.29
20114,179062.89
126815,108586.23
55573,184339.65
127163,207890.23
2547,281790.64
81883,101543.55
28794,111657.58
124868,75975.85
57499,195427.05
76986,306813.39
136264,169124.35
110710,53590.96
80940,122209.32
3791,329030.19
38323,41354.32
28702,634312.44
121139,203335.83
67711,151976.37
50539,37151.21
48994,84685.44
6949,156574.43
115208,190804.73
59930,162429.9
3072,68287.62
65872,524171.0
57318,114552.06
9152,360067.98
27295,218852.54
22347,169359.04
72482,245005.48
131047,225312.11
29649,279440.63
9270,260635.69
14570,150091.24
123350,398463.99
49496,142308.28
78691,164050.29
138270,52601.86
58520,172186.11
119175,121171.27
32324,364395.58
79137,190000.0
59640,85481.22
62608,126646.8
22647,52971.64
64795,303867.41
69860,271513.19
32265,166577.87
127236,72282.84
129220,241551.04
115791,217009.68
127140,102944.33
74289,288013.66
27085,157158.55
125753,92684.57
62890,347805.26
80656,293749.75
132250,108932.09
10746,182161.54
139546,41188.62
123528,104988.11
5923,95953.46
59160,246238.12
72216,431762.9
122009,179408.34
6031,382749.49
1233,281242.07
111546,285283.71
82667,224175.79
139447,144685.55
61771,122737.88
128657,110797.87
119522,207258.51
30558,96777.84
18179,83570.88
11499,82108.25
72699,312202.87
12698,94378.08
140894,307173.31
127881,132542.79
40819,125733.51
15455,197875.5
116324,188583.07
79001,321897.83
49054,103730.54
3113,186490.22
115448,64413.32
69361,83595.33
2312,75692.61
70436,72503.7
120202,202892.18
143891,69239.47
123847,109675.61
63911,456989.67
145114,484396.19
26303,208234.58
40952,190161.1
65252,93341.14
66274,141515.21
144284,66554.51
77207,124099.79
77948,291029.05
121481,249564.32
33139,167063.41
64062,140004.34
67061,305740.07
6133,220844.79
119900,264551.89
3392,116510.67
42938,137107.06
58355,73872.02
142156,59332.11
82823,140614.3
21116,160906.09
40668,185787.26
114474,231365.01
33366,153545.22
118819,317008.53
62415,268933.84
49648,293382.07
70406,42150.55
16264,48016.64
74988,109743.98
26318,153402.53
55282,78873.34
45265,285000.0
129048,375357.45
68607,148365.38
29673,209099.53
146196,231498.81
11353,94045.84
23436,150236.9
52331,244358.24
68448,148000.0
132223,199307.84
44759,171314.53
146737,260383.99
48489,237111.87
111183,154719.02
54345,84625.62
128549,216084.1
75254,145424.72
26206,109654.36
24679,260454.0
140622,247660.75
119017,110168.82
133590,195170.43
16664,199846.24
20370,104935.69
20802,294064.1
69767,320672.44
80808,105977.0
23235,111287.04
64785,258342.34
80207,184267.82
44564,84635.36
26763,148728.0
67652,318474.32
70914,184309.35
81861,181016.65
138674,76011.01
79886,147689.57
113814,68917.43
76171,580099.25
24396,124967.5
70351,225987.92
130757,493747.22
2824,291758.01
123630,48760.42
58949,163398.21
54586,69924.74
39939,171995.86
68519,219876.82
28678,145000.12
63803,123288.43
70071,162972.43
63647,140043.67
135153,110393.27
19405,152943.66
9661,168486.69
11165,291956.29
25702,30799.53
34470,587093.13
117130,132417.13
50857,62796.86
59729,95263.73
128575,70285.19
63825,497083.72
117507,113463.96
81704,206673.69
68562,323627.45
30455,357722.31
20292,139592.72
31077,208506.26
123349,111722.12
117560,542220.29
26995,190000.0
143727,132415.93
68666,116138.47
54469,103351.02
13727,248689.3
218,197369.61
135492,251478.22
140828,158202.68
43556,107258.29
1414,148904.15
126514,130854.04
114852,207752.48
18216,181562.93
111901,135028.39
35654,136423.45
141748,98360.67
77899,425917.92
134582,106768.41
115442,97190.81
52549,106587.76
129776,141629.59
138420,83208.01
73621,212607.71
81758,169408.95
44089,96000.0
31523,85398.3
120395,175149.73
28677,155693.12
115831,521170.84
133556,83252.05
10006,96454.2
134378,176372.98
39204,96681.91
19876,413948.52
20051,152876.09
146999,123291.77
128066,123029.25
17404,122872.61
128232,144042.99
77252,259895.81
24008,367514.69
54613,106170.02
6443,189771.72
4643,257136.24
11366,208669.41
130387,365354.51
7724,283144.0
17837,186708.73
137530,198664.42
60694,78525.68
28935,165007.69
33874,87915.31
37907,232321.39
76247,831074.1
44711,120300.0
118245,322319.56
31939,82266.88
75599,117296.4
14715,298985.93
80024,79621.28
56832,208736.03
40863,82968.66
14913,313045.4
73064,184081.06
22589,376485.9
21268,112762.82
52216,164966.75
140299,101922.76
16840,317886.48
17226,116750.01
68459,238368.82
66022,78087.39
11669,414763.66
146692,325102.69
59655,155570.41
110396,64817.41
141556,104166.59
249,120654.4
111683,126878.57
118484,221331.44
119818,115374.52
65523,234972.9
71846,312012.19
57690,219701.14
72500,174286.52
13423,100565.83
132787,107628.39
53598,114865.03
19793,270456.99
3946,102333.33
79787,83737.58
79799,62101.24
128430,63251.99
68993,306625.36
138688,248246.59
18988,181059.87
122859,162685.11
19209,46027.78
146588,259381.68
144142,132381.84
4506,120118.3
118998,101491.97
63383,164811.82
44048,120678.62
12851,158927.86
79359,138189.95
117866,224347.95
51704,108124.03
22949,121256.87
11552,61980.92
63074,144667.36
33467,90294.61
24672,160281.02
73883,106110.17
125191,144288.34
133108,60004.52
14645,230259.59
140832,85840.84
141263,139731.68
145642,218671.59
15620,147800.41
34858,63571.45
18842,100000.0
16164,100129.92
125391,212068.31
28568,134177.56
17403,114157.87
131147,178225.1
51536,113353.21
47596,37773.24
20984,108794.12
142617,269007.97
40271,126643.61
8149,181880.64
17066,221389.02
112478,140302.18
49187,220108.59
64875,103697.1
63308,409773.52
515,159004.97
140657,113651.19
48256,140680.64
145022,77681.45
138192,196919.38
65571,83417.42
133300,103998.61
122436,244983.64
78088,259885.65
8994,100696.56
51349,284644.67
63932,131738.35
47641,285087.75
30260,156583.39
70747,351325.57
60862,120462.34
26555,132000.0
410,234128.85
25327,132561.92
56521,236848.69
71983,43396.92
111570,174987.5
81329,113447.92
5932,167241.57
114347,161220.52
52790,406870.39
140905,306808.64
10328,101083.9
82613,315000.55
13821,101781.87
112629,158868.77
19173,89030.82
59059,395091.22
35849,195260.01
120879,486894.16
111473,251697.1
65256,84978.19
137360,318307.5
72945,312179.13
120964,66388.14
56171,191822.18
142042,140514.37
5408,139794.3
14795,108182.08
51857,114001.91
4796,124495.35
139904,167369.7
41965,111715.36
124616,187704.81
133945,99212.74
16141,234635.8
13250,91891.24
4657,266509.85
12010,108184.85
140287,186588.26
112146,255845.58
137131,111790.53
131000,342629.93
81810,81541.33
56740,175104.15
140067,210293.61
143173,52231.44
37932,115724.35
66283,85024.06
145911,377862.13
121385,115166.67
69321,139952.61
146741,232754.12
82815,166091.04
127913,122000.0
142969,72847.3
36848,242151.11
31706,133126.78
14680,119156.36
33579,210569.84
26323,329062.23
122543,81873.58
131587,191314.66
126816,142393.88
65817,131546.46
67912,152733.82
74721,197165.53
79067,140502.14
12479,79000.0
79395,102669.86
146860,65791.84
13498,158774.47
21746,141973.46
64637,108319.69
12656,92362.36
61750,215428.4
130830,371289.5
53623,150731.73
61202,113205.84
70296,165462.48
32440,80076.7
121931,206003.06
61941,124228.05
24753,366160.72
9633,125825.46
19883,98108.97
138015,260655.97
35614,308563.9
143351,116860.38
13292,146532.15
50542,103383.88
111090,169526.61
17533,143858.73
58914,48005.25
21828,192434.49
9767,48821.92
45548,203796.11
111741,279194.27
59241,148971.09
82145,99471.61
114961,452936.01
36866,82610.66
10217,67649.02
532,97159.82
28380,119669.68
82188,305054.98
20422,203398.33
79697,239818.8
18084,76471.36
16476,198668.7
132494,259567.75
141306,123263.36
129813,43364.91
127800,190000.0
129536,103322.5
69247,89593.63
140525,743660.07
63517,72282.45
33237,385883.25
54587,296819.26
131848,71840.58
16267,167561.68
25941,141649.78
28729,125977.99
123385,190636.39
129942,54566.78
79777,615429.37
36092,380659.89
16528,102245.08
13878,89719.14
20080,329679.9
19483,124233.97
39937,193628.85
79505,89363.63
33866,81056.99
51871,78509.85
48880,120649.26
42719,66008.81
65789,70990.41
133369,150933.85
65185,185084.65
6552,117328.3
29898,220126.35
32351,61012.31
75914,129379.44
82693,163655.0
39023,347322.33
115489,306833.0
75691,266573.56
21818,237790.35
72359,224291.17
56702,155809.17
118854,197247.51
75394,173618.62
72684,215143.71
127458,328240.93
782,142089.2
75981,253467.95
758,93064.77
130536,104775.99
7092,294278.05
17261,166022.11
32132,178384.14
41760,305000.0
113638,43764.5
2694,234892.39
137885,216454.03
61265,189000.0
12797,369342.5
55025,138808.29
50498,145039.85
16423,108928.63
111519,186095.39
74151,536633.6
55364,118764.14
74574,121266.72
119510,148755.1
60703,186469.62
77474,263866.2
30827,300329.01
39746,134921.05
138229,461508.6
103,104120.0
121819,119353.64
134959,90284.9
62691,103105.37
24222,304016.04
78829,65530.83
136288,115608.09
35469,113940.23
41808,198651.2
80693,209839.45
122059,243398.59
145727,319701.94
6654,93853.24
135356,96146.29
68794,100838.6
41797,204635.58
9587,120326.49
61817,180928.36
73523,149639.36
38324,423950.95
130624,146395.21
79743,51568.05
78913,140801.9
30539,419945.57
33823,77793.7
7530,55338.66
5450,134040.69
115848,64952.68
35897,141744.5
50679,438102.03
4990,135760.98
75704,58966.12
54533,276037.48
76573,733077.13
11484,62629.86
136866,97515.0
25606,136832.7
16813,125715.56
27904,291203.23
33426,172017.0
142382,125614.73
12537,209679.41
52308,173368.48
57541,141925.16
36813,92845.06
25860,103305.26
140145,67543.95
20921,153538.75
136907,123965.52
59987,249516.63
40936,211697.09
56447,262715.97
36088,67799.04
14341,130122.67
136641,138259.65
130085,119831.09
145600,156049.76
3314,78044.0
128338,308411.33
139005,128916.79
112459,71875.91
59960,258901.64
82787,118907.8
122039,257490.04
70885,102138.38
23918,90257.85
129191,221776.43
137814,35092.29
124774,88949.63
114882,254923.78
5138,157658.91
28237,119109.01
55104,143176.15
120859,142598.53
125159,172082.51
34975,45030.84
51803,157913.05
5053,328567.36
126668,133589.62
42994,290763.11
61679,152747.68
75149,123234.62
7355,96672.34
14229,77134.93
75059,141890.53
123721,345998.71
143591,265124.22
66146,45957.43
40138,98853.67
111830,120485.43
116191,226628.9
37875,598957.96
28126,332596.92
19376,153565.65
8800,87000.0
1162,176494.21
12129,84435.0
34704,251191.24
121205,110345.75
111783,83444.08
18956,159263.28
119430,292162.34
54018,89909.63
61846,72746.51
66190,83155.71
17682,315660.97
132222,125736.81
13562,913200.35
56129,132673.99
140812,176424.37
16318,152033.96
49164,77335.21
42336,182544.7
34438,268886.93
143705,206360.92
140726,430638.95
130713,78361.45
143083,137105.21
31847,312342.33
64919,118941.78
58590,125156.83
4873,144740.9
124077,150250.5
29385,113749.18
145560,115983.79
123564,251146.55
9945,114189.61
113886,537781.73
16993,186092.01
10351,93952.53
82697,52912.94
24184,230991.43
4971,136600.85
15911,102180.29
53708,136578.36
10697,599186.85
74694,99264.85
72825,192261.29
142737,267910.2
114192,59486.23
79308,229338.25
17296,145147.04
66501,393954.52
27965,108241.2
41487,153738.13
122744,144558.42
16322,135257.52
44218,87555.84
24049,184232.13
38871,144429.65
140351,153622.71
118414,141443.94
10581,55141.14
47094,116049.29
59954,271627.09
680,136309.93
63779,248402.09
6928,80239.97
24818,98949.83
55286,76633.6
63879,115231.11
7494,124299.96
48639,225582.33
147066,112930.79
11416,148996.8
76564,105122.93
41832,93441.29
66661,81759.1
125288,302031.39
124629,76249.13
62472,132739.67
122200,162178.45
12204,530010.98
118730,174175.58
48611,91667.6
31328,142096.74
51339,215340.89
14754,225137.29
53918,80247.64
62774,226244.22
3140,404948.67
44636,170917.98
113755,83859.41
24928,47326.72
23376,252013.34
10439,157111.86
13115,70582.65
58844,115531.86
82796,159084.86
132909,404004.27
21617,415041.03
137976,170955.09
1375,140472.07
128511,256537.38
124890,76959.8
28925,178265.96
25019,177163.95
62306,107572.55
51557,250769.98
49401,206781.64
34531,35459.36
39908,150476.14
56970,188290.46
120938,396700.99
15705,125842.12
134697,106700.52
79279,187411.45
110478,116015.07
28652,116545.84
70744,145246.86
126142,214553.09
112092,74720.45
15147,357115.64
62988,232262.43
43908,196143.09
15248,215292.93
15133,164539.08
140644,221523.89
142904,256098.78
126766,153237.31
59094,71125.13
71551,292147.14
33315,158791.73
81668,179720.47
49736,132940.72
134104,138542.82
43375,142053.77
12234,109612.23
142531,124938.4
129514,79296.12
138826,118214.93
134534,197546.28
133035,150461.84
15695,128338.49
60747,116419.71
32975,349948.87
126010,97715.9
129438,66888.34
37533,325842.49
33686,343431.88
71879,69972.17
112996,109763.98
69477,142673.41
50840,151089.22
75865,64711.47
130432,192919.17
58612,72191.11
43031,193360.34
34798,280691.35
142714,71770.39
137611,170315.93
39650,87181.07
18387,132374.96
123307,160697.04
116228,625824.6
40654,229821.9
146067,107753.1
45503,167078.3
71699,382936.43
130513,146287.12
141482,235316.27
45446,300134.23
7654,181123.76
37696,288010.3
20565,67671.04
4234,206315.35
62711,188184.25
19710,148476.36
70217,212518.29
54122,387719.87
48599,76019.3
22700,274875.95
139923,61492.6
123514,145571.76
18352,213016.6
124765,53228.46
71272,224065.2
28735,81237.46
24037,185000.0
147006,90641.44
118421,387739.43
49610,210000.13
78413,123239.95
26003,421307.95
19468,129892.51
15937,105742.03
127646,507888.44
77561,56066.86
120213,215516.8
41081,78297.18
4287,187065.69
15562,266903.22
146457,353943.52
133200,159485.14
9014,268218.54
50986,77395.88
80132,226050.87
81316,175000.0
118826,86584.09
79324,111721.29
111986,274588.46
132824,131501.06
5978,141280.07
32359,138116.46
20919,70181.79
10729,123550.3
57483,88250.0
70528,82259.03
14132,188162.55
41701,227601.68
8258,340106.04
40033,157728.81
5398,92234.34
69783,42963.73
45854,227134.28
61644,155508.25
55471,352517.55
13125,113647.54
76046,257157.0
23367,130435.57
17779,99972.43
127772,136183.41
81215,148326.06
11486,53752.42
46718,92865.48
47835,208267.54
79586,149495.73
117461,98688.4
34185,130208.48
46518,191878.84
131257,369334.81
26348,602609.36
43280,271379.62
35024,420771.77
14633,379316.79
33416,583018.09
45370,211515.02
136317,92205.78
125491,55035.81
6708,90571.45
20519,120520.39
64452,287620.35
67473,311510.99
59785,207644.62
740,279029.97
145050,145396.42
112625,394341.9
49599,98997.21
1001,125422.91
69680,119146.25
128396,113050.28
123044,152720.07
9738,96851.25
81155,263322.67
146407,217314.92
30777,452687.29
81358,59916.44
18449,82912.81
118111,369415.03
10400,260439.09
54728,68500.0
129493,269200.03
137049,111852.76
133698,137047.39
147054,213627.11
68638,150740.41
129320,219798.02
55450,79374.75
30838,146785.05
17642,91719.08
78798,106703.96
14952,87393.2
57222,164013.64
48617,280025.59
20229,256596.3
23001,459097.4
18391,105410.0
47046,157186.94
21916,142348.5
81114,124843.88
5286,71604.16
1279,263239.2
129636,312680.64
16035,380973.14
62238,393569.41
43889,597540.57
9991,177853.44
63354,258000.0
116420,187514.85
128229,352637.82
79659,191900.59
80309,119701.11
140557,143106.03
146609,99780.98
124803,400436.72
8845,249013.76
126508,105149.84
59634,309578.62
82036,93599.18
388,295398.57
131960,314089.68
138754,107295.07
17171,255354.9
134661,137491.6
16130,391317.9
125631,91665.33
20304,90290.24
123413,205043.23
130591,320548.75
72160,96695.96
42084,131153.63
32935,179638.17
143258,121503.68
52668,85394.56
27728,82734.09
63537,79558.97
11018,157996.84
132037,72697.34
39029,335000.0
71511,59151.58
63215,176741.56
29567,115583.82
118144,319117.93
110793,175836.81
63003,247911.59
54552,207799.61
65483,120378.03
132251,359626.34
121245,145786.41
77115,84405.33
56682,126471.81
5030,210178.55
81712,354819.14
20692,119235.82
66703,105289.2
50782,133993.96
26182,151448.23
25173,781626.76
57155,152956.38
67226,124279.06
39419,81242.45
50505,157811.26
13916,246326.99
113026,298983.89
13451,136158.84
11000,150421.13
125575,154642.88
71781,213663.74
121829,126802.04
21463,91895.21
134690,238587.83
38477,75060.69
58237,151647.1
133146,521843.19
114093,142139.17
12069,212096.23
124705,193922.04
13970,81078.09
20440,237139.8
31493,79746.25
2765,591886.69
145076,90086.83
5218,189000.0
80482,110336.5
118306,223193.22
20632,189846.36
34977,134777.69
43646,83632.37
3976,332238.64
20287,88719.98
32767,178585.98
77951,529156.91
122248,150990.68
113372,82248.66
74614,75912.92
37459,185931.63
136149,158026.89
123229,282824.72
76262,71610.05
121801,190976.7
2624,362358.99
14277,117000.0
40396,215547.57
3971,347444.28
65010,134891.16
117602,250529.09
60876,291044.05
127073,67175.66
28549,191522.17
70196,217881.06
113655,195280.89
74073,142288.79
137532,154013.79
68017,165121.56
70241,122720.84
2834,108217.97
58352,116308.93
82031,178151.85
404,592713.17
17478,152612.43
17217,261478.87
126920,64952.4
26608,191384.27
46498,145255.73
127630,134200.52
39688,129969.64
54354,141508.29
6402,162489.68
63964,257702.71
16475,419506.62
19289,290000.0
9620,127261.57
131917,116000.49
117712,190210.74
71017,83723.24
124501,95215.75
47566,160436.64
30125,118761.93
43692,195861.71
128510,293008.66
66132,87618.15
11551,30181.31
124048,95199.91
118099,171408.43
4012,88438.44
81771,189184.42
40859,152506.57
73862,154348.12
46637,336742.47
28920,118129.42
65321,123549.09
15989,139429.34
127786,287385.6
33801,84430.61
136262,80280.64
32613,166624.85
57720,144412.75
79790,39590.56
62599,171703.14
137855,359552.04
3190,419037.55
30760,179698.58
64933,140574.43
52613,143842.44
122784,118727.79
144855,185615.12
112858,141508.88
20320,84792.73
1508,647598.31
47177,119350.15
137774,108150.6
64998,307545.16
41474,163435.91
124632,177186.17
59278,108735.01
122060,604268.15
47191,214411.43
79378,258492.78
71747,141352.99
140382,90765.03
31887,74266.0
51588,165653.52
141113,179042.14
142802,85882.44
36678,220616.96
1296,117514.46
132275,136164.06
61714,155991.63
141954,223623.72
49601,219641.26
25782,74017.41
13358,104176.1
27323,153528.51
137094,76333.39
43871,180681.36
143488,199795.85
80969,110351.21
29418,190212.22
69160,114356.22
41117,170475.66
49636,266243.88
12952,511171.69
127215,129259.42
65291,105533.38
143860,129947.77
38948,174374.11
51125,212335.73
63552,193687.12
115956,61051.78
115219,86113.77
110665,48192.87
78650,147361.39
62730,95583.63
65357,122358.77
40560,127769.78
144233,261715.27
125749,182532.38
9376,280819.87
38118,337758.98
14374,138844.41
8135,226251.04
34850,183462.05
122692,101647.2
57512,106265.8
52977,242058.06
15888,210443.74
127540,135605.11
63317,157735.66
73488,326753.2
45179,123499.7
59044,154321.73
20052,105064.72
79108,151604.55
139889,167612.73
61935,108331.84
133696,238724.05
46614,194641.42
8273,109743.85
9364,111624.38
118954,158961.51
63848,349707.7
146794,115035.85
123848,188841.77
378,132079.93
116796,55462.55
3174,293967.61
127691,407441.4
52971,116953.96
44687,212355.79
22419,109745.58
81685,96165.39
7376,182691.24
142345,106189.63
41421,219712.12
136304,139458.64
66177,76304.49
59423,164587.16
73005,106125.66
145329,56000.0
10401,211805.85
17030,267303.17
19412,96496.55
43125,83359.05
122117,52300.82
146162,298941.33
64787,400418.1
76689,92336.29
137854,134259.41
76180,175768.96
62194,164965.33
131555,131484.75
38446,321579.72
9998,115251.38
46556,102000.0
40417,247320.57
5256,181641.91
113970,96823.31
80515,74108.35
7527,122340.24
132387,591873.33
8108,190390.76
65286,162680.16
67114,175288.57
41613,488338.66
136230,358150.17
75727,114907.5
32795,98136.85
143554,60353.93
130891,93607.73
76134,78333.33
42449,87037.83
54445,230000.0
10589,139233.06
145695,162735.2
41360,149237.08
113365,194904.71
62151,186281.04
24226,198262.76
38811,309583.25
68101,543751.7
82500,153556.48
18556,93687.34
122873,115928.6
118457,146916.91
39020,116064.47
125712,138433.16
136512,241265.66
69772,142980.39
128634,256965.15
139395,174425.55
141184,174656.76
65415,124219.26
140532,160015.98
141738,168440.31
142811,151303.96
68392,145220.78
12611,327691.5
30439,139343.51
6652,61969.24
63559,178262.79
133197,123253.81
128914,84655.49
145892,141927.93
14960,333469.49
4942,180865.29
30873,164352.91
29752,119502.01
3822,433034.62
27446,199035.05
121512,568207.43
53924,107796.14
67126,56665.95
10974,170842.88
128906,186211.57
57585,95441.8
65824,357627.3
19576,176132.37
65616,172876.94
14149,211744.59
22256,67423.83
51881,221884.27
78822,57500.0
64970,170888.35
34149,190548.82
128123,39561.7
27597,159577.93
68588,225522.85
22377,182772.92
116594,170301.75
64003,49972.44
332,102771.58
56011,59872.9
47302,107170.7
66409,243298.79
8801,205812.68
121515,189239.35
144628,149707.23
146462,108882.73
138118,101247.46
136744,128729.99
11867,57863.65
115374,385325.93
7840,106735.97
115064,110407.72
68986,372141.29
139095,162201.59
4280,204978.4
64316,153742.97
76067,328018.3
49,319922.12
81311,233655.01
57458,89575.25
129718,162710.67
14631,350000.0
132158,164667.27
41426,130218.93
71829,62992.43
52564,204658.01
123089,163562.31
52228,52824.33
121026,177669.62
57467,100043.53
73317,182775.05
17998,173006.9
62410,148808.7
119338,63027.76
61080,110000.0
57598,143217.43
42833,353625.57
83095,94376.85
74709,174318.76
131855,310333.84
20584,208716.17
11556,54947.1
50655,137802.21
19154,84355.94
111468,319657.26
130943,53350.94
68040,155000.0
37889,176318.69
41774,469803.9
132316,100198.74
74811,29728.57
23926,79419.72
135452,116961.57
73402,87662.54
79093,91340.3
24638,144402.11
48030,133952.36
42838,115163.08
111486,235337.68
65836,138791.88
19292,190241.46
44167,267673.7
65770,363265.22
131610,181307.84
53705,125131.71
142938,217213.9
53629,120960.51
38376,177710.45
144724,81522.54
111403,146174.15
50232,76852.39
77087,323005.4
13405,311787.05
12697,117580.35
127184,237123.36
123550,108250.35
69721,48781.26
77645,132999.3
15294,131169.16
25934,86132.47
113279,107937.18
144004,118352.14
19997,681060.13
53566,221323.73
110302,185360.89
146859,174818.45
67781,94166.67
5987,119713.35
16379,251614.53
117687,519126.53
133363,203950.57
133405,260765.71
75101,85084.56
31093,230282.54
48979,59396.24
44784,90295.0
137962,174085.37
81538,92163.38
115175,120055.01
111324,305005.98
45685,60222.13
1444,82226.99
31615,143582.38
36061,257433.32
43025,225546.47
128088,120000.0
113880,86831.42
48263,155982.79
54094,210000.0
118249,270169.86
110496,147968.39
11332,90821.61
48274,128739.84
141882,130833.45
20956,245497.89
18974,291671.39
20455,216653.0
125567,141918.67
13954,697015.85
20699,270084.71
36169,262516.81
27881,199484.0
31069,109248.08
137425,209531.49
46159,265547.56
281,179641.09
32609,104795.19
116208,98466.95
66185,493732.77
129698,190923.45
15450,204434.88
61473,156033.76
117571,137161.35
44056,209725.67
120937,215196.52
51296,365757.11
138755,123266.07
16359,219395.51
47436,245053.24
120480,74840.65
43365,206633.96
6117,90041.4
79803,339134.64
8764,267831.13
18853,136077.06
145705,538222.38
36699,107875.02
39271,182236.83
19072,95631.63
143748,184521.21
12785,128023.48
35352,163139.84
43471,130615.86
14594,83329.08
137356,144013.66
30796,387793.37
66348,198497.69
54598,75734.0
113803,197802.57
78855,296871.96
79582,142699.0
132143,126421.77
40913,197372.19
138615,138919.76
129907,141117.29
127216,191193.7
81998,239723.34
12973,266428.36
27795,96535.96
16759,178501.56
8220,170150.7
133280,419182.01
117986,64719.85
28454,94672.78
46192,141023.93
123539,238775.05
132261,214487.13
17738,203407.54
54968,251174.06
127276,272126.61
1324,184160.62
116844,136514.92
144993,479462.61
58147,192841.12
5773,117598.98
82146,108830.97
143164,96890.01
64420,114550.71
47517,101818.58
127396,243249.79
19397,108751.55
58371,635805.49
114396,139178.4
16516,104447.15
28596,313184.99
118122,273983.64
136920,263724.5
2572,165935.61
8081,199237.08
5328,423799.45
75043,101993.23
139264,56815.83
31432,441077.77
77238,113506.8
81886,183251.02
142335,129481.93
61633,166988.59
44891,106161.54
78945,180560.5
78183,148107.69
113235,421839.49
24601,181999.94
123607,109228.24
77937,202742.75
47858,243942.61
62768,305281.88
113958,485657.74
58579,184575.99
13830,161203.33
17408,154335.31
1806,116119.87
22984,272000.0
126190,498669.14
46077,111034.83
118458,41595.14
116370,60619.38
129713,175903.17
124911,167056.22
23253,233845.73
44214,88335.37
53516,118098.51
20696,98306.41
126688,84426.63
139328,337827.52
38059,218917.32
12475,63128.38
23205,163256.91
80477,68640.32
17011,111325.92
56259,424953.82
63596,389231.3
71030,132506.34
118174,124348.69
121591,276467.97
23099,82785.9
130612,225049.56
70957,217339.18
39673,265342.72
20509,233750.43
66571,240975.25
59291,138544.77
56159,303935.44
7335,247487.25
32883,112747.47
140237,47430.77
27244,216130.46
28277,83177.41
40112,74757.14
36659,298621.55
136373,96288.8
64999,154636.28
140207,120794.37
36109,245805.23
27251,82730.75
120007,59832.22
39794,415291.78
74783,127068.86
3185,410820.33
123661,158845.21
63180,378173.3
23363,72740.15
20010,244700.76
127218,191368.63
45537,187478.01
130487,92637.94
8265,118386.71
110539,85000.0
78734,158723.23
81082,107190.65
138404,142269.21
49483,771313.13
33885,79812.46
114479,233714.21
68579,196222.12
21730,162430.0
27867,118696.98
23398,229499.87
43071,141834.17
1852,75000.0
131937,145098.21
110841,213067.04
130842,164208.14
135948,209630.19
112472,244787.29
12673,252907.6
16833,271170.13
138290,232275.4
58280,112285.44
37470,196196.45
39566,64537.5
70043,112138.98
68565,82059.35
125782,463155.31
128698,144704.06
70320,147361.63
49285,167567.81
26678,243000.0
1018,93232.47
9444,280300.44
138100,232954.62
41651,170000.0
65124,195472.08
124,126094.16
83017,320866.47
16331,228666.59
38929,335100.41
140439,252809.47
55458,296884.5
67563,188734.5
16167,96898.83
120569,449841.78
27727,185834.13
54037,253819.14
83048,307642.37
7381,131604.98
45538,166087.6
139994,44497.28
26179,315590.77
38755,294310.88
137486,120255.08
140403,121765.51
71302,197128.6
25447,124938.48
75336,141017.14
128111,269320.21
146304,265657.14
65627,247633.61
80796,108834.54
73766,93104.26
63128,142043.24
37724,197475.98
63403,77881.99
113819,138135.33
133844,104227.82
894,76001.02
114766,77657.41
23366,178051.97
6067,278871.41
36053,118467.61
41290,133057.82
11083,169733.39
44175,152027.71
124474,111219.61
3642,149560.33
116551,115327.22
128694,218932.03
19671,94341.3
3857,207860.77
134465,184899.26
72671,120106.77
8698,168213.5
997,174574.84
72963,151611.76
21944,514277.84
41211,267221.09
10154,125647.51
144185,93050.42
17084,151950.1
57755,170788.94
60949,86092.09
146293,264051.11
19044,528576.88
62024,132098.29
56557,133544.93
7129,98184.04
121196,83522.9
74433,76036.19
81208,85108.39
119421,204246.23
6622,40593.79
20027,93879.6
140481,248411.76
26177,355934.36
53279,261365.4
11999,91710.73
146050,299886.1
124527,129419.75
16865,105617.86
37011,226954.2
77961,91138.26
135140,195110.08
43539,82821.59
25677,187659.45
72275,129291.29
42271,132851.67
130226,739139.9
2132,108000.0
141574,182245.77
132885,32509.61
38084,47347.92
44792,194696.1
64847,125850.38
125099,50150.17
55178,65240.99
126600,92344.61
23152,423124.31
31826,215930.74
123368,107227.97
145199,188648.96
18157,103300.51
292,136089.61
123141,70784.23
134992,136922.44
111891,149301.76
13165,115562.09
143142,61390.63
121316,227925.05
65395,227364.42
12872,155113.27
69133,196022.28
81035,206638.1
130351,213009.78
52973,161861.75
112059,71248.92
116983,232070.41
116249,199595.51
49099,128219.94
130272,237176.2
66520,87986.27
33660,196619.04
9627,288858.14
9797,416578.56
139773,151169.66
75450,218674.01
15491,94683.01
47656,255643.87
145854,58035.5
79714,87955.73
17294,206534.41
62834,305216.28
13079,126618.68
48254,122674.27
75630,48320.14
140869,216106.61
12598,163803.49
137542,150248.5
122765,135535.15
118970,331329.32
30018,142158.62
112169,93518.49
131371,49045.61
50371,75951.91
136320,165500.47
48323,64158.7
21340,112314.94
142724,67264.42
54578,312414.7
43047,236702.63
46431,136710.99
8638,136123.17
118878,201475.52
48866,190673.41
12496,417720.6
135177,130060.49
13800,113588.64
9815,361927.28
63858,126000.0
60636,51747.58
49538,208966.64
5990,105312.7
131507,141501.75
121558,93091.83
54027,86000.0
42509,89759.79
81738,117454.85
27324,222988.57
139215,119152.06
518,157715.32
20656,135751.25
60069,121651.56
2014,213136.16
60910,79137.96
16927,77527.01
48438,71318.64
140820,305101.46
131482,238231.09
74480,78665.93
78115,141350.41
15165,196898.04
53344,165554.17
51427,80138.16
35217,129970.83
137002,263317.53
15624,136241.84
65465,187518.72
77842,232069.39
16853,216169.35
115875,169874.75
120498,101844.86
113762,209172.48
146075,342648.84
56705,200275.3
21940,508205.72
110745,207102.55
140218,61643.28
130376,227000.0
45271,387803.71
72531,85606.87
14563,313280.41
44611,126713.36
74928,71213.26
59955,106676.71
142404,188900.7
130968,248250.6
74344,122861.14
63776,205000.0
52479,134531.47
29562,120142.91
79361,109871.38
81265,127495.86
119588,138384.42
16203,357755.68
62861,150717.6
64100,104744.66
36254,139908.03
2118,92004.09
21985,115235.71
16869,173643.37
60588,92850.28
139832,288187.95
72543,111701.55
58670,220166.72
49668,191742.62
8900,62838.48
48616,194684.07
35871,117937.74
141331,231066.89
125775,153001.66
19789,179174.1
34281,301838.25
114805,191394.38
26552,391387.43
32643,59989.63
82609,98284.43
35968,175038.37
145333,127320.05
48624,177093.94
134887,75932.44
118664,148440.43
15363,44849.45
110276,380385.13
20428,175648.24
9506,225119.86
24007,197528.75
142530,248058.43
51923,170499.24
48610,152041.86
113986,130685.13
35930,170044.91
111899,138002.9
127972,175516.74
24813,87276.93
80442,84316.48
5239,175761.72
119250,105220.56
64796,180815.71
66832,67941.41
113695,62975.29
80007,122886.61
83205,59339.99
139859,112289.09
24953,176467.62
48479,215997.3
17719,110000.0
64512,197920.36
126778,95062.68
131868,266062.23
13532,496933.94
117596,103764.25
51818,233821.81
116726,96360.85
54893,161084.9
72769,370348.86
137122,44215.74
73896,89944.85
6651,54448.23
19869,293100.24
547,203085.6
39196,126850.41
33529,106913.67
140315,433194.96
35895,124786.38
15158,188704.98
137788,281920.67
48406,87476.18
34648,161838.26
136287,145735.79
126718,200352.19
116190,308406.22
76215,248633.64
24180,92377.66
126195,230075.63
40784,425456.82
8006,76894.07
138917,222529.0
37481,332485.2
19097,119937.35
38442,320000.0
13836,74024.61
53634,117918.01
51262,88784.04
132698,254112.37
146727,77577.93
136980,419611.41
40562,184562.05
145842,105326.8
48068,266157.04
73623,125875.89
113037,359784.79
33971,230067.36
13854,194090.71
42030,235367.97
64381,128795.16
121910,194172.94
16675,75926.07
30340,153285.34
953,180315.5
34392,90000.0
16497,148228.38
2531,513002.77
49133,452525.4
4498,130000.0
43818,174764.54
66810,244965.02
71427,527178.07
45554,240000.0
42991,97288.88
58943,158355.57
64189,113500.0
73726,142573.71
40800,206063.37
32866,188035.69
54115,45804.19
43520,175000.0
138392,132158.74
32215,80189.65
7298,47751.63
389,94971.69
34902,149692.61
144968,181473.49
43113,107836.69
7833,132838.49
79880,165339.13
15555,174481.56
32920,291295.98
32167,127672.26
32034,160336.46
71370,78046.28
72014,58125.97
80806,201827.67
129848,103803.55
133521,473113.65
70205,181226.88
44012,262646.95
45690,75452.57
20736,52681.91
25802,168608.56
143010,342270.05
32017,152089.88
23954,209454.49
16708,78970.42
62823,94893.98
82314,327671.75
134221,225846.6
140508,172849.6
12662,462152.72
126809,189317.01
60560,287152.95
79591,265484.8
67952,195124.87
111375,80044.61
140654,293877.74
120033,247070.68
21074,90477.4
77999,226168.17
23795,388055.29
29472,65077.82
73992,106665.73
30095,218992.52
125306,89249.72
67337,320065.9
6128,172972.67
76066,60322.56
20246,99743.52
70252,281773.51
68783,109846.98
136760,60529.73
32986,45870.64
7845,289146.16
29823,72411.38
145190,344058.5
27,197336.65
28993,160150.86
119814,187816.07
145568,174471.16
56376,349842.49
77851,166330.19
134078,159875.58
136322,103245.3
133889,86639.39
25409,200739.54
135801,152991.28
43858,217425.63
125766,78925.37
44225,348139.24
25130,160279.49
120863,176833.73
57463,137399.13
18831,168478.17
46985,143455.06
137500,76944.94
146329,405441.85
61098,77121.71
62190,173460.73
114506,294823.76
112387,115949.67
35254,339528.97
38901,169517.54
56060,168208.47
15872,343731.45
19658,122028.7
18940,344150.38
6268,129511.17
118330,107194.17
139797,203994.82
35390,141557.48
137527,194854.63
39233,111062.91
16787,110067.23
82231,84550.92
136924,222397.7
115221,255412.66
138053,157325.39
53665,227095.1
36229,131743.95
42576,193216.78
142272,239691.63
60467,134222.13
27903,209891.54
43832,493122.14
81342,111552.75
142453,397110.79
144538,144731.28
79930,217815.4
140976,339657.72
77986,183910.46
27136,120176.27
58045,79677.06
78444,152751.94
21725,133151.46
21068,75567.25
60370,138867.16
50605,464536.88
136256,127420.31
115439,101066.16
16272,192725.84
75434,417328.17
130074,121701.58
60483,472372.04
17529,297893.69
67795,147757.18
7370,166161.9
139477,133217.19
77157,217791.0
121727,161647.95
37324,225812.51
11609,72856.11
60431,218879.39
33721,104415.89
130824,87287.38
2940,339612.97
63907,166594.76
130281,102930.19
64007,121500.78
48743,197670.21
67472,161298.83
34291,63528.64
113244,98463.49
74176,125906.23
126309,265699.16
23644,121379.49
21129,249306.29
119188,197447.73
66588,145746.61
70393,216193.11
56096,426261.76
144343,150200.43
43293,642462.33
20682,161282.09
136084,106787.06
81917,240819.07
66351,184876.12
132047,89051.89
6879,64828.84
17946,154467.53
138931,105075.85
117043,228009.63
145303,96973.15
110604,238839.47
78516,127127.9
146312,558374.64
47537,79852.7
12209,94859.25
124862,346723.63
53483,279285.03
55800,504221.09
118227,335102.5
146286,241300.07
22103,273211.4
117856,217065.05
61203,173658.88
64790,356349.25
25103,141379.7
20729,467768.14
45085,257737.56
124059,171054.6
28306,368300.06
29861,99587.11
45447,207174.18
57053,101328.38
110576,145620.13
145728,122532.7
137778,184668.54
23334,97986.17
35567,131626.64
65907,141439.75
19033,114002.8
114860,230093.18
136012,234231.64
128944,190147.95
61458,70033.69
29894,348045.65
41473,264383.09
125991,157375.25
41504,263906.37
16443,178385.7
125689,137016.15
41276,241002.64
69861,226484.59
23988,296708.87
8447,334323.71
50031,97961.51
26336,261865.99
145148,351133.45
24854,205738.01
51179,327649.46
135172,60652.56
125110,298628.87
114422,162579.0
34547,176387.31
116851,139760.97
66398,147483.99
18168,171587.33
24567,130113.13
28551,163377.28
69273,173127.09
27457,199993.47
12943,300122.84
44483,98252.65
57732,102914.75
27129,167533.86
66813,234207.11
124900,88610.15
120226,268405.44
751,457773.27
40960,162439.87
55633,232894.59
79349,120974.18
30211,133349.18
81885,77953.96
59758,93646.78
55829,106619.5
55082,365531.34
8371,123848.73
45835,320690.01
71885,117191.01
56796,200246.38
139122,114152.91
141376,180558.91
145867,284340.97
119228,178027.43
68941,128006.13
21110,104211.36
133861,101322.24
36198,187910.32
140957,142202.01
24078,182136.22
119121,225432.26
21777,148265.82
114542,190293.98
8671,99610.34
131732,40488.84
139972,108333.32
76227,164689.88
62440,138453.34
35698,230586.35
146705,650000.0
8105,400125.95
79402,215424.37
53397,131770.65
1683,238562.61
57564,129752.76
137389,175865.36
122622,119046.54
27066,188097.61
1887,56525.79
140297,130129.2
6715,145994.55
46208,266000.0
10726,215678.15
70481,311501.14
123727,98450.68
120122,88744.6
73736,187779.02
74772,294383.83
44427,143467.28
54065,76877.66
142592,122752.93
13822,334139.03
34597,101465.32
26446,108999.33
677,137484.17
67108,83981.89
30802,165000.0
19948,217954.95
57903,77533.54
144761,125620.97
29613,179558.07
70500,139066.32
57279,156762.4
34265,79139.02
139105,276445.41
57055,123928.19
111858,227161.89
137441,80581.66
23919,118041.94
275,165324.47
25186,81723.66
18201,222004.43
115122,61960.55
56604,192056.01
66740,166852.63
57484,148734.98
67080,670684.51
129378,147135.15
9757,173871.04
44606,102288.73
42989,47714.43
15298,151088.61
18790,140668.09
32780,135031.97
70207,132047.65
45045,86916.3
71466,48754.81
78667,45736.47
146133,64494.42
143646,272890.91
25180,135027.54
49256,97949.0
44209,126198.42
130311,281679.67
27547,79236.23
15702,46614.28
134672,175719.06
16024,204030.36
22392,158328.56
3459,387268.03
120841,112430.33
19063,217805.86
44496,104105.59
139292,121899.29
129405,93088.24
62304,171186.26
110939,43111.43
12878,210640.75
44317,127306.3
111031,244805.12
129892,121887.69
18144,141517.22
115636,113721.41
10403,290187.58
55590,443238.51
8607,76801.55
35420,102765.76
39459,107784.39
143669,146655.01
136607,82918.38
112484,99821.1
121509,491648.12
139969,144050.77
15176,106157.79
82854,37623.06
3960,124063.46
128329,210422.14
22442,100540.81
36933,233797.73
12183,116108.22
138759,110164.92
33711,116652.97
299,120257.3
142834,274731.35
19175,47172.46
19068,157500.9
146657,284558.78
139041,155759.15
36222,237047.72
57886,184203.12
113423,196400.21
12225,289790.79
140759,97557.98
66546,116000.0
48597,230424.58
49503,80736.5
138598,80994.41
63827,210235.01
80094,382222.4
137292,247219.77
22832,111395.56
130314,106815.95
76316,110236.89
68271,142097.55
145530,130879.0
70787,170362.86
81874,138873.57
54296,128172.25
140782,110838.76
16659,361632.4
126293,259860.14
16535,209227.35
20567,134999.69
51251,98561.49
63958,191176.82
136134,108430.08
122294,93601.42
72081,85118.79
47480,281501.3
110711,683224.37
116481,136346.47
73751,331814.83
8326,80793.1
128413,317851.75
5073,298019.1
139713,305794.52
4674,150654.92
13762,250765.22
135099,87517.05
132001,122105.04
9109,142318.25
73228,135541.97
138802,202942.91
78010,194986.07
40916,154312.9
65301,78690.86
33526,137331.9
120208,113737.48
112506,73450.31
35883,94094.55
9283,135421.7
32014,189015.5
17398,164036.38
142209,295828.14
141862,249305.69
130906,106731.68
2244,286361.79
131167,202071.65
143042,128621.77
18554,78673.49
13349,177000.0
7242,132059.14
72513,207012.67
46214,224788.01
20202,289588.61
32881,208182.92
5047,231909.03
120711,129466.11
57901,171244.78
136572,552663.09
132847,81575.79
116153,202976.02
33628,112433.2
3437,320181.13
119102,54035.28
41022,159930.66
59984,85446.68
64697,45387.08
38613,152814.74
30795,482871.69
67464,243261.58
52083,161472.1
45287,92264.64
69585,81476.42
34451,158725.01
113184,269579.06
49029,273670.85
74660,291167.33
35473,95584.63
64259,180423.11
41369,402142.35
30136,220242.02
124576,38088.66
57064,83919.76
20260,418294.98
76921,128922.32
36776,298245.26
62917,89318.92
71826,277815.0
48925,64865.68
5917,116712.13
44365,92675.65
137468,188309.67
134182,141710.59
114456,124837.21
63347,97907.62
47050,40886.14
134878,203149.37
11478,74351.54
58179,110214.83
71692,194364.09
80345,50129.97
14050,150931.92
56848,245778.32
137992,67149.09
132842,175497.87
8304,113502.7
114834,105086.37
35002,270127.56
65819,322500.49
116583,146562.38
14241,186507.91
115807,314616.39
30949,59464.03
110988,116794.98
35594,259382.08
123315,154917.47
127148,116711.06
50356,231192.54
48302,84750.43
18215,85053.34
116667,140788.36
112688,584345.79
67510,117364.88
51321,344449.48
143553,51571.22
44820,93956.61
138140,221941.41
133776,106272.69
139852,307490.18
133065,164000.0
23873,165646.85
145407,111781.71
129852,109075.6
122133,172562.95
3120,639298.3
38554,298130.28
2173,406090.4
145628,133523.97
121813,201275.91
4524,92604.64
32420,102986.56
121516,55937.45
137284,232271.4
54874,143702.77
75124,79656.76
16489,142933.74
13506,132642.28
6424,271258.06
75782,146817.29
73482,300738.39
27548,157468.26
33066,192863.97
124170,104000.0
46584,267574.29
137524,158803.04
111221,61371.87
48573,133030.99
2644,363937.67
126883,80898.39
66785,85401.12
20471,156774.66
130097,134461.71
82363,109522.97
45535,188345.98
41910,184077.32
76850,44813.86
14225,120852.66
65769,419345.99
19972,173506.8
124223,33818.61
64074,144281.54
126067,300483.4
133998,110959.38
144915,240820.19
68768,136148.2
54124,184944.59
66729,107816.99
146806,358024.85
39130,157169.18
36228,66519.75
112905,230951.49
22826,531963.37
73761,102840.82
29226,82512.51
127088,49101.34
130289,166002.97
146342,93450.21
82049,228118.8
113646,158995.87
125345,194188.42
129731,146978.96
8202,115474.69
114280,98671.03
13712,259022.26
17992,176774.08
16083,195117.84
28424,356963.43
138889,232714.45
35956,180943.5
131459,108413.16
133042,360770.86
132358,71747.24
79022,56414.98
9103,245796.65
50822,557405.06
144524,175525.96
23275,96718.58
55424,206288.86
35402,131144.39
123489,154000.0
114679,133914.94
136635,115224.83
3146,161671.8
714,150002.95
11969,42149.4
130637,153477.49
68395,74217.84
1225,240682.4
623,189737.22
68489,327326.03
62246,278788.38
12801,72774.08
119241,59859.65
22548,202386.85
140535,183668.55
43145,250019.29
79511,140414.05
123134,170125.42
74371,249405.29
66969,164813.12
21226,344204.69
57469,156303.36
144848,168668.82
82011,100157.74
44174,116342.83
7424,551090.78
132858,87548.01
42773,82893.34
37557,333500.56
74048,306796.59
122710,234038.9
12694,88260.78
51095,344454.09
74149,215316.85
135453,138606.58
74291,161632.26
11293,98000.0
122143,309319.93
78139,146688.07
68731,70285.77
22841,204010.24
31512,169200.0
29719,615998.7
136808,84906.56
48781,238632.12
37806,331243.81
67050,417199.77
142735,114108.14
79557,136488.4
45303,366183.26
131919,80015.54
20624,183932.36
72598,551261.0
4910,231901.0
139906,209841.47
143831,153641.33
63547,85578.21
78561,294106.32
34628,116251.95
34719,176280.28
51610,328175.04
42371,238903.69
132760,228098.57
129453,154687.66
18211,92312.56
116038,92710.41
23370,68664.97
5527,111492.7
67628,84050.1
11053,276614.43
144305,167219.73
115287,380720.03
50089,68074.16
80240,65209.68
503,212285.69
13355,238703.52
25098,225670.71
121314,88265.08
67229,90454.9
125172,87115.91
5883,118085.25
112207,330236.28
120408,60008.32
20835,119335.72
5117,128664.57
23135,278735.38
122642,201801.25
28803,124244.88
115180,255344.56
143613,87582.92
142254,185255.86
144604,108159.64
46178,126940.37
16239,57416.51
34423,98967.81
143136,378788.46
125113,102686.29
42321,118189.97
128642,334605.74
49484,474513.7
64229,105109.14
53534,509172.97
111477,48776.24
62453,74260.49
131457,112786.54
142821,234344.52
38277,489195.18
54428,103234.88
122606,147933.68
48582,108648.48
18260,65507.55
44854,137995.93
122728,219875.62
51319,186958.78
133391,166953.87
61774,324472.56
133600,171299.58
43981,241033.13
53644,139477.07
123391,124429.0
21061,85407.78
76122,313474.84
132577,136134.44
125659,47397.01
32157,230043.83
60205,130640.42
736,101860.58
33925,109518.09
73323,165478.25
69701,143749.77
10266,93169.63
55176,374579.67
21854,122038.28
124906,129397.85
7841,81783.52
38418,131371.15
139011,243285.09
62397,85061.68
146003,82905.22
126915,108575.12
111763,40969.35
59105,142091.03
73244,476218.97
82199,230759.3
55302,285451.61
74792,269316.26
111817,281701.17
83082,332034.26
3191,77786.97
22281,34839.82
15541,703982.84
136344,121434.85
47460,194751.41
130244,113189.54
31746,108935.72
51654,190664.49
16512,123244.36
130146,92600.37
125018,194191.91
147022,286748.33
26180,151616.4
70172,81209.46
56453,95991.8
44206,208385.93
8499,111539.58
115891,142577.76
132875,247655.22
52568,97784.89
82350,388562.46
14027,80305.51
64624,144336.66
143516,221714.35
65587,144920.25
127036,112160.06
137870,126679.33
114149,417862.21
5429,84536.73
69886,56538.13
77557,129174.15
141108,134827.38
116251,177186.8
39211,191808.65
123631,67086.09
30326,186355.39
51876,137079.33
144647,82514.25
119087,87297.45
28393,285908.39
140122,113313.02
6369,70310.16
42053,118434.79
29537,117610.72
34634,175864.75
71586,110466.56
135856,200893.88
63344,280026.64
31903,128920.98
37056,174350.89
132594,51000.0
144742,49195.43
56816,90390.0
13486,129394.36
75439,88598.48
70535,189379.25
134646,155996.66
82668,98255.36
62157,234147.39
60578,119065.63
37620,183884.95
9443,170932.22
121461,334520.82
11254,254686.19
122713,72270.43
124699,65390.04
110250,688107.84
70809,192759.44
113293,94613.86
61451,90166.64
134641,72372.2
40861,190543.1
127536,146988.52
17134,171516.72
49983,279380.13
22406,148982.19
77153,163243.04
23104,121343.5
133632,394771.25
60968,302919.82
19076,213909.01
116238,247545.86
37388,230000.0
75589,122517.97
59028,115489.59
56859,227164.89
139048,142862.81
125684,297871.3
136499,480597.61
3482,91578.58
111593,175266.95
14154,115274.84
126794,144104.91
138003,238353.24
128553,183041.41
73270,270351.47
142916,176952.5
7339,140941.24
27768,75198.51
6438,133136.06
32137,128947.19
145639,226955.44
42718,162111.72
81796,217816.7
43700,112292.3
20590,125837.84
64177,136321.61
78268,120724.09
64800,139288.85
76235,115299.39
123536,72548.72
142392,186064.1
78280,61897.36
66864,153528.3
24571,186940.23
46166,212822.14
126970,118810.05
27619,79645.18
82029,153880.94
59834,85144.01
140424,91158.97
141751,127447.54
52863,332092.93
17777,73730.89
130478,252381.94
129015,416357.1
75057,98451.79
7109,458093.98
25636,114420.2
34003,72771.41
49462,104485.53
120793,106505.35
65767,114730.01
60918,63608.0
52675,192779.97
44942,145391.56
49642,248534.3
137077,225090.87
80746,138921.73
55818,187421.05
67398,79232.92
26698,198926.21
52478,243816.42
10339,125218.76
13746,325076.05
43374,83737.97
111358,180149.99
130555,118443.12
27814,115149.79
142311,120378.5
62155,100000.0
31490,80640.41
28627,148163.33
15503,87979.45
53624,155784.63
145604,97367.08
61213,46636.39
18041,430998.08
121857,160990.77
23989,258293.63
1208,113301.52
80373,148964.91
1550,113518.13
39416,184904.35
7552,162680.29
36237,227648.79
45057,124000.0
56803,86305.3
52813,267468.34
134384,93634.23
20159,96474.38
138955,131856.77
119149,366754.92
10296,224288.79
6108,110327.6
77260,220388.36
76248,83973.45
7360,187824.5
57229,142022.93
69007,163250.66
34050,478659.63
37185,84552.11
56862,292313.68
55374,114958.82
44504,133000.0
138251,196923.17
6381,282290.61
49587,105979.05
37693,412900.8
48566,116679.6
17560,376752.07
146307,144349.23
18896,218348.19
145058,151648.34
11086,305410.77
76617,146361.3
146985,155707.39
133204,208807.63
146747,136842.56
135058,91127.71
80251,105235.9
113105,152290.35
77428,81059.32
121781,448869.02
43597,128773.1
54573,461545.37
16566,272639.4
118225,87816.13
139846,66783.84
70566,258186.42
10927,151999.65
128250,76144.69
135086,220832.69
117808,129252.13
114384,138733.06
122906,184280.41
28214,97838.53
19591,91181.02
3621,140965.59
56972,145649.28
49087,80791.46
80677,60122.47
28775,147983.85
19991,247531.13
26597,81997.09
75190,161185.02
117152,184078.88
1847,582863.22
121886,190000.0
142853,91145.99
66973,183704.71
12146,86656.3
114409,87828.02
10782,80103.88
11949,46284.92
6833,108507.92
66907,174984.81
40102,259829.02
120572,539082.54
122347,149743.89
72493,134266.69
133116,87754.16
112971,372296.46
74668,314130.71
82820,382230.54
29100,142600.87
6516,57459.16
83102,62261.97
65246,82506.1
75395,190158.43
71690,131411.72
144221,179998.7
6948,103578.18
129096,150199.17
16349,342113.13
16963,91030.74
141513,61902.85
134170,137837.59
16441,251338.72
15043,108305.37
75453,188725.9
4270,257206.07
17849,119379.15
40965,222413.74
113783,94362.33
136111,210160.42
54318,104000.0
37506,108588.75
19473,221470.93
138606,124941.67
40192,70660.35
81069,188560.64
144972,82713.17
113110,157226.86
65693,82161.7
25635,111591.48
138633,154000.0
137838,95206.69
4212,332426.77
144971,249204.72
142328,87786.94
80721,285811.59
132905,113495.2
110750,157589.3
119669,448916.18
69347,157535.34
118360,161073.62
110838,108259.46
51162,240533.12
24263,258590.96
146791,99730.77
28844,137181.06
72966,336349.85
40075,159474.78
77053,240171.34
38625,149790.02
49384,294187.63
19730,98877.69
164,169491.11
18462,117098.89
45839,58598.12
36938,100671.47
75443,106118.4
53145,240270.81
111757,108554.23
47625,132869.05
2745,450286.9
132900,110993.54
36050,270412.92
113739,220513.29
69912,64052.85
2553,295000.0
11596,33184.7
82928,177435.93
144756,232694.23
24619,73758.11
78959,178457.7
118448,163350.67
119067,122330.12
22971,130451.08
111612,218626.92
83196,110842.96
82063,93828.26
114875,340933.81
46623,202162.05
10601,338011.54
27335,220662.9
140841,158506.06
43053,100437.37
14721,181369.34
133960,168803.02
125600,33357.61
33750,51806.28
43038,144823.81
129918,184895.48
77017,304777.86
47183,127050.44
139428,90352.2
11373,68910.67
57199,165630.69
133778,172949.06
34767,81198.39
146555,109644.38
6070,278477.31
75705,174133.58
140792,128879.04
34150,216074.44
75128,288452.69
18865,181317.47
11091,176504.05
145005,53308.43
60729,173026.79
132538,110396.39
51227,221627.48
117124,125149.65
46500,104499.15
49291,249553.45
72539,68889.77
7698,96041.04
138367,87141.39
6150,160372.43
136639,152576.16
42862,74415.96
62573,135551.68
54919,120889.99
24188,103508.07
115608,133661.26
140111,202555.42
55204,155346.56
53396,78512.35
15597,117959.05
63236,101549.02
45755,31205.33
136566,234279.29
35625,125439.23
24663,216126.86
139623,85660.52
60815,293953.71
15239,121045.08
116650,108309.65
123792,114240.53
123782,138450.57
56170,95093.21
145290,197366.18
136971,139157.67
38570,155616.49
9228,83031.32
14085,385393.66
18701,107555.28
4066,377261.89
115850,105212.58
38912,166770.24
123834,119392.85
54931,79361.53
125840,99039.73
129506,119084.64
40980,244711.57
128459,420302.88
135790,42394.19
65954,214502.75
32590,100105.39
82417,236155.78
121937,155474.16
74310,122225.0
5037,214935.0
3918,73799.09
64503,89615.39
39474,323586.68
12321,314183.39
124144,89679.41
83,83389.16
42880,188615.36
50471,87025.05
43653,172947.3
38969,182956.87
81990,456419.53
43433,106105.22
61659,137000.26
70333,171913.01
50517,101267.13
123278,122486.71
18715,280983.47
57815,43122.25
74175,97104.39
38517,447456.48
140303,134683.99
117346,119106.29
50071,357705.85
35520,347003.85
1644,245462.67
61424,328413.26
80739,188230.63
38412,128742.55
10908,181499.43
115578,106142.46
10129,181698.18
43214,331722.45
70697,151857.3
69843,85173.96
18611,156698.39
137846,414413.93
32329,79427.72
45576,223465.43
115962,240332.06
79310,364684.12
1247,320332.63
127344,160415.12
32125,178943.97
53352,137629.36
40520,85692.66
18165,161837.27
129397,147491.21
64518,230175.0
59951,90849.62
1030,158029.52
39582,353786.96
113267,235852.36
52063,276702.5
33285,141180.39
59963,118512.88
133774,265980.75
54571,101998.59
19930,160632.98
16171,287922.45
83142,126890.91
43841,139935.99
16027,122797.54
131814,349150.36
138715,99727.03
146681,302383.01
52306,96501.67
63307,149460.02
124288,139180.84
8269,97661.58
39974,200916.02
117004,522684.38
139620,114547.41
22891,141109.1
34923,115513.27
27706,150719.98
71860,120463.08
62261,83165.57
53589,305093.44
124249,249755.72
132870,151330.62
127455,86265.61
142081,191801.78
70211,334300.08
130410,92825.62
130534,100192.84
30831,175415.21
29900,400540.47
65998,99757.33
146784,72493.24
26388,206609.2
140179,158835.96
116620,277728.28
141524,108834.27
114729,164412.74
77517,190581.97
38992,157052.42
79463,48870.08
11148,180247.4
125078,43406.98
44362,84162.98
44466,71438.72
34622,199878.77
20185,92584.26
50681,397780.8
57749,250494.16
16779,70180.94
134854,88122.22
40923,285792.44
81497,190165.27
140634,129619.19
46286,139159.9
118313,178980.86
121375,110746.69
17704,88940.63
50884,140910.67
9517,80880.86
127929,85917.11
145927,187082.4
68581,66858.74
132137,168091.85
75835,71920.98
112297,47827.61
65566,96338.62
115712,156850.29
79741,47372.45
60571,177744.53
40018,149114.84
143901,66413.69
125594,190319.84
8913,286373.92
2980,217691.01
58598,321631.26
71731,138907.62
69761,66504.09
121678,52555.44
34951,137285.44
63789,63051.79
11817,80913.44
64953,177356.52
110855,146077.74
133667,95945.26
51742,101148.86
73928,58518.72
79273,220276.21
146053,165781.52
9157,117486.13
22909,133758.06
33364,202388.36
43010,103154.27
46535,259155.05
110383,400321.62
35136,121390.04
76410,57965.97
33723,122094.23
142297,129697.06
37638,107772.5
141601,231754.56
4131,149764.39
36900,185413.99
25638,155995.52
46114,110447.48
38700,126246.42
143414,132751.14
16948,180654.15
75465,256553.57
42535,240140.13
16825,252394.09
126172,347535.97
33480,145391.56
20136,491480.65
30835,155684.37
50504,72494.49
41984,82741.92
137984,147315.35
4572,112591.87
71008,505128.12
127659,75458.09
146723,260045.76
130772,68860.05
17511,165088.34
129261,148960.83
111921,121492.1
8065,93007.52
114781,132890.71
131333,105026.61
140321,263206.77
77536,76375.2
136737,119088.35
15024,193685.46
44877,175482.26
51278,70996.86
17959,104320.35
116132,148188.17
79193,53935.13
53040,118754.92
138402,78243.56
21991,673682.73
131537,99416.76
138320,248901.51
20279,88421.94
62134,270658.08
32586,334615.06
81968,61806.95
135850,143950.9
113675,106868.07
59049,128527.86
116645,98239.24
118995,306852.86
121806,138942.3
125831,213484.87
11500,62078.02
40757,82300.79
1538,133340.43
68265,51942.86
25793,72414.24
41871,272478.96
6769,92690.27
40164,174687.23
34560,104963.2
115012,222418.83
52344,124725.55
75838,51166.67
53996,78791.62
53354,147185.34
135390,123464.8
141455,201119.88
146907,146251.78
21215,269315.68
108,235425.65
41976,136790.52
116996,122086.09
81079,131980.1
111600,100718.55
21827,97644.64
62866,225551.27
16471,82124.17
118444,177241.02
41607,265175.18
41167,59008.65
146011,232614.63
51687,117833.34
52284,136136.14
39595,356410.96
18970,565704.22
24056,41809.75
20346,161340.91
117700,178666.15
136107,130175.12
14230,128419.67
118861,115393.25
4288,150940.6
51218,257695.37
126909,147933.14
56792,298583.41
16503,121919.12
117286,111319.62
126917,118040.99
130192,176592.81
49454,464085.56
138849,263599.35
70144,220111.95
17367,100931.78
23608,46503.27
39157,93678.99
72710,513093.0
120085,206401.0
9717,238871.0
59128,421381.0
134914,132122.3
125957,100727.8
74940,257693.02
6924,391001.41
40314,96317.06
12096,134110.38
38182,194072.53
52976,112025.47
12915,254575.68
28228,317277.28
18137,218041.36
79501,99903.92
63844,298572.83
35177,206135.47
10654,140766.57
10191,115216.64
128061,187542.07
146439,79682.05
117679,328421.9
123090,275000.0
57566,155186.25
123555,83888.52
57189,247612.13
2324,107222.65
25901,109839.97
16973,341707.31
67470,120702.93
73653,48589.33
699,90557.13
75600,142575.53
69668,234604.7
55964,78743.02
114189,152219.95
136871,114517.06
53120,231309.71
24296,240640.28
80759,122779.4
50891,144814.18
12751,180604.25
60133,196268.22
13183,153701.21
11650,222454.25
72043,144368.27
20583,238851.52
56335,215934.69
122841,96132.2
27144,100111.16
15598,112535.98
55770,138750.04
75266,140297.29
21823,218359.63
47843,274462.65
61798,131792.74
26516,134309.51
4395,115025.27
28355,300239.97
50871,176464.12
125934,110368.78
60360,140271.94
141799,651435.67
18512,151480.36
19279,196239.24
82039,67361.59
61527,94485.59
139038,182617.31
6019,269822.51
66400,302986.46
141774,84427.64
49449,134936.91
18738,144102.15
121281,94444.04
35374,174744.05
20951,185518.96
18107,92233.68
39657,123128.97
63862,150393.86
35821,150439.66
12199,221188.73
125862,137029.4
50572,104491.2
52692,114554.55
26904,306753.19
41636,217755.6
59501,331003.28
136990,152714.18
61732,124697.41
10104,414415.51
134440,144578.2
1967,109883.37
4673,91972.69
110483,139767.03
130173,104216.97
49332,242085.9
59181,167799.51
34103,160362.65
39706,191426.15
58644,332826.47
56350,152526.96
56575,100194.57
36089,177348.88
53733,230000.0
29463,180512.46
77909,253267.26
3687,140947.17
39373,97279.74
110728,83981.31
83008,187120.69
114146,259464.57
136205,130969.61
74557,194466.74
124441,122733.86
38632,582393.35
138797,171262.96
132827,317333.45
51000,174212.77
10151,203651.34
140176,324736.66
74726,83958.02
77718,369343.07
1407,223677.33
40843,76758.51
47389,116704.18
134374,46203.42
60344,110238.79
45741,64402.66
80344,59114.39
46384,125029.5
28657,113446.33
126070,84772.41
129511,246506.01
34112,193321.81
3932,168203.83
59900,136999.71
21054,379307.04
52305,318403.53
139555,267794.44
8691,173822.02
8529,256078.23
47147,88545.35
144682,196028.03
139272,97659.97
51556,148064.86
48065,282634.53
47034,104882.82
138872,119514.04
45682,255741.0
145630,143792.48
48162,186600.2
39978,124802.02
147060,164250.67
118552,178772.0
138323,102883.48
5085,104278.41
46800,164119.04
126068,96184.55
51112,526515.98
65641,79189.89
43907,457963.17
66556,98757.83
31916,153059.33
62045,134575.08
119736,296259.89
12752,162422.22
128460,217442.97
67075,233133.93
41517,121713.54
55484,50904.65
143190,111204.46
30059,89050.73
17282,401777.19
21938,239027.63
133279,168113.13
76872,63795.1
117505,138781.83
137751,100341.48
45052,247128.03
48301,211181.15
76091,304574.07
30812,425387.35
127280,168377.18
119075,74145.06
125841,326987.37
24755,111305.89
133538,82551.61
124120,141261.07
40925,142723.28
2,123232.5
29689,342873.31
13388,148180.96
114391,104598.85
129976,141283.52
129865,74819.02
119479,117201.04
112295,111898.93
14890,306493.03
26657,179171.33
146416,202232.97
81225,211726.24
75536,319263.53
9257,508313.66
143858,204241.77
70632,70662.92
34408,156941.07
143294,248505.36
32151,237653.27
116522,108660.64
14910,102588.1
145543,238759.39
67553,106993.14
112444,289585.12
77287,123793.09
116149,174585.58
38251,245696.02
32419,82086.91
140353,80968.11
71046,211974.14
59062,158099.17
127272,312768.27
73982,330690.29
126553,126021.67
70709,241736.92
24612,270428.32
42834,53747.53
115432,97307.35
13765,272833.19
18370,105000.42
140861,246002.48
123856,112765.95
48176,233849.49
47752,489366.86
20930,134658.32
39054,86013.82
144045,206310.19
16657,116050.97
70800,316449.72
122727,204163.55
78110,224923.11
73052,271106.8
36821,155007.42
76294,130999.33
61448,359346.59
59793,173875.97
14016,133686.9
124873,194747.95
76621,138471.83
146955,157202.77
59235,72079.18
137134,85000.0
29373,359124.59
17225,102760.83
68002,112312.97
43690,319966.96
130020,176874.95
67311,191291.46
62831,172106.33
37092,87602.7
117895,77329.08
16480,125031.34
60225,123681.8
267,332640.22
56107,135619.94
14070,150846.54
122757,231669.23
27301,131145.92
9850,101964.25
62075,203333.87
10617,142614.01
24941,115846.08
77154,151385.85
53952,291721.96
121898,198533.13
117342,112982.65
76496,344516.67
118113,244431.63
62528,236883.33
129870,263070.23
3798,165223.57
74129,131877.17
52133,251972.09
35338,375563.7
59281,175797.26
21864,80949.11
117565,118891.25
7934,187301.11
146034,67324.8
117579,294570.81
134292,180190.18
127217,177391.19
31438,101578.97
123359,591946.4
143876,141256.65
143172,308534.34
81823,91266.46
129303,260462.46
51963,161694.98
13753,160439.03
132638,206112.78
145664,87869.65
30530,133225.48
4350,197464.97
2215,112682.16
19167,153332.52
1705,98210.24
4303,698513.47
74507,469335.98
21240,97216.06
49286,281479.17
34960,88763.42
144621,543262.69
46022,144230.55
68718,202640.22
17272,333013.49
68770,98341.4
21575,117403.47
126353,131070.28
117053,174601.11
37934,174906.91
58256,179909.24
39086,109862.51
122114,180709.01
52601,182726.16
78808,273408.72
5818,38164.52
35939,305826.98
39532,169484.11
27267,92426.46
32451,152800.39
145395,270726.38
113388,209338.34
36614,115407.56
37749,129960.34
134053,57800.64
73677,190406.27
76324,107962.31
115644,110778.87
37261,350018.52
67897,63853.71
33951,266091.19
41885,123693.9
72727,319817.74
141316,256458.72
31486,159459.98
81491,64995.54
65891,357372.21
41628,242860.89
110588,61202.03
47416,143884.93
26138,171463.21
4713,162988.52
26700,350000.0
18599,50646.32
131335,102046.63
116648,364179.31
24981,119023.55
777,115687.55
867,148596.36
67461,163138.34
3228,452024.6
134220,88577.86
61757,285000.0
48445,57000.0
74160,169673.99
129356,165825.72
147184,143710.32
54382,691048.75
2333,280912.2
38763,518408.85
5433,163678.25
66473,175240.61
8822,120302.19
73363,166750.0
112254,169777.17
42172,111082.17
27741,270108.87
147094,134494.97
117569,150507.62
34175,102778.06
6575,246022.83
132034,167729.56
142394,163984.34
48325,143521.57
112713,161023.11
15057,70627.95
124808,140168.56
122162,123095.9
40694,295005.61
69018,154458.87
59857,91370.88
76442,271664.53
115604,199423.34
57238,217847.42
63975,263824.54
28980,220891.29
12795,247810.03
115862,82473.61
11041,242688.02
36286,76935.61
22641,161494.42
128822,273275.03
33321,101538.8
51217,140216.88
55032,241778.46
119281,116055.17
42630,320994.0
119024,64839.59
42540,355154.6
1514,126210.35
19754,274707.26
4789,199115.07
116459,262564.63
130477,244434.08
59754,169068.75
10595,115471.92
114708,101087.7
128379,159872.24
75776,162731.14
22410,120764.67
9412,223252.0
144684,244094.2
120180,263463.5
45386,168700.55
115136,106264.22
35396,211293.27
42707,65000.0
143805,107872.92
5055,108619.64
112313,87173.37
18601,97642.33
27708,65172.86
33083,151154.99
133390,478328.02
76590,211180.09
139985,82179.42
57227,116084.04
33702,78748.0
141346,114705.99
65794,61790.5
29999,122302.51
53808,372306.33
3094,280446.69
69174,156676.66
59577,261048.83
42149,101506.1
7444,76312.43
16669,100286.39
48456,115254.42
136485,291177.19
31614,135418.29
111660,62836.89
129022,181706.74
137438,155446.7
133060,91693.38
65354,161659.47
4063,72862.32
111953,158084.33
78298,309056.08
138174,297959.37
113674,162587.11
1744,213233.58
75188,287423.68
22727,162799.74
24154,126736.79
146303,131957.24
49253,213837.99
31481,273536.19
135363,85000.0
77494,114152.73
119563,82549.87
25317,135979.43
142280,208989.46
49802,130271.89
1727,104000.0
40719,99944.15
42624,251577.47
35749,80686.39
59882,288862.29
140547,227680.46
76788,209666.57
65306,223976.4
2722,196698.18
126436,117106.93
121742,111347.79
5259,184569.26
35083,279138.81
51605,175893.05
120011,55526.32
14221,152847.71
75541,88694.03
59520,156798.88
37979,71464.97
44029,407423.56
17202,192452.3
139995,204572.9
1670,148555.11
23606,244594.98
27477,92731.14
73910,183891.71
145958,86954.62
83175,204714.63
119612,165725.9
72686,233870.82
30520,185658.09
133780,215641.23
13554,80338.49
77589,246062.45
122063,93607.05
74758,138678.42
134798,143309.86
20479,241715.13
61303,318607.33
27812,257734.38
115424,139124.21
115767,232636.15
19548,95997.73
11750,59386.79
130068,209720.74
138374,305693.86
125203,133240.11
30337,126133.74
19453,373087.0
20639,174084.5
21939,69638.48
133779,128163.56
76219,281216.6
20704,218170.06
78353,65831.98
11921,54496.44
12802,78862.7
13899,152025.54
10441,107956.64
144582,126002.71
119361,205785.2
122999,532242.88
6700,72639.52
50095,186552.89
11187,144395.63
32832,119266.4
65576,101485.11
31613,103579.55
11554,36043.64
33841,101640.35
64940,104941.03
73409,97335.7
127647,224256.99
135129,146287.96
58638,168517.47
38004,235104.91
39523,246580.01
117010,78732.2
76310,520226.43
144198,139592.37
129179,124557.85
72643,58087.38
130938,122808.1
1287,274780.62
62965,82366.91
68763,229225.5
8002,168456.96
144556,119106.18
143375,142106.42
2394,134232.94
14832,304087.31
59804,269295.08
75203,215909.04
80458,235792.45
123665,71546.55
29740,201994.26
67718,198427.01
42134,141265.93
118409,116533.85
68929,107171.01
77829,153546.51
43464,116705.04
17600,413657.28
61989,123123.54
55938,193541.12
137758,125872.2
53480,164533.76
51399,211429.17
72619,300316.44
145857,424543.05
71056,92874.8
112686,126285.42
16357,468470.39
133053,154954.72
57738,213333.33
77217,180135.97
69225,78676.12
38523,262186.25
1479,201309.71
113439,283145.17
61902,331128.58
111196,139683.71
21802,215022.39
71854,106922.42
11958,92141.0
130165,160000.0
33892,96243.23
43452,747745.65
69635,89328.94
125932,480886.18
40186,69344.3
128385,180258.76
24991,259250.0
11431,111416.92
13582,404868.26
132440,171629.84
57090,111794.12
76705,244033.06
72734,120123.08
136473,109364.61
71567,62093.23
146497,114057.16
21326,165006.4
33382,114847.28
119770,195142.23
59338,91051.42
114083,380797.07
145859,289684.49
137072,151689.92
33102,295674.47
39489,96063.75
43173,323370.89
22323,141678.29
146018,296202.91
140302,167605.29
17522,181093.1
74669,208719.54
11769,47394.1
21621,77875.73
4922,134994.17
3453,202920.72
24720,139331.53
71581,201865.35
54528,121301.29
111631,115986.07
138149,165869.9
122389,189906.22
55887,85399.09
7310,106641.74
128901,191107.75
44813,156613.79
145652,123041.25
4504,165392.32
31351,107803.45
16087,243450.43
119977,52111.89
135083,178623.13
115350,288120.83
64954,99885.01
74239,275396.22
127262,125573.32
116912,162669.14
22240,184101.66
44136,683363.74
44111,301822.29
70019,112017.65
49585,165779.23
61608,285997.23
51741,123616.22
23058,205284.32
14096,307062.52
6404,188611.53
55042,120837.51
5076,106517.61
53666,285406.8
113699,104718.75
135406,212583.52
142897,87950.61
13504,122775.36
42843,440635.99
13294,97981.38
127028,147581.65
114034,98146.0
58886,249857.91
137309,125948.38
77475,291344.87
27421,150602.19
119578,196336.3
25804,92143.01
111311,130120.68
71683,137334.0
11108,108485.42
141788,310132.33
15963,210696.04
24228,531687.35
70999,170000.0
112409,119188.76
113084,113892.68
21461,315467.25
2625,379828.73
74166,315519.11
45136,160016.8
125757,382225.64
57724,292612.47
113756,100435.87
16081,393557.87
4482,262182.29
110852,203751.0
132364,83988.31
29225,78881.59
70007,85158.38
139152,285801.41
121313,319928.86
31990,86668.41
129281,102741.64
76684,236745.39
70683,46145.91
33596,251215.7
130282,748237.69
49342,194422.46
72485,252446.33
27957,160081.89
75851,606498.3
80631,108835.96
132306,50988.74
35834,184327.72
73129,74340.6
35860,289268.69
125357,116354.49
7385,292900.39
127227,134055.14
112885,112136.52
15746,193705.17
34605,157879.11
75136,107243.99
112817,118637.45
61308,186763.96
113697,56166.17
55922,188344.35
135106,592067.54
67554,110793.26
142870,94046.69
29737,272051.61
70947,104916.49
46403,184042.99
126503,289566.4
20514,102388.11
8810,94678.46
23364,101538.62
17480,117561.95
4119,166544.28
135614,202116.93
1302,225196.17
140706,190174.77
113254,85562.04
31714,276050.09
59585,412920.85
142289,160430.49
11300,255382.14
27885,161597.43
72305,161642.92
60896,257081.31
129619,311174.81
62790,255727.07
30013,87939.6
79903,147352.91
51797,127561.05
33355,108209.95
80261,84261.63
126550,204617.86
12428,155815.02
121285,154319.86
50612,65407.72
69891,82345.31
29547,217138.66
135486,160965.06
121758,87574.06
33145,138955.4
37963,126894.95
60259,151606.47
55592,79194.01
68446,421718.92
78081,133037.88
72093,156624.23
12953,248942.88
72597,258245.81
59051,167577.65
117877,295508.55
1860,394523.92
32524,72496.43
73730,164816.6
51878,117066.64
60908,162450.01
80423,226718.95
38586,172698.24
129555,102024.07
81977,235894.11
2609,142769.12
54040,160182.01
77416,322191.83
77768,57853.58
53173,130000.0
17577,468440.86
64794,201927.71
71010,106639.97
126352,112308.34
26659,212396.98
18268,94851.61
73053,69647.94
112655,178544.02
11469,164116.41
80032,79000.0
41974,147152.31
64902,102567.81
113666,236581.4
3255,63711.36
13620,190934.8
136362,377216.27
11856,47747.69
4443,159348.42
35717,73823.75
61775,157410.79
41309,95315.62
34278,165987.0
16485,101205.57
24182,444939.38
117766,39095.94
142505,285919.6
53300,168401.84
145165,99765.48
8904,467276.29
133720,127814.31
50714,605675.92
115870,550804.99
32569,118369.95
139453,76176.2
59122,141171.17
120215,132971.74
136528,73152.25
124277,154143.9
68027,89747.35
58795,220700.2
52458,120623.63
122464,208211.32
7736,157722.53
114018,194731.11
112498,201496.66
42798,237740.02
53165,399068.92
23796,72352.51
9589,109214.69
136855,101841.1
29597,95506.4
48555,219756.56
120236,179290.17
24208,252135.41
112642,137489.38
58463,116404.36
113518,307037.83
34734,107468.05
134128,110199.15
7323,133108.11
137809,185449.11
29660,186969.71
48271,158857.3
65706,107148.25
27208,109580.13
28066,192765.75
124703,356294.91
110369,258014.83
126308,238945.45
130160,80523.68
127340,117500.0
143763,52299.82
64218,468299.52
131496,260125.54
1677,281691.4
54164,110201.59
115773,151728.42
34450,179080.08
1386,297323.16
78168,143341.96
111838,218335.84
80897,111186.59
140696,84100.42
8435,110000.0
28970,381160.88
122937,133203.09
119449,217954.56
82028,255803.77
123244,74082.37
62413,216757.82
111320,56343.82
14831,201833.28
28112,354732.15
114803,60395.27
39962,67600.34
23925,84269.32
32289,294958.76
110285,167307.1
116777,83879.46
52760,144854.18
61096,208869.11
56724,98357.53
127411,99077.43
64046,367960.84
58149,314002.78
30929,616993.24
121981,191450.98
132183,101158.91
76301,150902.33
81993,186065.27
138146,278761.97
13966,364419.52
4172,265382.47
144287,224453.02
123502,121451.26
48404,209994.55
79625,189382.78
130172,146657.78
6037,90727.14
7618,113099.34
52419,188893.6
56316,201158.2
118818,75179.78
26568,122744.27
27257,80115.64
117478,122744.75
30226,99522.67
111642,157113.86
57207,100961.78
14901,98811.71
60444,236132.38
18458,108494.94
14859,184800.45
121839,116131.11
124766,100059.39
66783,136375.46
57651,72819.33
124368,188470.39
114711,118035.88
37172,101892.69
141831,116582.47
111847,193481.19
144802,113551.53
132342,198799.88
351,183100.32
32266,64461.12
67451,107493.39
25888,304704.88
77666,94818.83
75270,147972.24
117874,309935.02
80400,144854.22
6441,276841.5
133047,44324.15
19260,228807.15
133813,109134.51
133936,119687.94
31021,304648.85
25808,137298.93
31845,129887.07
10754,362822.43
66227,129907.89
3544,172284.16
76036,154574.68
141386,88136.83
82550,51838.41
129628,113369.32
19611,219973.56
16565,257439.09
52240,155000.0
67219,139993.79
120813,107279.19
33586,583627.39
137169,185064.08
66984,97953.13
38902,145377.66
112664,209044.66
127750,80230.2
122335,61886.07
28273,147995.76
75827,129410.94
124919,167039.15
80468,88207.33
33992,206977.87
139288,106854.18
82220,217414.42
146418,105974.41
50825,96466.56
114195,468434.74
7925,138404.41
38443,80773.75
119141,132894.12
126480,118482.66
8839,73423.82
66692,67500.0
83167,177708.7
113124,211373.96
23480,342051.13
57916,158307.81
42934,367357.93
12567,239465.6
118751,174653.55
58950,128081.75
121792,148092.69
7813,209315.84
119986,243831.09
41930,157470.78
45540,230000.0
136570,527566.86
130044,240616.19
75467,163569.24
16209,227308.67
59133,130031.32
72546,309214.18
24402,120532.35
48658,131500.38
5846,110123.48
55716,68893.75
41911,256820.19
37349,191380.55
81341,244391.15
45361,239758.9
38468,292004.77
145810,140194.75
35067,85155.83
49717,79708.44
72517,296767.26
21922,212789.56
45737,60881.4
135879,139472.69
71491,78438.08
14034,69727.6
72559,98367.06
147116,139952.9
117149,86578.87
79706,117366.77
58891,201715.69
16235,242288.34
126997,139443.99
19341,76826.32
127026,224203.54
145977,107636.71
121432,44336.57
5951,233904.27
121498,78511.27
41817,221062.2
16113,158543.78
69295,108480.17
130653,113823.28
38911,106460.5
50390,77174.56
59355,128755.45
42479,256981.86
70056,144589.04
63922,162177.42
62398,91026.17
44640,82935.96
69098,244079.94
74224,142794.54
20026,138990.19
67564,86974.83
73373,108826.56
4221,258132.83
5081,97396.95
71722,108168.47
50243,127399.91
67951,104892.92
133222,114102.51
80860,101418.35
16088,71712.86
23498,494016.14
133819,115203.25
45996,156062.01
80470,313445.34
56954,107832.08
32744,138529.59
135256,321070.28
118909,157491.32
115945,358101.49
110798,86087.4
68135,61049.91
66944,118473.14
68849,258956.13
63477,89486.93
49316,92581.41
133387,173371.86
56292,41604.85
65217,94420.51
58817,400679.56
57333,144979.16
29475,49982.95
111147,172410.91
32102,63068.81
79162,115075.25
33067,147050.31
45385,147719.23
130107,183406.26
35637,104601.59
121153,125623.32
62177,134987.21
142108,64052.85
5268,79235.5
144569,165398.97
7852,159561.26
32600,155287.88
56136,115950.64
126329,188248.87
9714,161957.94
68288,124668.78
1007,202326.0
113976,389724.48
19815,179652.66
134399,92954.3
142906,157208.16
47066,98778.36
6033,127729.85
70512,73241.74
11561,79670.6
78629,195017.21
61762,299455.3
116250,122736.08
140230,195007.11
597,157504.97
46456,129886.42
73576,153101.66
43263,238141.77
64495,100185.06
80368,237641.16
67389,95755.52
74889,193557.73
133225,118993.03
141325,289942.94
49314,85181.74
32275,84502.23
727,87817.07
112950,84272.81
57928,76836.12
51840,93544.15
73068,324702.14
61259,474675.26
18799,80248.52
40412,308666.87
111755,253203.98
25722,235646.21
52576,67360.54
75976,88989.33
14041,117778.52
72508,84713.87
6276,290294.0
51732,178217.48
114736,90225.61
1492,117918.06
139171,127610.09
111437,126615.0
133304,213803.39
32778,153066.05
114253,73941.48
125358,88193.53
128003,144026.82
4839,79000.0
112258,236592.49
75907,113702.85
8980,71557.16
20761,85235.99
80069,74560.03
45777,54146.07
119747,297029.72
48089,229736.88
41214,181216.98
71001,233078.2
32872,54000.0
133794,225045.01
49159,97706.67
12705,83833.33
16754,328666.87
68969,126297.82
2848,185569.88
24000,412962.0
138835,205589.59
127524,91841.73
19957,256200.05
19057,107817.62
1083,296739.63
48513,423642.82
29131,80626.35
126758,50141.97
73861,125000.0
73926,91264.22
143167,305076.96
26968,246578.67
27214,96465.68
16223,235000.0
5633,69232.01
19888,113869.89
118469,100695.12
129368,219880.57
121581,117660.4
34249,165686.22
55678,110157.98
59933,140787.14
127002,176405.53
44962,94459.82
127127,98092.83
142084,90347.9
60033,318038.27
72442,90497.85
119710,114348.75
55820,282340.4
120291,159946.08
119705,28163.85
75077,208126.93
145221,240820.07
80087,92372.11
46767,230589.26
72314,198690.91
53253,85286.56
42174,179902.36
146258,120143.96
137466,83105.41
58955,80344.73
114388,142329.98
42584,227794.97
18946,319806.03
134138,188357.12
139130,273753.22
111091,123416.04
118373,96947.24
16611,222569.83
58439,199809.35
42500,218517.13
58121,124042.59
142752,96368.87
130070,232520.38
34309,513864.38
132943,468601.09
46891,167000.0
129238,364670.84
121248,143117.36
22380,169266.18
5235,145124.78
140791,127043.85
60289,97798.72
133175,155788.71
51142,46465.67
112103,173892.47
55595,93164.72
61840,140482.41
37269,143996.92
57989,387742.19
52373,130113.89
47401,145265.08
82125,236615.84
113393,139863.29
17312,205344.92
63990,116372.91
118117,201101.62
29850,140118.05
130348,97215.49
139383,192848.89
43394,191981.47
57180,82710.5
57006,584469.47
59750,103235.6
11951,110299.78
140665,240003.87
18136,71391.09
47983,173447.91
132439,58323.96
138249,119086.32
69821,281183.93
46224,43469.75
16751,109189.57
20319,172146.95
110873,46848.19
56328,135564.32
28414,72119.82
34783,106606.02
143479,119179.33
26416,82882.51
36554,330978.05
50466,185369.19
72993,223820.82
7685,302329.43
63927,112973.44
143060,197501.05
66493,261627.02
27173,150348.28
119496,370192.4
65983,225435.83
8541,85542.51
121542,195820.18
112383,83076.81
128579,469078.58
32572,157029.24
67014,187817.44
80763,146471.71
30708,557751.0
110329,95718.19
130963,114168.69
34491,46976.89
122397,80915.66
4863,168127.99
59962,81783.5
126651,181502.32
74405,91050.39
126316,153991.9
118824,139499.31
116301,131266.87
139743,200701.62
16682,497142.08
113573,299304.49
110909,160416.49
137278,170451.81
25781,75690.67
128301,66320.99
116033,124954.08
131273,175143.97
111730,82746.48
41321,204896.89
110769,154649.45
76607,568025.87
76213,187314.63
23554,131473.34
22897,90886.16
4258,337291.46
78912,178074.87
77398,177482.48
24343,157834.34
45772,50174.55
64614,149346.36
122398,375503.71
133872,175152.93
69240,251208.06
119629,57413.45
128468,152783.62
12287,363968.27
10393,334360.69
30093,129076.88
111629,62132.98
36550,342299.17
53428,115625.0
69254,324645.99
73972,72343.96
41719,143701.91
130320,312154.21
69107,115431.05
82622,100457.19
56944,51380.85
62030,97268.67
50936,193497.73
62937,265972.85
127307,145000.0
42132,211396.32
128209,157010.32
129725,357259.69
61097,62779.01
27884,82439.09
65752,83058.26
144387,101387.86
76567,114335.17
141187,211657.06
12591,140891.61
81346,149612.33
140467,162144.04
67002,476507.64
27541,157158.24
27785,121747.58
7414,251393.35
115940,164711.16
42673,98924.07
44658,231081.2
105,249879.65
75826,86735.38
40822,80601.31
33887,63620.24
24631,222221.44
123294,72704.01
10199,101617.29
43862,188256.25
140404,165000.0
131270,302181.83
73181,144994.1
67830,45688.75
124814,264688.55
70862,213411.24
140717,277970.23
62883,91048.43
48018,116921.11
133039,228172.96
119975,93881.34
43867,176647.3
76650,160599.25
60999,164879.58
41335,105222.35
113718,195239.35
8885,135381.27
146852,94137.26
897,355000.07
22415,91143.21
123602,89191.21
35022,167200.45
19669,51634.04
14590,208516.9
39981,119450.91
14687,159612.65
72258,132425.94
57653,156866.09
22911,257070.48
38265,237593.74
126132,183070.2
134205,113939.3
18511,170871.81
15666,186460.19
10498,107845.98
79094,191626.68
78146,128946.67
21187,188850.99
128933,216064.22
140328,197678.2
60012,323659.24
121973,213052.46
137160,122183.26
39027,132860.17
18649,213708.2
18425,88742.86
77472,132266.35
3212,146130.05
112473,112697.14
18771,137495.6
3846,191569.2
74938,106251.59
25473,220050.68
146872,417614.36
6864,97092.51
67395,186690.27
115328,65032.03
121625,360739.83
142571,235186.27
67378,189553.58
8019,127999.39
78157,98827.71
55197,247977.86
72178,202900.29
18686,221747.66
7578,412698.18
9759,125011.91
4335,140347.38
46054,126605.44
10829,425725.88
71188,288190.02
73918,153502.91
123128,102173.46
65785,211783.63
62746,195482.23
136245,99177.44
129652,283242.68
129846,259346.6
1730,94861.08
111613,116604.05
122638,138793.01
15947,102745.64
110283,159022.64
121590,133465.53
47710,148926.32
130647,78358.16
18257,174085.27
13670,76478.94
62638,113138.25
57119,129348.76
49431,192313.93
142941,351898.89
75306,265632.76
2712,82899.5
40180,71177.77
11933,70255.72
235,365636.68
33197,125707.43
40828,179786.13
36744,217533.09
73018,86246.93
47825,143821.36
41478,98532.21
16788,240000.0
59166,142657.05
132319,353742.66
140417,252732.53
29766,265282.4
61881,159620.97
138004,151990.51
65806,114139.31
73476,180664.3
140900,73674.5
144350,125000.0
3807,85444.77
57037,166033.04
20642,90938.77
74420,61495.57
117544,166862.33
8162,253437.97
117894,98643.87
4069,88174.48
31998,163727.06
136081,284735.83
64864,228000.0
14805,123973.22
69466,154882.46
22182,169349.22
37367,128894.84
122131,59961.63
115715,386461.17
23115,69840.3
29367,87241.97
127162,60446.13
1558,115602.31
144439,115406.09
78942,227212.06
25753,239539.05
119147,152516.87
66253,258769.82
67799,245375.08
111128,145996.25
34289,51881.64
56304,110658.62
43419,104963.44
144884,189606.73
3353,73115.49
63327,164415.4
23474,189766.17
79527,203733.78
30117,297830.23
28689,154796.99
3616,314882.54
121770,179396.5
146125,264851.41
26583,179606.03
76883,50413.96
49493,99772.0
121221,608988.83
53336,155369.93
130515,102485.04
58304,221922.28
124483,64265.89
68016,499255.57
35900,369178.05
4451,54505.5
130577,115627.57
39208,376806.85
12037,250396.35
65076,280559.13
62959,150474.13
41533,105501.39
57685,94314.64
55689,65297.42
132058,209438.54
74360,74243.43
75114,114041.02
145149,204519.17
122925,146795.71
74691,83417.13
44154,32949.24
55348,205214.7
67322,166995.17
123310,323290.92
59189,151182.63
48396,112817.31
7893,203451.67
54136,169371.13
45129,215000.0
24779,105619.69
58478,276360.23
46820,60012.23
65506,157164.6
16248,152710.87
136711,134319.81
79275,133697.61
2389,127150.14
137934,80612.24
7825,138336.2
72896,157102.89
49427,123507.3
31381,216140.25
62656,166822.36
19319,155052.9
69339,442117.45
10261,184368.86
134584,125957.75
58387,127386.38
3925,161768.16
143219,207192.69
111594,230144.61
55870,61054.21
143536,95167.51
28827,105132.9
28408,176722.25
76461,93881.06
136194,166073.32
119585,162363.6
12666,317324.02
38823,65405.25
68752,74460.04
128762,64346.67
44835,63466.75
18056,61031.27
130400,135298.51
135384,136166.99
22067,40451.24
75295,205000.0
24254,92716.28
74924,505759.96
145649,315303.98
113461,241342.53
43004,103150.27
27552,315036.25
11571,118980.47
56194,134022.27
140162,164276.35
135233,75480.89
852,134765.31
145608,206006.64
143179,322365.88
124832,97399.52
54867,120273.9
121888,234692.22
136220,250122.27
65615,98235.65
19368,326751.05
146195,203127.85
110593,184645.96
32507,185057.9
28056,260132.14
42842,177804.02
78700,229990.59
25460,358635.8
14369,146161.06
122579,115469.44
55923,474641.35
3240,316179.63
24468,562822.68
117358,109122.92
27152,250236.08
12724,83404.76
118327,285695.64
18156,103934.7
82777,332018.96
30190,131162.29
80180,194974.95
71749,271570.13
139231,102901.19
23323,152595.76
49296,117817.7
68545,197378.59
117328,56893.53
113416,61042.89
43132,309387.03
337,112363.54
29822,66773.2
39527,101949.56
134070,265000.0
115955,459938.96
121845,222568.89
31558,101075.31
53248,173643.15
48788,133384.0
23680,313932.95
45071,76547.43
144711,287044.56
110443,195185.05
22492,128016.79
72171,540022.8
142096,81281.6
56870,357711.31
123227,256561.6
72167,208628.85
74747,115620.37
55498,280289.17
34239,153078.03
128194,137922.6
71861,285599.13
73961,93640.68
49033,40415.26
135531,341162.45
132435,332836.73
22724,111568.44
7663,149312.14
1265,108389.03
58442,118380.74
12315,466933.31
53586,240722.07
19047,143840.66
78376,83874.3
139452,200932.82
51991,136721.89
134950,128000.0
36086,108446.9
10383,161968.24
124790,131878.85
37118,180258.81
9425,541226.15
137376,118842.55
123969,385168.5
17926,91916.48
38708,167220.34
17039,135467.3
120989,367295.6
3767,142011.58
55093,107996.77
78335,235027.58
60988,125000.0
142671,195988.84
29476,79119.14
59558,333230.68
74296,42323.54
52148,201535.39
78891,94666.33
127019,205084.83
12930,178064.2
70639,248350.15
8281,128070.76
116857,266399.38
4192,117618.31
68107,140834.68
37287,128796.17
126168,175125.59
142827,94932.22
42346,185537.76
134781,229954.36
30066,80428.23
79498,270038.68
128519,168182.63
47088,122561.72
69314,109310.9
15101,176477.82
48561,119900.08
71678,260838.92
127318,92191.35
122590,510240.36
13556,159167.97
13577,257052.89
15299,211609.41
33949,146691.27
26638,110742.6
79568,229229.65
80575,167500.03
12528,104501.43
34340,390335.82
74362,219256.27
45620,275457.34
52089,174745.72
26602,263593.33
75797,96046.1
137421,183492.05
58890,149246.16
18539,443563.97
17241,164088.22
111842,174926.56
48542,82659.99
130087,25111.03
4840,119158.92
136311,89037.81
134839,226483.72
64181,59240.77
116081,224815.47
16334,164584.63
52799,207912.83
1339,99088.51
46600,151748.76
73493,230080.89
32405,105147.11
25865,158789.5
11988,48458.11
2632,175126.0
116084,163598.94
112835,210053.88
139475,70974.28
128900,112736.1
137717,152274.53
27859,132294.47
20183,103326.73
136080,430968.77
42143,131842.27
45222,87924.11
125483,76890.66
26713,279925.99
77762,182711.07
39322,73206.35
144137,104799.94
359,220706.27
53211,316305.75
35892,96195.12
526,221129.43
120914,334430.9
116661,191158.95
118291,269609.15
138500,110362.63
126159,129290.67
82843,63147.04
111286,54159.78
15614,106710.12
127641,250929.07
73206,180470.87
36192,77091.98
140981,186957.34
47635,156948.31
11662,151663.97
74319,190422.59
63832,205000.0
141268,554444.51
28819,465218.81
143027,50443.65
60541,90000.0
114731,225526.07
37160,183163.35
24786,87111.72
131516,176950.84
123264,151583.13
34209,60858.03
80324,186500.0
19746,105267.37
56222,279190.06
115630,99648.4
58473,269496.55
50668,102117.37
31775,238883.16
70168,180318.29
8993,88377.75
33987,149283.89
14937,282185.33
32172,216643.2
128948,152552.02
62569,285621.88
121556,127052.39
29339,344594.2
11665,137219.55
113831,93901.52
111195,204672.58
24328,405971.81
52168,120136.85
23300,117789.29
119217,199293.68
27392,146712.4
16340,110430.61
37096,133279.61
120143,174071.62
2855,121970.57
79027,97485.71
139484,199471.64
62874,90320.67
12601,93564.8
24522,154643.94
7819,432964.27
79564,66491.4
45247,377865.21
42951,353061.32
60350,136502.69
856,76490.81
118318,60845.68
67349,72241.74
10037,52782.43
118219,248240.4
133049,87500.72
110805,118774.14
1294,284530.56
51248,191114.15
132500,181593.53
16998,268050.86
62191,250869.59
119041,109160.85
12155,55801.44
15225,203712.96
34372,234651.15
56598,105274.32
54472,119825.84
48680,165753.03
132732,88318.21
131938,109678.63
135803,86905.56
38818,121553.01
63459,73114.0
67141,200179.8
64060,94004.25
33696,180112.87
124109,142712.71
39761,176193.95
136270,165654.69
63361,153862.63
134231,44183.04
80446,130000.0
145374,145423.53
80272,237246.51
140660,93260.77
44559,273340.89
124787,219847.96
6091,357680.09
39787,56466.51
16873,216340.05
128700,129175.81
80218,54487.52
33009,165389.94
28697,116311.3
69774,80122.55
21649,147273.84
146371,388366.28
71695,141632.41
58823,178927.1
134997,122222.71
136266,94554.21
14752,69156.24
144361,174277.05
146004,123176.28
66833,98423.53
111537,150485.97
134589,60539.75
135690,109271.11
42198,79695.54
140574,117152.68
129480,99002.6
21498,170729.18
128517,243988.12
48770,133984.97
59264,106056.17
63041,147914.71
144535,30000.0
122450,81614.72
18017,82367.64
44220,161506.47
145266,224069.54
60308,234207.11
4576,86808.59
65290,134003.97
68711,217898.76
51394,332672.6
110899,145161.61
61388,144375.18
122068,94658.36
141654,202146.14
15584,84887.54
134580,228066.12
118271,181037.7
52766,99149.08
30937,101986.44
10911,242482.44
23372,133902.69
56322,429451.79
40888,213576.36
18828,68932.95
54522,300583.18
40780,83125.93
123332,66885.64
76061,368791.24
132014,71990.73
37553,205562.1
56798,106020.22
34932,192354.86
24372,417153.88
23268,88934.68
24504,172934.28
71009,94286.85
116523,67651.71
46292,133498.02
114244,150251.46
78075,433640.21
24441,260531.85
131728,55365.05
120146,191397.18
133100,119342.57
15070,81315.16
82657,66191.48
39013,181333.8
137718,146652.99
13008,164612.29
56360,96175.48
20947,194841.58
48321,520373.03
6573,167454.57
48016,297932.46
136813,189953.25
1886,54581.87
113498,133089.4
24463,50515.3
112224,150094.12
128755,163028.63
3560,174009.85
133860,178365.37
31965,182457.19
10914,243353.73
70840,274227.83
135878,176982.84
40642,170395.11
18207,78729.75
73530,131516.83
144635,318214.4
77353,499662.51
146847,162217.06
37144,246391.11
78762,176433.96
55879,32880.08
11695,145129.79
21887,61262.55
124544,160609.43
61656,259834.77
25799,115758.47
25938,179485.7
2184,79032.88
53567,163717.4
117896,166357.42
3281,164156.88
122216,191857.07
57158,372394.04
129,285737.51
20217,138311.36
51499,148900.0
136788,126591.24
2134,85561.25
43682,172322.17
124167,99631.51
137448,112385.31
124138,90254.22
131360,222611.53
50614,132442.12
53264,84135.19
59225,76446.25
14751,212653.6
592,87859.43
120218,165722.18
141982,95427.59
72519,429071.46
6574,139755.42
125976,314430.16
116315,355144.47
52409,331584.76
64380,185238.86
21180,346327.13
142816,194760.56
59337,92425.31
14650,105272.95
114973,132084.54
51004,178135.64
17740,95493.31
19013,154256.69
126222,196085.86
44422,210636.16
57647,177179.36
20783,524862.99
33381,103609.72
11616,107761.05
130344,279645.79
69797,220154.15
141337,125339.9
129479,130782.49
76052,99028.22
146605,203304.51
194,436959.41
142638,195618.43
116910,140965.84
118565,159537.28
128068,171451.89
10985,134037.55
79782,120543.21
45723,57347.16
141733,114170.33
9893,173026.05
22206,205206.49
10381,177989.88
117850,272497.68
51652,113259.81
135338,121324.84
19038,227159.2
26787,132161.65
15914,217936.42
3571,148122.98
34345,189022.59
132121,82770.4
136037,184790.92
122517,36964.68
54002,228617.36
36183,86278.36
12703,44375.6
122024,141382.53
40786,145057.39
74280,126383.32
73559,167404.06
7812,257539.98
121600,81520.11
80433,196099.0
61823,128781.4
70354,191634.24
124664,192033.02
35108,185591.09
132211,113746.99
64726,177241.72
13290,262112.42
125648,359055.77
122439,134174.51
83201,30484.71
30869,168075.86
43819,218477.36
41622,112321.83
138289,111550.97
112845,100460.27
9488,94661.81
14215,319575.95
47824,113449.58
61285,335175.79
5186,216745.53
134608,157743.42
47464,113717.78
3826,135859.04
25709,115855.72
15343,109503.69
45630,124126.77
18054,535132.72
57450,97339.42
115829,198639.8
82425,114090.17
121986,296112.31
30825,320425.99
67544,203333.49
142517,61630.53
12024,262842.32
60196,68081.36
112087,122443.03
8533,72251.71
63859,151106.63
25883,123890.59
145742,268444.42
77488,120733.35
46274,288542.29
70278,242708.81
82788,179050.04
134278,163609.74
80095,258647.49
61742,85915.34
51795,63713.72
25542,96390.42
62650,109249.96
119680,421347.31
36468,314764.0
59479,207637.66
39424,150923.17
142570,110864.8
73609,94478.23
69713,92739.43
112061,134150.35
14792,125304.28
365,132244.29
47773,96251.09
125079,135953.11
75257,167727.39
131099,86321.29
11038,117527.55
83053,220929.9
71311,103673.16
81821,106832.18
74536,99296.77
26588,100589.9
114414,137921.96
44027,269281.52
37344,189820.28
32490,97511.83
141838,231359.46
128692,198376.35
117680,165938.47
16800,359749.18
73288,99333.34
118521,166290.44
112007,106372.87
39483,83644.42
6224,164876.45
77552,141421.8
28885,139176.32
50445,139335.8
110386,127601.69
63121,76600.0
78952,216479.26
79944,211639.2
11580,64180.38
68387,74735.5
984,202860.97
118169,105005.57
15037,104704.43
82169,362001.91
34319,207051.26
27563,107386.01
59605,82164.57
20969,41144.5
135241,75125.24
4415,197883.52
110948,122429.15
127233,102541.62
49607,189811.6
44726,243245.95
2567,179742.1
24621,146530.93
48783,187401.07
110919,88156.26
15352,107388.25
20369,83450.52
64022,143527.08
119349,244381.47
115826,161314.93
140878,241555.13
41803,112136.49
20949,111551.55
39169,134674.46
113341,45723.04
13478,184548.58
143281,121817.85
77815,146498.13
76127,78102.87
28673,170288.0
55402,328398.96
68422,192701.42
17951,111472.13
28516,131726.61
127891,74705.91
39415,95017.74
129517,113357.65
122712,147916.24
79754,140147.6
58331,68260.51
78590,260554.73
79565,41866.24
55167,86953.95
1449,113541.47
125706,240408.38
12951,114011.24
69453,120692.69
14258,228477.77
15508,63384.63
111915,150492.71
57491,210573.68
29540,168072.0
79358,283990.24
132615,158562.05
29469,420461.04
25832,80919.39
79474,137191.85
48809,98233.31
62985,75847.65
123689,101509.1
14352,253513.7
15530,202857.22
114304,191735.24
48723,177709.16
112614,187086.95
138414,235418.65
4134,215249.68
127781,220978.89
60291,104262.37
131401,93050.09
51367,133710.61
68628,186819.64
35369,106432.4
28111,253244.1
18104,77599.23
82722,232241.72
18694,457946.57
142414,106220.76
59922,82780.61
559,276571.0
4755,98612.14
66112,130313.23
117218,147853.06
143789,182228.77
57142,102556.9
66210,270997.54
56988,153208.39
40132,162599.68
76741,366509.87
32090,141092.28
5575,105586.28
18589,142538.93
34437,243644.94
59794,47805.26
41744,107380.06
34732,183794.06
26650,63216.49
112216,85734.34
69127,87862.48
19283,181726.28
4460,299363.31
11945,57860.64
132616,172155.37
26410,211555.87
43590,474096.75
119203,167261.26
140749,259000.0
32368,184901.85
9487,103938.29
4675,190729.69
130092,216039.53
16252,221696.52
143622,138936.38
62935,116735.08
39153,160168.26
114374,259793.77
16712,148953.42
13872,379088.98
128219,200594.25
144472,90229.44
123197,116462.27
142440,110360.77
58760,279257.75
14274,114181.24
9021,82850.88
67196,54792.53
45614,101000.96
61621,167968.83
33059,64320.69
138766,78500.0
22907,170321.89
146373,168192.42
17524,272427.52
119130,92486.38
131977,87642.76
15958,173953.86
72783,253962.19
76593,125357.87
114426,317696.18
110359,327546.91
113994,150382.11
52857,168293.81
114980,267779.27
142604,170463.18
113171,263879.26
127529,159338.13
37524,219979.83
69163,130942.72
56884,97019.6
139936,117897.47
80535,105131.47
145330,158350.01
51090,433001.57
20552,185147.39
80837,145378.57
128503,256287.78
2543,156691.93
77354,266863.46
17373,282742.47
28323,92128.47
128132,230000.0
72505,175117.43
55277,76885.62
143132,229656.67
145104,114722.02
34629,124488.48
56503,103903.74
146323,170671.89
136864,259493.39
80640,202741.9
6231,89458.65
146638,233722.46
122132,103756.4
27176,100746.56
33766,88837.63
77142,275350.08
49935,173600.39
79050,107990.23
75250,111526.67
20289,140798.16
124355,103845.19
64481,272971.66
127951,41817.1
129074,91149.2
141087,210579.6
70935,196772.68
50224,230000.0
5587,79155.71
115085,98368.97
142913,108690.03
129880,96369.53
76260,274035.58
73794,255725.62
78266,146816.83
126594,196412.07
136127,303363.11
29888,360262.55
19760,298449.63
63337,263639.48
14705,231284.28
145093,100511.92
134266,253348.32
195,189723.28
127474,37862.05
111400,83988.72
125550,141477.85
2998,160840.46
68247,60886.87
18495,309946.4
64098,221310.02
83091,322513.52
16792,127854.44
146220,302085.36
137418,138216.56
145967,226600.28
111812,169494.36
40987,83000.0
128177,121763.84
47677,475007.57
38101,187850.84
74323,252717.92
30277,215000.0
56401,184134.52
70132,78187.4
131480,271033.82
29576,85032.83
116574,105392.69
137498,90064.43
37996,132148.23
111872,294779.31
41278,89798.17
118808,185505.45
25906,185867.75
72173,65608.59
114987,59346.74
119512,96508.11
186,166001.0
132213,175500.0
29648,163000.0
117755,274545.57
130739,61527.9
134930,72750.05
18221,147755.55
144227,313009.32
17731,183967.53
16781,650000.0
14627,259694.85
21509,125618.68
44454,273892.3
133869,80463.4
79827,150914.8
111805,127298.5
141410,126610.79
141969,166261.58
78412,181661.94
145068,372576.61
122597,51230.39
142364,155757.59
138859,60072.51
27132,353131.71
114897,232038.02
117594,238825.37
118189,133332.03
35484,304848.17
123546,92978.79
73903,154148.37
43110,182647.36
69881,62773.98
1568,192676.32
120429,113564.13
142512,79791.58
73287,302838.17
16462,162915.73
74133,92510.22
20507,108747.0
64762,229759.51
130364,148673.07
126549,76354.47
12021,51625.71
11097,70714.66
69302,163095.47
145495,202673.99
24344,123461.2
7278,195309.46
146742,75606.7
134972,145178.16
132648,167928.66
33128,236152.79
48398,249755.19
120671,115318.93
125441,139652.64
136934,151140.66
8196,256436.37
25657,292606.3
29394,264720.49
16106,227219.2
123761,137292.59
9114,229848.46
33893,381063.19
25946,272884.72
8892,105621.83
48064,274486.21
27360,241078.15
42506,136085.1
26703,96183.36
74336,309892.78
22441,111628.69
123930,99737.64
1113,222852.71
69437,183880.66
127060,235326.13
59696,146590.12
71568,61761.2
143016,195836.86
79613,64116.86
12195,190585.2
57403,120025.26
3991,250073.24
131794,244921.23
126563,105679.2
117242,89828.58
46107,339227.81
129363,220893.35
66366,188878.66
132131,99617.17
124731,99091.15
39143,225879.56
125316,162957.28
117838,329545.22
64232,115676.02
143407,59388.44
126004,153749.77
133564,151138.84
54328,99438.1
50045,87250.0
1625,141951.65
124391,49399.85
68031,214243.35
32915,129943.89
41476,208642.71
48455,193687.01
119356,546415.89
140278,187749.28
112045,98888.99
42222,202496.21
117369,196799.37
57063,106286.46
14949,464024.05
124154,171862.33
2359,187822.02
71808,91676.81
114944,146459.1
138853,213349.36
37262,307501.62
116166,200486.05
10221,86289.98
4462,117504.46
61442,103246.49
26566,139382.24
146559,181523.41
57170,120560.13
121654,246377.71
121203,106359.48
3467,135462.78
37141,189843.38
59206,86923.13
42145,282292.98
26851,105447.76
62161,166440.18
133690,173730.35
130151,165317.57
8250,268003.27
31155,129200.11
125273,276577.94
10980,128317.15
30716,171447.63
22457,367550.54
14904,96087.81
41354,171500.0
140205,189292.04
20781,119872.97
46402,419342.76
32726,63707.04
63022,159257.69
129917,80647.16
138537,324145.6
19745,75095.56
141893,113333.81
4834,165240.84
81060,100273.06
141261,364008.4
50811,108237.98
19186,114833.01
71881,124736.65
28404,164855.67
139920,61877.29
132163,113534.22
145311,172587.69
118697,152086.29
71782,246981.21
112070,229312.39
21808,191149.13
4833,120268.8
122785,81976.63
138384,179911.61
8493,104597.44
119591,97773.53
131255,96044.82
111969,125936.55
51204,161456.48
131622,185761.91
66139,68138.36
141370,243912.97
66741,165309.03
43536,237463.93
10022,124796.52
133932,68771.82
24255,188663.09
39826,81897.96
122045,120955.61
142584,86880.01
137342,95660.41
122275,101248.9
20708,107413.8
137063,197800.96
43747,151428.22
145938,107428.87
34649,161758.92
42128,288210.31
51952,227028.76
22839,101968.68
26193,126469.85
40122,109531.44
23574,45800.16
371,163732.53
111602,172770.97
112729,49545.65
128045,167073.56
51242,40008.58
48789,142795.12
35091,154965.66
22831,197562.52
11052,134502.61
146193,111205.03
71810,251693.76
115205,91730.86
131813,231699.62
143588,164314.86
117159,243169.82
119226,150000.0
5966,219663.02
117646,21236.12
66872,141468.54
3170,358690.37
8754,141841.89
34277,104949.62
2895,359699.08
21645,512030.48
110384,150783.66
78721,275538.61
110463,57005.9
120611,288089.93
61299,91445.19
40832,144676.54
24817,223528.37
20448,268443.31
16891,100150.15
14973,92884.84
53241,94503.48
112021,85672.51
56403,215141.31
138039,93783.35
126959,258282.01
54829,45271.06
45666,94758.62
75372,144104.79
38744,219277.22
125576,38424.29
117524,295687.02
136999,178058.53
60089,134857.28
77918,290461.5
129417,252084.92
50841,179769.18
83130,226912.07
77224,174120.65
129388,73306.85
122654,145055.78
82026,247663.34
17255,51103.95
82479,134741.95
6591,57402.91
80579,133995.34
43576,138719.56
69079,237929.35
9249,190708.33
140465,195305.17
114179,78917.49
69736,349202.4
11802,47010.86
39343,81113.13
61765,431922.89
141197,168183.18
136552,175694.78
42213,193298.76
67526,173613.5
60543,121973.66
73748,323371.64
139517,172958.27
30051,183775.19
17962,108556.49
140985,290274.01
114855,145849.41
132584,159606.48
20296,113211.33
45591,228250.77
19002,137797.9
131545,137651.58
81164,270694.85
115600,175664.1
143378,169726.66
140801,266555.22
35543,173549.17
125705,116606.9
42873,144645.22
68687,86503.2
14634,196262.96
39444,124648.22
16231,98000.0
82557,76821.41
70322,87945.12
65114,105497.79
1361,150012.18
142347,195239.5
172,172774.48
23978,168485.57
29134,190392.61
29654,83000.0
72142,565083.66
46547,322401.68
118528,121858.89
1883,83420.72
8396,110985.0
74903,80191.18
21339,437499.34
11032,87687.35
41270,290837.33
75700,172134.5
146480,652816.38
127024,200093.44
115746,179912.17
125574,150410.02
49292,86648.38
53553,188908.66
123581,297000.31
110253,153695.05
70629,100243.29
38170,101312.08
126673,181637.05
121589,89641.7
65952,165156.82
110693,140319.67
27004,64212.42
53565,281804.22
37529,162713.09
51384,123907.96
70771,100131.7
147069,60367.46
124547,205965.21
4600,241742.52
37351,252138.91
113776,439105.58
142646,127682.93
71600,144117.81
10718,124401.83
54465,72392.48
55487,150196.55
51082,185823.17
66296,99845.04
59927,66588.89
35843,81715.65
146844,128217.75
12484,97402.71
60181,323255.16
54645,83985.46
27405,170000.0
38453,143334.99
16438,173223.81
55440,353297.1
22882,128055.11
131632,113088.21
110465,99108.28
82194,126511.44
9861,191663.04
45828,296361.0
120952,191424.28
111461,149480.78
26947,230564.6
46711,55009.14
46303,136630.09
124387,330707.47
23650,161706.59
48678,204302.09
128054,100066.51
21798,435196.11
61067,263232.82
114102,273670.62
10344,178701.89
142330,100616.73
121095,218596.24
112300,78364.3
8029,210578.87
33924,271524.52
7957,181698.18
139585,91711.35
68569,148598.7
24626,127020.15
16036,137784.41
79365,46744.75
17237,63875.07
64359,239960.75
19217,132725.29
143517,74635.38
59707,273151.29
110777,50760.11
15033,116900.84
49237,154976.36
129300,417377.62
131451,98110.39
5421,241407.72
46517,201939.44
83055,126184.9
16126,194258.28
73149,461010.3
37135,185400.53
78842,183510.65
43805,284724.32
58194,127980.1
118432,81248.5
27662,122468.14
25551,75600.95
143292,146201.22
67528,91865.4
54250,228294.6
43284,199758.22
20245,192586.48
134662,163000.0
82773,57231.64
329,143414.81
128736,88622.07
1962,211755.31
29439,242659.97
64068,789589.2
51580,112216.07
11400,102485.65
132066,102289.42
9107,326446.55
58432,107513.61
19996,375985.7
61726,133905.97
124560,198737.55
44881,146028.17
141010,115889.29
115591,90821.35
142001,187810.52
119745,196057.46
37550,397846.25
11989,40961.42
31485,174536.67
15322,58333.34
131357,190240.17
174,276585.27
27153,203077.77
79601,168480.23
3586,179234.08
119216,184392.92
140769,164027.47
60250,111931.98
145528,220861.86
115575,211192.98
137923,279250.31
22864,256905.54
28399,356831.17
68649,195055.4
113042,170503.46
57061,326257.39
120439,68000.0
61696,162638.52
65978,62531.52
71832,453327.65
24728,115357.34
129449,105466.73
57601,64620.09
45474,177312.05
124094,99895.93
16148,181796.88
29551,503721.9
28006,114200.78
18862,163207.72
2626,413841.39
42421,177542.47
24775,87823.94
68531,93067.91
9605,135527.3
34343,98540.43
22172,87916.75
29299,138559.34
61810,93000.0
44099,255540.0
39760,173999.0
18772,132005.26
72439,105636.35
21676,307668.18
17343,271307.9
51750,146373.45
23039,259284.91
42237,255792.65
22708,135640.48
53024,191539.02
30603,117507.25
55166,573268.16
81036,313477.12
12857,194789.24
22878,420000.0
31123,129195.86
65186,154124.29
67068,139227.33
120576,95788.69
41203,160664.75
6511,205197.99
139879,115615.89
145004,186524.37
54907,192698.72
14124,156790.42
68246,56243.06
42969,112112.82
138033,120735.33
60788,301880.63
15975,106913.8
74939,71406.54
57410,98866.77
46333,88526.65
24848,94078.76
56915,129209.12
140605,156531.55
136941,389799.9
40096,319124.54
12783,158938.86
45597,472618.13
70231,111783.82
128260,78062.85
81842,98144.61
124472,258039.86
117804,153384.92
58244,57957.69
47586,196125.47
142781,85262.18
67281,180242.11
130549,234453.14
58922,130975.53
19231,36531.25
20227,293990.31
124854,114522.79
126774,325000.0
18992,130992.73
116295,102069.36
12814,115788.5
14456,159844.26
75963,166705.19
4993,101466.81
145720,96139.54
37283,208039.65
70984,83861.83
50230,404956.53
122682,105613.67
1454,222616.91
173,629234.13
114910,173241.6
135460,144787.75
128639,209987.51
47279,170418.45
41698,461461.87
139978,172857.98
11964,63319.95
37645,174580.0
72891,153932.47
63424,111923.71
39783,258725.01
23131,108457.21
12986,126288.44
124606,38815.92
6003,432295.99
32198,243232.94
55666,127812.52
31297,109320.42
139598,121384.63
28010,479824.59
4911,288339.65
3495,183035.55
68499,169748.19
6865,123860.1
127560,297758.9
58871,159274.49
45466,139060.29
145546,155435.28
67368,175181.57
75005,93165.74
38083,359922.88
48431,142809.09
23840,71573.14
27978,167931.98
10322,101640.02
22157,111321.03
136319,194065.18
38538,352396.15
14817,149480.78
123140,104187.87
41608,131393.08
145516,477007.97
13770,247227.09
69799,170781.91
37064,384871.4
15087,97149.07
68583,282884.25
60129,214880.35
111932,179921.59
4852,106104.58
136439,176650.01
133125,131466.83
10986,105276.63
67867,140675.88
34091,173017.85
111323,260030.74
32751,156363.23
33086,192263.91
81692,87437.96
1719,221093.63
57028,341971.87
8765,197636.55
10731,257943.79
59495,73891.78
52919,144943.66
5938,133805.38
39319,131172.19
35640,139752.77
77911,114047.06
33941,143175.47
65633,228112.78
18899,145296.43
32072,125188.54
44244,178506.1
32967,181941.1
124304,90962.41
112402,98679.05
119470,58991.98
68741,145362.42
64886,102403.37
23444,88224.59
17089,117967.76
120773,263391.29
63747,159481.61
55448,94134.7
71685,69933.99
52786,198142.26
115832,117075.11
145016,175836.44
29265,99075.1
133990,196283.97
39253,115282.85
141406,176106.79
57734,367378.66
61094,73710.99
16490,144360.14
118168,89810.38
4074,452695.81
76571,150000.0
38639,378660.79
120392,202633.47
54312,39745.43
124308,89768.63
41322,60333.97
7451,150143.88
68113,332567.24
28139,521030.79
37499,438623.64
15254,104020.4
112215,176445.4
73671,470799.81
147029,388312.64
83071,177890.28
39438,63626.27
138246,217338.71
127158,114802.77
14544,115111.66
120173,258519.59
5964,279131.22
42138,97152.51
72620,202908.3
60254,56645.73
71051,190826.69
42928,205347.57
136548,113851.72
142204,155738.69
114494,70488.93
9301,163271.72
28975,146091.52
26781,113467.59
10659,160729.35
47308,282332.48
132098,185031.02
114582,99436.32
141929,152647.73
130736,308095.18
65039,82155.86
63641,171500.0
83181,318315.94
39409,182327.97
31758,284191.47
117260,90074.62
126165,148288.65
20366,133112.24
128172,139731.34
10096,156458.35
13758,281319.59
497,159462.0
69100,300246.04
9800,367443.98
128285,127895.99
15979,288843.7
19798,81463.13
141128,217864.39
2166,148113.61
19968,112382.18
6142,181999.49
55960,183212.83
11450,151711.5
65170,130697.46
17993,273927.74
52798,159507.91
63047,58534.3
42286,81577.03
67630,152528.89
37301,146288.57
125072,165213.8
62697,60419.0
34925,295530.51
120552,116761.77
33325,277607.12
142147,58980.51
115898,112334.42
51221,182217.6
17890,141140.98
116310,180778.78
51044,189232.23
74396,169983.24
30973,380736.65
43612,217270.37
4724,108775.02
82896,310000.0
78708,163165.69
43198,185127.97
76348,173112.32
77466,287427.95
5422,172985.6
132629,111644.67
114085,116396.28
2611,101170.11
30794,372756.52
122822,89037.65
8639,236172.67
42544,219774.42
139448,132256.53
21311,96070.0
49165,119313.57
4811,154275.88
9485,358349.21
20916,261409.21
144085,137392.64
44022,109706.21
72591,66361.6
23655,114890.7
27391,247238.33
60777,71812.74
64741,51685.92
112485,394356.8
142602,108518.63
22440,92324.44
141473,126000.0
79585,207502.93
141144,120570.47
15142,86699.08
119523,326808.73
125044,74376.41
33699,109980.33
128479,260348.38
136313,125184.51
113320,144066.51
121210,249710.14
4941,98488.35
73352,76698.34
45919,180339.66
134067,105873.16
116327,95366.41
16237,183058.35
142622,551174.81
114081,336338.15
17810,123981.39
124722,353413.44
20089,110547.5
77431,183355.98
28479,86051.99
36642,97343.02
30980,267281.72
25081,330581.39
132365,70066.97
145874,129019.67
137019,52851.54
51334,83453.27
12016,56580.2
7760,215775.57
116927,138047.59
117586,94732.07
140270,81488.3
13055,193884.9
48595,145869.58
111684,195209.93
81669,240428.59
82434,74000.0
19951,156145.67
81820,142360.66
66509,110809.39
16992,156390.4
46377,96760.13
83188,111028.68
67837,180424.52
115067,90548.96
127393,39885.45
4832,104804.65
130833,314170.8
112967,431888.5
14760,170410.47
141807,156042.65
38965,127381.52
52215,103204.76
12582,140437.37
122860,194616.58
129796,272286.42
136500,218665.78
46239,160074.07
30369,103448.3
130709,328074.34
144577,228929.91
17013,290736.42
11516,78292.43
14212,211959.47
18444,136174.33
27594,206667.11
15740,154539.16
123943,119365.46
5105,149213.04
53143,182502.82
120159,227115.0
36836,208338.35
135723,289359.55
82916,84853.99
6382,124677.75
50225,257674.85
44651,88789.03
64291,302067.6
30115,171360.45
128558,155442.15
11453,101779.65
14244,147095.32
24680,102449.87
123125,156966.4
37239,126157.71
129435,92372.5
146076,262575.93
12747,133469.97
50433,151369.56
140408,85065.89
13167,272697.44
145533,146816.17
25384,88834.16
131987,92076.8
135980,114526.22
135942,214579.77
25169,91959.7
61564,73770.02
36701,132043.45
128776,81318.93
66406,117058.86
22735,155591.02
14508,169388.75
142164,63120.2
145747,277781.12
143726,151021.87
69189,88839.9
40918,140318.26
144130,61217.74
134030,291339.44
4734,115310.49
80199,170055.32
44179,231400.95
17781,189469.57
127495,403462.89
125821,257203.28
3352,218454.78
62752,134766.66
13105,68229.06
43638,350515.61
112014,85552.94
111685,145407.68
121151,118350.16
63149,139538.82
47604,118364.37
39863,291439.95
130696,177944.14
77357,42481.79
32316,241540.37
121619,91073.95
25163,121721.25
145072,138838.01
50058,70246.04
127438,90254.29
129009,128045.42
32552,134958.84
16991,133350.31
68814,92063.6
126596,140829.28
41582,149932.21
81705,292626.5
4289,134076.96
54630,213504.94
36910,93591.05
54426,194259.87
143958,236986.86
131008,161563.29
24123,74074.77
6674,53521.82
41638,244549.53
54263,144471.07
132255,120217.37
29357,155439.44
73217,217295.68
16658,84750.0
69833,137569.28
75645,183109.54
19080,113091.88
65856,236719.73
46880,151836.25
76154,98123.68
110514,47380.35
67801,136148.13
22246,123323.23
48475,401870.28
9465,90266.53
37613,325981.07
70403,61119.32
80941,345359.08
127010,262554.26
127513,103105.18
18159,176049.59
17612,142539.82
128272,153602.55
112442,86580.86
73302,143997.92
122434,65338.2
72773,169529.51
130098,148177.23
21277,144707.15
125602,245029.47
112329,224729.2
122983,131043.65
70969,167307.9
59778,263864.85
8747,112230.38
129361,169657.13
15660,223922.27
41952,103167.1
65943,103744.84
62813,96260.87
4306,251059.07
64983,293725.52
48338,113041.96
13998,107700.82
33008,213148.22
47475,222927.4
69145,129034.06
145246,177884.13
35548,135258.1
128207,245760.9
16590,198108.44
6761,68816.66
121863,63870.18
19133,301193.12
19361,320495.91
54095,245203.79
50402,318053.19
120701,328642.6
132931,290939.79
116290,241051.25
17939,125938.77
40349,105598.22
130730,87043.86
145926,182923.48
9915,262407.45
9113,199876.68
5534,227509.85
3337,326398.88
61108,174700.78
60520,116428.55
74237,173950.02
6077,212681.73
4118,31380.63
137291,185037.05
33595,100641.55
125278,148992.0
60807,110141.92
69942,172026.86
41785,105441.25
13665,70197.54
141120,309703.32
74115,39249.3
60042,262052.76
116776,51018.63
43086,102957.33
124458,277086.05
50245,254128.72
130556,110401.48
125510,142690.64
113972,104294.11
38859,147455.43
41815,161398.64
29852,94286.16
43623,169001.42
52677,150630.04
74967,206297.39
70554,315350.48
142537,147992.19
145238,176312.14
115752,104398.4
72536,137677.41
47233,136153.24
143938,360800.92
53702,178918.2
21066,121648.59
8808,83062.71
146184,143000.0
35733,111133.86
134269,217732.12
22133,63901.88
7849,277543.05
80661,379091.41
134288,161671.25
125828,208949.15
13398,176749.12
57558,95045.84
72288,80155.25
115769,66874.8
18673,227080.32
113428,153099.71
53121,236617.05
38099,368093.41
122611,168260.48
35918,180661.71
23,242128.86
43564,52172.7
134648,160223.99
30134,421642.95
144341,57348.5
43572,71035.55
14854,178154.22
122218,243406.95
146795,140121.38
141905,117179.69
6520,223176.34
43799,155594.07
126100,87083.31
19112,386707.85
142491,266237.52
137820,195775.01
112210,413824.26
48063,85853.49
57669,130644.35
68611,161118.63
114272,120683.95
111026,133033.59
82439,149688.94
15573,153321.59
6730,63771.62
79813,124305.79
56286,115176.94
139244,171642.21
16228,153143.29
123079,104059.11
77803,264802.29
116255,165822.85
19516,120342.75
33588,116766.68
116614,117975.21
110497,204670.1
58332,70161.97
33602,84583.72
115149,93484.94
113812,186307.32
26254,98029.15
123601,203119.14
81280,345729.53
58362,73087.03
18068,104091.63
58000,278021.55
37433,79184.88
127476,102891.74
128980,226302.83
77660,179174.08
11140,73923.63
54432,133844.72
12384,71783.26
80880,93682.48
125150,247761.78
60363,171396.26
18291,188628.39
66829,257271.02
40675,266963.85
18769,193032.85
47937,96453.68
132737,61924.38
34896,116444.79
76193,282468.05
27539,104764.41
74430,88286.6
72527,255996.97
17100,71522.47
81947,237640.8
63527,138447.16
137156,183981.93
126852,125355.78
26505,85964.09
13870,107222.74
43078,439914.76
143326,336816.98
44327,530840.65
9656,116074.12
68953,230645.25
49070,97604.55
126896,250450.78
12624,104122.94
112334,93430.41
15999,191743.71
115946,276171.89
14658,348680.12
117202,237902.85
73009,62215.74
35697,34950.0
12877,244874.16
143515,324975.76
123683,397958.12
51891,272279.48
4145,404405.48
124205,170264.38
26990,191012.97
46780,192690.25
136050,109229.46
65744,94855.79
33612,177405.38
31973,468851.94
62817,160014.02
114144,124563.35
79323,429849.46
27794,153018.36
123592,237382.59
17892,198119.56
17415,254515.2
42092,174667.79
76447,80358.76
55043,169143.54
81761,140814.52
135806,100693.93
119517,101169.79
41777,205860.38
75836,105910.97
49544,188382.69
59918,128053.16
71669,268472.06
120977,186533.71
5187,69088.22
47575,426186.04
79307,273505.76
29911,226297.2
130130,170000.0
2837,570271.62
80075,198840.9
135209,173216.14
36954,290435.8
8242,195658.54
28360,133893.62
69311,70861.01
15847,143831.12
43816,264823.7
124475,229839.22
142787,75762.05
140394,240617.89
120758,69797.96
22461,114907.77
68653,120063.25
20542,341487.97
13127,163012.18
121119,216119.43
54243,161904.25
50215,157573.9
5166,49673.74
57490,267770.47
13153,226411.62
31851,188000.0
40564,210572.54
118094,498670.85
13449,150496.63
48067,475530.2
127187,228917.63
142962,247113.85
33470,128907.41
29772,110977.72
18941,545088.61
52508,116339.7
1154,500470.55
137520,198434.58
6819,189333.7
134982,186965.13
71119,140925.92
75741,130059.81
111179,78701.04
28864,84069.76
124838,183535.8
52646,261579.74
112136,261732.11
78781,232557.93
138563,159643.06
129664,127118.64
3677,442132.53
140184,209267.56
137783,197658.35
144946,255000.0
138170,135947.51
146632,105070.57
63525,131322.19
19571,197770.73
82821,122289.28
26966,179445.62
126846,177513.49
133290,128504.13
70559,241058.83
137365,235706.83
58987,162862.33
17469,223411.68
38382,198663.73
146494,352743.81
82235,134165.24
140484,307951.96
14827,100531.21
80314,140180.59
28419,239143.45
77817,96953.72
69506,557146.01
20751,316150.19
65815,138733.24
125015,123263.78
130248,145295.43
36328,54500.0
73145,303038.14
31455,107125.0
37885,418039.78
16839,335861.5
9934,251947.8
119723,93299.96
19681,247217.37
51130,75730.0
34757,64829.24
71075,348669.03
134452,197969.35
29374,198492.36
132974,97910.89
50791,272697.71
61883,104390.1
121565,213250.4
1395,59777.01
133569,65922.21
47787,551829.91
117775,127120.29
54946,69467.15
24652,166407.15
135600,279800.67
45294,196564.31
55755,114000.87
113108,87527.43
25607,105650.02
119212,108974.11
52637,84465.67
144620,154738.88
28239,185934.87
128352,90208.97
51346,125777.65
37498,571390.03
20695,534431.22
37500,431758.25
121548,92116.59
35597,100279.18
13860,279114.66
49433,168078.83
24696,106901.21
111625,468329.1
69848,55218.56
24760,136275.34
126461,173753.91
45633,110719.48
66965,192942.54
41373,327138.75
67292,118070.8
38633,256114.17
13362,107974.2
138821,143857.0
68771,414069.81
113653,236978.06
115882,115106.04
123870,96385.44
112115,245298.58
50511,120835.97
29365,186000.84
55642,90314.43
140475,104963.84
50890,152136.74
48096,145577.4
146155,114762.03
23591,146368.14
14613,175697.49
25501,341931.96
28347,85810.06
52136,212526.58
62889,111166.62
15318,133277.21
30668,113927.4
33715,340918.62
117176,137715.46
80469,346967.76
45174,297126.95
41529,188715.57
78971,457277.12
36013,200656.8
144725,220327.25
112548,156182.3
141644,412097.97
123829,133786.9
34431,87349.48
65988,220614.47
130170,428722.11
142985,125131.29
39724,162853.88
27524,541527.71
31237,187270.46
59194,155844.73
25535,119794.38
26532,154575.58
76596,117624.95
134538,166212.72
74604,223530.62
111989,202198.18
62005,46866.15
138436,229354.67
57960,132710.64
127221,159297.34
64752,189269.51
71263,197071.85
19486,134214.06
129587,59650.89
82253,119758.01
28203,413307.43
73533,162000.0
63508,341848.28
138184,87828.01
54010,134155.96
5377,417392.31
112777,279711.64
70622,143138.33
46451,145000.0
76434,112975.46
76014,274262.5
67664,49500.0
10086,224063.03
38629,310047.42
19023,212852.44
6671,40028.12
124496,230158.17
63644,155174.55
4246,663307.94
70599,258570.07
33483,104607.5
125864,95516.91
147024,307781.77
125911,131327.96
136032,93729.83
22128,146312.39
3197,269007.47
124045,81352.86
110556,314605.94
65332,271534.78
71230,297190.52
131731,67945.2
138325,123575.7
11976,68173.7
131798,83573.65
13121,178379.49
43930,400599.21
142007,535246.85
120464,104793.26
142523,152085.85
32634,73312.74
2586,172154.57
76626,44285.35
19835,151637.45
139045,237188.66
61273,192865.25
43174,108806.33
4210,171688.09
80829,249762.85
34968,93367.45
118931,191177.48
71875,82907.0
138227,92599.1
133063,146610.12
29028,298533.22
130180,187796.14
1015,130126.61
15390,135024.81
71262,122039.84
145139,153000.0
144156,38262.86
140953,138924.1
35234,186766.96
34575,372046.25
139888,154599.51
127042,506996.49
44787,69681.03
13918,457203.89
64563,123192.04
142785,174265.81
140329,208065.6
6042,117993.46
144115,70006.82
43814,290603.19
46455,249825.12
45618,93840.83
59310,147493.27
131332,177065.52
80343,44298.21
6421,111170.41
133658,83527.49
20797,61969.84
20836,161573.45
34192,270533.41
82808,130001.93
23662,160984.22
8716,173620.65
12512,185910.69
46741,89556.61
11207,167748.57
80530,609684.74
51405,64544.12
57076,185579.6
144962,211708.8
38127,102284.11
119447,326924.54
140392,475396.65
5305,179365.43
143203,79412.37
28653,90042.94
42674,97895.18
133173,384930.46
122400,204858.54
73866,162702.01
22905,198190.76
67691,55812.18
17733,116783.06
24272,89527.75
142820,60325.73
26047,88894.39
145205,197680.95
6002,130092.72
145258,161388.31
33401,87776.59
134549,236707.1
127808,164512.76
733,457453.54
122199,330363.51
14177,436870.05
123531,223753.42
115954,123551.12
54585,154441.38
143387,125284.66
123982,79409.96
139356,63924.79
2970,91267.5
51577,597135.64
48497,204559.04
44698,97300.0
45586,206888.99
131988,108191.12
10172,50108.41
82121,133532.72
22509,214124.46
59222,72356.95
63094,194471.32
41720,72523.07
45097,160422.25
122462,199636.97
114395,104033.86
52318,129102.3
116840,142280.68
117978,186261.17
48565,154593.76
11808,43000.0
141972,178032.09
21261,234895.78
120710,360727.88
122857,112284.35
72752,139594.54
63728,118878.66
12218,93000.0
121774,83924.42
4944,111941.86
368,165669.1
114155,204405.51
5231,124407.55
28065,215109.33
112736,238052.33
43079,119187.79
24225,209090.53
133140,148434.5
128402,48407.04
32959,161620.93
63123,210276.07
63625,148449.3
135389,196745.93
131346,134582.36
42966,168724.37
72922,131376.18
125693,179236.74
46207,92873.39
145883,486286.59
131548,100127.11
119796,83413.13
68871,489512.53
142595,121662.1
51682,312669.23
31940,201696.18
28995,105471.18
137290,205468.03
20876,105035.29
55586,350000.0
111408,454358.36
33620,99421.91
133058,80740.35
130750,122638.46
56593,238527.64
44991,95356.71
16433,139458.27
19303,491393.12
10263,78457.77
69973,132897.27
143870,99171.51
57907,191705.72
30985,75852.66
81801,130255.62
62508,65873.46
13297,121456.25
136458,270049.64
144554,177142.17
123675,190000.0
4702,181174.69
110843,120072.08
43159,168568.62
139998,60710.71
142534,148873.04
21413,87991.09
29102,367029.95
18043,110595.41
16644,72448.1
68951,112923.34
3150,245190.18
15095,49879.49
144437,218928.24
33922,37494.11
45050,173101.93
128421,198168.07
71063,145731.26
138132,153704.74
10638,98111.61
140298,112869.42
18571,133002.71
128869,184941.57
128882,180642.47
75193,277185.01
132343,102151.67
64689,216855.4
6062,144178.13
44290,137937.76
121642,85566.05
76124,278252.28
121216,530740.86
49230,56517.47
52319,76211.45
131861,190820.43
53537,122049.2
18454,349219.46
82515,82624.76
48668,114170.81
131605,151141.27
52443,70363.69
141066,71315.67
137534,99418.06
52609,228758.76
110680,91548.08
75215,468068.69
77257,484643.65
7632,59151.64
135127,125125.93
146395,205933.55
18411,177575.81
48264,92730.25
38219,109398.35
122346,129000.0
73940,152859.9
50357,141874.42
4743,297165.78
141043,114154.88
31226,237936.04
142593,66301.85
45522,99700.6
56706,47557.01
121023,139520.33
59001,143807.65
143111,123137.22
57440,128070.38
20814,105351.8
55064,165896.84
27198,124418.1
146230,140816.6
138344,173363.79
51831,159284.8
135988,269391.1
120282,291845.91
55710,169966.14
77190,259250.09
10309,259103.07
11521,62458.54
36162,365666.3
54308,115000.0
117995,40944.01
131710,87474.43
128886,192886.59
142891,157922.89
18594,130654.21
124523,87714.87
60105,84669.02
12538,70240.58
130593,286682.72
111001,577544.4
16091,97632.66
33933,129241.29
17614,217311.69
42954,121361.48
125064,353626.08
131899,213922.55
128119,148670.62
32680,66863.21
50177,89610.66
136496,276052.79
51812,83140.64
139897,167216.69
25918,146274.74
67584,102670.46
38229,260321.99
76500,188953.44
143698,153914.78
14357,69090.13
74848,169828.09
137941,241159.84
43152,79421.11
4970,240047.92
13781,116787.01
73268,149628.68
124509,173840.96
54821,156124.92
132510,177450.54
112134,203372.76
70986,228177.76
121320,112758.07
58543,207380.52
16146,110309.33
7200,165115.62
75991,230348.66
114543,176637.37
62974,145536.56
78132,251537.39
5211,165151.75
38937,85373.8
82765,189621.22
134436,375839.07
144412,96560.26
133298,93608.95
26757,209753.02
13939,78833.96
47951,372244.19
43122,87979.01
7028,166566.73
72370,167300.18
141314,338546.26
146511,225924.06
5368,290911.0
113257,215071.87
141744,321567.55
137816,184137.61
13046,241521.21
132429,72247.27
71411,120715.74
44774,83958.21
135510,399674.34
137979,187474.07
121206,126067.77
27695,159320.89
37995,97251.55
146214,110463.14
122320,245150.8
6517,174481.32
30401,108023.32
138180,216960.37
116876,128524.46
132401,215365.59
142924,107976.35
142456,97958.98
136392,202735.54
131221,251413.84
132359,189852.63
71784,157652.09
120604,181646.09
45301,266453.35
67511,117610.03
17327,133724.79
136912,127010.97
25484,133942.66
134270,184994.72
78773,91613.3
45197,120666.99
66502,82795.67
64880,71163.03
3539,86424.04
25258,216111.33
140770,84633.29
121283,43026.46
50061,160392.19
17195,213211.67
69022,102971.2
73656,122362.98
51290,79000.0
133814,87227.98
117259,132764.19
32543,57040.94
16053,176615.99
71920,283422.49
59395,146693.64
1465,137766.98
64832,98000.0
126280,340677.31
36107,53007.85
111161,111353.87
136331,94031.02
125682,136524.64
4228,222391.8
119714,256360.32
139958,211717.35
140073,33333.41
119561,65048.17
56620,81739.72
139033,123000.0
41307,103902.21
79477,45186.86
9150,159855.48
54861,110973.63
29214,334211.12
132501,237470.64
111157,494932.19
18851,108681.05
121835,98000.0
133287,65000.0
127787,340006.51
137771,126616.65
127656,90690.92
117450,62670.81
38576,91757.89
51298,53618.62
136658,236797.55
16175,177235.18
12200,180086.43
46347,175032.79
112715,293487.12
134955,125781.79
40312,173741.06
8375,136663.63
39529,163671.42
74714,95303.06
121842,175876.77
123741,225217.15
134734,196770.96
21613,270912.11
76730,197127.61
130802,334760.26
132559,114269.98
59026,164238.77
80557,55604.05
43139,194785.36
131329,88667.38
140602,168109.91
113770,72195.37
58639,219020.05
111282,307493.53
76654,98360.8
143803,78037.69
31252,219943.69
12979,316292.99
78943,259377.7
51166,208806.99
16688,63774.72
77905,177819.05
116176,159768.42
135011,64962.21
31949,136141.92
29322,242487.59
68245,156898.93
63997,135950.8
57522,170630.41
137108,229440.18
117574,118999.22
33611,150187.89
29337,294264.53
140926,66667.34
112636,142694.93
59561,46649.42
121358,161854.41
11646,145369.35
58991,261540.8
135674,148735.12
126907,149135.86
66948,154582.49
46855,220451.42
4592,160154.72
44856,207708.99
21462,249416.94
70918,170844.93
111643,447871.92
56466,288439.77
53502,319981.75
137394,107420.48
146266,243354.57
124456,492609.32
14628,397628.35
12355,189638.84
46380,153492.63
65782,117314.97
16720,221696.99
118325,145513.36
129994,212689.08
67377,262947.8
53343,192837.52
45225,217624.33
59633,75291.63
143307,143701.25
29713,204637.64
41438,100338.57
117235,113955.4
76727,69216.44
118927,48103.52
130205,136235.88
40371,182724.68
25046,235239.51
20848,303663.25
68468,339915.46
133447,536962.82
66020,75000.0
111727,114027.67
60566,272603.61
64471,40646.85
37267,211635.68
60008,80804.16
137419,120371.43
142438,134641.73
74861,209467.7
55709,123038.47
75806,96655.43
124829,232271.91
79974,67983.81
10490,174178.39
13820,174884.65
120844,225364.24
25168,212903.78
11133,218237.57
81133,201160.92
2917,85057.38
76552,141413.92
117366,231478.09
68755,100729.51
34931,175440.02
127105,260721.04
134451,157468.69
127183,196556.59
35655,208343.64
18242,103048.82
40389,123791.58
44139,496023.12
583,141573.32
46265,189579.2
118509,240022.56
46108,166358.52
69144,49828.51
56628,131857.99
44129,316475.47
25083,164399.02
62495,172543.16
3765,148571.84
47420,117433.62
22534,129934.04
115076,366725.38
79460,89257.22
75148,73379.76
8183,77343.13
142558,158782.69
28753,120984.64
18708,374861.26
112776,155399.04
22847,270542.1
59027,156475.66
112229,278164.03
137046,204224.12
137125,195649.14
125624,187135.33
16215,87785.27
38350,272999.8
19100,316307.31
142542,141763.06
117768,134565.6
52489,155375.57
54447,110906.8
20976,69865.8
20870,152006.1
33658,51116.56
125897,342842.64
51646,148540.2
123481,74934.04
53214,342947.37
44421,139363.18
79979,80803.3
134834,106813.21
60573,381226.79
145824,147325.87
43651,161056.37
18177,125625.87
121233,81863.04
136125,206114.84
50535,56394.98
33671,81520.38
57722,335000.0
66712,234319.28
75897,108460.65
140834,102972.28
6831,275327.25
61337,132718.17
133154,305363.22
42846,136806.44
27410,245548.87
32895,104131.45
111440,152408.41
117236,100723.6
67766,45562.29
131659,186695.74
45405,164594.62
40961,134249.85
70263,154869.25
56708,127294.67
40522,106293.27
11613,85461.46
65008,66961.99
128188,228424.7
118558,250632.62
11156,124359.15
23442,232981.73
145735,361754.11
14727,78655.71
45961,136435.74
15454,169623.96
20030,296583.0
64576,297594.77
46659,120973.78
80162,106990.94
41668,145295.66
124885,313177.12
126520,164355.61
35740,182925.48
51011,358298.4
39994,88030.72
62953,51998.46
116086,57094.57
9914,181467.17
118983,205573.54
34945,179374.55
137881,139443.13
65094,273933.0
69257,101971.15
112871,205988.88
139611,177687.39
118487,110932.29
24139,107413.79
46566,182792.91
135527,108883.63
15532,237322.23
52714,121514.86
121074,85622.88
29972,141465.72
21015,260698.06
40344,88598.63
132901,133162.71
43096,266763.0
129638,143182.12
134,201131.0
133452,94731.17
126566,51445.92
19118,250038.0
76754,94707.85
34989,217927.55
56092,54837.65
41765,87329.57
13157,205884.02
67988,153407.1
28971,183926.07
111845,104796.78
126393,253103.51
111406,373066.03
65713,89039.6
69808,198705.9
10610,205512.98
35000,110760.9
51189,259247.02
131140,370442.14
122160,178076.81
69649,225000.0
52518,259200.26
134528,121435.59
50234,187000.0
81089,424752.08
58996,152796.1
65285,213401.17
145773,130183.2
22981,77445.77
76210,280675.82
75032,87816.32
111172,168816.23
122156,57175.39
75333,97395.75
4122,140326.17
49437,234974.94
79705,83934.07
2646,189739.45
35426,98704.49
13335,174076.18
41853,112367.8
117174,168408.97
47822,95793.42
122496,159565.78
61068,348184.84
145577,63722.33
8856,118041.94
4295,699734.23
4173,305807.39
78624,242274.14
18123,189328.54
52044,218187.58
42615,126391.79
138172,353016.55
14060,101052.23
129355,157445.79
116225,117108.3
44177,101491.24
42499,107132.2
40023,142065.81
31867,157057.28
29622,168404.72
138723,46696.16
117939,203761.25
36241,155923.61
119708,104227.03
121004,230758.29
115611,271793.17
61867,257761.5
20306,99500.88
125941,110017.79
126759,246313.57
129761,187146.49
115515,340070.74
133641,145760.1
124012,211677.64
111005,110397.98
120350,91489.08
145116,259368.38
68916,160320.24
70718,350789.62
80429,80632.94
20091,280713.37
45930,178954.78
77156,192152.36
63905,110053.72
41391,138711.56
139698,264941.66
144410,44290.99
115134,337844.02
14162,117110.92
50529,103814.48
132257,179008.67
18181,199149.24
13840,162411.83
112538,162027.26
34426,202793.18
3915,98733.62
130183,144064.74
41925,156212.91
30381,138168.48
136051,396263.36
19682,158454.72
10362,156530.89
51728,151643.03
45087,207525.6
13015,160312.27
28432,170000.0
45339,101293.39
55149,60927.97
36941,96081.89
57777,78104.3
53291,145479.86
124028,203866.97
35486,330825.02
144162,80284.58
76119,212508.79
3519,141731.96
38596,388641.45
6752,34485.86
57670,144500.16
73036,180690.36
80317,193382.16
113189,571480.2
45156,84479.92
115372,75607.6
73962,286606.79
51058,311269.48
138591,159444.94
76499,322170.98
34485,148447.93
6459,419088.12
110310,64002.95
67038,182359.27
71387,122123.28
6103,405803.06
142025,160141.28
64640,387978.33
127686,185736.03
60814,75528.4
50902,92483.13
42813,92955.08
136878,184761.29
136354,98129.04
30722,140635.32
137068,158517.52
56461,171951.45
77264,214024.25
29892,132989.75
2226,343546.75
12407,141837.36
14578,181010.19
140720,511592.91
117309,140112.0
30660,368241.66
66041,74745.66
44594,70771.25
52888,220868.43
75010,125000.0
145791,115807.65
26809,77286.06
82037,172750.86
14835,175295.5
11920,54194.39
143620,165217.91
53651,130483.45
44828,138721.83
50268,278400.95
74596,143216.4
65455,264213.92
45657,169237.91
72776,364801.04
138774,236073.82
72882,103647.28
40697,61599.68
24700,162869.22
31979,102665.25
77071,40266.35
128630,130246.03
114224,118403.17
123742,478001.99
138725,65094.08
133492,145899.69
9484,193913.69
122574,163553.77
117955,178481.79
55746,229243.14
141611,238240.21
7263,242359.05
110245,215181.52
59406,299396.25
19125,70145.39
136173,118384.96
40276,70194.5
67025,197681.52
127735,66559.07
48304,113060.13
147178,88377.47
61706,208683.4
27629,106504.58
1219,115373.26
20790,299259.55
145157,177693.23
19310,115059.77
52839,165039.22
72119,143962.38
126745,177513.72
375,153850.2
31578,76224.05
140413,78670.04
111011,97376.46
134822,89516.41
142675,97090.6
136057,117714.78
7081,118593.69
76423,143866.47
31948,80354.58
49266,129500.0
38333,106176.03
115170,117367.37
123404,48621.23
26239,135152.73
56421,379124.81
30404,122421.43
3286,245430.4
22788,106000.0
20487,231121.6
61566,140176.21
3606,262157.27
11438,164712.3
138760,197989.7
111364,107706.76
37137,184107.49
143952,120461.98
137368,274705.3
50833,241203.64
122457,124837.44
118535,147750.14
132238,101935.1
121066,80862.24
135482,134817.9
66738,184600.13
74962,181327.97
123219,277148.17
79262,62079.68
62211,274555.14
11404,188213.46
66899,241167.81
80959,326415.19
49293,104450.25
128069,286735.03
1543,104176.69
139760,278137.43
44723,149965.58
80521,73516.14
22112,179683.31
55154,393336.49
23735,305038.8
24556,68983.77
51706,186824.28
51545,189970.47
144676,92854.51
30581,125935.46
136390,84000.0
1060,114680.67
53619,132833.45
48642,63886.6
120396,133484.77
51815,144565.61
31814,293440.15
46002,141517.09
44450,142951.65
15692,190469.03
800,77140.2
63081,237990.92
111528,173776.98
63179,301421.6
20803,102173.49
117683,65455.65
137191,115534.84
51145,127081.17
49818,137460.08
70089,101909.21
68985,319445.91
126342,190000.0
19446,358810.06
56601,91694.48
10540,186131.64
16236,96704.82
6344,117435.37
28371,65925.82
111831,52889.31
122628,239539.4
80053,247139.85
140165,83688.79
135716,160554.92
126225,136507.24
111731,210916.99
133488,99400.8
6173,159978.47
4893,188053.34
147096,87899.53
35139,257202.27
77378,149102.05
119635,127637.86
74093,81737.12
132260,338326.25
37543,119496.02
56021,134699.88
40384,230649.51
81180,126884.98
51160,223150.72
45874,164859.57
127165,245440.09
45833,105256.51
115112,254256.48
48430,251706.96
138417,134760.93
135477,221258.71
48572,106917.8
138211,238533.68
42910,111051.71
64012,427104.33
52667,79772.06
118164,166529.65
54154,131477.21
141445,61214.86
135563,155702.7
62369,125374.74
56550,158803.32
37379,143624.38
146438,206127.87
1801,169556.93
67545,145718.3
69714,246804.19
19445,186315.89
79147,55392.64
135442,110366.2
66232,222351.01
4281,86322.14
3903,231131.29
7027,186640.31
115275,75023.74
146925,638891.82
74428,79823.09
80492,270467.96
47851,112645.98
71910,68096.94
147040,108401.63
40116,97585.78
128578,111204.21
50835,241382.97
137949,164181.29
52480,148595.29
117233,79927.18
76509,184912.51
133718,784035.01
21119,121269.52
146142,197139.39
1699,170092.6
71698,253251.42
47705,76600.0
137741,55496.07
68493,128388.6
131660,141680.53
117595,107562.04
64866,298061.18
40147,287270.28
82230,44342.46
14084,64366.02
36899,108880.62
31016,195001.74
141070,367464.55
45965,85506.08
146456,239179.08
10353,66408.65
134577,215991.83
146944,371395.33
50514,100230.19
2904,68654.42
37935,234604.05
15869,320988.4
36098,245146.16
65780,82320.03
72291,83963.36
143402,99796.3
131970,97004.56
40929,217063.66
3703,117507.38
116203,190248.38
143543,139852.01
126606,121406.74
59064,227873.88
71791,178279.71
7608,464700.94
71801,183662.98
55070,296971.41
42199,51994.58
135300,139408.78
61073,63079.8
136731,110450.13
2232,154473.21
112855,102627.42
4021,193931.22
24896,503283.43
68369,247736.75
18739,117582.22
49330,245024.49
6053,484507.6
79693,149938.05
24303,210785.96
15366,241498.23
8407,165161.59
16015,241667.89
75972,131966.44
145112,118263.27
5199,530230.87
19442,171992.67
63664,215246.08
3442,147114.1
123585,110458.32
118077,120000.0
67661,39364.78
38328,133127.31
58798,84100.28
124232,86872.6
123973,119967.89
63331,343345.47
43972,104218.12
145242,87764.58
66621,125528.39
11406,86836.07
19252,300117.58
55972,85401.68
8631,284000.0
143535,237968.85
30737,104499.54
18683,151151.55
13544,98819.05
7581,136830.74
44231,219969.53
78518,186676.66
127249,161267.26
52417,244367.17
72412,72068.83
53216,130151.3
114344,245687.47
14734,346791.53
46043,149269.11
76436,133758.84
129050,310274.87
38273,194050.56
15554,247487.73
8050,126658.63
116428,122611.83
64349,235062.57
69543,371331.96
82695,36329.0
33354,162960.62
118576,266340.1
113863,176819.51
42144,359760.4
39806,203946.21
25175,139786.83
30942,164870.89
9009,74725.81
142740,54182.77
29682,187735.1
136285,170203.89
140443,231846.4
48045,164834.39
111307,128199.89
120934,257952.3
35232,189792.57
123286,92480.62
54051,253472.04
132392,171922.86
75238,121993.68
35877,218240.07
116128,222779.43
57931,208050.89
6503,87820.91
42854,82413.42
121952,118256.56
578,320098.7
14711,91865.43
19673,168504.88
144417,76327.47
21669,121079.98
17706,210000.0
67158,115001.32
43074,242500.0
70498,111228.07
70863,160412.61
143021,87801.59
43194,203653.52
123400,103954.09
125815,131912.9
120590,433149.6
80565,271108.8
82774,54841.95
78125,128235.94
111110,62560.93
122613,105906.22
131078,135777.56
15544,253300.02
11459,226016.6
63651,113771.65
6981,156475.36
141887,130442.63
130946,165716.22
80008,244875.67
137076,324913.38
67869,169194.67
63017,222993.82
135533,100288.34
41010,177709.81
9199,94238.45
137780,163872.42
77593,280371.84
11510,37486.3
110555,147583.2
136144,98703.91
62233,284366.59
111263,245511.91
119795,530471.85
45427,241178.96
23243,192563.97
17630,352537.32
51809,133069.81
72553,364135.53
128372,103102.39
58793,106998.39
3479,78790.88
34742,253831.36
40972,133072.21
47424,684879.57
21112,205985.38
122069,183404.66
58659,114395.71
78692,63500.18
2519,135285.52
114176,91042.58
43136,128213.17
70834,77014.35
38727,188713.96
6055,120375.13
45143,224339.6
126802,80572.92
77288,139479.26
30723,108175.58
68303,263237.61
5078,134612.04
123225,117028.42
58392,58018.19
76559,137224.74
2698,159063.05
138190,112496.14
123911,210239.43
52376,187369.11
42755,100466.32
36672,269863.72
11852,48107.43
48931,82523.17
43989,146706.6
123215,147873.7
137955,138501.68
119516,111317.13
15821,213381.88
143966,150119.94
119765,207599.52
12916,154488.9
63453,59299.62
111651,142946.99
10771,236340.11
56282,445562.59
65017,463088.88
128320,111980.01
79859,92762.96
50137,222494.13
118831,193812.33
15151,95833.61
117689,160974.42
130031,52381.02
28959,191537.79
4964,328462.76
4051,272819.45
159,262145.14
15801,132998.16
127463,184231.65
17961,98888.23
111190,195718.2
138459,123960.94
124624,148531.38
26380,116321.2
137410,217189.28
44116,156771.74
12971,296768.55
9326,396622.97
78987,72633.43
31712,100990.93
77459,608467.79
40334,157156.34
122582,183744.67
43789,76759.68
121561,335585.74
54230,201002.6
120271,111367.75
19904,352078.54
113937,75747.19
126013,103810.17
60004,233170.93
15463,306493.94
146168,71805.55
128598,175000.0
74706,105896.85
72556,570744.59
140728,259206.78
20452,100004.82
75925,84300.75
112522,96765.2
57144,151812.07
55177,239240.58
47590,141484.55
50048,47011.01
42979,190270.85
37592,163010.45
111115,285159.78
25326,87661.44
19146,98433.6
145196,123295.22
124655,152266.84
130913,122692.69
119445,109927.64
58609,71033.26
42248,72218.63
71660,145000.0
26782,162256.72
130897,53204.3
124833,355664.55
119346,163114.31
16488,266960.99
33125,112599.48
57303,87384.43
53748,131242.88
13457,292806.47
44869,361158.4
20429,137952.28
15051,255035.79
114383,107698.88
58229,131650.1
24371,177856.3
111598,231805.54
119622,128317.09
48186,107262.88
9035,130930.84
69970,197720.74
115395,250030.64
73967,240000.0
34359,117727.54
31133,148723.35
47689,120308.73
24738,186421.54
27940,79732.19
7389,116152.6
38462,172136.92
30413,266097.62
122098,151010.91
122379,106504.56
1694,76118.76
20351,143190.23
137505,477715.93
119157,155556.13
52880,104203.92
77010,78601.62
7594,129114.17
73346,118215.92
63101,190684.07
74775,357253.96
62063,306058.84
36858,122789.65
8152,137684.35
60523,153854.27
3916,323780.76
29003,333946.87
134198,111140.57
118733,152665.01
34705,404938.44
113902,155348.38
13491,165017.55
144649,169421.58
35840,103524.25
146023,137255.98
137200,104821.5
42414,258721.26
80807,245582.21
3890,133836.84
37896,103513.36
115810,131250.45
34803,116887.37
115571,310211.09
116396,138510.15
139118,168183.17
141354,358394.65
36708,216767.07
70890,224487.45
135315,131866.46
142757,206321.18
61657,146743.26
64294,79178.28
27500,92803.74
47826,111895.41
143922,250616.83
22520,168679.18
5339,383925.26
129501,112177.91
120139,136472.84
116312,177307.28
45617,173542.05
51493,100476.7
66204,136062.1
56128,185853.62
131967,298350.68
122396,417919.88
124108,308594.11
18190,100408.96
47263,97154.07
110553,101632.72
62343,73012.04
134708,205000.0
145477,266836.8
73112,145124.25
26728,132712.02
139975,153238.46
140895,127401.08
67176,161268.68
123372,184325.85
114849,106073.89
140282,213377.41
19452,188827.12
7992,86001.43
110268,82917.86
11236,172872.86
56500,132958.16
11507,58161.31
15292,188344.99
77931,442015.76
33264,98534.81
49458,150780.49
7808,400534.93
21932,184489.09
58614,133667.99
51473,111021.56
48115,177267.69
36363,63144.14
61001,46389.2
144950,188900.02
130616,155463.61
38381,147077.36
27231,173705.39
19228,115703.97
42133,192478.43
40959,164651.19
30752,95256.43
1653,255497.38
47930,144334.89
20744,187701.82
18492,208248.45
20592,158069.67
6371,547704.23
138263,161997.71
18568,130919.13
10570,133084.89
11178,295216.02
111857,134284.71
52251,195722.39
1851,80387.43
36043,146920.45
78306,597483.14
119403,181283.5
52640,583452.84
127650,96304.5
19467,168345.04
44102,255203.81
66830,320888.88
42529,530000.0
124553,44514.06
111373,67703.81
22536,161460.41
31741,101982.22
76963,97465.25
38272,282108.82
70768,89163.53
74649,130783.16
126719,199557.45
72336,150115.88
144553,139833.33
17984,318730.38
67829,275956.62
63890,330308.88
76355,64828.52
80488,79193.94
56850,134850.71
83178,64216.85
4129,76757.3
14597,108931.85
35801,272758.05
58652,115690.81
19685,506543.06
61229,216805.44
54925,312884.44
146167,153504.54
120113,255600.0
128469,84044.77
71270,100054.75
9359,114723.96
71653,136473.88
114703,107605.12
131638,262986.82
7202,287258.28
72718,145253.57
3980,85855.88
28769,103306.61
119609,201611.76
4227,249697.99
4972,114000.0
49383,156571.15
19513,232409.81
16532,146009.61
125416,72502.76
33465,113244.99
522,104482.58
70515,69773.85
135966,105124.22
82495,167880.92
25232,100775.42
36207,182054.22
32642,50305.15
35898,153093.89
77248,66471.83
110408,114162.4
19382,93032.1
6706,60581.97
60955,191794.67
15996,181546.34
3234,80912.8
52302,58646.85
55542,244247.33
43236,85243.21
37236,83982.01
18311,240897.07
11952,36516.35
17559,171808.13
130558,179813.78
9000,456620.87
132361,141000.0
63006,153992.41
33615,188475.64
114120,136424.35
113291,217458.14
141758,168207.68
46649,146296.47
79918,75963.06
59104,263436.45
24876,130421.23
142086,507016.26
51539,98840.14
81750,161129.52
64457,96885.49
25338,97754.77
136214,314838.48
3457,162394.53
135810,48711.43
118351,386383.48
18384,140704.69
17896,47024.81
78012,159054.39
24353,164482.49
58960,78807.77
1004,106140.43
111586,56467.23
126310,124521.24
38181,93769.49
137654,117448.52
70684,179011.68
133654,115051.88
3873,165663.23
57925,95975.33
50019,82773.91
120109,150193.1
120026,272800.0
438,379501.1
120582,173865.54
31646,194033.0
146572,101849.67
10312,91117.04
23977,74138.48
30540,344298.94
139222,90902.74
81697,188508.99
65748,61805.29
146493,131697.29
62693,245558.5
52391,90104.29
74255,143231.64
72245,220648.93
25819,116305.68
12788,131667.91
139476,84394.97
25313,171526.94
123644,181513.32
137236,155279.42
146963,276008.08
40277,65805.84
58800,131501.63
10656,71276.9
18541,57551.83
57485,306828.93
48005,61186.52
131016,569866.03
24808,86077.02
4217,240220.8
37821,230000.0
34752,258271.78
15897,310035.15
43531,144886.38
36565,178616.36
16895,114111.72
115011,108229.35
120482,346614.81
34715,127968.19
27688,90709.6
62473,95602.38
29044,229287.99
34665,195239.24
49324,737366.75
6888,156210.4
65972,276314.15
111405,185747.43
5396,150300.98
55512,147196.67
130502,221087.91
81548,48285.75
73737,125467.59
78248,366883.38
72385,154268.44
20,301768.48
126497,232467.47
58374,260667.0
69042,80035.48
12341,93281.81
62756,318131.27
135097,40337.12
2129,173746.77
41527,265197.53
138393,480564.73
33309,434892.48
19335,254796.14
117232,259540.92
130343,202113.33
140647,132372.3
60333,211173.4
138187,243363.59
61004,127782.47
110837,127085.58
110605,144708.85
115257,238750.31
68544,113587.5
43954,382164.55
70273,354426.59
116845,140407.44
9279,59795.81
48712,145466.74
16225,156480.26
110986,272498.32
624,155863.5
42898,183423.89
28122,184234.66
23788,243033.88
65962,163563.75
23289,286898.53
22296,58964.41
7564,119762.4
114858,158055.79
49899,81578.26
34317,183148.24
11838,45268.51
122803,172135.07
140800,299725.23
61568,123147.79
63908,128266.15
45429,157877.68
72571,51865.82
35876,315386.89
38863,154725.14
37190,533510.55
140702,247640.37
41878,280997.24
35035,177379.74
73202,209198.68
120715,242451.51
38356,237419.57
23965,166287.25
59124,106121.42
19150,140624.92
139089,226185.25
80848,58179.37
45955,122850.41
79176,66769.28
9774,249666.38
22077,232860.13
6289,140115.84
36330,64193.11
141036,179715.32
39123,66093.39
71957,195013.48
24210,115000.0
113080,150967.32
42169,323749.97
35092,191566.88
125588,126172.76
53576,341694.95
64951,84758.04
124555,170012.44
138868,99424.89
69874,171253.52
65092,155839.4
43425,162009.62
9789,119481.9
58606,161701.86
37356,93000.0
57111,305181.9
10736,110009.25
128226,67615.19
43960,152440.81
25174,97882.3
3909,197984.58
131470,144377.93
132156,94300.2
38427,112211.57
49815,56198.08
11778,63901.6
54135,244977.32
77733,91131.49
66455,122987.33
27184,68315.62
52937,122692.16
16903,265255.03
74395,193937.15
37067,177063.96
72758,387482.62
53555,599282.72
116723,104629.39
71113,124272.74
54576,134005.05
114945,131016.82
138016,278482.99
43884,321101.8
66696,124970.37
62108,213721.68
2968,390000.0
15917,73496.1
1579,106784.45
13674,70575.97
341,552717.13
9559,336462.35
138107,107222.3
75119,293308.4
47935,327272.99
77696,264752.64
145212,48553.15
142020,138214.17
66362,201716.71
82663,180000.0
2735,112369.72
20426,194165.99
18031,79063.04
125081,581478.39
79708,83904.56
128681,194977.68
110583,220359.33
66535,194591.45
44692,99051.93
145768,116151.48
63580,110203.25
53284,78186.39
112875,78285.95
20182,172187.82
16702,147634.52
123864,106767.72
40048,160030.95
122598,157626.61
6800,310253.88
119330,140525.62
126343,317631.84
29210,148018.96
28401,148000.0
133701,50935.64
19304,108603.08
49226,73148.91
72680,138439.75
44343,201816.64
50600,309017.01
53824,471280.78
17750,141788.66
120167,346192.6
111751,203583.93
69061,185929.91
74923,102062.94
15658,179649.43
73262,164839.3
44318,611341.83
46379,326225.28
144766,132703.38
62112,64135.98
26524,408737.24
133284,414282.42
136632,183021.99
10741,158731.7
60599,91531.49
117243,90736.56
3933,179472.51
30244,74681.5
40332,69186.83
114579,240554.28
128624,97563.78
73798,136184.04
142286,177458.15
123669,170273.12
58571,133751.06
37073,323755.38
18034,162620.97
120089,64386.02
46806,381056.38
21710,224817.24
54044,298347.3
40114,51329.47
45555,75201.98
82941,290936.3
12622,325174.21
123605,93883.1
128555,85702.87
78082,356649.89
23668,93487.39
118705,158641.34
52643,105999.24
114039,180114.76
111363,80681.3
45539,232434.85
68765,80874.87
40566,112000.0
78875,191885.98
74147,262217.05
6302,119695.06
7304,337623.15
32338,103343.69
124785,66639.55
141634,137096.86
138116,54532.79
114523,147035.03
145980,108702.82
37631,93008.46
128180,50199.69
19556,113797.14
129535,23542.78
83187,122629.69
36187,101140.73
25647,201917.01
119740,113169.8
137080,86644.89
46328,149870.72
31704,449227.65
56412,147706.27
71004,146952.89
110944,179836.63
45831,200019.65
73039,249814.24
38957,80344.0
73438,149253.51
82708,130544.43
33424,177998.74
39778,224066.36
15071,241456.55
110566,85169.79
72529,195181.02
21718,144318.26
130450,174421.74
60305,159150.01
4121,131888.8
16058,116520.3
69637,240694.18
56486,145284.9
46190,208334.28
138595,161385.9
113650,102549.15
82659,161427.0
46096,175525.0
13807,160026.24
10402,86057.4
27012,252319.27
11719,270799.13
13974,114673.48
70341,129083.48
20050,94194.61
58215,93441.68
27449,238548.69
44527,228691.72
136750,50193.54
130397,125587.45
114989,120057.71
49142,240000.0
137937,47500.0
30375,78250.08
121559,313545.84
40238,161300.49
71331,88775.61
33532,261448.06
68318,97348.08
66736,135950.15
69841,63706.9
34137,230768.92
144696,188627.43
133161,112508.6
69084,119657.43
68315,90000.03
31705,244692.19
110262,111722.87
1879,144543.26
39703,264268.14
29334,119673.58
129105,214117.08
20635,207682.96
21546,108646.53
51520,245468.74
82982,142608.24
59012,169630.39
142472,156702.62
11418,159363.29
49220,175167.71
124085,94581.68
56243,463666.28
14163,107399.57
139198,158344.59
67370,156566.53
110732,101349.6
27194,190892.99
6426,190213.47
39864,100752.02
81720,89856.73
41411,186711.36
51521,145525.91
74517,196401.03
130496,253428.49
53102,171344.62
140167,133654.26
115680,99161.15
46713,112466.17
44171,103098.12
12594,102773.31
10863,79082.92
129729,108827.89
133400,198334.49
78493,304391.17
50341,61638.35
41005,302594.36
36045,177647.08
38102,126961.61
31820,284958.42
120728,80146.23
50843,318067.06
61221,186848.81
141704,155588.27
3179,181284.23
60928,130091.05
121528,136786.86
137911,229461.64
19311,242990.49
122821,400000.0
113580,488973.54
80583,141640.3
124231,120853.48
52984,238385.17
42045,272804.77
79014,105213.1
18075,103041.02
52366,86989.5
33522,200793.42
42425,84552.66
10166,38386.14
47560,148160.54
77617,186972.73
12062,252452.9
129337,255667.81
54894,518735.84
45482,254300.51
133302,110085.91
47970,239788.98
64226,305470.28
76333,91619.39
112265,124647.92
43460,106448.08
10572,114374.68
37647,165882.85
124698,62660.26
134999,134313.26
82932,136746.07
6219,55387.66
76307,245556.26
75088,251891.63
135721,315887.94
10506,250950.46
24748,48805.62
140491,87785.28
59661,134012.53
145607,115285.95
66256,250244.27
52842,88994.68
75969,143712.9
124517,123568.07
51941,164446.5
38816,101016.38
60997,286414.06
21162,158998.47
50478,78081.96
11242,220158.22
42456,128645.42
14596,117016.71
70307,109276.65
23221,76334.14
131286,286430.65
29844,102372.26
82126,103077.1
123610,112669.68
59073,78391.89
1308,125021.55
3444,82750.0
137456,139060.56
49064,128003.37
82580,306653.86
13399,115166.67
142662,258899.39
119787,50946.97
59604,112269.29
39095,198577.4
55047,126868.56
62778,243215.97
26172,267964.45
39629,55113.56
2989,90333.69
110308,90539.3
125884,164177.07
118120,138768.76
2937,134114.99
80352,106824.96
143867,170378.82
19300,251285.44
82485,93427.66
138583,156718.86
44208,203237.43
48300,135889.97
118287,305128.58
5029,559056.73
115293,100160.13
53029,202954.75
128050,129619.97
6892,166016.22
39683,195510.17
78181,381374.18
2740,524299.97
19339,182906.46
20756,152701.73
16544,560514.79
141390,150000.0
123477,51543.16
78434,171589.01
122663,274429.69
22941,189406.47
5070,148900.14
55361,166245.78
66828,273526.46
29413,131531.25
134010,256770.41
80649,47917.73
116687,100033.94
32429,73988.44
61228,188798.53
29674,141290.75
129769,95391.75
16642,183127.93
32292,302871.61
3278,118668.76
30847,178832.61
14067,73204.79
45527,94488.02
59427,64549.89
112117,277821.45
81753,201243.72
78211,142459.68
62996,142399.12
56940,146481.43
17439,104764.4
119422,219471.17
75323,262669.2
32824,162644.31
145875,105791.46
138937,96181.82
138999,66700.01
67725,356819.02
41145,158173.58
15930,45936.99
139492,378988.58
49124,147016.52
137659,158514.15
120994,235497.55
53636,100694.52
47303,454315.54
32152,146454.4
136709,111501.78
17980,93841.26
57676,109427.37
79844,163266.71
117442,63136.2
66531,152086.85
127564,204963.49
58293,348020.82
46119,89370.02
16652,324107.58
11033,336743.47
82576,22654.21
130530,114727.54
114240,397542.48
6709,75463.64
68412,67097.9
15908,91288.3
37204,350179.93
82990,104278.46
136897,247893.15
122870,81666.51
129012,105189.77
118578,144328.43
77409,204738.91
72715,211390.97
123015,70371.08
10181,155879.83
11674,302571.12
121760,61646.07
3375,81020.82
16353,148020.91
71564,56082.05
124278,112019.98
61431,227292.89
45681,224426.48
32558,79885.73
78134,175127.56
40309,346906.95
140169,87000.0
77962,241045.93
52933,103373.41
117951,227064.21
73668,188281.13
28579,54646.4
25211,213964.92
44066,766907.85
139834,167548.71
117480,220105.29
112807,73692.96
134201,155353.54
74493,105543.73
33441,89744.31
62176,108687.51
130385,404456.17
82912,62004.97
146516,98150.33
7515,303488.94
19408,190376.18
10080,89162.49
29699,201623.08
115032,400702.01
38415,248916.41
50570,114878.53
132314,416680.31
1627,292996.86
118166,481656.51
10631,266384.9
46452,262832.13
23489,83839.94
144657,348883.58
67421,108074.35
9468,119796.36
123247,102431.77
146976,345901.09
71732,114814.97
74043,112893.4
53061,155027.91
144489,134457.29
144031,329503.6
23305,560546.22
42424,524346.83
46073,85109.84
16074,109642.52
25153,421815.54
26016,184071.38
62147,180682.24
25261,271570.9
119877,173433.11
72757,175044.5
53828,239608.19
137330,215293.37
1227,110196.15
39949,221605.39
131182,106652.22
69209,174660.83
82931,240964.24
123577,104438.45
44348,144153.97
128112,212835.64
20265,186011.72
58274,311542.12
76237,103260.52
23845,134830.11
20578,167478.05
136859,140850.16
5274,185807.43
45823,328889.87
64319,179934.66
20014,253192.88
80366,104955.9
145789,127520.19
135344,118489.36
134082,184940.85
57941,268998.14
31355,409915.12
52622,273642.63
72612,123158.67
118577,145608.63
10158,203198.71
135976,89308.96
145542,150710.11
73383,170139.75
48606,403452.41
19885,224532.76
132810,100919.03
143864,87205.58
72159,94207.27
22076,116095.84
3851,140718.91
143288,257022.1
68012,149471.78
116078,130995.04
19048,137220.83
59709,209968.62
52959,202831.82
110307,124656.98
59287,114903.65
7681,118705.65
121116,83337.67
141319,100924.78
20066,235209.51
23224,89425.18
33032,199353.38
72419,227484.43
5807,28816.39
52982,56834.99
76051,119311.54
16954,484456.67
19649,378673.89
40255,111945.1
33662,273716.41
18557,120307.74
146359,62000.0
27683,130714.28
17527,191677.27
143337,62522.84
77836,239719.5
77513,89538.89
134418,133728.2
129420,101036.2
126317,187731.32
15548,132642.19
49113,330198.16
122809,194420.19
26908,125508.65
118482,263807.23
51286,296009.42
127260,250384.66
146415,129632.36
28442,191789.64
79210,44117.87
27726,60401.47
70661,55780.96
38044,62639.69
14899,195015.82
69297,99090.18
129604,123803.33
61000,176018.01
114205,483363.64
16460,176355.16
25963,58198.29
146396,145062.78
136537,92873.86
143684,92769.61
35718,596946.88
119004,112865.67
49043,162461.57
22122,256302.73
38282,179958.6
19712,146211.79
111524,175331.08
44992,131143.96
117982,723758.47
7396,141161.84
80160,183969.76
143180,113307.79
115751,192580.31
24781,133483.06
137111,211434.95
64288,62718.31
59842,303650.84
46246,90945.54
66714,75282.8
143815,251346.87
18967,350825.62
37189,151524.99
76681,85819.44
130915,135486.76
69461,170120.93
1561,121356.04
55094,213542.57
39805,115222.87
23428,235320.89
129431,147779.27
146543,470967.26
16514,506445.98
10549,93921.2
65324,145100.82
73817,182603.82
63597,265830.73
43094,106373.92
117365,95781.33
21568,123265.05
11106,249576.9
23729,126261.06
146674,228089.37
55992,147425.21
32448,150004.99
38120,206411.61
112231,55459.16
71419,92925.09
10602,145949.03
47605,155837.98
121288,155000.0
11482,28254.91
31241,294752.62
137989,127540.93
44668,154360.34
55898,81824.11
16622,245397.4
79614,108004.55
114361,53482.28
6545,246942.61
3590,83537.69
111268,47417.95
72383,92763.48
78569,613403.15
67028,308000.0
50317,265364.46
80189,110392.05
55172,161781.96
31684,209511.79
74295,215893.53
121121,56344.85
130286,130241.07
145012,104198.94
126902,177075.58
82542,93847.65
116101,212058.59
67621,79107.28
114324,165380.55
113352,167866.15
12992,283518.24
122573,223496.78
42758,369985.52
28696,170128.92
140478,155347.88
127678,232386.62
137483,250000.0
62673,537741.92
123909,105595.13
124754,152513.45
8619,235352.07
144121,162862.92
38463,132904.18
65835,175500.0
30828,137542.39
996,214233.04
67913,167839.91
82706,107427.62
120525,152261.01
142902,488098.11
19714,159100.58
71444,80093.04
127549,87483.46
146042,78618.79
69999,321040.32
45779,73247.06
79982,271542.18
128778,313365.21
51950,162003.41
25861,126837.54
7084,219222.89
114329,135046.11
16789,69200.3
113344,187507.35
124837,168486.09
12050,137504.38
147169,268829.71
40842,176192.09
18471,66217.37
19124,236821.18
111145,204623.75
133090,112464.85
17870,325890.75
78152,152388.08
7061,222797.92
139798,109568.23
121052,100852.84
43027,163726.34
76090,107241.83
62744,155982.92
27139,102123.19
9726,153453.35
25307,125575.36
57684,236118.93
56713,180324.28
114116,162142.28
122214,198135.29
115524,209324.37
22132,313716.85
21870,163521.1
22184,377259.6
111317,84259.58
126200,298680.55
45550,154034.65
50878,121715.1
9990,68028.55
32432,108014.5
141897,174378.41
54361,140987.29
21789,137732.16
44600,133162.44
81257,81097.43
34599,141845.26
70022,308709.55
48388,280138.38
28196,149308.86
55057,86921.03
16694,243569.81
122209,247789.05
23862,47325.79
72978,129524.97
121816,260340.86
20614,76674.43
139940,248876.83
46430,86328.86
133595,150246.23
20102,238717.95
76112,183948.88
33967,136996.84
71961,318624.09
20214,107512.93
71850,132577.76
38926,118293.65
52727,198498.81
123612,90260.66
110355,172867.23
144384,190264.78
138074,150287.87
22370,125888.61
115106,159800.87
1306,233342.31
114450,106198.77
77778,319420.32
80372,250990.49
39730,161077.36
130718,234786.41
38544,191129.19
63428,74075.55
78222,131941.17
57718,91454.02
47803,74368.89
28618,279916.18
132661,164493.4
131602,255002.76
118734,130156.46
14141,243155.14
46586,88399.77
127369,275319.96
43759,143237.08
43487,248224.21
140035,163333.4
60371,63882.68
79161,47613.12
139294,109000.0
131944,106011.98
123510,98953.0
15632,216365.2
7904,250000.0
22081,206280.94
72608,65662.1
41061,227215.03
47516,99857.14
127068,76850.23
9163,59872.46
49444,146959.21
14219,183993.71
42186,54475.89
81949,162975.12
122401,192425.42
4732,151872.3
10728,269260.38
38980,159852.99
32860,118798.28
78928,252640.19
8851,240511.84
74368,340000.0
68650,129095.36
32238,117840.09
48620,114222.48
140017,130584.74
32873,227410.47
51187,235159.67
136296,236562.35
136958,114373.33
112698,184161.85
116463,90288.48
66453,150554.47
122371,198412.59
4775,300422.37
122795,144449.33
686,274785.12
39152,209248.97
6926,91147.48
24697,131650.52
82558,270465.63
141876,106406.97
80190,265519.77
6957,163712.65
6609,111029.03
40019,109258.63
82221,454189.54
55974,85122.96
11944,41146.91
24675,157237.39
12615,121214.09
48117,163379.24
65079,142442.8
55292,65905.35
9015,361408.28
69120,200322.37
12950,420570.31
113925,85250.5
142855,301739.62
17784,117215.23
50893,482805.77
57667,83541.82
64180,66159.9
144898,61890.18
142566,212961.84
19273,79754.94
42765,265754.31
54981,102722.74
110627,178169.76
137109,90553.86
26460,309685.31
132418,162056.58
146995,137211.04
13199,310901.53
66069,104936.64
28588,183369.28
1149,178296.83
65982,128183.06
116242,70485.0
116072,221034.02
132906,125622.87
129782,124955.93
119709,41574.23
48619,137555.68
124346,222573.92
39265,317086.64
35126,212089.45
131121,76472.85
55902,414343.68
141946,101136.17
128544,416193.39
124071,55951.06
24173,223824.46
140723,108068.27
35899,138565.19
62375,69993.93
11652,262857.52
55956,109358.47
44630,170375.8
27531,192524.6
47442,417266.56
23379,607254.49
3644,245554.39
61975,79318.96
15708,103444.57
8232,88997.12
69401,56640.59
40648,130207.04
111008,95938.25
34487,203783.02
33498,265531.8
34335,70906.77
126595,350987.77
38176,127685.31
71239,193641.48
78906,302010.89
15360,227661.4
42905,130650.35
29983,247649.45
133540,81524.7
138125,217917.85
10723,103224.41
124392,65734.13
6010,229870.17
81075,292866.55
8780,167925.58
146819,125299.04
132017,157923.26
121065,113891.52
19613,86242.63
144793,120188.35
5000,197379.14
45368,260891.93
20772,466132.08
58564,335781.36
141192,201543.42
146471,197796.8
4913,257576.66
126720,462057.68
29421,143008.0
112171,144451.28
42636,287457.53
48884,175403.69
127123,275016.63
42766,165639.9
112404,497418.99
73607,119508.29
22780,216323.08
145827,224898.98
20974,339542.34
125777,141563.52
37336,149360.53
54657,92235.85
14079,51403.71
56279,121726.7
127806,81454.89
34750,87803.97
122641,297440.54
19220,147441.41
38949,142003.26
14747,142279.38
74497,85297.26
65134,233649.01
74518,168894.85
126603,118343.18
20206,362589.55
6551,167343.01
136189,416015.21
136874,61492.19
14436,406249.14
126301,178098.48
72495,154801.91
12494,256813.66
11515,61924.53
53257,197877.13
4252,370713.85
69263,249392.48
11433,170403.83
35263,242000.0
63609,271174.51
30713,493474.17
7466,118371.98
44449,83875.76
133845,81112.79
11813,63805.29
130260,180202.76
112097,122511.77
127685,165827.29
34903,43946.23
56435,120266.8
22756,105487.85
67572,129402.32
42229,369350.57
71721,226028.53
115118,88036.9
20445,245374.02
36652,196685.46
70880,224402.53
118170,99428.0
80850,258809.53
69699,146374.17
143571,140401.21
37124,336806.79
143880,79603.44
114458,146576.23
140855,70050.78
3593,156301.71
39374,224564.66
11492,89888.14
14431,353538.53
74582,191352.07
9489,86368.5
73042,240428.68
21366,96451.1
144355,267240.98
12477,380000.0
129176,128791.26
15504,181348.33
76058,538119.97
143319,443599.26
82328,128010.46
124603,116848.61
145805,156298.81
7193,162846.65
6176,202328.55
111212,152315.85
47572,109732.5
48550,176965.04
47381,107720.56
11522,70214.67
140868,303869.42
124273,204777.85
134449,86129.01
116945,146550.23
6578,153071.08
124842,48487.73
132677,84078.44
21512,233035.88
14166,129900.06
12083,287778.83
112651,112287.65
77263,222110.85
132843,178439.76
116361,105887.91
127866,147530.41
46372,143838.07
12999,148030.18
40776,472717.2
135311,216885.08
5282,128378.4
115035,180644.9
56785,89252.75
122019,255762.31
24469,102610.22
20297,148584.72
31850,113501.84
61592,130158.36
7776,143481.39
73495,150000.0
39104,307978.96
133834,597114.64
125201,159948.17
81222,82043.32
117738,232639.27
60186,111899.5
60972,118823.9
45570,85976.53
115054,110331.07
12206,305817.42
69496,146670.11
134663,183000.0
139142,346987.71
135429,94086.9
16326,70166.09
37331,391122.39
56296,418848.34
118706,351845.55
80058,200336.77
12925,413775.65
10529,124854.57
52850,462599.08
44938,242554.98
146733,128811.5
135350,265000.0
79774,105449.66
81238,188728.04
111218,52879.54
124891,107239.91
77637,86472.35
14612,68143.01
79817,109000.0
3599,141150.65
19190,452886.47
10652,148434.76
59504,287565.94
18470,220000.0
8229,88688.83
37745,93993.21
41146,112985.66
33239,248902.72
17417,79735.92
119509,288960.97
18984,232077.14
144854,275473.97
56781,184388.38
128416,113759.37
137931,70271.89
65203,102354.39
135578,91496.39
110420,314530.57
66640,275251.61
28200,433554.8
142193,149523.64
10090,254335.28
48533,167698.39
16360,209939.31
50721,263732.89
21530,117287.7
68252,141135.0
114017,82283.4
57344,215000.0
8553,120144.79
79966,206176.99
12919,92797.09
133802,314997.51
3368,245799.92
45793,50086.14
19485,95634.13
2907,390851.99
16899,95442.1
48348,239220.43
56241,143793.55
116045,140738.32
120405,129791.45
1700,138216.14
45257,131147.62
41677,177768.39
111234,69304.55
21166,98371.93
55677,515822.2
140560,160000.0
117963,196348.03
63774,110241.6
128498,262540.89
118514,218866.26
136668,179930.1
48232,172833.3
128346,212145.38
113166,158087.14
51824,195024.41
25961,121657.9
125163,123327.11
64750,148751.91
73307,197857.84
140367,159532.89
13100,144912.54
131197,130051.72
67332,140586.32
75970,357698.92
56616,144048.03
124894,114308.04
39672,94296.08
81721,70745.94
40123,98084.83
75165,216857.13
16404,140952.32
52805,218406.17
27448,93535.29
10155,66949.68
74897,128851.64
134937,125053.74
124546,74977.0
25182,86740.75
60847,99318.12
54913,149309.11
64596,177398.9
58763,206915.15
111204,205070.37
5894,188990.78
136988,119592.37
35781,134329.74
23089,72102.8
18351,131686.46
71745,48946.96
142928,102843.71
50630,229086.64
50651,65443.95
22214,201527.36
26847,272484.94
140037,142232.34
140192,89108.04
9981,61923.75
10043,73069.74
301,303970.31
5233,89841.65
11950,45928.96
12551,110476.04
111079,108140.85
43317,262353.64
59527,260601.07
76717,100160.24
112975,148100.2
43585,137547.83
118188,136701.28
7735,143084.67
74671,142854.21
23373,162994.61
26607,148308.03
35313,97787.7
45343,153366.71
143974,257473.28
17091,90527.42
60832,58147.52
31913,233008.04
140150,131536.92
128538,105803.72
113871,227650.86
27488,215828.76
49452,102253.87
32474,339374.5
79719,181059.78
67293,118547.14
142854,245457.17
52704,306854.73
78718,104122.07
7431,142158.38
123902,115864.31
82893,82645.57
70573,71181.35
62137,262993.36
8498,179115.35
39358,168988.46
62633,174334.76
23330,161953.69
5482,199156.34
18005,80182.52
64513,65706.16
124306,249007.66
10352,89512.16
74463,48171.48
33256,302553.24
22702,68409.16
123336,106281.14
8066,204908.39
27836,129166.5
53010,149967.04
199,212848.9
131117,145232.54
124412,119229.77
51327,140341.11
134245,104000.0
72856,411245.12
140617,210961.77
24780,62909.71
76455,184706.56
141766,463989.22
114119,450007.49
53286,320778.2
61312,195697.91
36216,240380.68
12776,64398.9
64487,238792.32
117836,90645.47
47571,109699.47
136972,185000.0
48876,382355.68
113858,189770.59
39125,68665.99
67620,135945.72
31653,82517.14
112700,95932.84
144091,121883.54
11142,75423.82
65335,289715.24
111043,167022.75
128018,243740.55
120585,253288.92
17317,103004.69
74681,176853.89
43781,237271.72
125626,176044.82
4050,123763.44
8106,399671.59
52450,263048.61
131112,245874.33
37721,298827.04
68167,111602.46
126194,143282.37
32993,74186.43
123279,122679.09
120035,323429.75
119630,59814.66
120065,163675.75
25088,254762.02
58511,308749.3
13472,121973.36
112561,386461.72
133143,214392.48
5197,103507.84
15661,451254.98
36010,97657.64
58618,197979.54
128651,293661.57
59025,61521.89
124447,130987.6
58068,106664.71
118307,80541.33
132385,79500.0
16186,129114.99
17800,226543.87
5395,189562.05
132922,177919.03
78051,240473.12
125448,143675.81
11548,34670.52
137899,263497.01
118773,199353.85
30652,194149.95
117858,246914.49
13214,77011.81
64176,445200.41
111335,101209.28
56719,170101.92
116059,148068.19
81922,189647.08
127058,204170.37
113357,94114.74
146813,219231.58
133852,131152.18
14970,364831.33
20373,267687.66
113215,130371.08
11687,209678.69
135891,113957.1
145000,164557.78
49007,104363.86
56188,126147.82
33298,192066.76
144948,471722.59
114220,99746.17
14967,144999.21
20390,115627.0
8879,127998.27
7695,168249.73
120787,141861.17
11167,186017.86
110987,146150.11
28037,215617.97
142365,135141.48
11603,72470.1
38440,75518.69
112512,316641.5
17000,215090.4
73837,149537.15
36189,198060.64
129610,186355.51
82835,98394.16
4463,92403.37
147145,80044.53
132840,376590.81
30776,325000.0
73646,196134.0
45014,151605.5
42981,71988.11
41936,183897.21
33781,55733.44
59717,126836.49
889,49740.56
74290,110753.78
40350,287724.76
18713,397373.24
43920,92936.24
75899,94631.71
25841,137761.76
28721,47567.0
9076,87500.0
45094,505000.0
144207,250748.23
117893,149332.42
133953,216930.42
45926,206050.94
8012,138873.57
69928,87681.18
79996,96614.77
23315,167517.7
116444,205189.44
41948,98981.19
28508,106829.11
34275,74119.02
10409,173445.12
29765,172651.67
123509,213809.86
14940,128134.73
34984,161961.95
146036,215410.21
138463,164053.17
18533,141305.3
119308,135812.48
1551,421602.38
135220,249256.43
117326,211442.16
34532,147286.34
63892,206685.49
42582,83678.73
145660,99826.09
24485,356915.0
143972,179759.94
22805,62730.36
141345,118427.58
19752,490633.0
72656,143318.81
35430,79097.24
12491,172398.52
58242,210599.99
60332,123288.43
112196,167891.1
130133,134035.73
147138,207097.57
143689,56108.3
52176,162993.61
22588,115036.04
131761,143896.31
51381,363792.6
59352,204840.14
73159,122482.55
10669,254509.88
137054,317076.35
121933,250169.05
146150,179288.83
128005,153292.87
9127,108528.25
141974,104675.29
132612,256811.94
17457,152791.79
2109,191189.06
25644,66197.73
141212,253948.34
52978,456046.4
798,395772.18
12220,176632.18
33099,116231.85
136409,323846.58
35928,146407.95
57593,156126.85
112944,147143.51
112157,66943.49
66333,149928.28
3745,375500.0
74665,409252.57
45420,187169.81
133516,217984.38
41258,105725.57
124566,228000.0
42955,121410.78
120462,379900.73
125213,197462.89
129247,105891.42
64729,120138.14
35101,106116.94
129951,151850.02
69103,100458.17
17699,94921.66
126267,333808.07
75470,156580.09
57370,133099.09
132284,271517.71
59953,57988.85
72914,112772.94
81806,78920.44
50310,137907.08
18234,360988.96
115960,137264.77
72615,172848.83
47926,270403.38
47768,100134.95
141238,154823.66
37214,60933.13
43664,125542.23
141836,117867.13
25214,83503.53
76795,184684.47
79734,62574.37
67024,309970.99
64732,129995.31
39245,300337.74
18747,363236.84
3783,339239.6
132463,171912.7
112947,208730.58
80256,123258.36
116028,128376.67
57957,246304.83
17390,231787.42
9432,480799.11
2231,109427.56
134234,106073.94
138920,45496.63
130000,147216.42
118716,436001.06
6689,65253.85
127011,183514.59
34440,597483.14
38873,161261.38
65040,187209.5
143951,64241.86
126519,99546.01
113737,79519.76
23679,287619.82
21276,153406.85
16506,61550.96
51801,226535.72
24592,100436.18
116304,96716.48
136643,175146.63
58766,193030.49
141341,178265.07
139590,167063.68
13368,97254.44
56967,83093.74
50676,79970.52
137396,60483.87
127157,207465.63
1606,186718.95
55990,254113.1
46090,63830.28
29335,357726.62
142651,289488.71
74092,314773.79
35809,229637.12
130640,171074.37
2728,165029.09
113406,245830.63
2949,133045.44
130576,175545.64
20286,303850.95
4001,175076.13
137297,249292.56
35975,267463.18
52891,67363.02
236,245084.81
129956,59170.79
79779,138882.36
129447,41000.0
19058,106269.14
63902,245698.87
7987,177778.94
17377,169294.24
75572,453173.88
14903,158312.28
47864,269125.6
42929,179838.62
121775,93211.18
73844,169610.0
137267,185854.37
68621,59806.95
28761,119477.46
38447,233452.24
72562,102552.04
15120,192816.91
130025,193882.21
136901,276856.42
31801,263216.24
74627,283152.01
143602,144589.33
18735,132950.39
70879,485994.79
56758,199550.07
37292,333093.82
42101,345448.28
31763,136419.69
68195,199023.15
47960,71785.53
160,317737.55
6664,60514.02
82702,256598.46
41344,252707.97
111604,144557.17
34651,69183.65
35786,69395.38
123193,209903.08
77534,151935.51
21003,330588.37
75291,154079.96
14788,249485.57
38942,62638.1
80716,93291.44
38855,209771.7
55882,179553.43
16466,169337.26
224,58429.78
23924,244954.02
43013,117876.67
33806,69448.99
147036,190805.6
18419,73985.61
126048,396043.07
80963,175672.31
51600,243002.53
141254,252120.39
14069,240787.67
30693,184866.32
11801,134919.76
119577,332351.8
59694,105154.12
42165,380946.48
4617,494496.19
118944,53939.26
51344,220351.71
76723,459465.34
113290,141393.13
12636,174865.87
16643,148362.27
32415,35522.89
127486,175801.52
80750,65734.59
131958,293787.09
2249,372464.49
18793,191322.78
10202,69590.85
49471,130489.8
27589,108657.78
17631,133704.39
33082,178483.18
43888,420157.84
131950,253747.35
76265,210000.0
133939,115634.98
15446,162850.11
132522,143826.79
111038,186869.24
42527,200006.57
59041,91923.81
83184,399736.38
72804,75337.85
14159,343821.33
31923,189019.11
128447,144911.34
14439,73671.86
20205,102308.17
45840,85647.34
52777,73103.63
56656,414017.98
139617,88030.87
2850,186098.12
127987,338053.24
134733,503379.97
120503,350191.96
29830,50982.05
69075,323128.23
113019,145280.59
25664,77089.64
27871,179465.93
47254,261393.33
28343,175859.81
38428,104671.6
4166,135156.76
55776,125302.95
6261,278297.24
6213,185468.68
6306,142655.39
40705,139087.54
125519,85902.39
13001,169756.6
76074,188888.07
52619,172779.12
20539,45651.58
7944,89133.66
145018,147928.62
27407,113222.15
42878,260235.41
68558,494123.91
142850,56560.97
33558,177424.21
147016,166813.59
146284,368273.87
34035,43844.22
122324,253704.59
33187,71873.98
60480,177962.8
82334,389715.12
71472,158130.51
20116,265390.18
56371,101256.36
78380,171000.87
76548,270274.33
28388,274984.97
134395,64507.02
2206,194020.36
127719,85759.36
123696,116933.81
76755,225536.87
42840,275553.89
133346,125061.09
28777,181044.2
120900,322907.4
64239,162607.11
59358,105091.0
131310,187169.2
113987,61852.59
17008,86706.33
137031,157492.98
4204,51243.55
146170,105862.74
15195,115687.83
64298,133382.08
63988,173864.73
112002,385023.91
30517,426329.52
142728,251135.04
48924,229778.15
50863,259491.55
75650,325693.66
66678,139164.37
42964,150550.46
7674,133543.76
2588,111222.28
146337,155995.02
7315,260449.35
57759,34950.0
49749,81637.06
42173,103732.53
118987,501075.75
46040,363766.38
37559,112766.64
32735,49850.18
77996,141110.16
53814,209410.58
141421,273367.51
129819,93921.86
71461,286206.28
125727,157227.62
52537,150033.79
35102,107762.08
6975,62812.91
34375,115978.77
52486,183874.84
126785,310819.82
131541,57814.68
46749,103594.35
74689,99530.92
24653,70092.02
9748,233315.51
69780,101189.14
41721,254054.26
46170,202165.5
34286,53359.21
25111,209558.2
27507,326257.39
142972,339285.32
50502,119007.55
62587,112062.34
23709,193803.48
24046,145695.25
11997,118344.34
141032,82042.65
115376,105512.82
69802,296070.21
60395,225962.86
34481,347657.12
59972,158674.07
5889,186154.19
1045,365387.72
79784,126007.25
65758,105000.0
82769,211113.45
16010,229275.33
23326,84562.57
139811,141509.36
74589,218014.05
139386,117957.05
38659,133797.62
60842,82222.87
62801,202643.3
13838,122796.36
75255,373722.23
136190,59961.26
24475,287350.22
77188,259109.69
29973,624840.35
54910,148540.42
62706,158729.92
132533,435842.91
29055,126230.97
52929,139733.64
60452,164250.75
119859,486143.9
12544,105450.75
134800,84437.77
20686,280511.41
61367,125812.31
52114,96000.0
38996,115000.0
134404,307193.11
134660,293644.66
19409,94910.47
75297,248745.99
56353,131488.81
51275,78358.88
30247,299680.65
33888,184447.01
31853,104963.45
68813,94244.28
117554,106267.89
46521,251804.72
63420,129675.98
33310,119862.33
146250,178634.35
28174,179806.71
67012,215885.36
14577,128889.35
59379,145691.6
119602,94176.17
7248,279814.91
20323,163701.6
71088,88250.76
37762,104736.07
25596,226618.95
135211,136761.29
126025,175295.74
62532,143563.97
26726,421123.58
29027,123384.33
121807,154580.35
15013,225006.16
53670,85628.32
22845,198567.35
54288,206327.3
13003,258229.89
3669,103746.36
42806,190353.79
34840,229085.7
136557,179688.65
80799,228955.22
20484,141067.97
33894,147509.39
15956,95463.3
114704,315824.94
138031,116238.56
136487,86847.07
27721,68852.83
143485,177966.54
8311,131304.78
71215,220000.0
23676,122415.5
145084,353515.59
54113,202034.77
119606,305674.42
20701,429735.86
119707,50315.41
130895,51074.25
65023,485634.47
145323,217040.56
26691,141820.72
17342,264894.37
138573,127193.51
122492,173499.69
63329,281550.01
36219,201254.15
114321,179000.0
57577,297357.38
27364,137797.67
129109,279989.3
37297,64822.78
65080,146470.54
19285,175552.72
39173,85431.55
56280,341496.85
37972,132319.66
70546,114510.08
4207,199764.8
49666,38000.0
73117,113162.46
80117,224844.3
31239,78319.98
8420,128080.81
14407,164647.21
64862,144454.07
59945,115634.01
146951,224086.64
115056,388387.04
41568,193854.59
138593,182923.42
130144,115792.78
82802,114662.03
123941,386242.04
33622,435722.81
8306,194438.26
136137,73742.47
120956,216404.59
7926,101118.01
110236,146523.64
54521,96006.79
38529,222296.36
34952,145360.81
122272,190632.64
2960,413962.0
126351,172918.46
146015,54386.05
113294,267998.44
10458,255073.63
60971,122846.19
123855,104812.69
47883,115912.53
32120,134041.21
20531,117548.18
64769,190034.8
62258,145288.8
34582,124772.01
113677,320254.47
124206,50004.51
6634,90841.11
47224,210624.89
75898,56106.58
6199,138129.57
51209,168918.87
114345,281497.91
66245,99347.11
24299,226650.98
13128,176443.6
127942,361825.27
44741,136582.69
16132,304440.52
135208,83166.67
61390,152816.89
2695,176905.48
22542,73000.0
74646,176477.18
34954,119094.37
137217,418587.84
33330,100571.86
40736,83216.22
14618,488984.58
18149,97087.24
45515,255801.02
125056,178071.73
117320,100835.12
132259,310000.0
28048,93768.9
6903,239436.6
116103,215776.69
59739,85217.38
39901,169210.78
53323,119844.27
133408,172604.12
53048,413690.68
81927,88401.84
18180,211130.83
27191,256876.38
9580,101431.19
146838,270149.31
77528,85673.35
75863,437507.26
69004,184121.5
25903,288553.09
23781,244493.59
128394,229055.92
18488,179108.74
139295,42178.18
74192,281112.46
123633,44245.82
36958,109788.75
67444,93833.51
14040,159510.91
144467,86863.19
126116,277821.86
6095,286844.91
54904,140747.13
25936,155919.32
66394,259435.08
147188,58092.15
17206,122227.91
29460,213146.68
62920,184925.26
57212,101550.89
65540,86989.26
141394,217476.56
124810,231664.83
38236,238388.93
14948,210687.88
11481,69226.44
27685,155889.47
120253,237586.35
61180,208143.07
68197,330149.59
48874,159140.18
75174,75225.76
46742,168021.25
47916,91952.08
37584,183857.95
69306,77949.6
116850,95402.21
72779,130905.09
16197,228465.19
130203,88240.58
39707,127552.46
25593,84286.28
113923,290268.09
19055,319696.95
145643,34171.21
124826,231683.02
44135,179452.2
59563,185685.28
113466,178021.68
16420,191728.86
76772,100006.01
38567,304740.5
67416,107179.87
40899,399034.25
61813,211407.31
34270,303584.33
76022,243512.21
16576,203328.58
126217,243391.37
71508,57414.88
6600,91442.59
64472,142735.99
122684,92928.89
75887,116621.59
72224,147985.57
81749,104442.4
18598,99217.07
48608,83836.45
63767,422338.53
124413,101037.27
17450,106163.78
34008,189068.51
3266,110244.3
719,312439.35
61664,300947.99
35556,110695.13
47574,105532.54
68952,229570.69
127094,108429.74
142926,196765.58
12148,52778.83
78999,136917.81
48584,269830.7
9455,95449.92
17638,76876.01
131356,187102.2
141266,217603.83
80595,157000.0
28217,132083.45
16018,110800.56
125259,35656.94
146714,144005.77
123594,139792.52
74806,162576.99
12961,138585.92
60650,54473.88
130518,129688.92
115244,274680.38
58009,241626.18
75997,163840.63
64959,172434.52
123093,518528.42
120782,110226.64
2721,248429.16
66269,227169.58
146164,228663.25
8181,106439.88
12625,152204.07
139648,231895.95
123311,123967.72
44880,107966.35
62896,603055.23
141024,182980.59
119258,167237.41
143092,221987.71
74703,157097.46
26361,125307.37
121394,364661.03
143330,426318.06
7858,105588.39
50897,100953.01
51574,116480.41
51734,128127.16
137574,102137.63
24711,73673.27
27020,283866.13
131090,95651.32
111878,86786.31
126469,133865.59
123030,241193.35
126433,230754.48
132617,134574.31
41018,219768.55
7484,258640.57
15448,97627.24
123082,107834.15
33101,217023.62
127413,517317.28
131833,73850.23
19219,143284.29
141438,221143.25
128742,193287.07
126699,124449.94
10745,84351.81
63986,76075.51
6937,139330.15
44725,70912.01
113354,164600.37
16928,303020.95
132544,164025.32
18210,151796.26
26923,105035.07
15055,254476.06
47511,108000.0
56840,125110.7
135178,74850.52
135623,40048.58
142775,103491.57
142130,74747.15
114571,312139.8
47395,140278.77
16309,233400.77
41037,157088.67
70567,187402.2
23356,163456.02
78504,129799.5
30252,117804.64
78950,174335.59
122167,495235.26
8337,130489.43
8020,341925.11
26707,176510.46
11374,239773.61
50057,77828.53
112185,86603.35
54843,120225.59
26190,134898.11
41435,141316.76
127494,248866.85
125908,119180.76
121019,74255.91
62793,178817.72
4814,69162.2
125876,111950.18
47244,238653.94
126769,198686.18
139474,57700.23
18518,75266.03
39305,198851.06
132449,117786.59
61136,245644.63
58297,190591.19
33252,119333.11
127688,165149.21
131688,46726.03
116126,83279.51
127797,437094.8
142567,70440.68
43625,194119.71
43773,188820.23
38864,128251.35
35321,74000.0
116474,119701.65
115574,211248.42
65053,134626.11
61060,84243.42
69608,251756.91
54041,555778.06
131603,166920.18
75852,73445.02
121715,179912.42
136696,100698.88
60409,230845.8
53268,311269.48
52143,210000.0
134283,54827.68
16025,86259.61
37225,166413.66
17211,272215.05
50133,78756.8
24031,73213.21
45809,125217.44
54781,733707.16
48353,206627.77
67159,240322.81
133765,149976.83
35973,241397.9
120984,153960.36
55276,440132.83
17722,187012.36
41645,241635.16
134061,251438.97
123653,352275.35
35220,142678.7
16819,388565.53
79744,78657.89
24973,169200.0
60791,200695.73
133007,136741.5
132707,246579.83
144378,150338.55
145406,94785.8
4599,202046.45
131309,98428.51
81919,46334.77
141434,116760.31
39418,230855.19
64569,191469.12
50708,446374.65
135142,468672.07
146441,107079.74
81980,140812.57
43126,77010.38
49965,282654.12
65829,139573.37
5525,415996.65
140084,125071.28
112805,260493.87
20127,406374.42
131842,120620.62
74510,325000.0
62095,193890.48
120258,175665.21
140326,172807.43
75780,84665.93
18340,222307.66
57022,282579.21
27312,125856.14
112796,81170.41
69781,123827.37
35188,213067.71
68882,145793.59
140160,86504.59
11397,220051.86
64878,142316.09
136448,136199.93
79232,65714.27
134912,339707.65
142341,107223.48
135152,325610.81
58518,138041.64
121714,87509.01
113349,131510.2
143590,83267.34
133601,138521.77
134393,64072.7
11334,113423.0
74099,60033.82
17539,146602.54
20964,130548.12
124435,91177.63
146882,67397.7
1862,240234.38
58041,324099.99
21812,340000.0
3618,161397.91
72312,314296.62
58622,270361.14
27561,141579.73
11403,144174.25
121938,160831.67
20953,98000.0
141141,104938.5
144084,97254.39
19378,123357.96
38239,99434.2
17696,192176.84
132101,97408.97
57813,75209.13
64293,123100.12
63616,45261.56
43543,136823.14
110803,165983.33
55143,98864.41
20651,462645.23
78073,197376.77
142708,167445.47
113996,83124.22
64135,140219.07
74024,179979.47
40938,123275.88
123453,527980.85
50334,161862.33
33869,127265.96
122957,98983.87
68385,263525.73
141223,113939.38
135186,156803.01
67871,136341.74
130342,173991.98
142686,82083.57
144949,112862.84
24754,130865.75
16369,134905.76
125239,138216.5
143537,80905.42
121786,63112.24
136389,94109.87
117501,84044.92
127479,397096.48
143913,265450.09
39804,112092.25
141792,327145.88
133757,325824.76
20506,186989.5
47286,149601.22
81338,218560.89
74966,126503.1
33075,172112.61
4283,109250.06
26456,85441.51
52096,233452.06
116932,106102.91
79617,72014.04
44159,278700.8
76106,180347.48
76803,72094.24
11346,268382.77
24185,123413.39
26766,70115.02
124321,67972.5
24358,171587.61
132881,178416.92
46766,160523.05
71208,371389.8
59878,72603.46
23687,259994.9
124713,404134.46
117269,155435.06
83194,129173.68
68487,100614.56
36615,96205.3
132582,185000.0
18648,131718.38
75501,229734.28
32344,245567.05
57921,156956.78
15416,72578.51
1062,123129.44
10189,134274.23
70077,329839.73
37452,145015.63
18196,138521.77
113999,189044.78
17966,129157.5
112662,50908.87
34573,196362.34
77595,76051.97
33560,38946.67
125661,121357.65
38049,121888.5
68625,131969.36
43111,260920.22
116532,175766.35
77926,176653.53
32160,180565.07
144626,76983.57
77985,149673.52
144886,158937.53
75067,117747.07
60213,177939.44
120373,156005.63
23705,114258.21
61617,47199.11
34403,53750.53
138197,64756.22
70271,119772.1
124795,114927.69
36721,117470.8
110689,193557.88
64094,104084.32
38730,147063.5
137866,312948.84
115885,184687.34
38237,341612.94
129098,80261.48
11409,216392.55
67306,232058.0
24654,62261.35
40924,200506.51
57930,88845.05
2147,143326.12
141509,121622.27
78693,218121.03
15162,162973.42
126046,145145.97
63166,231070.88
19129,202089.07
118453,197326.79
120008,62250.12
146367,192000.0
41314,58758.15
13816,224845.22
49958,186431.48
128744,152398.32
44782,192370.71
17957,162217.64
25356,195116.42
3066,300030.82
18878,381008.54
131543,266044.56
69752,180922.17
25569,242274.02
1498,100426.08
118727,49786.65
123328,43333.42
37957,142723.8
136795,177796.57
124571,74789.94
136629,175882.22
42560,220774.83
64431,288513.37
110635,146327.37
8157,197207.92
42687,241999.59
67994,118262.33
127594,208716.87
55833,150520.63
4723,214890.62
12524,174418.72
14360,83193.21
132851,117937.97
52289,139011.06
64688,194193.59
71118,130668.07
139397,109593.39
45433,67107.48
147019,164164.7
68185,99332.43
63691,101629.53
143721,329356.06
121477,106054.54
141209,150055.15
129938,61680.54
127504,76431.36
127117,147520.28
41207,235721.29
6126,228860.75
130201,305076.83
26878,111619.18
35721,180868.77
129001,68854.03
129228,318220.89
132402,259163.85
47678,101113.43
35121,229014.59
143075,241819.93
75879,100914.66
110237,305221.09
129257,257376.17
461,102053.1
13360,270216.66
132268,153285.12
4742,144000.0
74279,100339.39
80903,79696.39
121485,211639.68
4487,184380.62
2856,74549.59
4297,251888.71
12351,91834.35
125773,279134.27
70677,135477.5
113612,266740.28
146893,171373.02
52210,132738.97
46145,84984.7
22802,185537.67
55346,153452.11
20097,257825.12
11100,83625.73
41783,151101.07
139693,171708.44
33928,143470.1
122119,109661.85
133147,135743.31
15983,162318.7
134473,303325.99
72204,337971.67
73964,373355.91
17550,301588.26
80637,80181.45
118851,63000.0
52452,99815.56
920,183064.08
41326,71866.93
42051,152207.03
135691,304713.85
136930,224124.39
27395,176670.63
42609,339482.09
142582,337253.01
12521,410125.54
137371,417740.69
17828,149739.62
61703,194779.34
129216,196228.12
33513,182852.05
39259,130698.64
10428,382484.81
42745,64929.79
140601,106111.31
131085,126035.67
52532,496676.6
76801,95000.0
23949,165070.81
17936,109632.1
72292,78085.24
13415,89939.51
65618,404143.69
126961,250818.54
54251,175761.5
53238,79223.05
132122,287075.83
36949,86185.15
64154,140442.34
116561,55966.58
115232,167770.86
16086,204652.94
42904,235829.28
53374,272826.01
67348,312983.65
75959,240651.83
38060,309886.02
67256,262721.33
82377,81888.22
7933,257510.14
48079,156544.12
132730,76238.24
142918,247474.0
136685,154880.39
37391,60959.43
33176,125462.42
12197,185619.37
126085,299447.28
27341,94324.97
27083,173352.48
23314,278563.21
19163,101499.68
15274,128701.91
139093,163139.43
147182,104642.14
13417,133495.6
136115,114474.08
33170,248568.91
129402,224514.75
5132,131846.35
33281,132660.23
122632,230452.6
140112,452791.28
47372,85333.19
144211,261800.04
128514,239188.37
20335,244295.34
17101,209969.77
71106,257164.36
51388,259648.6
80192,203976.19
46893,97490.59
35757,135893.19
5056,46410.96
40095,259822.27
127662,123700.18
31620,230000.0
40615,118478.86
30009,81863.79
385,152883.77
130310,62507.38
541,95303.1
28851,115781.92
76424,83196.81
66081,196448.57
9243,60934.44
124007,219805.39
52026,81106.75
140655,137324.82
26290,107128.19
134551,140069.75
114933,174354.69
115961,202137.94
32492,108455.84
128508,188399.12
147162,90725.26
125440,137861.91
17872,101996.51
54841,119115.96
66722,207460.34
48250,97398.88
55153,88566.9
30655,119264.72
111155,233976.18
6170,63300.48
64759,68932.02
117523,151948.17
26652,169481.69
33462,103154.52
54016,300242.18
36215,142000.0
30496,277602.39
146234,210500.22
53842,268615.04
127390,121720.87
39222,107245.6
29906,155657.06
123218,275717.83
26980,161243.21
63429,256662.39
131315,391736.63
133122,115051.88
115095,408036.31
43728,58580.48
144261,172476.55
78811,239295.11
131241,113851.3
116401,127070.89
111158,177259.17
118839,205479.87
70611,300319.65
111527,679207.63
32380,99562.12
9870,454163.42
17718,213354.44
111778,131682.11
113301,139327.43
52030,42280.12
28240,100915.69
75888,164919.6
17534,240290.42
12337,189541.15
6891,330592.13
71680,148751.66
125493,135314.09
69993,132186.06
75261,133432.89
1990,146337.62
120817,91060.29
50435,119606.78
33410,146844.69
17737,56884.21
146135,230523.6
62064,110030.18
55196,239245.83
114871,135177.69
30433,133395.59
24615,125296.93
56052,119683.65
63607,187659.49
119913,57712.78
20528,97161.17
50299,68021.61
112353,189613.19
8863,69072.59
146117,127339.17
143348,83847.7
139794,139990.54
133703,73500.0
2887,188073.45
63526,204142.19
74921,191741.68
50318,418118.81
20096,336069.14
12354,269680.56
28622,163393.5
81081,234355.25
78281,108082.04
34718,239209.7
28628,153675.43
62952,88901.0
2344,264919.61
79470,246265.94
58964,276148.35
82751,128931.53
116020,117028.49
136371,210629.08
145850,82948.38
122533,119011.94
59408,104947.47
28950,230888.27
32288,182692.82
52137,275097.95
25806,81371.83
30060,113783.0
46664,64849.96
79499,75170.48
44672,224818.39
142493,256151.1
53864,289263.44
56592,108542.87
2977,202784.09
24271,144486.47
146751,176183.54
113268,256566.99
76406,100631.66
144302,127825.13
9146,138194.57
56565,145400.49
139961,263042.79
52250,574315.36
136047,211913.49
138014,218603.58
123233,46729.26
74253,393831.6
43133,111986.57
17016,154061.96
57019,162500.94
71152,148032.05
22381,165306.87
112920,143872.48
18213,137321.67
118703,465636.68
33731,95157.59
64645,298507.54
122406,140052.36
51711,107645.13
61926,145074.92
117164,313772.0
65619,216869.23
24105,292035.81
113950,320042.56
145152,288118.47
56326,365493.95
25734,223251.02
6233,178683.23
14768,114180.52
12534,179654.26
130332,199287.09
4434,183571.56
28206,440422.74
116987,438569.16
57262,297940.79
130292,232385.63
5232,284451.69
135940,92236.91
79364,164083.76
145025,217237.79
1100,200921.72
41208,95988.62
116292,153787.19
63292,129826.0
140908,108105.81
53115,86564.12
142885,81331.31
74154,154543.5
138233,198177.76
25068,138330.24
125464,78821.41
131476,144708.19
31906,423816.8
74217,263248.28
112101,171755.09
4378,111627.12
21222,221202.05
125031,299650.29
142647,45254.72
118153,106748.39
145889,192435.3
115286,136182.31
135523,209485.37
50769,48402.75
124949,130201.86
123926,587187.77
43891,162589.8
24901,118289.46
132303,62970.83
135325,141672.06
123405,163479.02
66363,132589.28
7782,580968.96
4354,442735.33
131501,253581.13
4369,98000.0
14047,69655.16
39777,210334.96
49479,163017.02
140425,164059.91
114171,175331.23
863,147309.47
11807,66677.21
143498,159974.44
41971,95846.84
47925,112641.62
137878,148875.37
66891,123401.41
45995,123775.65
73895,212356.48
126033,214302.4
22416,172691.24
82041,199657.38
132074,106836.04
69870,154529.74
29608,228071.32
66581,102338.82
9832,112324.25
142189,105875.76
11278,97342.68
134375,145150.72
71658,209636.34
73073,156210.9
111353,116390.62
19351,111796.35
48976,65078.86
32055,106764.03
35628,163874.26
126027,52173.75
29264,123605.86
38714,122141.24
45876,241331.78
475,165967.36
7284,86316.7
133444,112089.23
58403,140325.42
75304,568411.37
4996,117648.6
111193,526376.05
6294,106193.45
5383,241241.92
126045,85000.0
6890,503569.24
141007,314838.14
4151,123109.2
4633,120080.03
3372,261286.21
144609,87874.96
138252,140227.46
136674,110200.05
38542,137300.76
145379,124359.81
144780,253947.77
132496,180000.0
18481,113017.95
15091,291526.72
39698,185078.24
41365,118301.5
4516,78772.07
61306,357808.65
119179,89140.27
66760,99655.83
69111,85898.88
14242,205419.46
117868,169627.01
125762,169754.91
55157,192154.17
22731,92978.55
2743,201143.02
112750,110565.25
50801,141595.26
43525,304554.95
35322,119950.09
62496,56650.21
26540,397076.09
2445,215205.36
79233,54253.99
15331,337036.93
54975,99370.54
51072,236588.95
66936,148943.71
31854,254000.0
15747,162582.58
69692,90374.4
134527,278009.27
122382,386430.85
24985,243320.43
72349,234250.0
113336,258493.04
141052,86022.39
65669,357693.18
42461,117287.69
65827,105803.53
38553,150995.41
52438,79861.21
113629,113790.32
66197,146846.13
41917,149724.04
78048,174130.27
57666,246329.58
124691,134493.5
42265,260894.35
119211,36993.67
21409,121237.22
1313,142208.53
15339,131954.8
81863,374088.12
12247,159613.74
81356,74848.81
78598,149479.99
72280,288505.46
119752,120286.85
29664,253854.17
122298,178589.74
3248,155647.04
65555,135000.0
132801,83592.56
20857,364169.16
44777,133632.1
34244,87340.96
67329,37912.28
6866,76672.9
6246,310915.64
20404,128612.17
27788,138268.94
128212,86363.05
4735,284101.66
13928,182341.64
131918,708740.06
133913,81679.48
29716,103740.78
38149,285884.69
135271,81191.28
69640,197196.06
123929,133473.62
54864,131215.97
769,147418.74
146442,104108.53
132215,91515.44
115745,47111.6
131673,49270.92
13467,142648.62
59674,83252.84
14557,110801.37
142032,100513.59
11290,117554.34
58855,202324.16
142522,84065.63
37278,57678.5
82506,175024.79
9722,120273.29
30085,253831.16
146005,309598.35
65337,68419.26
139991,321434.08
143299,844349.7
39600,188636.56
127689,83544.06
12539,282632.94
76044,270697.37
52633,317504.29
28295,104250.08
76159,230876.11
6958,155808.25
73364,147617.93
78925,143771.02
48937,225402.42
43450,157955.54
27316,69500.0
22565,126696.75
42390,172956.33
129952,167821.45
57302,267284.29
112413,183381.38
82699,98116.38
126644,154172.35
2263,225563.53
129292,125683.76
59405,163213.08
66966,74775.32
134927,158976.92
23700,103458.51
118860,91569.95
1803,287107.1
15109,139866.91
116179,185295.92
9264,148896.26
110367,218780.13
9106,141176.9
129032,475026.15
133099,159873.73
122666,216598.86
23848,80076.49
36878,76028.16
39262,140362.7
120105,151987.57
16602,241818.83
140933,106704.44
143035,200986.97
124060,152800.14
37574,178185.09
138186,96995.91
139091,208586.55
79935,230291.56
68870,355603.5
78524,368191.98
26386,83858.45
41386,119973.96
115282,215150.44
44233,210919.21
5128,227659.56
123781,464819.8
57573,246815.17
113940,139024.48
61332,341976.91
15347,318408.57
76105,126458.35
43259,133272.24
37171,93066.16
125618,181292.31
26813,122960.35
140881,389823.86
2213,109374.95
11249,121000.0
110953,201980.14
35766,157848.24
50319,76579.25
64580,58040.67
71533,135016.22
127840,69900.22
56379,108483.73
13857,176961.67
123330,52263.25
147170,259152.03
126056,80867.55
131528,465405.25
55959,135673.71
40636,141409.95
40020,159678.26
76056,183849.71
24335,156347.33
134729,298283.94
16984,204931.1
66639,238142.95
52546,82374.22
25,223289.87
120370,217632.31
122104,248153.93
139903,139640.92
49323,229577.45
35935,177271.38
137635,161085.54
44126,272582.07
137722,204827.46
38720,443804.85
143837,226847.62
146697,216966.79
112273,101353.66
49592,143376.13
31955,185768.06
46086,100439.02
118630,75382.9
15349,105128.86
124683,44615.84
130922,185807.97
68285,118155.57
111289,89460.04
17535,253109.53
80474,56812.87
136199,48639.2
16173,240399.53
42178,259904.57
118939,78575.73
145807,238193.9
143702,274217.66
66468,283876.37
37242,84267.24
40408,204897.28
142729,166648.26
69175,137123.59
74102,96219.33
77680,207973.02
83069,255938.33
32786,57166.75
144380,498956.44
133067,263830.25
140776,300859.03
46400,237902.82
55651,130351.25
49247,246534.69
140202,61135.8
116434,140748.53
71970,103748.19
50725,232814.26
46033,168638.87
66925,156946.7
113327,103392.18
13662,235014.12
66456,65033.99
58476,172785.82
130574,109181.98
114621,546209.59
54607,106928.2
119948,70158.37
127861,209955.93
16684,71179.68
73744,111007.17
119869,78598.11
127611,193979.13
37113,218438.6
846,114517.55
123975,330663.93
78622,128956.37
58544,172522.76
61584,92487.01
126804,65013.09
27843,260386.18
53210,358188.69
119201,120895.49
33864,130007.11
26491,144191.51
17681,251375.64
131996,66728.67
74131,188608.89
75678,136007.46
79432,168645.67
64234,175050.22
110376,129770.93
54966,268615.98
63658,182109.51
4093,434733.4
116377,163210.88
44906,286145.34
138586,193338.84
112028,91263.27
69719,62978.39
6967,267622.83
76201,114702.06
20208,115000.0
59912,178143.8
143315,266892.21
69991,201400.55
18748,106560.51
2649,212215.06
69820,272088.9
124473,153161.33
51329,304120.1
62119,130000.0
2912,121003.37
32969,55008.23
18823,200937.0
141555,158262.29
44976,173543.27
6871,144613.29
48907,60439.04
7286,148823.7
142780,87102.78
30038,55841.78
126957,138463.94
78460,94215.16
67573,346268.02
13866,232697.81
626,218230.44
144799,123427.28
14745,119347.82
33371,94140.52
117278,132426.11
48682,67679.86
125171,142412.88
3029,206981.49
53507,166037.21
43297,121953.43
10315,173944.87
112374,87167.49
75411,124104.81
54011,137059.26
113605,131752.82
76620,237736.22
32742,208214.73
65461,124112.53
21793,301407.78
39505,160642.03
77786,187963.48
20077,42396.25
74104,173479.89
117177,98785.22
128965,243045.72
7116,74883.31
56449,80487.49
49600,205826.14
20557,85847.5
41215,74510.96
50678,392089.77
146670,233342.49
46747,175496.32
31534,259250.0
18645,210289.15
125838,108066.95
55885,68477.26
116073,154814.13
8828,152702.92
130402,75622.4
17538,260767.81
70797,583129.48
129906,517095.6
23912,76499.92
61835,171404.86
15240,81213.17
41234,230982.26
37464,306477.11
7051,227145.98
20360,379111.6
65488,285190.03
63917,235528.17
38198,141264.95
36434,130764.26
127452,92654.77
53265,78207.88
119918,156071.56
18634,287314.49
80641,263139.48
23100,112903.17
19879,276752.76
141859,141316.92
140113,79987.33
63648,96222.48
139281,232888.11
77895,370096.76
60458,100222.24
18875,270550.01
140686,77495.9
72088,92486.22
67465,100181.16
141264,167358.9
146717,98753.22
51375,84251.82
143783,117960.75
118622,324634.84
117418,169059.09
58243,169599.84
119942,505722.48
114067,105167.84
30373,118255.32
72659,106932.68
55015,113719.08
66297,190433.64
134425,368242.39
139139,197284.88
50281,255874.8
144655,187000.0
130090,219069.17
9716,276811.07
146608,134344.38
5352,201826.24
115695,539267.04
127401,100034.55
61850,301386.73
125529,110087.31
27731,164352.91
25774,401132.56
131190,247055.51
74511,97696.69
119052,148022.23
110426,413608.26
5357,106492.94
8244,208664.01
46757,129101.19
81267,436713.77
18651,274609.62
8706,102016.61
133736,201256.85
115213,179824.73
68703,121669.97
143384,144594.04
119841,124349.76
120320,112111.16
82964,244581.95
18029,148710.67
67345,111979.94
49977,313133.35
58548,160099.03
115151,96351.72
122834,122124.44
112107,400354.39
62961,292946.26
60885,143089.62
117588,193302.36
143377,178623.42
7043,48826.92
146383,115828.16
7803,277251.82
73079,148885.64
42354,70688.47
52245,55470.84
9069,96500.0
112536,273312.71
139747,36648.58
18920,135164.55
26761,422709.01
66644,116227.92
18490,566326.74
134509,51767.46
72494,123813.61
72557,185193.64
4243,243505.76
15769,66323.66
123534,109610.66
139325,174149.41
7497,189609.26
81212,121806.99
44378,247404.65
22652,173409.56
146377,41998.81
120427,123250.89
12913,122638.34
145960,117588.95
66440,260870.12
29047,89740.18
81762,318652.32
137332,87832.68
