_id,price
20886,61638.965911811305
117465,145123.56957385578
125220,490945.0103461594
77683,139187.1510003497
77672,244422.12723525526
60719,82572.02141478781
15330,167706.91622827767
31409,255158.70227757192
63045,222887.47218810103
81343,464502.2084618722
2152,145783.80980446003
9788,169875.9432336211
131440,215532.7393333282
127143,243172.9476683138
60964,171930.03748427407
11897,66207.55316357178
28349,112193.55620192867
129800,111159.41000045961
81782,185013.3222683694
3998,91733.17969683878
64497,238285.72957239393
76529,143277.71048767806
51041,203991.01996258317
55378,205642.32536638755
52411,123831.74556246461
122116,162926.4424511999
131,267372.1056870726
135109,95716.6788969727
48013,356343.6834566669
28327,161159.49255795652
58077,161256.18406276614
18876,338877.0349916249
143327,227092.9146620356
125842,185361.5858354843
65781,65093.02341711022
80430,46110.526071258806
132205,240963.49677986884
2416,108881.07181524
119702,117808.57760742826
1772,243586.35618151844
78641,296815.1424089138
66304,119210.40041486722
4247,240170.12899820082
24308,111433.92025987632
61599,149513.9423447881
118050,47020.65566398853
118277,264146.3626396623
27390,99570.62813374173
29103,157616.85644454963
137207,109170.72700438276
20877,83390.55760175832
128650,317155.37285727577
4179,223502.85443132016
73892,59480.01534806152
43961,164802.77689300507
17915,175260.96664977714
62000,159043.7241837738
130592,248178.7492718017
115347,297566.8271557996
12651,129830.37655389866
137671,270078.9714094579
110726,382862.2739049704
113287,86518.3163437045
62979,159336.04566388196
124783,65531.14283232638
1456,333983.16821148765
79544,89158.73422435258
72577,102588.3004117595
114247,116607.95349776777
43508,50691.59084353101
9338,75580.9975082327
41767,235123.1212783508
1714,90273.49396734334
81526,82278.31303380094
20024,225254.0767763236
76305,198907.266282511
118710,189704.5122465372
22270,194919.49402044335
144919,142374.78815906018
116429,249554.56621713817
44360,298016.74193644826
124920,123374.45019059352
144566,136479.23465159838
141662,164646.7713845896
118888,238978.22659400778
17739,84188.46890362975
112825,88790.38088166255
33302,263811.8401948357
132955,115136.98418351961
65666,324065.9516900074
135088,240502.36778387992
143170,117369.92885120022
81953,153013.84409539553
31689,124085.57799028029
72768,217845.78407601285
13599,188175.04945020017
40876,160805.79565444417
15794,153598.1982665012
52118,263963.376202276
79149,40783.21380841761
56808,124005.21673336635
48801,88818.77522077697
9502,275353.61552180717
4846,107482.0042775162
136647,156920.12344980828
43618,100630.11287274191
139136,328152.0963839316
22401,89867.29943192039
52705,159477.3662136659
52220,70094.34320158687
10912,79344.64956797812
24403,372465.9457862505
55494,166947.35074009447
77273,112454.1557894944
26023,342292.3768238253
52481,154794.53024302196
67193,523900.41103915684
20033,180388.1597788812
41597,68814.33885279273
38096,157474.20654279715
39602,212046.01131774168
144617,547875.0969025648
27642,136734.6358279937
70817,294190.44220016646
64049,185504.31959539503
3184,136984.08409052028
82178,187854.97509839
130494,362556.04331282515
62905,182835.1910359477
18536,118661.17074661219
68781,88932.09788996911
32035,160280.25236969837
75749,114379.75363424691
44580,63604.36328506756
140094,255215.1750743229
45231,199829.15061403773
134569,103366.52197472614
49807,125606.02769490227
8185,131301.64611567726
10900,103729.28194776058
38388,207098.9694996775
38330,91862.497308892
141479,158427.44016807096
63614,60502.40407375757
70981,364365.11331760406
59302,127444.35117889366
113312,300472.3080955371
83121,194132.7157290671
36,104702.63202748669
2551,90484.61427103177
21698,276191.2011541892
68419,177470.1913910155
147172,180445.62977534774
133464,154233.36232757717
128110,309039.6499708333
124937,151680.13540695875
118294,141530.59753665217
59759,183985.44923046752
80782,136987.45550412592
69674,378053.6357686597
10778,72889.91034608636
27530,118045.64955912359
140123,92192.28525205725
125765,102864.84242696427
12045,155543.03899419005
124968,287693.6320108974
4618,262540.1435085989
46626,206648.7023286504
79683,50851.633362244684
116391,141752.29327009138
120920,363791.9949545078
11351,250129.852362864
5827,66290.90442678289
62405,186280.96164100536
5257,112025.54238365075
65876,110932.55384416458
111004,145887.15144859202
20962,254988.75088836122
67021,297086.54462551896
37547,92165.93958850157
12672,93035.83862381945
129803,171570.27703106095
125295,291482.4105115548
114069,81649.11089286537
16852,154636.17717609278
4876,115126.99985156038
62617,180349.9690916261
118775,71650.78274879005
136603,111721.62290839947
113712,132791.01648525623
62954,113816.1142218738
40685,164676.55750557734
23616,157711.7198788029
26883,143926.47727942167
114428,103108.95168664053
44796,112298.53234244246
10423,211375.33758481668
120869,352154.20113334013
16473,109364.15418848305
83106,130413.70672670091
25827,113201.43854957692
125938,200219.28098656904
49612,169457.36540693062
20053,170272.60519641073
128485,261840.3747841448
68229,136764.4097530872
135405,197902.82195766538
52394,225801.71001903122
22945,180756.0419076382
131894,104117.08930872715
56024,268448.504498164
3605,281982.66507086257
123135,116218.77165824783
59270,102396.7502780742
11790,56813.18562607399
135659,98138.46148489915
123498,118108.9162293381
66593,48523.26862417017
139497,84900.37167231366
3972,394547.6455096659
112914,61294.6798824575
113314,135585.24856656708
146922,97889.73054666645
49939,195748.74735272623
146684,83285.43819111283
69182,399234.09009015816
70756,127264.3466520448
30089,117636.15358063376
129662,222200.91877729166
133107,57301.87609512096
125839,95138.0501298864
3871,104782.62392150731
124995,331691.341687406
61284,72887.55152204921
55551,480844.2085446958
145942,160305.7021531467
111141,224564.42270907108
146056,159893.55207484166
39819,269614.25475639704
1816,52119.30607834847
49659,89062.26087350896
142410,135913.4068336379
15601,673486.0370201021
41743,282838.1518656787
135166,380342.7788414292
124755,162868.20327287196
42254,160959.9191705053
46072,100410.51772290304
48596,489228.0226350016
129111,129311.57927220341
132111,242394.49748230312
4377,129739.32578300507
33656,414208.7347181177
59941,125806.2797277263
140097,103393.63778950303
140407,238111.1459281617
49392,361379.9013864825
4406,246964.07044022813
37707,160256.84986857924
48014,109251.77727745252
126355,159680.34547078918
60569,373239.73703096143
59065,447943.6788173696
18348,184460.98794013495
64703,147029.00901071113
127728,273212.4039662486
13881,72330.60046065242
35544,304431.37340665824
10005,86268.67209306262
75843,106879.57726477733
45168,61764.56699983627
129078,72895.24002190433
52970,109872.53474654294
76277,162055.31331346335
23695,105054.03874207131
64151,216365.01035519893
77515,273099.942250062
34866,182464.99623780922
5174,204912.5063864874
43098,115791.51591271935
56587,217345.4203142609
127908,72821.17955792267
52093,178358.34257362358
145456,214418.41802368412
24352,388538.6024629535
57277,379383.4218447681
120276,153862.64173257136
121344,146775.32581388243
138042,58989.56663960377
61960,184033.13772145176
126112,227103.59814087817
5009,170431.10550493016
45735,73311.36538160293
61730,113772.51928914712
71377,89259.54518157917
62178,148540.01527532813
3264,323160.4579278497
146589,268623.44293142593
132129,253269.64144621434
142925,103685.93197801767
124202,163267.81619811128
71448,501710.9753563673
80038,254079.52421483654
14301,109432.760902573
43286,151662.14379457198
139066,206285.14292220183
26551,129825.21075995262
22193,196526.53890737455
39112,179120.01011477815
60097,182452.4162157597
65478,198647.47161652902
2811,162454.6096298504
80108,289215.8413521062
110676,73859.06054559298
76630,129451.43759964133
42917,132321.27954156965
113474,89474.90203626333
10609,204052.81599327718
116277,37517.72235906446
29806,73190.29815656904
59083,193237.73134760186
147151,160718.479887765
81819,97904.15868349434
144312,146642.2598822376
42967,116576.4056295531
47944,181394.636921194
140837,77237.20919539622
32837,74644.70184715079
143148,504187.3731429209
41846,140990.95658430477
55854,136304.95783311882
135777,548252.8507364116
115944,112075.77665863256
9170,108408.42334978908
29218,162308.36289507392
10875,83957.09755015039
13908,179926.95896693587
16109,172143.15343599507
16631,156955.26374557527
135715,300125.1039999076
65171,57879.52013625778
147111,302011.1337261186
13396,156825.86631577578
46262,92405.39539668473
82746,407364.7840930454
82088,174780.45939459774
137230,250989.36923315603
121843,144412.86507995345
13372,153804.37956089363
9614,160094.25892535516
46905,185571.08686406413
138088,137427.31587850399
132164,104549.48433098359
40182,89172.44183448855
35634,457074.74229599483
64799,153813.0498363012
141215,164766.25450551946
129332,98445.92701089854
45312,223563.56544735076
124878,98595.6662507514
75277,523562.73652999493
42901,161867.61529172992
5906,143139.07449972583
16740,134534.67675225588
63075,185418.2041973971
23341,125426.21355316779
49396,148937.06909897656
16295,118106.53533060194
140448,83871.84092110721
129443,161104.52055931016
45766,64845.33996621256
114930,194924.57401121425
117193,268173.67907320056
80491,129872.2876177272
69318,235803.6643627319
33742,89145.00440006469
124193,160665.27043969737
133054,196105.2038620566
43828,213433.4269721011
47247,160866.4854030391
46331,84812.46169380343
46020,208813.35215341754
17593,177644.07866665564
36620,128874.12398324082
66488,108947.99078593639
24230,152314.14664808885
133630,115084.26207057187
119597,138471.80437204093
129037,163624.07899827516
59409,132884.4464746705
41189,78708.58510527316
36592,67766.8805710375
62708,85909.80128582174
131352,100147.71955614812
47751,266855.6713812731
22372,173439.44186265385
11119,115632.13119714468
128983,82644.61390605386
20677,238154.73873898925
77325,306181.1447867487
18796,118973.59504760812
73647,120711.74558015748
121103,178118.70317849892
8906,265499.9144107425
142210,155628.16577669594
141126,112790.96565883502
53878,108697.51404805148
17125,77900.36797409703
18750,417185.4843483779
1656,234652.01577424945
124712,85054.66232927999
29905,89555.68865688858
35478,139731.86590820225
38724,412698.4952017926
53539,96535.50498331216
51379,60271.50457317823
67049,169693.72992534246
114418,163909.3962203796
130874,133699.36845413942
45317,77255.56620600662
110390,114211.66143853794
48,105907.00830766655
81080,49846.53680463407
118653,223821.75289114573
3398,157641.4767667457
13610,283261.35727036337
30349,100732.4554275375
45487,299121.24587951275
113862,140137.35445283988
41987,75616.283287647
41101,244634.48030834517
119074,41203.96352499785
44217,236869.69318100304
134252,288243.5372234085
116579,184073.48805996322
17787,231517.54285829567
120524,265167.0653626437
128818,175055.68660876158
72813,352342.9616260448
15059,290306.48503224214
69134,93048.06520470124
77629,190113.2763491397
124554,54709.74428423489
82521,122617.27370047578
19868,175852.6362380932
41722,122504.96085002592
10637,179253.08521778748
12926,81010.78146839606
64771,295337.81460459076
121887,109179.07512211513
26611,171972.050875661
138076,112532.7074945377
44693,112116.08219462447
130162,77125.10958081229
59435,178149.26790543686
61345,229880.19349889323
122540,123769.98947597679
19264,178240.62940848272
74663,439446.727540055
14297,96024.60100387648
62490,121215.2949244667
69709,115698.54056318599
28260,118087.71809967497
57197,204117.11685963668
37302,182062.73405518522
67682,143939.2793928067
135289,84483.19562789917
81261,184138.70757320433
49231,302906.2565846231
71701,354216.67685982893
28440,112629.6737990703
5767,205944.235245716
21383,171180.74614324607
51892,369612.8223789417
135204,160733.18089050765
138006,143932.78841916658
129950,56516.61413854793
77489,187036.4448551425
19178,172607.4509859393
110454,330700.747720825
64282,203501.66068722168
144695,96356.60898296381
56078,115217.89041104303
117390,113289.87860890111
40798,127606.21884741005
72434,253499.07486472387
45863,237779.80138225204
130167,124192.32942565321
82923,251608.8451317264
134598,218862.75799718374
51080,175822.8286175763
43439,314572.81320941227
46427,63600.5615936017
1234,173934.87107221605
43131,261308.646889374
68388,90700.69900485048
119161,128293.00466049009
38406,164053.86882118578
47753,206131.34894094558
37246,153451.80228391726
9384,140101.54327713227
134906,252806.78991641442
74961,292327.07021326746
59666,226660.0642113444
82908,499529.210495005
37457,117435.30396022799
17859,213265.93693992845
63533,88988.457207502
81824,284582.66563163564
65859,299151.56394843484
33019,124051.36497586095
45993,246975.87811340435
139731,44654.39016018083
81748,192437.458745801
50867,459233.1531048977
22526,113684.1510655951
128765,92945.78602717197
141870,43617.063130335075
73163,185241.71738010325
112650,116078.23833493958
125628,120800.67230478741
25435,409151.8906550133
64272,149779.10074725887
56851,96734.08440084304
18794,622812.421033177
80292,94126.98172776506
124152,58389.28522164872
134746,133470.22041221094
73221,205452.21778527164
130737,154317.286523294
17115,85911.55310032691
31606,149766.801511893
28524,151902.29113897381
50387,164316.97580554307
145662,570079.6495296913
127416,177464.13901297707
73848,162315.5088492504
124424,97847.92692393648
2860,241585.71336368241
139983,289095.59424822073
121383,191272.94581154163
23220,237397.18630212042
56873,284374.5953899768
72427,118939.70832667899
31591,90664.74832963815
32900,132849.4419841583
63951,357159.5508554585
138828,184432.9894785346
111578,157153.27729158947
118898,186771.9641944138
63966,467914.32132411783
125100,104742.34715285571
75498,116856.3430550271
125804,126115.0906241565
64908,138120.69218336328
47688,518851.50144441647
540,412180.15347533464
82905,201934.760959716
43431,234892.79577599934
144239,433061.7760805987
35951,85032.28073969498
32830,183227.48007330846
53556,184167.6685894688
145448,144873.85603621218
16195,181727.97706961932
79303,256562.55383010075
80455,286524.721616545
40865,110208.14597306182
51504,46032.15615665087
27005,134501.00015495694
130670,162442.46324362227
13188,85309.10015292035
56163,125130.37215290475
20808,137840.06274984876
23678,583623.1893239319
82463,281309.6981944398
30574,137167.53272714853
64706,130888.04823228571
23362,151733.84560489448
33343,393131.3838645297
75002,136205.0439529471
51101,102562.87850112878
145934,31215.896299762313
120223,212891.70678186958
78078,236787.84193197108
68827,181525.32765739522
64102,169562.81964038365
10388,193193.80043605375
79749,105708.66163755293
37652,80954.20470297112
68421,126270.52115561764
67509,50278.51059380334
25908,223689.92503840983
40377,104360.38670294147
8222,323823.973882856
135044,212069.46929359523
132382,337962.2373671257
112147,421400.67673514516
141670,463302.7828314342
129004,225658.55827115182
56790,173265.19412289784
60441,93321.84039973535
135345,172180.82168849185
12373,90935.3958602863
8648,613868.2701701082
135962,172140.81329298153
16050,164818.16450513626
76276,213527.58154408552
121791,444535.6718146045
57413,123547.77612992437
123487,229250.06666727486
35472,109590.19606069784
9531,143174.3604601861
54673,57075.31543318833
11581,83321.15062045655
26658,46782.40256971008
71580,217630.38194000782
77098,195439.9613966585
26509,154946.56415644602
62850,190387.98944592042
28470,108533.58111516062
133297,157822.75692092534
45439,120314.93656919117
26050,156324.5318757755
60174,174986.3925296709
15068,300333.9011040418
15578,151562.5266864089
15431,107367.19065721371
17252,64158.26822109874
43275,225267.17076292966
1848,269616.8071661799
144391,114008.63176368928
6685,98988.4014214512
43586,154340.39238761275
10649,153391.61859407584
132596,161213.4106832194
28621,105462.94180261428
123756,256779.89510972868
13917,99184.39329714522
5364,303398.4201150603
10655,212239.2876518924
143066,61536.092144230846
6216,142360.3719407262
131633,553575.5953032639
257,103674.32423775712
81304,182842.77444950212
122221,84507.66361670825
80726,149084.8594933767
43341,273758.99538777355
133083,89520.02584665021
139881,101978.3351157293
59714,272517.78279655427
61138,190599.1323849332
22215,429842.10239659256
24800,134048.8098257758
14415,202307.3174045622
70505,89664.87096427784
38760,186188.94190948372
55627,413498.0235748773
20195,111517.86264239435
138667,222615.7534387551
80566,193548.62507609272
115144,82060.36403959228
8689,93356.79868309651
598,184813.30131746872
37965,94676.37970582006
133024,84110.63749005136
137721,165359.77070577428
110874,331542.06277359487
70038,47209.04495516111
35911,155190.6058906376
72663,117666.36335797471
110950,180133.5519882762
25351,147368.2416045994
144896,58035.5543616873
7694,131496.56567365426
111675,272395.5966697685
9112,368563.91366820695
48428,150388.21159242681
133347,84967.26189254089
132196,190280.66591112094
53591,145166.06003925306
18532,77868.85951127816
119857,203251.7527568144
77232,183807.52494228422
47774,212870.51306644548
14273,125572.57449471638
33669,83376.87292350215
43281,231373.82432599948
47356,205196.60230663884
56396,159207.56122266062
128056,98279.97687993468
112360,235335.9405507999
59485,139370.5118646842
43188,153402.3099186251
139579,104796.05158891174
126083,271490.1738150952
118674,307171.77551535144
20795,121654.65720509141
50951,188295.0229837815
38617,115337.0725248229
41801,135279.54202044546
138238,118343.88792516856
15859,66435.7640600478
77089,57422.673489970126
135751,92416.45097182548
125465,64906.57309392244
110324,309991.90080371685
12164,137253.4872241019
27271,108386.73370555049
7379,95078.78922854637
76737,94427.78220135241
138425,107758.1091492707
38582,258221.74920226587
81928,110272.01433724599
111657,88563.08212044726
20530,370300.6720455355
77760,121371.86837283117
130464,232818.09847809156
17881,104797.25065217225
55437,311578.3102124509
131320,332806.6822253524
118256,152977.729953501
21630,96326.27183957396
119880,95289.1522860082
30840,228748.75042042718
143103,88076.93707356701
64659,124455.15579280094
111420,101805.63887953502
137714,137478.92785735178
63398,104938.85455147712
56422,179696.594657723
64764,292945.866631051
134532,264187.65032219817
132151,190241.65939636622
54736,96705.54301947507
10384,517769.10603052133
57556,164553.84883133986
25131,215170.56849035763
125394,159921.54278783436
13408,91847.0832328287
28138,184063.49872555584
142829,92148.3887335165
73935,65414.315565632154
60721,316312.3280272826
20923,144744.84850094304
117573,144289.42763402907
128093,77718.66218525587
12855,151493.5936172228
42983,247396.01244366582
48941,69744.86185432668
120768,144141.71626773485
52165,67788.31904136186
124697,180058.37422570717
82210,178818.95145357694
2812,312845.6796987719
137948,105577.03956717208
30814,194282.02248330406
33257,403584.5791692919
16662,226893.6502453435
138431,213048.6398771386
77120,200660.69367383755
12734,279166.1201256792
57455,190909.65644820058
23181,200034.53252306458
121329,126422.72816924716
32593,114116.43762142558
2487,570385.3194099338
140955,92274.53959716455
140748,280984.9863663879
123503,86231.18915188435
50662,191531.17834196944
17086,223681.27542718622
79892,84537.98647578039
16501,186898.0285403384
138304,227631.02722169034
36705,305078.0821376456
12558,273779.4207359287
81852,302298.9421404446
119501,200684.42074020082
71201,125747.10328682423
144586,229732.13312194787
71440,184495.8289910279
130862,464818.49605760525
120198,226288.51142294452
137348,508927.713004191
68547,161037.88615012687
134627,54453.314008417365
133739,161312.15682818822
40307,125221.0157123565
141808,215116.98454601964
110972,159048.1577805153
120770,84926.00081509686
15425,90554.99151112759
58096,155331.7502729233
4805,189177.23202145463
122440,103265.43105948195
58156,189509.0508007069
34298,50936.12991216261
23923,117983.19393267274
82108,290059.38954709243
8571,57158.846006012885
69682,77103.62107615298
115748,89617.45392028331
12202,111233.03660192015
48633,519907.6569358445
20970,108756.43093505505
61856,434617.7660064426
146120,134740.3482168155
121020,353466.6107846487
122570,344596.6264420743
59702,115854.67588038067
39349,137685.2153506721
17608,391578.43349443574
140489,260773.66009917957
9554,444971.32806380093
70031,79042.83676809646
74186,48297.39376498623
25932,132527.4281372105
3380,693577.7340800856
135909,52918.4360146133
136721,242405.16215127823
61069,382692.4717133397
51108,187696.99451586374
78792,297152.67993822804
54903,150725.89667081
116266,84393.38738673794
78106,149605.23555050933
9217,97390.16432166182
69222,191806.94275410983
20427,146306.84995067227
74126,206906.91530041414
48381,142079.609986408
42260,172649.59476142976
128104,210242.45508956647
50087,207614.87223886576
14624,232789.94216260087
141023,100249.29492907468
135025,60207.209083045636
504,140108.56366086006
134602,97814.12728137334
61235,133581.24347313392
80302,314763.32281252486
69241,257766.88866277115
74819,144739.95060899682
35767,51517.074404359606
20679,154466.70872400477
58259,164925.98104352973
73097,248260.80576403212
49863,115499.11251138305
80646,79150.84446759087
126336,178458.9678665293
127968,75122.5128175728
6460,194004.99353558302
35775,117833.575563424
20957,367191.9172130619
32143,40454.38602536678
61093,125221.37996147264
12679,197815.37889922413
16092,185073.0769991218
18102,303873.308110132
30132,273626.3744617871
132664,198968.68876837677
54951,108295.6778216472
33862,79390.11049968663
74654,200101.76253297133
111721,169801.4836243501
12928,261867.00069645158
42851,278993.3417231135
35119,273080.8540234366
8351,202893.01058732584
128055,177369.85554135288
138508,62983.00444192426
54058,199081.05435013244
126930,80442.54472407424
113183,188839.32475343728
44843,198229.11575429168
125151,52191.415287476826
144614,140082.71954316658
18303,83282.14729265685
40582,138100.39708672094
55394,478377.62352353474
129885,76874.49309531649
13892,202378.0112436043
123084,371613.4634631114
123282,73689.76119617467
35449,258171.0780766132
124011,53930.72587368373
125232,119898.1501101215
39470,288701.57637447846
44740,65271.911607817514
8103,94300.26406861088
81532,57400.155911277034
52628,381488.5052581346
65537,155323.5314994447
80481,184080.77141791853
72329,193726.6399842596
18773,127402.8844990934
39690,65386.2452586974
21445,247506.39756429326
18515,185594.4685528373
142614,121959.83556399871
79929,112635.91243061467
126385,253535.36175761052
37162,195820.50689788355
55410,54815.62923557304
75883,49525.382112957035
68353,181645.64133272023
137308,149971.7902120524
13344,120640.88697618304
52690,123183.38444919183
56564,308764.69910226634
118762,99579.9015873398
139647,161844.75470211828
19474,342912.0668652294
76043,70104.62555080712
71870,161413.7386067348
72688,91581.69372628118
34462,94632.2211580877
18003,101296.40484061584
49779,214237.34958924618
32175,141842.03129902954
40099,107972.21491385375
32059,66307.27775833347
125269,177000.78393614403
73985,62041.45264887619
28267,113641.21054962356
28464,103802.12493494581
120046,128411.2216533052
11280,97907.05034210697
8096,262347.2046370097
74329,292354.6488910825
133623,130755.28635496958
36839,150431.12846783086
115184,256771.5376190109
137320,51916.92997388458
23607,52068.18815008352
77364,121081.24509909158
17669,88687.13470169545
117691,130463.88024874384
140695,236561.553217326
115259,152600.10077440646
40119,102738.92990605545
33226,151730.9398602451
79015,121531.88456992985
29832,124123.59638337043
31970,84835.49355263275
138642,268852.26421979896
2842,197692.2437594542
74575,228793.22554018564
77802,258792.16607871559
63702,84099.03534480168
20403,140082.94427679828
123004,232719.87181506382
62136,126566.8588738284
63930,200005.93840621668
59182,271762.11714045785
40129,112488.77700082649
110621,69663.1311660891
9242,172477.29227794742
54401,150774.49886873568
4512,384097.9532147768
48378,92724.86221508286
74455,117376.056641255
78647,104436.45518529847
140399,248658.70108128898
31951,173720.71283607345
56728,124846.49329660602
3106,133590.17723788536
79890,208126.49871694675
21050,170071.1585618255
61479,194448.53505957418
40616,411821.7827204439
35189,109759.84555434374
111696,570700.1787475317
132831,104936.08889593421
78137,283247.3819923409
53968,287753.8568672554
123849,236635.82611631264
126328,156124.60981494706
73695,94381.25341416684
48576,118011.45280735446
38027,133750.0366537504
81323,193674.42610316334
112239,63539.00050483734
110469,85012.95225533009
127648,178900.55800228877
40954,135946.34985421866
117807,75847.19581369814
146796,85413.48392051285
77870,49974.2186081491
126162,116104.9714726373
52182,213413.76279132228
31011,168738.3601046102
18977,179976.3214890558
125958,351110.49475390476
81737,196749.31020735335
30768,68400.32093123252
15481,113334.55466490617
41887,162858.70143351977
50953,256114.15496369964
130356,98279.97687993468
145741,134895.51158739033
20629,385132.0536201993
128332,135947.28805531567
32501,51794.81527809377
55408,153540.16352812486
31364,116507.09835341421
29967,95337.84551105165
110476,113273.75594862184
134744,79538.4933989715
14537,218077.61597905133
135699,192332.6903980968
124874,139997.51357574784
64779,95596.41410229288
128576,208121.13740968934
128610,118287.87366153987
63748,99574.68971337212
138748,329486.3471364876
6617,71071.59423737827
131624,143755.27581825235
4961,371346.43399400805
128452,74837.50635622465
5221,133838.2346909546
30659,110143.22070043164
47498,164636.9002140889
3399,207985.19555897356
69419,133739.24805905673
43470,74890.46402269875
40178,163093.25662128133
139807,145401.67945969207
120973,302974.86781836953
5636,218239.8889587286
65720,228982.42903247976
39256,116995.48246049894
62520,130262.51458850768
139905,106905.08236370428
17353,194964.81141908298
1574,258432.90515782044
122304,255490.55539748073
48669,183977.05341268907
70186,89229.20176987373
68324,129869.06769044623
25723,130563.66097420083
126379,115364.47881945586
20258,107726.00333351582
14246,118480.96681928275
43873,151014.58569719782
111826,249802.16657445178
13659,228705.3332098907
130744,47841.60617314339
62404,188254.5076492171
489,147756.34384919592
65145,341128.9205559581
132135,181378.1938583109
124407,345691.667203598
34603,109556.20106635262
74749,150263.46115289256
57994,145706.67293676583
73947,69756.15703239723
53008,113291.79439021568
111483,76315.33424831627
76488,197714.7789099712
28234,146611.14266700027
19878,520899.2104935385
6772,37642.572858073545
14106,79952.16188131673
22308,178719.60958717047
76104,233861.15197838537
14055,145985.64079541393
146211,88360.0367876696
17604,161823.50778291954
139500,112681.46904256383
134945,103676.98165477514
145037,249216.08908761412
119643,156693.90544257866
139245,65894.37816604237
125173,110746.3974161477
134689,105881.33329283138
69464,176427.12331911983
124263,205423.16264401394
41115,77206.84583843287
142314,158370.04946085755
16008,128385.09187582375
39372,205548.3382287951
56666,121752.12324698785
29641,123071.27429707002
120945,248799.17810694737
34841,170969.21586653328
120312,140579.15046959478
56704,246634.25648863218
56609,221474.19133907044
15310,113088.20472389896
114623,103503.62637220106
47157,136752.42357821518
115683,101129.81384109955
30494,230233.2798594748
139442,229537.0274102194
124866,112730.6641912821
52097,126740.54029630244
48944,134438.09766514268
40767,133851.90168016555
45659,169612.36844664454
1099,122316.71112684422
57987,47655.25192939788
120961,303354.5407906949
17464,306444.442206831
116623,71641.26785723242
66750,367843.8246272637
65242,236357.54112042015
64749,83527.39969067954
115914,184753.76349089426
4090,226337.71421801604
4004,99130.08648482413
74078,226571.58305662114
115041,137254.14960203157
143814,69412.0251037661
121181,104379.13391755684
30746,180915.5617864761
124463,133877.39345791953
43220,253534.9356204911
74181,155899.7644304642
71416,46963.4818168444
6129,124185.55256442833
31669,170965.79449117085
3942,115079.34619804008
22861,186063.44079763815
135709,302641.7728775114
26810,162913.11207890793
5943,161093.17620881234
53678,65747.46757446931
118376,501057.084220018
77813,224420.9487148372
36762,287432.74858548725
19866,147704.0673814712
5236,119683.03248034907
41359,229881.72924723412
141149,153677.89763597577
42819,171154.79319304478
128658,358606.2714531694
45544,215922.79186639638
43995,93800.06395215576
34004,58681.87787128265
112467,126201.01130293604
129884,210058.09165284268
2414,162167.56033004232
71079,214053.02081860637
115573,225629.26210125233
39692,135190.4660729125
128331,152201.36056460132
128789,126569.92657965489
120335,228762.88644525158
131493,269460.3945154373
27258,190039.53968041867
119935,196100.21138767907
58065,138935.2924318753
45195,139548.1796747026
124097,197486.49195492713
126751,247652.32638166056
36795,199495.46063751442
43254,320932.15742534195
60563,133825.37279537276
47942,315175.8674415086
60564,254083.8923018971
3148,152006.53100863233
41957,289170.8327502599
111941,232476.70041249064
26271,127367.69879854514
125130,439082.26636429987
55585,102539.53153591204
41751,117723.84252683056
12165,269260.0833294349
59002,55433.945064593834
8308,106311.62178112165
130769,47452.03344343994
124988,205385.13026902534
19422,212674.6694741404
123384,119264.62672931656
57475,181040.1274099332
40900,693435.1235082584
146060,306559.2230839556
57508,178224.42126782867
4032,439346.0977114704
48112,113280.82348329545
139393,162340.7851067966
52830,232427.51357368636
61702,140595.62490232062
18404,59067.79817424553
114358,147987.74898582435
35874,113463.93073527249
3114,86453.4139848334
15306,226923.69547704622
12561,83978.54542963693
146828,101328.36683195287
27830,240321.790437755
73526,47086.395164942165
60576,182505.06192071224
58080,90323.14528183875
125426,342178.8333572513
8035,104580.22817459516
76852,68603.89931211094
64516,147822.116340161
2737,144919.26771079912
55897,73317.37002405271
75778,267642.4175505725
65643,146294.1472532446
33076,244852.88027049287
130615,234908.85941409587
50196,60926.53368959291
33618,144045.2946720175
69429,208876.8674378688
141826,116243.83882137187
71464,58485.55997501947
62839,115097.20343025091
146019,101558.11236288727
40250,158228.45935416757
27453,108393.59657284187
124365,198049.22122986356
73684,465310.487436785
29329,501221.75875437655
118226,191976.66733105062
59321,91605.603396371
22328,45785.47607519096
143028,170257.4053985762
110808,32971.48717782199
129124,90800.05665756195
70665,290573.8374890046
111670,275451.0147159332
80626,219323.41459220607
66787,137324.89983266842
29590,99594.81228253065
125249,130691.76272735983
13942,146130.44673312677
118699,130723.05927211329
11139,166550.21981847048
52300,81382.72206845986
119686,133837.65936573935
33632,263726.5779844171
129123,176394.51154742567
113233,120699.40215026372
75965,131878.0144060611
125046,64040.06309625188
138346,150770.21002062882
116737,128277.52621603993
61010,88245.80578238971
144081,307677.3945792216
51245,98812.43949066717
63158,82661.63089267405
62686,160565.95560641558
146652,192882.78481593294
42057,107497.80522369783
133431,135125.4030917235
112453,307381.44398157136
125168,404554.0801854503
75337,279401.1692096961
13281,45800.454083934674
7734,93482.95927716249
113059,102498.71299861817
131531,130725.32426918182
29488,406517.702942392
141530,139305.63030467933
32816,130585.87768558887
25500,120373.16063607641
135670,164863.03228305688
247,303876.1153616149
18759,165628.5985803617
7383,75421.62422083545
10489,124243.5458834432
125048,97978.46432730027
7575,304842.6413967947
127765,121910.77365503056
67789,109751.2439919298
82728,236268.58446127648
142230,171585.99531817978
5999,346569.11695895845
63819,155764.4123282163
15697,79207.83539020548
137801,403746.3213616638
1212,163557.07343008256
117386,217501.44470147823
7045,99331.39148665652
33151,126690.5880580567
5412,243750.6285827179
14252,63993.59491856357
42394,168399.0082786749
1946,93461.65144618042
126246,83648.33808637007
19807,237958.69409957307
112380,188668.75516286152
11003,307672.8468919936
141055,124728.10658017838
14997,144983.12094712234
125175,116127.2709521498
45217,324453.32454546634
133244,315324.33614033164
77473,114957.49331073916
15907,502497.5474249306
35519,205289.6811024641
10391,175780.67946539924
39327,179454.05772523145
6570,84133.088304158
15187,89275.76770928688
6627,34004.51194952934
121907,104283.82210888951
73293,174323.3763303783
69060,220939.60147037596
131670,261109.60587498947
123468,86022.70287622776
114248,176776.7384673683
132765,137399.29367661476
51902,184019.216536773
34144,251580.02986114472
141291,78766.38626421124
29429,124372.02214885634
129835,76790.41533441447
121777,39198.30963328348
13893,114139.04387273004
7627,113477.93777558894
73459,121204.53652096768
36070,114358.80492613596
132194,147083.19903857273
49820,238526.22409241713
139621,110518.34780211221
2647,202029.35413289088
18919,155006.11880239676
74515,56770.78142014198
55065,104913.10579122399
42997,334192.7316340667
75532,129827.5801124465
115023,85938.35372765388
17037,123708.4152722306
79587,161922.29334557033
115130,56766.92306391976
82940,259796.38907248643
6899,198930.1548649832
22791,152123.1131682503
17318,301357.8274288542
16592,71768.75931010803
140920,249399.48532592878
70627,509225.4340425184
77781,213294.43859339782
118486,149404.3142974311
69745,129206.71182648126
140831,114770.45535730445
16585,159397.2114186914
4919,103429.6573089235
40620,106302.03887205738
15715,149368.1525485869
57204,298896.35808049666
116464,695385.2940656887
124967,128337.46869926556
8115,225884.5907649282
77724,102156.93228380929
134034,136578.303793699
133455,175068.72417313867
2847,65308.804908299586
135401,142218.35961941595
43987,214871.30775431113
44198,117210.04783390684
56962,526182.8903096375
77976,267668.31414981594
43518,176631.78136361812
7418,123139.5238315831
144402,189829.07830465963
130052,82050.11660570372
23768,112985.17377468123
25902,360717.2770089511
44134,209155.66980299645
17288,495860.78721063305
24238,32896.23651343671
69574,192722.09251441836
115227,107221.1525232583
82117,248982.9631384099
73616,144188.00240410585
113844,124815.87276300613
44370,179270.51548636783
26917,81791.00638732623
73529,97906.0857433311
40755,229528.28303830078
45736,45525.562064002785
40070,107812.20334493733
16563,74460.85840299605
18282,231916.9204958835
57707,129974.75836164385
119476,115275.51021849072
75715,129280.083942467
14712,133628.6353736863
29381,104936.63995419446
140322,67037.8180966502
4822,276660.3427618372
15266,181999.21747315227
61971,205037.1805681019
66336,134670.92180288665
139578,315465.524444984
140360,61704.765023557295
62955,74381.58087539305
14100,82330.37815936892
49576,107582.46362979134
139320,145033.99238102505
42395,232624.47291646764
20558,84429.16278699781
140211,168405.69702534907
77507,140534.3801451679
83159,44659.451514720546
13698,359943.49730811553
14955,134738.23403645447
72019,131084.31741299323
12348,118694.99081476819
60059,136458.34024117235
19924,207502.28469943214
59453,138890.82678870048
41512,90920.75165502809
70537,202884.07383831774
63894,130122.37869861595
3558,147465.86651558772
51116,344813.7237224103
27287,102325.65175650657
47980,198189.28398999525
319,218803.86269484006
20678,88672.25450516383
37612,152929.11604349766
36983,133578.6605736843
22842,253973.64184200205
50771,58547.14752382967
123906,172011.56453800658
138366,222537.39929921256
54130,127643.85638308176
65986,132014.39354513882
72555,336668.37839813216
124540,132065.08153072232
61688,268216.84800881566
71666,267409.262596934
13120,81065.19562673295
133612,206039.50969569472
41660,163042.47235435288
127198,190197.6171268479
43657,178203.5831255568
80925,269801.31914575037
61956,136389.70055466512
111588,190211.4784500612
20215,446163.08024524216
19040,129329.81044578775
135462,64040.06309625188
51850,134247.64297468128
48966,228603.96790020526
133438,253524.7097612662
25362,84686.37206460616
27107,163876.51964885136
51939,197779.74904667787
145175,228395.83594534523
145897,320056.7572641649
131971,336134.95955833106
26930,210016.6642573484
24053,224445.1075177036
28704,121778.3504881975
139165,191618.5585936398
6720,84642.35893187649
123464,328511.1533315118
77787,183104.88775062776
41235,81431.207897102
118657,111994.03173390936
52047,126934.54192784117
75642,146126.86409762077
51363,146556.21624722937
24439,451769.5400804
80773,85557.226075593
41931,134907.05423754553
24297,127374.9751365348
44052,126775.0298263547
56626,128104.14316313653
2297,231680.4472789962
31631,286506.3946206
43985,107592.07221498307
132811,118831.7699674702
66307,144755.79161274235
142207,160006.48655329307
141101,83429.12860671524
42352,289125.99757858575
58378,283160.0113937911
19222,137998.47881367634
20031,129092.50328595978
49545,171158.40213792026
13903,263304.95052577415
78605,256799.5745956406
75358,103090.84536078983
18413,398088.437560129
23103,85215.26987419378
34749,450677.8122964164
14330,106145.5713046876
25156,301147.53031381237
62346,280891.515756
18655,156004.8290983252
142175,180074.92769812845
114804,260637.3104372766
125772,141869.30641510306
127182,177235.20831906536
46720,191950.78449478402
70127,197771.96479170048
4013,171116.66454901628
137756,106159.56866907058
58022,102926.68498537442
71761,94063.00059383348
73783,332137.060091002
127107,374866.8866871207
125186,401382.9778679729
80603,114989.2427187269
1868,102915.49750280591
47608,127617.40893564511
137469,294721.88789017836
54206,60655.7996241674
147136,81186.27356720524
22207,100271.49958249777
122246,453206.03730212245
143202,66654.07641829443
46542,161878.79831475875
133481,167653.77810269332
23055,94463.04040634364
50762,81127.93893092926
111680,148662.95980384506
144013,122948.215363831
17894,120957.07876578454
61446,151426.1987767784
26492,121445.59610222021
74271,238712.77027935046
113909,354268.72966918675
18214,387451.4197419958
139508,69975.80887190119
138778,125768.2764946218
16850,120094.20220547402
113055,52695.537496494166
114758,106496.0122459899
123206,189220.1513031361
17458,126571.17167226653
77455,183748.98966971211
126337,74667.17688009745
10394,155002.88531734768
59540,251322.94217426208
72590,521608.03110868717
140163,173332.30897144106
8425,183520.3469554271
82943,96012.1717911863
112595,184316.27104802066
49491,122980.65551363268
10036,53281.45734396573
115655,103390.28206887504
114114,251251.90465368427
125470,75950.27867453978
144324,114466.14767701623
12505,157727.72159315203
61990,64431.87117683963
126687,115939.66048074725
125392,255821.3826644865
112286,53677.666163588015
31608,91607.01828153107
67856,106084.94652631375
43233,167633.81781673603
48217,134700.22452923117
38768,48002.07324446096
65717,223131.96866903335
127511,83688.9806669144
80717,83042.69960073009
33220,333398.2547214685
53310,105764.64051161564
22836,57712.66560224988
76805,188811.92372639425
146281,143477.33745333285
133339,219960.27643817716
34044,131046.76128762928
10749,78156.10900575398
66854,112541.10065455535
41154,75761.21516876903
25661,63043.66853682231
68445,134341.6991398651
68405,227938.8049719174
34635,87105.90933365718
80658,102201.99579054651
8484,84547.56937226164
77421,102350.69811655488
137411,451271.93219386623
77344,80744.75790220463
125783,153583.07237652186
31025,253525.31732945621
129028,370647.6892892621
12898,230755.15651624106
78695,128427.78013790993
139464,146796.63968008134
63218,162673.64686169793
27280,212903.1749029286
118335,138522.13962380885
122782,36091.34694506492
38779,136357.34574441356
126104,111207.55057614393
132412,118640.15442014666
45958,125656.63368461157
27536,117628.33020653727
41460,165800.74140704185
139711,248361.44555114646
142299,131618.99861356788
111484,52820.24886411941
6189,161914.53477308154
39841,276495.4338051502
49199,96564.33151995153
122123,81437.0869440166
67488,165311.56316412985
6661,59431.72512682139
33271,176121.67637791645
113050,173371.26754079916
134578,194695.75091351484
137446,326040.19891131716
43203,203812.56831868127
34844,161587.0808182644
45551,270213.8636560156
29243,163754.37840782147
115546,209909.2541307534
45308,87518.73464427891
65238,144856.90304523258
44922,99383.22808133288
8130,249905.02537599858
65651,231169.5143153422
66702,301100.8331495846
13651,250028.83913145715
31681,96818.76516611745
122292,313839.63261580584
130408,154808.78524997563
36971,167519.15728025936
2165,277723.51885926886
10865,458410.7754654401
10235,287627.4293410303
59139,112652.2823997851
66450,136452.7280786275
27210,179779.6528286733
42335,180964.42266522124
29977,305568.0196685507
65224,118999.01178620255
72335,181971.83948377008
143159,69417.29610818642
119307,59154.14981938328
55369,178319.59902882413
67752,312366.2480142105
130969,168913.33197393818
31022,193919.5016574809
10374,269563.3697437508
17479,274383.0666170986
137340,173895.083153666
8161,152147.21661819148
25913,144576.81995083744
144918,114391.76744234469
11432,83721.17967408421
126537,192337.2564074784
126807,123092.56017615584
48777,230060.22724006104
122411,149895.5392918628
18405,76794.13227012366
21165,294570.51861626137
52991,275568.47676272766
65084,89684.3369790993
56985,130137.84322569848
119382,147095.42749445332
141830,210490.85029672744
26998,127162.03240131997
132658,60867.747983298395
36447,104868.20387830144
10494,193235.45897580992
58049,119360.21329380287
131935,155682.2150704907
36153,235457.31817376782
35258,458036.90529042785
139990,118557.97769745576
65968,227462.99154406477
17588,151255.85045240697
17744,233324.16293554308
122488,234767.38374929465
136085,176313.62534677787
21172,274682.74237291014
18806,154876.8546807431
47179,262974.4487671774
43008,256911.9447195793
136530,81056.05496470637
118007,47918.31109092607
142871,144230.68068920428
56169,128073.25460887694
82445,66528.20831366675
124052,302404.4469519089
12987,84096.73240164157
145454,269104.56098307716
145423,44274.748434572
43769,177194.43219601476
57285,110872.9815292052
21859,113890.78512247134
15062,158504.6162699672
141327,110443.7311247313
13178,98090.64997222737
124736,161687.2659694021
112211,502735.7418468973
145146,164101.67481773172
15324,184119.55403998494
60021,195192.04752913123
144458,121582.37195071198
113197,107517.45414494653
54029,106918.99527415073
37649,67260.52461093958
119434,295184.2931718439
21018,178077.8656571972
132147,183491.52827371322
69334,332262.7562085143
37342,97552.6143586801
37507,279112.2327771867
68483,219245.01321605805
44883,183940.6125890247
67936,155674.00449010555
31332,169631.66475792334
127475,102115.0587189359
57249,120685.34432582931
20730,140053.57447404973
44617,129043.64073166484
38349,167883.76050920942
113908,154817.9653944641
142948,85291.78129173061
140308,241925.09139520093
125871,296389.4555751585
125105,287566.4618274718
73019,271039.21633651305
58589,178490.55958523956
124008,149625.68183741046
19528,461378.02560674713
81496,107673.10160470415
37895,118677.11912385322
137605,83969.90076699719
146596,75443.8478692008
34897,70151.7106650681
20361,97270.25740308398
76676,202559.62024001539
145336,324221.3275805135
38928,124195.08036147091
131447,267892.7757167971
133409,187740.7897364404
133692,179594.80726734403
73470,121561.37818847685
136228,122627.02875251308
66704,95897.05465326266
46023,83486.15795103821
43876,200651.78054838657
142699,221302.80085527783
79416,45201.79314552581
67117,139451.89238725678
61155,181450.79715841392
136124,234902.17384040134
14395,208309.95709386704
141124,165584.75289330675
135970,127270.13822938541
15694,155998.46604453493
79898,233250.2199596009
60801,140029.97760501746
68474,44578.61075968347
27270,111504.47957918013
21002,84933.390164485
36248,229482.57920589246
118187,128909.60077111586
37114,120893.3477007415
138442,166386.73755554564
76304,200231.10052641004
17133,95332.7069431337
35384,112483.64714962587
82828,69169.3423477127
52841,199618.7243897015
137333,114660.6933986279
135506,230026.42518328823
3354,82092.59390941221
75510,43794.28287728365
7810,200962.10052441462
44890,204044.98599614413
26343,91745.9393507453
48349,108186.78032988965
20167,103662.62215275408
20609,193646.6437091272
114904,323751.38405789057
4872,149164.32494353133
67064,123713.72654038428
15118,108512.20187807245
45284,188031.2836128177
63415,133667.75565365964
18044,172856.33431701848
74039,103392.71457182376
130756,32258.062675974248
193,106586.637979224
39307,133104.833728856
48289,154544.43328192693
48350,298965.1393008244
6202,118109.15630026042
69638,122006.1815997351
45505,111255.94414259633
18928,189386.07594435313
78276,126174.09318039237
19035,322605.01552947785
35742,378095.67833752645
146757,85602.14701820989
70770,234716.002898401
11371,221317.05912819965
29347,107515.60826807847
74876,95582.69485111759
78782,345483.5536674918
75330,83715.45974219074
125513,143277.8821641809
34157,209277.97967459587
56087,212455.299805057
54120,182304.20706070127
139745,156463.941579005
133733,131685.29197957471
41458,197233.5895910139
9204,80129.23731966276
50536,96624.91481615628
137882,152714.06175888728
136090,108202.35912615793
34934,187420.56182585092
75440,103316.86357770821
19551,84321.96561012711
8943,81823.15747454778
130902,130777.6967946168
6000,175674.06852507155
11325,314183.1326804044
44521,267408.83488432283
35355,62826.9272175748
68434,81104.76860286822
50924,239172.9168494508
22966,144094.8086294618
72832,120540.11823363989
141745,125238.52369985939
136253,211225.68358494213
9916,105662.67402699716
122576,87437.335611139
17599,456401.53576693684
10347,319977.9487987526
5810,120460.28464733792
77037,141316.27219357574
29919,89750.66434271591
73735,180109.32125974802
137393,62647.79280051157
80948,78531.31634550504
77709,293623.28914677846
33286,208176.0825033714
118547,46709.67415229948
59701,148362.34543674468
15951,226676.02721898904
121681,167266.08831780305
67308,118511.57924199043
64343,202891.99608646455
121380,108606.06304957031
46311,248780.53510960657
30656,68285.85587387468
128390,331695.23000028264
139587,147088.05760266815
76679,158442.45152195048
68691,77734.89730379435
16108,104447.53840665525
5167,144374.0177638108
10713,256294.1231749392
125197,318483.37583392544
5414,129072.94394235598
146074,86161.1538531713
38895,48873.23224092148
78725,326125.5832700215
21856,103262.00832191622
10334,148364.94472961448
37521,207634.4453493469
66932,202598.21314947394
116493,255899.11522378423
146698,244688.3826481109
2784,75858.0991478959
21,143341.53486994712
24988,117870.91302170252
131601,118292.58608488883
135392,72535.45238537467
75940,322865.4970718006
72828,179450.44333849504
46000,287118.09301671566
127008,137616.0472731324
67985,109782.58521921371
140033,91578.21548342168
43902,264068.07005411235
146766,233732.3123149834
58742,91625.14561752732
61667,185828.54200240207
14740,86219.21419751193
14825,350470.61652711645
142773,105208.01473828824
37944,129181.6781545179
28985,98269.24744236276
125161,137967.11144679328
111495,248288.10328474105
123317,114645.94951519978
7906,205922.60368261585
32768,123552.18373408113
111579,218750.58374629478
129318,215454.1315905258
53740,36400.693933052615
12377,142794.6457193422
80140,89245.05895058213
51459,341100.5892020262
134317,111957.03906058247
133388,192203.4931446979
1226,186074.13983606175
42472,144133.94487281522
124194,149542.2440161147
132560,180461.8039719383
69920,88900.19147085969
18334,157112.62334231666
121951,162428.80708856747
74124,93495.23048420587
77418,138499.42055467365
80765,175120.5458888308
143511,239320.4791447267
122811,37746.83971921135
47683,85865.66174863369
83148,245031.75940788188
12082,95483.73819400977
123872,133709.8109464334
125569,80801.92474813822
132878,98493.23690793914
74380,55223.51068793205
30512,168587.61688135134
146595,161087.9411141728
126763,140719.72706943972
82552,272992.1807115434
59047,131557.9932238448
117869,195550.6676533115
45725,109497.88312592807
45083,74897.35640263796
59204,79774.93159972357
25537,58652.53749645155
51099,123688.79904191734
115639,160870.8810208516
5075,167582.88880032673
111345,151882.6995084677
34301,135851.8224860655
26769,136030.345548553
75176,82701.29384663064
142784,252836.33555961068
82524,139238.00833848797
80767,229718.83057279716
145990,303316.90767138504
49218,75802.73757316593
115568,127494.22090981594
135515,119101.50967946436
11610,55344.36098332621
1258,503179.46811806236
6620,61365.42604280652
75142,110636.40858302623
54363,42387.950087026744
142636,184273.33661052005
130573,65589.43328029178
61429,168251.07202240636
115881,200015.7034302657
18009,249643.51502779633
19937,180857.44742537587
62368,85090.66519198485
20694,236985.36343025416
56440,104004.259513683
118868,50122.208955203474
75073,85263.09245678099
78418,107551.44225406041
54192,624123.6815993057
119196,195748.3096473734
124363,192541.70137530644
48392,67131.2872186301
77477,138437.1773085322
110409,115462.00485697077
64372,89226.19164584448
13342,273788.6145185178
30529,421484.99202848435
73733,122889.08886084428
40779,192359.07150781158
1345,126309.19361813387
121135,99044.00349763366
126451,291654.92682895437
63011,277691.36466539785
120801,341299.0772559614
60025,84431.90931518837
130805,130251.42675620374
49912,177713.40756193883
121112,167773.75219415297
43373,238176.5424060034
71084,324031.10725436406
41295,143023.73774206854
19208,40570.8904211548
36255,256036.9538309864
129705,171808.2197440537
60533,251309.282553609
10592,694633.7962265505
144374,164331.3895164552
63051,60623.58081627003
18657,121441.30410021442
45,140344.24485403305
67492,162995.39871852472
127292,143178.69396536693
14709,245437.32066842171
77982,76597.94939022703
64509,394472.5771036392
136078,105388.08942943893
48371,176338.9182680712
131526,178178.6135428882
80243,368187.2377306358
112719,68738.6226796429
26166,149267.50878312264
25870,123030.63735390676
121554,57490.331038527045
11996,58005.17338958023
16246,248185.85207626835
115761,102271.42066796392
11006,256788.7494983621
31824,316971.87086726323
54406,132626.47141247825
17335,417336.06042841583
115584,271794.06956636516
8182,85755.16300045338
136210,89644.45972344253
140029,106874.30101601595
58457,166242.88161684957
64718,157690.6578803775
74225,144240.1852113167
125947,89023.74527488342
51993,217272.48588360508
146863,58592.81627890614
14202,149514.00712526456
14878,51463.23945192253
111450,113485.71903524431
142483,385969.11174851673
126315,207080.08935028565
961,113669.88363438357
28171,122744.43562437987
53535,144729.9755601349
61949,113572.61542759635
13542,261367.07631768507
32561,180837.28287600502
485,87556.77399823375
139079,136121.70607766742
82503,194685.9409971456
22942,113127.32617622279
50697,508527.8581325052
25238,120229.8242999166
33995,62999.57108966859
139236,100409.2920706714
16199,103407.78478175559
1693,142810.79387090285
141563,292502.23539017583
66609,137188.91635053034
137186,169872.7984183529
29708,96865.72921998486
120099,240031.29353542777
52870,168655.51212698873
19791,149231.48303025376
140019,264908.5743237573
73839,273399.4863546621
126043,151173.98623664127
11718,224979.08568139494
141301,686959.1936252916
127612,231427.88301771105
125008,204700.6867402744
31533,397570.66114386695
57798,65667.2417752448
63204,183815.91586930072
20715,118296.27297535917
119693,153673.47443235008
111237,169956.0997715984
73749,259421.4751236695
23738,250418.00739505977
67195,155168.08828809124
33148,186468.32254365727
57445,104702.74213812957
1106,205133.22849098203
16311,94751.3431152394
66890,233540.59400315664
146274,196022.64340153013
51676,93406.64200077162
18732,622204.3053323319
63089,194515.27667955845
17748,138044.51032123255
14073,436754.42984926363
61296,162483.71189018252
119651,105798.83975601353
141271,141675.32807914942
41747,139357.32219726912
138682,102888.29105311596
4937,212402.11138876007
126685,253245.84962133568
40639,152116.22233237795
146381,113558.82013665827
12311,232250.6275929351
22576,90129.04375269289
56334,86732.4772877984
113030,113822.36140572962
52569,155879.14425096443
134931,91478.5566264321
70992,249359.93376670105
140576,74928.41460103182
15459,231409.70864649935
15371,122554.79622903863
25508,272517.27219640324
9490,192607.8077075802
12437,68801.74226579088
142180,61847.51254050991
13965,208666.43926901685
19907,214033.91749173152
18359,159292.66227032192
4980,124620.58735857837
37868,608859.0476971606
136584,148723.09372819934
116004,102672.88584053318
134824,136239.1911252134
47861,68388.29433314472
136918,215117.2814852363
130102,510341.08133126376
145440,308194.28813172615
142448,132808.63782434002
141257,160673.72938288073
32597,93104.77524934393
117001,385584.46954334376
74826,82710.28474648178
46474,186780.40402708584
130579,148068.95290271353
52090,128966.53783640114
39584,102993.31658758999
42462,121568.27612400825
7079,134399.2344019485
145131,129592.462121369
37200,76994.99319994278
34957,370488.7820401845
137702,64608.52291016749
120181,114161.59114576821
122163,235794.88884077186
138250,594257.3601780505
61888,241406.3945084004
74803,383468.9887091744
130353,255189.51369588106
76340,131434.80598605334
116742,105880.9558997278
74544,183540.32720377634
53889,177947.38499627245
114227,187130.5885212599
4731,170818.91346401928
126107,482964.39175280713
140815,89146.31631349641
33484,255383.30104670848
10679,126049.0046508578
3438,296843.71732029703
139214,150177.738669523
9835,117286.12089595704
139757,244882.21986890555
124005,112698.26415580453
124630,169511.39823038096
40423,108064.93080544547
140144,220948.40997718077
111060,222050.14949846105
117364,117858.56798946546
73755,141988.8521411263
77270,284852.03042437014
119703,82726.4325329741
26850,146507.0868867713
72185,132423.41299598856
43006,139676.46510297418
49400,264041.53963010345
47251,147248.85922443445
77132,113991.04341822802
13014,458921.35473257664
50808,241532.375874686
139907,98422.23445615178
120203,120651.31642348053
144020,290474.71219061397
139738,117742.48899982544
1972,45553.74939290937
68548,110636.22933630252
128482,133446.301087967
114079,150551.85439792895
18224,122713.33723579509
7017,92541.59247097996
135621,84869.28531937381
7026,281500.4763054286
325,386179.50112619845
114828,242120.69803513878
113577,48281.149483882306
30367,87379.13982855812
74710,87767.6018406641
41457,183330.328046971
82673,224424.2004898994
42918,85477.45999451709
4803,104240.5728390229
50264,162468.92666891942
70141,95484.08116523217
112461,115464.28150733374
114761,75787.31173718473
132902,536224.7723895723
138863,384003.04244992195
26877,292028.19255889714
121530,115366.19019752886
7128,454609.85598792887
8487,82500.80621682572
50786,158922.89396977628
147035,89807.96093718224
71969,278056.17018591356
42294,307930.84144590615
39904,308321.9198563433
55360,492057.98988672043
45383,405642.9277505091
80652,58217.298769381145
118815,137974.7285727229
43090,301915.17165110185
50554,123049.02544241844
57,182691.7420255504
57129,100401.32548665085
116752,223123.8409250488
133214,260858.91759862928
39840,178422.87089291774
46360,275622.7414218505
23056,124890.56699538056
10405,167490.39089657465
44352,230754.25488637516
18760,79045.87744495335
133871,110280.99732491313
38712,102631.4876111373
115304,276097.71287651104
44865,346680.3740754928
21765,207544.04244774126
53627,83258.87408036695
133110,128305.22305013202
130799,222310.75956456305
67612,170646.13462231887
146809,278729.10134454316
113985,192873.3688271782
56468,393226.9428042009
1706,166187.2907295174
143408,91008.35061169718
68372,234884.64601795172
29380,108282.75588590658
27606,109671.86024412725
72080,341340.1345215612
19316,368009.8313602978
75348,105569.91733270511
124309,173470.4332273776
134327,168110.1116581851
80966,639551.345275511
2049,113250.6368909961
123455,143338.7679885488
57975,109508.31162461024
38571,152854.54089668294
74464,59921.18299372689
145264,271247.71440268407
13450,229491.93136045206
138989,97507.73076430663
24393,188377.20798577263
15028,218116.33681517007
138202,206812.01663873956
53020,68068.01435469955
139825,386257.86527149845
77906,171384.61951025506
18706,66566.78905764433
61766,323394.25304001645
119815,551049.2545155574
32663,90375.97981304645
140693,80556.16637965236
20148,209192.35260225812
15550,242709.37615478426
145359,73541.7038262041
118564,256698.02081797825
16125,70588.0698618197
128464,89837.20597952476
64633,82666.63341855684
3666,254528.2141759866
141151,109958.21623704159
46053,506967.61525976297
44848,129459.7720006661
33980,159743.45498722093
139179,58087.072210428305
56006,264604.20929553354
46685,180003.79999124806
82907,201475.28305902547
122616,133524.67098304885
116106,185384.85041804137
43213,137153.45332706234
18362,264504.9147244911
11288,80530.46481920259
120310,336918.75489289185
130268,98533.74752011373
68200,364170.0266344225
10832,104536.10319981704
6140,77450.49438958161
122483,74061.76453750701
859,246335.71674992394
59723,407692.57060063555
25374,118522.27819050933
141118,147833.81121159316
146571,104361.0096707016
39519,136318.52011042938
141204,206424.1352532235
35986,42432.0140280432
143325,142081.47908274696
133974,87077.0321819917
52585,481393.68503366504
41273,82269.81858667545
62984,318620.5630784065
4664,127054.21887936312
35888,75760.70694547698
58893,165624.60842770705
142637,295233.5752553048
68192,97753.7553812885
61158,113592.10754143322
15659,151566.86966970432
76524,122114.7833261828
36334,45978.62409208864
66496,51399.43167017838
133059,277217.90748913586
146292,128678.504035794
115284,158739.3599908071
141471,118245.57987208388
2995,137416.66078600206
70867,130733.28542455415
46194,357962.456372453
115901,214869.825648068
131519,177554.3796033551
24934,77178.94154656563
40652,182928.29511646816
10302,198640.59532684274
112124,75951.33530764561
115933,284256.34796091967
67140,239570.04848293978
127865,153175.56187834128
2274,99687.64229178257
79556,212241.06087475727
124302,226138.4466826765
74185,261950.46867316597
40934,190363.49110581746
121230,146048.1132848581
137481,155340.71578328306
51845,170318.5916474414
126679,308178.4882304446
124828,160093.19689907212
112652,169826.47164814055
42681,114266.0379328013
72822,254029.64269007873
73391,108562.50350791405
143821,229402.740319343
854,184620.64536811915
39642,213983.20978294656
121349,63117.89874881234
110601,101110.6371869299
71273,194347.1059667715
110357,240689.66301993898
117806,144969.51492120154
50060,222326.7993853213
45167,227966.18376477849
82752,122983.1037320853
124775,156114.9618994797
64106,50020.43212634187
129150,97321.69760775982
142577,519408.3901224316
132913,314069.7638631129
67846,80124.1720567915
47557,117090.08274925228
29154,219616.55589829222
16069,164429.36587268792
111555,92439.61738381654
52966,112979.2536445035
38867,145411.5485673764
67835,124233.85619269752
29619,251646.03081784392
35771,402059.00002804375
59313,81486.062439757
6946,232343.26533578217
14550,342795.22258471197
74619,88306.69170653063
2175,462463.8268047812
133926,121575.33739613745
13668,94971.40791794505
80771,158600.9722162842
16495,307829.0905554082
116345,144452.76727293996
39838,129964.4346638727
11547,54879.09793825246
134612,189012.85755720557
58966,106039.76174666098
111855,110737.05190223383
130442,136729.6582491367
129934,232104.1384798113
58853,274505.2303636226
59981,179505.55360840433
28118,100163.66668666883
48328,158402.6501939108
40411,184730.08085105172
135669,197540.3436499159
75793,46117.710869673734
20200,59250.070083181345
117703,131291.14584452572
15506,112621.04104344134
36395,146042.6591994875
114097,250022.6372837943
51823,342282.5497519506
139239,59347.11662299239
8330,271181.4900551082
12049,96171.47827802568
143162,107141.10105530344
140422,362095.26803822606
10795,118042.4331099643
129764,79861.49353678229
63925,166441.05824007274
55144,142594.91368236614
30842,180631.9468125281
58528,154382.11923109682
25893,219586.8229078266
43702,83534.23657397335
129137,69162.83672130352
61655,212843.96377752282
24379,102602.9031762759
61472,192800.16110972752
36644,240238.33171098432
65004,146737.53060267022
32578,59048.83008412852
33555,175851.90130436313
14614,169727.59092707498
46596,41113.43655240192
111582,167593.3187833033
35447,97452.53813497584
139488,204355.1424951774
47653,56783.08399004371
4102,84039.62444129083
141000,151437.6037076552
41104,39827.87441132535
115725,237641.72646243457
6060,210106.01349468058
75609,166990.83552771143
114730,65206.37921288184
67536,87743.02100909123
143638,144942.0062069901
14174,216060.05419775465
50815,87399.07864698482
61354,117411.43203922085
72469,175855.16659690824
14776,195321.26796393155
33890,102807.62541205288
35926,181141.698513386
25766,261218.8674209846
122188,98068.09867686141
73943,407033.92781582824
12191,183897.08859922952
71841,211476.2328842588
60481,179403.44044397352
135015,111690.0543018108
74958,187091.5198222098
113173,92646.63626349471
12013,90760.0136125985
20161,112625.83497064827
130080,276050.2850546518
131298,332633.83828342124
144661,204437.9631599427
144888,297861.70883791364
128021,154111.25084983802
74002,62729.95020169357
81866,104709.95022823274
67385,80378.43191059864
25219,100410.99210062606
4327,333246.39877373155
139836,48928.436395482364
68282,108398.03207523638
78539,186238.79090892465
67468,175549.77540598053
144785,151509.1799710755
112663,58396.13544568255
59607,191231.78579196965
124490,460446.7617517404
52755,49414.51826732302
26487,211766.9103807534
53838,151763.8240567608
68488,153901.63303487276
78145,132999.97078704298
113082,171367.93794112213
21005,176186.81134740845
138572,203603.0875835355
19686,130559.27204405481
35953,259086.24130235284
48434,85511.19457085672
5165,407334.0814618246
41870,178331.6878070261
5318,146835.31945918401
118757,103409.11560203737
69741,181070.5329608445
131856,371888.31113205245
46876,124404.52829548872
127867,109941.47114465776
79802,131687.81541635594
12192,266713.04391434405
76318,206429.3687129412
27687,314858.257165086
78286,269616.8071661799
4282,232120.98559699452
57081,227490.4945140453
17596,332271.7515024116
80496,207390.90004769812
9294,183709.99889808218
75974,178547.59986763477
3242,315389.2897495203
116433,267538.96879067546
17072,110805.25730026068
65296,165058.92614055416
134140,207672.89238285157
6157,185310.29712742023
18562,152016.82092648128
24293,259338.17281322664
56479,135319.92807088245
116287,46350.19887964364
245,238940.78363936994
57049,204225.91655494302
130443,137620.15484862763
41331,248195.49679533354
31680,260817.950023606
52161,81524.26273761223
43208,335955.2051254865
46617,171334.45795218376
65184,102143.07687395538
66981,338383.22755648714
114139,175187.95008528602
121932,179597.2725650729
72775,160161.14159668965
80145,108949.05140237142
117079,94169.63096749857
134295,141950.09840595728
75125,159951.29044346148
131608,178684.11974535004
56139,198621.35443577857
137088,213476.86433943297
35309,84784.04438880077
111827,365751.09914882446
80078,200058.61831160082
139766,197054.47562064778
55550,111985.40272894136
69989,192886.8974544327
74814,484370.9300705426
22673,141253.49498814112
64589,125672.64399723928
6343,66897.9930152907
52763,105424.42715886599
59156,146240.13328860502
35954,177260.0673588201
143884,76784.9991479119
125652,288785.1838741716
127269,394563.0319745138
74266,306823.15200784313
13991,86033.27232874888
30146,147105.8219308764
46640,93845.89103731596
15622,288385.2531258896
112284,180395.66468834662
63735,86307.92580109963
126319,243544.11855419396
44694,53879.798801665835
133944,142717.15553341864
126008,170227.25652420655
37752,107511.05907484898
79516,88243.07775739432
23255,159703.3674188633
75331,219576.9583542198
62387,74075.05765721753
2063,93252.93036987376
69910,157846.50777706256
1017,129871.2642217858
52431,172116.83685482622
24442,403886.3323205016
122052,113714.11263938018
144021,144699.424280336
17136,258113.04853049916
60274,109711.1767127063
55984,206156.889539539
118605,205003.0895177064
74454,134457.33876296607
68360,166740.0520031745
60619,63049.06589230524
62294,208435.2250917021
15704,107472.49140268334
44837,151755.3983803095
34167,114830.4177441852
138679,164617.3696096743
113252,130487.91695202299
116029,108803.91246326058
114929,230891.4659437281
32208,89000.46406788059
18220,95175.07848117524
141669,286167.5418891663
56518,380506.34662559774
71809,264442.0705619551
1896,109842.72152173879
1237,220596.37064529123
56894,310530.8772020016
51841,138044.7109401452
7171,96291.62187202834
118696,129279.10586338368
51681,154347.53857835595
114385,141257.33145282516
146870,130404.99568451167
16822,107961.44926590714
110337,220651.7612178877
11319,113560.63516071838
53220,469738.06683819985
56846,120496.29626357726
29516,146016.00050973264
4981,142257.58523539052
70577,71289.46405687273
75483,298188.4554985135
12163,182546.37952193109
12962,236011.05024397187
49154,224355.8677878637
52231,63738.72310457045
120058,276227.9973525116
79013,85912.38071960039
15972,134726.7264675899
45200,109757.63154786838
117847,80695.5630229031
135148,72199.24191336066
137010,121242.79229671622
5983,271732.2483634624
27126,109540.83993515772
8482,83268.35889781688
136401,84720.03034969012
77340,230825.93065029863
9441,230695.81027221994
44447,346293.0765038474
60087,360667.89549769263
16727,152814.76979170676
22044,121354.5607053002
42831,197745.79638139575
62321,235477.68128763023
50715,358154.626912721
112502,91404.4468960999
59849,77222.99922762392
16048,101515.47895566339
58933,117770.92525571585
19615,76164.50121956469
20520,134184.58412004728
21693,184804.93283073066
63358,69778.95992311886
24368,357163.2837886488
128966,79528.11442681181
54457,110100.51827504401
139460,626401.5763445381
34248,108729.38239663467
142371,280207.8077825489
22717,140935.19995873215
147155,92276.13364050827
75829,107842.26087834833
38799,225672.6412431031
126391,132706.87314557473
1748,242337.7579802292
135825,234037.61125369958
80523,106526.70957399587
60597,66026.67343964629
73186,256344.41441862984
144892,500865.7893820617
29600,198908.68198030622
18275,31160.409006252732
12338,104511.18027967177
37986,113086.14619510053
147070,123925.88712369316
79641,107856.65119773045
112456,270418.2601327673
41395,277077.74151218915
146165,81377.76229389163
47947,329358.24303736247
135818,124767.15265363782
5946,146143.60595246832
119607,91747.40445387119
46557,84719.22887826932
22766,75618.00243182329
113750,162095.1169756896
82569,163701.17888902483
14111,210349.521430726
111639,163386.09107798163
137129,98828.18635135698
143424,108854.0208546994
40609,63985.642416642964
77935,110356.87558312414
132666,122338.58255756221
42176,693435.1235082584
47456,147514.9882096809
142322,74996.11952365216
124685,204290.16504067354
61553,283118.83317415905
21218,97170.10586183032
31698,258153.5971312548
143263,216565.05258118082
34418,132277.6732123294
73880,103168.44580782071
146338,109416.17573448496
67919,181544.79774196452
48592,109481.1102627728
111820,94616.27919384936
8520,179981.14038632804
50494,264068.6183806069
27159,182792.49441604383
143286,166831.92293679976
134307,76767.69622031649
144755,270645.82544274634
62209,271644.9064983694
18640,440775.69753265654
69510,93360.0005463298
79056,658192.0919409337
1757,247061.47614768147
8557,214076.54070679488
143029,147855.54363954888
83171,190499.73915985515
132181,163811.19312980823
16911,134880.38397648226
136987,186463.3735342281
57332,73432.83045417594
7337,255510.9277223349
61770,675665.2883388505
74169,335280.12460133404
76012,169925.3377662602
33536,121754.3081653087
19108,217705.44625532845
47335,70986.15772204401
15054,77169.11331688422
81779,228884.29937441676
138040,317249.17492395075
120340,156029.25323071462
51371,174008.73894339977
63010,162653.8682117618
72868,117992.01651510244
33812,55368.332838447735
118238,309393.4541260046
23463,224346.05925506208
75213,83798.1308161591
12904,100948.8035305599
14373,93396.52938474382
133168,190123.36897016646
32702,46862.16509746869
6083,104497.50970313634
50465,64580.51295903253
128374,281122.2845823954
46203,210540.85041090005
4630,232689.7653628244
49158,76524.81213946355
143186,144946.80969440198
112582,262134.07113843848
124009,126990.60803896724
130537,56676.01023107434
32567,223146.97912880068
61322,306969.55468510534
141015,90613.58902681511
41294,68733.58205965182
35613,87716.2758139837
34354,184324.15732075513
69978,177916.2511307296
6567,175985.77924928622
23070,58121.44010078236
125779,218697.06811513688
51663,168807.65063937544
141464,129652.08491835048
53424,171604.98628953678
128129,132801.3256011854
12958,143021.64230640023
70987,212921.45882889954
139818,138763.992784752
82698,51852.725364377955
119047,126611.82004361054
77839,143982.37151458208
67817,197830.4106024587
28004,117316.19622905852
76494,119663.22998294338
755,166160.6423673454
57094,236552.95136471995
79561,75547.15717945629
9229,145121.99069279683
8603,217825.255379896
117147,38588.77165010419
141074,229122.28160309192
37460,146851.65282496955
80377,183736.70132546237
63181,76247.06421105652
44388,363624.98514082
40583,112221.12999861219
71573,89868.09064749783
136691,118024.4020846884
118631,122765.55412303832
60030,129693.23361510754
20451,86158.61957687102
138651,107289.41124052813
128559,112219.46836214993
125417,178679.54627557943
34213,60132.02657836218
7130,120066.52073597122
2307,485876.7638141279
82599,91461.09822618103
20893,140673.92325065949
144715,140989.4164501039
35044,100944.12835530401
41361,277834.2286880163
73322,125990.85057829338
10996,75481.04566110538
25971,160216.31105376643
65572,151613.2679456275
144174,111197.25179095709
68917,134541.99868709611
21734,249092.07085997
39920,60282.96264236535
135167,223387.3204656068
7380,139205.5330617343
81997,145644.74875500248
44465,130532.0626841457
7731,152755.55126393193
59328,107939.19488590764
40540,167626.49356428173
122333,94947.50699429067
142226,387641.0818637818
113337,286381.628579441
135050,174175.05703655654
43001,203382.37226263937
15606,80803.78559514943
26759,247682.44635716395
28988,260433.98066399226
75982,80302.85591223698
69494,61091.53043493196
10057,119886.18131819085
79306,113449.64985639948
71231,243624.2586470942
55312,290095.8249737192
145026,202035.48771122145
117854,318378.193199295
22523,256543.21679353417
142381,110065.76201379442
60936,71380.14982460164
36942,93579.43698111615
58842,161275.84033709596
23515,146401.93290352312
18208,245011.55844824156
29565,104359.62386923464
61904,97208.94749464955
76989,56769.17132716575
23482,222794.57225995424
1657,218254.9610836478
127947,142993.42817661318
59185,82729.68414904078
48006,63907.17178826894
71541,143627.28208398249
20979,123883.12455301688
43661,180340.18125213753
117357,143356.29874263646
42435,212784.91568841075
77502,80379.09401893371
114685,65849.2108826948
33367,244111.26187954156
71381,204075.85677097779
122562,326469.8585149326
27199,224720.23429231055
16304,81364.300323612
63049,69470.07859533216
81318,104720.9595358163
62374,142513.1490717911
125133,69012.44958257591
26067,239123.88030615938
114151,111599.18452382638
143235,33203.4134591273
74197,165313.64605889862
57156,196111.1066042253
122293,71435.7644826496
58778,350158.1181037314
79800,97828.40980415633
68801,116420.3352815314
36726,48362.03882675212
143866,129255.23810902791
131375,70825.28844099402
4952,97907.81390470988
20952,135983.6468344301
22566,178666.36920260682
144114,125179.1089597962
138139,74209.78392697178
24634,113420.63714183454
141891,256302.43637892808
18270,90767.66152436339
126768,57774.70351766476
6353,182128.16730499908
16166,129654.84885708691
58857,156660.99457708883
128218,110553.86413809787
118253,321865.24111686484
62454,108077.69769765128
119089,77071.58291183534
49478,308616.9221948379
6823,113681.59478493768
125761,228799.19401256356
115803,282036.3717838965
7191,240884.3225183927
126667,104853.16563116122
37534,179688.8451243713
118494,74929.34682182665
65370,102752.06794856959
30805,273986.2400066877
23107,102102.0436088451
35163,53122.974836403875
22114,179729.73819575913
35741,204940.99694787437
52039,253714.01224631965
81915,633605.8804658586
15950,327916.20762649487
76270,271725.3499695578
20971,295042.4925710615
42404,131519.1657676383
81772,262614.8261569984
123566,96423.52668034576
14538,107541.21381459697
28933,107066.51615712981
6054,97179.60706884338
119314,91389.23473255053
115919,112653.4993985463
121632,101080.2903785175
69656,131552.82028063782
30984,64347.82219622261
6403,269575.58817436395
139377,68391.44570468827
18276,223159.84562240852
128330,120938.87867736905
6825,114616.36605078808
146280,543899.6273313251
139683,44347.746919652585
7083,304228.24127820076
67241,145588.4069864706
69200,149028.2887343823
50239,140160.31472277286
121571,96634.16055923777
47860,191960.84038056128
40548,151673.55290963312
114404,194643.11219871516
68349,92246.12652983383
124135,349301.3692343426
134566,151783.32703258778
129614,229351.18892572453
51254,49163.96521803867
73385,141210.32751396278
51976,383274.0486130843
58174,260676.8496231383
72201,141717.56478849438
116490,137345.26953904115
51858,199643.9224678096
128923,67198.27264016382
9983,111662.45088048518
55702,450113.80167339114
77809,108636.50805280739
80246,527693.1588460609
61875,343516.4421989791
79735,59107.03947416133
57900,108874.36856733524
14019,90995.26082570844
31352,91652.58727872181
17819,109393.17979896544
80367,99729.01437472696
5018,191766.69247530977
20569,160891.69605772424
2594,98323.28526527827
6635,49789.331178772874
80991,158467.030206934
141587,96759.67051998936
69633,46800.57842715741
32354,129111.44311397814
52390,328325.1015551165
433,114881.87225026633
59952,120905.71628557818
118511,278924.6890486522
8593,168111.25262373834
75960,145427.57635099156
7959,226319.69510454638
145162,277356.5768685647
127749,119513.7996218655
31761,97555.96784120498
77395,233007.64496892347
81956,122531.5753782409
144210,260969.03154486004
129221,201112.9310338166
67233,216821.75718750595
58303,180499.00307048002
44696,83027.46745715706
141965,149240.14074113508
15193,75493.47737840645
14199,148148.2794635939
63046,189978.74457733292
138856,92338.23764714853
123800,210344.857353124
40664,142788.81060217923
15143,110927.69467959147
127439,518830.2279290599
14103,200282.95348628476
111059,142280.4302511294
74477,204664.662997308
74942,236356.89320016233
142277,189386.07594435313
6489,311491.7868446309
17388,156273.93078636006
12901,103048.59141587265
80985,154358.35466503364
59885,93767.68870025287
5311,99829.59025442658
123175,182997.65657186444
46859,68811.7635938428
16479,253658.89861434934
74623,68438.16473279729
31798,82850.99411390169
82856,341736.9570114419
1419,113118.13217079474
123077,475144.2933727973
121201,80237.8710937239
29738,85677.47577044918
57895,142400.85909487813
129358,172162.19562354902
82362,176546.31927455205
115412,164352.7745296077
53875,302341.51798803
82826,527123.2329300831
134796,168214.00665316434
25602,119957.45941376791
21821,58717.842102485556
137499,154688.34604739898
132448,126102.42144107225
146044,298220.69096749823
32480,156147.4471534631
19941,281098.45080696826
116526,128199.68288900913
136843,312898.3993215361
62159,59040.37518960617
38068,69587.29389015831
31374,327008.1348027531
25564,317866.5747726491
40793,93014.4016574574
7615,546888.9071664533
135729,128460.23072420346
66461,92932.4034403079
110350,258020.89625977335
116452,106506.38721262265
126111,141752.1634529711
32514,267505.7040170621
25621,291496.5449400628
1642,232758.93956392643
62446,114919.09087286756
24307,241015.23905370518
145596,173117.56856430048
139144,193557.9067439459
33437,127782.7660838044
32624,66801.48883810257
131174,164247.53114542723
36651,276304.6694484393
21254,94286.86961361418
132998,220151.0010673651
143991,161620.5433974986
73111,143574.0764866126
37655,135860.88764728
145494,109092.44759335666
27414,113668.12849181378
69673,120391.05391353028
10923,132411.29644777306
31803,194131.25368344056
44955,111155.6983840865
12286,115707.49561800112
124694,520855.5456511254
120222,172995.59388730058
146517,219674.39542913594
39244,168763.80792903184
115450,83564.15082836515
1005,106688.1776773835
28779,177613.56764293334
145754,211388.62029159977
8811,151935.47935250323
44379,445064.6613791799
54997,168959.7056750071
49235,167547.36550185186
116716,93357.68833855721
114186,84210.78924383542
38036,145531.86780186606
133729,129402.46599606411
138169,169906.51620708467
34176,135528.2387995689
52311,270052.8928073201
131876,219608.24482558222
56460,179760.20690845602
76065,116918.94914504609
60276,136458.34024117235
25228,67240.72586303571
122424,330700.88717958354
114885,334410.1017088008
21144,257439.2294226714
135151,169156.8024144121
112989,41555.83090451507
59716,341240.0454557021
24811,128513.82080058841
5024,54025.3839082726
29790,85225.95304539408
12488,170684.43688551596
76949,154075.91526388662
65842,408773.24370760226
143915,102864.41188466767
142422,67747.7470948553
37453,102460.8954600196
47846,146785.1449074041
2365,77830.91397027971
27374,189695.3288895678
139971,63543.81863219761
7978,159431.82550726002
129081,63608.08545867141
135210,93082.30119334493
117604,363059.78863494395
80298,128900.5196635681
17905,225976.8711366314
53531,113576.74137925055
11836,82682.04244211549
44635,98301.6998831898
71803,265264.2482644088
13588,218906.01307813122
76941,182335.02832400793
126130,119489.27495553574
71177,182259.1877544797
67070,203238.78426562084
1477,92048.29156357428
60615,69516.14951825247
74630,128142.95746106094
20358,150909.34748266925
4046,203693.73019960042
37476,76580.92106893027
12001,43870.27107249001
120073,238462.46522131242
1220,161364.52952015484
16070,338306.15332607634
67769,202000.78741175396
70529,103176.74832574348
115623,164495.62110410383
21706,98911.93255226592
73738,153482.57236090992
113586,73556.6833308242
72339,318905.42350263457
20742,99980.35573620965
142118,91327.93672414543
38360,201362.54120066477
24546,494402.4838459777
111241,83158.6156637803
59145,299999.7702769105
12568,328341.92525537725
34158,152137.2670819412
140036,199402.4783478662
25049,660791.6016998879
125063,213253.61010658584
128516,180603.20225465138
82604,186335.68321569497
121318,85064.75362171084
62090,40999.44243199335
139547,237665.85967440458
17031,115941.19134352251
117436,184064.07531825185
37396,96442.63640447332
31877,238826.94923863182
125534,76163.62618713696
68795,269725.2890828174
144712,157367.3189654258
54538,316004.88972249255
42466,79718.95582036975
79835,121335.93531627514
14681,131933.73817699158
136025,106783.02263402981
29978,321222.0442738123
81795,625391.3214393427
53530,107185.7695551466
66137,87792.66008570029
13295,96783.63545366612
7700,403197.75346109516
129265,217305.81575305172
15906,156138.70230886713
113559,52686.54227785899
115889,113359.02900665722
14226,122575.31589015498
20268,182100.8321444841
13755,185741.2652848778
39627,156899.97981288683
38705,200537.15493623936
50985,123435.40376358351
131929,79636.39029811411
110954,80126.3249346031
6968,75843.28137010163
42740,169092.05168856092
15734,125980.19279071249
126569,116063.20382988392
2767,147245.1962733153
5774,115773.6084382482
57689,107663.18640420496
80737,167191.8273573084
16140,94838.03697511884
125936,146634.33389480424
24513,289951.2866435357
123824,108551.44211185307
134615,292285.59170390345
41062,435873.1093824295
120307,195743.10310115328
72247,113326.83147740278
113747,88585.98166051526
34561,225156.62166177988
42214,78295.04282862332
19455,141156.89621098686
54261,245889.9485625681
53278,127499.03940422848
1755,171724.5466586835
125917,93841.96302183661
52119,231982.6228142344
127201,206310.41818112868
59868,106474.57886795691
144646,110905.21951633392
20331,92016.27742615357
120694,313202.61145216087
60292,114931.94422424134
111983,151166.34574974675
37505,149399.44410783102
27428,372296.23621460947
128876,79119.08038676233
1114,87742.91546205949
60998,223701.10410845588
128176,152539.00564848108
19989,128045.50308105294
10481,283632.18378185504
62287,63266.33741145658
44951,124383.00290011264
76435,254108.54243991504
136549,399586.2779626914
21438,133608.4096796267
126006,220759.6883321565
34675,104520.67991180654
25440,268352.08989397204
70909,107376.79910923252
119821,115940.68761514754
3930,341250.8609580647
76999,188108.1406440392
45410,96386.86197613002
43225,216978.94337539928
126150,133858.65780973548
60697,107206.95905388474
30793,336525.63862687873
48234,89770.03731291412
54265,389930.57753004914
29881,62736.808316770745
138218,173607.04787024562
34800,292382.7332858147
113009,191105.79813684907
136692,99933.09224094533
37675,140416.69873321822
65443,127814.10708548184
121334,155143.3968860926
112342,199651.93219884566
24446,110452.74450069989
128528,165808.29255338694
72984,83255.87511557325
142353,64231.2503503949
131510,223286.3505688209
29762,361619.94835413573
46116,65605.95587666168
14616,270456.3782704369
74407,154970.67191150793
11943,53597.96595703442
27444,283208.9293748123
71070,202308.7411350789
122487,67517.2610078718
16766,305295.9068216512
42678,194711.24182698544
16377,122415.98761829367
15056,183718.98879965275
28659,210676.23843414235
68935,122114.46044801647
4602,260857.60029628925
14736,336305.33745124424
25823,97863.64425876393
38309,284620.153475789
113273,100975.63770728339
79296,66666.07099057232
133880,282088.9107807209
77873,125313.68988712828
225,133998.45450708535
37257,142621.65052016595
56747,87141.97525929156
4848,195207.43463193634
119129,104235.79239455136
73676,102706.02200682182
120136,83153.09343974644
122386,164922.90614679537
58375,104196.35827605365
112833,88097.51753341196
116069,157519.97944859235
20767,139367.08414638735
59721,71375.78292723543
126999,142089.27887976653
48317,291521.09971230035
675,209111.72369647725
123005,148007.042304413
5458,96386.50027055401
135660,177727.21929902455
20233,260519.67633863143
124489,109430.66088933742
136129,271346.6035912143
80888,324531.7586479852
129175,249579.0206395344
55838,286991.8220937598
73150,297802.14270959643
60867,69567.60137390929
121735,100623.58292059325
43473,88988.457207502
119205,329273.62590826704
54000,86893.46974919821
75813,112058.43992813301
68409,101835.36544726681
54791,186989.27704899717
61973,302879.75985546585
137795,228856.03530492296
119190,257610.3452749047
26937,121071.7882795514
15966,547001.3734558487
81525,159345.0579000073
26943,182050.67252746905
142443,57842.065609289595
34492,78862.67219981171
38900,79394.54643393343
67315,73874.83474824623
54201,467693.7660964125
47184,176818.81172938657
12762,155765.36755936375
63823,148950.7476868483
11372,471340.6442809148
54484,69749.14798517116
42610,101568.18681551881
35465,71021.94742066434
52751,449875.1367958424
43407,697747.7526895073
79059,103368.3800337796
45132,186274.40987556282
58177,86489.1668167454
27467,75501.94943730958
60780,148667.32612394413
45514,75463.93167583148
33123,235691.3697516544
144964,146166.47178739612
126073,472302.21045115136
144229,96494.4169221172
63788,97545.1140693703
125960,161799.00593178696
130390,215928.21857846898
134712,375687.8487918814
116852,169793.68585174682
74796,92581.16585432296
65268,377725.28966375376
116440,226177.4132936882
5692,273994.28977474314
61937,245400.56691025628
46616,148848.3773986721
8163,209827.78881995118
54993,156863.60671210114
7916,292906.7648665807
30042,134521.20008017484
59486,77157.42979659353
38564,298885.65873845405
64850,323084.1416211027
76076,188740.51427761585
13087,256976.05773897184
39788,77556.59671217602
8647,497105.86665715894
118262,166708.78305656058
53921,126113.68755409014
112283,74335.21358057717
8031,136960.47371715016
26372,168637.66020978976
73290,124754.13237238748
43698,120679.68791917028
132441,150920.82300937286
73715,190406.67794166412
33452,576913.0398193012
3162,54642.59983971351
63120,162544.87250965962
71772,101429.96864789422
141166,97265.58594261331
26436,102910.45049428617
65981,218462.98993288886
56804,128862.50691970861
52476,104316.35776558654
43080,275846.01860097004
39951,71000.71999759428
19800,192597.02141270193
24589,251500.51992675898
29083,146680.41437300667
32272,232841.61615247396
125143,120469.40873182248
35405,68578.14952401399
65980,42617.63330560982
34245,80194.32398344057
44977,76689.2862601428
7220,131045.11580378283
138446,693918.6737130932
120529,176781.65881498763
76020,109286.57521794327
20938,112709.92779740557
135144,126113.75455468596
131781,163679.14816081023
67130,163623.80262184876
139549,244519.29672957322
131557,90487.61736708146
47629,431055.8017930531
18134,190667.14258677914
24585,116015.39904672455
114850,76926.82381398833
16064,265002.0405957293
73325,186453.47009210024
131589,262174.16459711804
29544,85786.84277865614
19322,244928.38881995852
51352,160108.21865455373
71053,333234.32317554083
59697,123644.42420828923
14422,93013.12156709413
42331,134825.50746079758
27241,309430.46037659026
141098,387529.3987369621
145686,276660.3427618372
55942,136561.84274403434
29120,137438.11036817383
142620,87560.46693434737
28080,181123.1327774388
72186,72501.14325738896
34333,321462.1226089464
29197,129208.91616022712
41381,180467.2735015966
13219,212613.4975835902
141174,148976.59759605775
144444,95368.27761937301
122122,158065.4559079459
22453,123254.99459568443
133914,277903.8365102363
66660,65246.441350348454
45254,147101.64635023757
80143,162796.19996731443
145318,330053.6244347218
130225,216806.1682226349
134362,98854.42549487436
1934,161855.77593464305
130613,372963.0632381585
69889,63397.60036860812
61673,117315.27239562779
124778,32003.28783511257
32859,201955.78446462922
144249,542907.7468364639
138419,181319.09961641137
141627,117162.28779597094
48644,355947.1631389032
2999,148736.49332061087
48466,143469.15100568175
9969,110939.09758458353
5258,373178.19900221674
138117,158597.49430111388
45436,191094.79300573785
43202,128901.40410869893
66956,431390.1786472274
19201,113941.20891633764
80663,152081.2669241248
44186,233174.29251204955
80869,49519.33839979937
125328,109524.10905088464
136708,327130.10009392275
11355,674705.5492309937
29378,248919.21184369473
122778,191890.70246810312
119988,96844.04288455876
114635,262786.97301950795
119144,113298.06637719442
126061,92830.20890589642
110382,63067.16801241877
123922,213918.44964997802
37012,76709.59336163686
19701,67465.15511898883
48908,173706.65242779278
115664,96805.969603451
64337,157939.30322448318
41449,182692.23195167942
134966,81735.93099467394
29034,347612.1335026731
6333,112354.59632826553
1264,145153.56364732163
64278,238143.38987959153
137833,211609.96513492631
15994,256454.02673174848
26549,142752.9157638634
3011,48098.76978362932
72573,159051.45977598993
33149,226220.15495577193
57176,147083.1804400959
15108,134910.15886828362
51350,61004.14721114563
12300,190082.4633656243
33675,176407.25775088597
78861,83061.71265840907
132368,86995.92700823027
8408,340127.0045350594
40869,125820.5182819853
77861,190071.29439527745
33582,165692.75675505714
112921,79725.06248353678
25498,144234.23504481954
124850,264880.6493465967
32621,45599.82582132662
70082,261918.19555085542
42166,365099.1199018668
123440,287227.20959006716
58685,185871.51193235803
78609,109542.35930404143
25924,41311.1113871921
42044,102266.38093651328
115014,90105.42159663381
112641,157668.7413709642
39531,168832.9013371142
79726,42226.82004177683
19903,206721.016854344
74768,203475.8980682093
74870,406622.29312241066
20038,75362.65800927466
42849,230760.9567298278
128486,139597.9124859284
62892,214304.81156068307
25863,71101.1327997387
60092,270280.7886887526
25423,110535.06412655207
10497,120843.12699862785
5313,319015.78641968407
30123,110909.68278064401
20211,262981.867509842
111009,305103.6150159379
71078,113264.63631105774
76189,83744.30782790831
24540,330719.35890285886
124917,172278.1590750645
61984,177608.44458280347
135726,291730.64784944995
129457,110910.28882299963
126474,328260.6659617611
46169,47086.395164942165
62174,136458.34024117235
128431,45285.37310717346
112482,293756.5716959865
120720,222545.55515861785
6632,84266.94064683633
11318,235315.76738359407
113074,142559.5489428758
146368,223255.7479185129
132059,93012.95789589256
12493,145215.37091395535
115590,206316.13165175746
33901,233720.89122601337
112891,140682.3181405016
28739,33155.23473298924
49498,256297.75055979047
11680,172642.83821452843
66242,158617.44199873228
55983,123614.36176269551
111021,130268.32558594985
7848,273371.1508984366
64321,139126.9821252186
23216,81921.85844105761
121458,112995.9471848473
119458,147296.8945649549
81839,74323.0067324418
25177,138533.66357841724
62538,262436.6273852877
51,229603.0323195614
132386,214419.56537514724
23108,138308.22513482135
16906,79850.78638474316
41464,238577.3769115993
23792,90413.48120459425
79604,258234.98569924862
116491,194273.2865129557
31434,77610.3901738696
47838,83841.03903040107
49951,118417.50157003754
144837,136108.28550226125
128699,154467.80165585884
21867,506248.0616954865
146964,92202.93725382199
70630,118926.17096555224
140997,102218.55050620867
38306,92214.79360177196
59109,178360.4013649857
20437,200806.03423719114
54637,170428.39034771937
71735,207606.4844719927
74400,51236.5661217537
126546,72762.99809366843
81837,54107.19347819731
24192,54937.98091035368
145124,245690.31792682805
113385,136075.0812623024
71886,98673.70402184516
32147,66851.93189947646
56120,113753.41999459485
111736,179493.07900054834
60865,122801.33920994983
44712,143554.26306872227
12141,53565.55018371805
60512,185843.13219200962
69974,450490.4707205879
15699,178161.34803466618
123897,276844.4294512712
29581,110861.19565987712
136592,102310.73343081595
74913,146091.15828013833
13101,199379.94325283018
120369,166101.39798107828
33106,81168.96676123286
49125,80216.09873271134
42264,47824.32778977227
135789,251085.9122929408
64412,189365.83257726397
26754,498357.83540881076
140889,325069.437825735
40806,168682.64282687544
80479,50937.14022779435
73487,324995.0309475759
112052,70197.17011367166
39315,359175.7102034406
69871,627455.8244783151
50930,225148.73309260022
54240,79341.81639024385
117763,205458.15880803572
61704,299334.4630109435
47778,71397.87311223197
11908,45069.98358113641
57122,131215.76448151164
52361,230003.47081394005
11578,92654.88245824102
115115,113236.87682498881
132588,135618.3282704881
72249,81367.78964988783
16483,132508.2065406262
143580,250927.3866866479
134778,248820.47354747698
75303,132880.23908244356
132459,183546.7717557002
20752,279625.4068176638
29285,113322.25480301071
45650,243261.53669665428
68599,118117.15420800276
35107,67837.22009974756
76595,220149.03340798762
140818,206215.05171250214
67301,171824.8163316042
138536,181458.8550832771
2323,354947.4120111582
51872,99032.7147667916
20935,240556.09475295615
5295,197258.06410330432
44603,114369.90952975646
3995,85651.01150907273
20709,60173.5969847142
116280,189459.66355590662
32750,160844.7065298966
3237,108834.36900748423
58052,303256.51763256494
13681,198056.79518201284
52551,148208.48668620997
145057,357614.0269929464
16416,275111.18215798814
48374,80700.2418717924
73951,123762.68114552778
37456,181959.82189481953
6930,176882.46209314512
128098,175604.50595758954
11954,43539.004579365166
59571,83819.1074984314
120259,201332.03696895894
2830,121299.68006415083
77160,126539.46047476324
126339,314442.7596640394
133112,148647.40047845797
9888,113152.74393253442
130693,250509.0233511217
112126,157296.18683637714
124559,110386.56142616211
25736,124513.5538781464
64846,95643.73574481095
2787,105897.63146765507
138352,214843.65378805503
12659,185196.64190665932
17769,207390.35486633686
56111,257965.75985696516
16541,57476.411314510144
7343,263990.2457072456
52018,154242.78396594574
72268,139442.42695341128
129649,115580.78254529617
136682,355674.484548855
11771,46498.86091292623
7907,397566.88202417886
127884,143901.07086052682
127763,80070.58045896035
143691,167451.64462452877
118474,140382.11884474522
127171,192204.5018993349
47407,237930.7601153372
19094,242905.31492826488
71186,173880.24903667023
123491,217682.24068826676
79945,128037.03286593595
17591,161840.1869185533
55201,372185.502052494
76282,210853.62701708017
5223,134185.4905111719
26633,358166.23833707604
5856,144658.96653198887
21231,122668.507417159
77240,149902.2090488317
15462,338010.61866977514
140396,287714.5339961215
65727,162215.59765193728
36166,197992.3601689344
77483,288706.75189131824
137014,175420.11339335318
1059,227885.02674541046
120563,137527.92844158114
75856,83118.55691257826
7342,55199.132494069694
80415,42828.21008814852
135685,144189.35545126165
61591,175331.7479316291
146726,121219.44877110429
118121,89026.1471451596
147038,156680.3225179694
129607,278792.64137601026
73563,56310.87744329896
15808,73074.91514844228
71708,152353.86046776228
80962,102597.13193489515
132040,186428.9917451472
13806,182826.07994704274
29718,111599.99825630007
131245,274449.30375152396
111514,63126.56652214956
129380,101803.0458994465
144693,252628.52773891686
7891,323016.1103588055
67569,276873.48157896823
125656,582616.9511971202
132694,220584.61351460923
123984,237475.38042496768
11255,342251.7298147795
80563,55413.56821031826
133320,190388.0095472112
20172,98563.97905599498
34862,187196.40239907685
132742,124698.5442111092
139814,239699.86828599183
24252,86634.65059994045
55519,48982.85603841765
42925,288243.4429273351
52951,81376.86203518424
35228,381242.5386408103
52299,81045.65451107951
144320,145794.3257178122
11283,117674.0056256188
58827,383362.76128241624
128143,205347.72509992562
31061,105363.79698910308
13122,58989.68673978756
25727,515722.4917885873
146058,81469.76844522324
141559,260467.59424870854
33481,146389.42465990467
60029,127301.5835948179
70737,113995.19233697289
44178,156517.71005655674
115108,97151.73935118689
1817,137290.27184713562
80612,128199.40889928947
79495,114683.00564690548
50283,651176.6030416643
41481,69602.43495765651
36577,114138.44110328774
111552,128684.652473294
3950,206046.105170006
142833,73718.10099303832
144775,146998.1012342843
73732,105881.08531146869
40093,124695.06011791981
8321,460417.4068276164
7457,83991.8343988729
31002,309411.3275162757
43620,113792.20513976153
115839,105762.40915647786
12188,78544.77241734655
75366,377559.0022427372
138980,91912.94550734396
64465,146670.96304191515
53562,125892.38183386016
93,202581.74799215194
31901,301027.3705730714
31696,248890.5116200095
38711,127803.89793757132
122718,163005.80738937896
3581,82372.46152215883
50565,174358.66729132977
66101,62629.365260801744
9752,235365.69822666916
118680,290861.8066381212
23007,109697.57304694
123791,69318.12836121199
19395,114122.98400999035
14989,120243.7571215293
54330,106608.26941084661
80354,139774.261872458
11577,92505.78285814199
73011,61169.9903863769
146240,164760.7887749382
48923,271827.982750661
20603,114544.77941540355
132218,170645.92582601987
132932,83605.07565648554
57245,248509.67297050246
43287,214544.85511605776
2309,109212.50784061357
20079,130112.08491819547
67645,124093.36784142972
7450,99608.77199079415
6001,103892.05591329074
73504,120893.12541917028
29941,299591.24922809965
26204,166330.3996827416
135355,112322.00710157887
126634,79737.65911933409
58667,243654.50427588302
74163,257319.72495623067
128150,147325.12578045065
28931,144437.9459382143
24732,370227.32327862876
128408,181880.25713762376
74011,109472.27279445891
122431,168403.56169986335
147125,445587.1207932726
144520,46069.07356602508
147108,134730.317168924
121821,96933.93002976978
18319,189836.5551638843
75511,109397.85091005875
123845,84147.68833939756
63198,89158.56899323937
17817,134914.4711109564
65645,247180.54001679644
38757,128146.75848754913
18776,401071.76684585674
48735,132855.93031964323
77430,451624.94544957706
8089,150436.4549300664
145296,185299.0877862206
124721,233585.10766345414
13548,122559.44792369634
2604,185525.4365074871
50962,180074.92769812845
120407,88099.8617598119
143175,101858.03725960045
41121,233739.2189670421
32879,111732.31396073541
77097,142505.42549264734
839,107355.91864931028
136461,51412.34355738337
124143,163231.9392245942
72952,106770.44668769593
19894,269540.1164064038
71621,191746.5800888852
122504,111207.55057614393
67851,71661.92339060699
36689,200305.69337485632
7938,189438.63372458442
19545,53602.09825672538
79524,122377.65488191054
75320,108810.03079758241
83190,76942.27158531238
37666,235889.56460132683
20120,212275.06571093915
69193,383312.278352054
71042,143026.45382760206
127501,128303.59298799225
126938,111176.2943937876
120874,219448.58774195053
17453,256287.86957125552
67940,191135.24334699925
23686,209706.49122531942
60797,93687.97687297004
112257,333208.9518869982
55514,104030.56813852486
137465,92726.83027139131
72367,302423.5661288129
5266,165037.9642662983
132839,74591.24539217592
142548,164886.74066682247
75509,225941.81098254153
17947,111215.49265430964
41301,81574.72966779058
126904,175010.6213354122
63763,92276.72749771088
8301,189651.88722917694
70729,34618.003304086364
43892,508544.06137500773
136131,372375.3967779746
82150,136220.14120899627
80605,90751.93513622449
76167,92791.46562639957
59143,305331.1164715532
64835,231814.23076060473
146206,166240.0486890958
138957,120862.45849567889
121999,108457.02250241957
79229,63004.27704987709
140338,146567.72398843174
18937,364858.98993227433
72151,330548.1058392025
68844,56152.09201528702
122390,88086.18784603843
1571,358859.9694279004
120854,46661.18095579255
3275,236654.83694047137
25158,81852.42452477744
48886,172655.52295267687
59598,185633.7813267835
37924,43633.25575841915
70951,248506.22252270684
113606,104372.15909666981
65586,128490.06641011388
63452,60631.83164039851
71670,128590.10546654476
126022,403437.5145597559
120170,141000.71631033174
76498,313305.46508856065
11095,109056.14651552687
20788,92344.56587198636
56770,413443.25322575355
141348,72101.8073377106
125718,39932.478046117685
130446,113177.19816259292
128235,122830.23126830717
18110,87573.59991886074
61182,168967.1702112091
20606,305988.3628912658
17440,214591.34205002192
36185,98709.43949040127
10783,101613.72741988832
22568,99943.89188981502
45960,113835.82126127336
55965,78984.78460184557
5067,105864.03044657024
24470,135423.07651849836
131232,376463.91763536766
75014,225413.85886801008
65756,302880.42832437425
137562,131369.41777584737
38572,234801.47320521623
137978,214869.0129928097
34814,83107.14964125841
13551,134687.2670912973
71379,143660.05583212533
132655,158421.2862418689
76373,152053.42621556905
65096,277723.51885926886
9096,113437.49410568352
118704,167188.69165160216
120123,183037.79951550133
34406,111140.60503099152
75878,90810.48226445794
135564,149655.25461841605
36978,359300.77712382417
33964,171492.20792367
141185,113967.30535380403
53955,316224.6568874667
123681,274640.03654995566
43840,299946.7181081352
111673,177400.53242156102
143703,108181.55869697241
64490,102097.41566416263
130440,148598.44651281936
131678,63060.050179002435
135269,226741.06173019134
130166,126890.85466434096
37416,70880.04190816019
135591,107859.26357053815
124324,200057.39097583905
120738,50152.02203619134
3303,270223.3783185546
80300,91469.07318635414
143848,90854.58395253596
14036,239461.67870983627
73931,319959.6995181022
111739,159151.0790637491
36376,67737.04644121429
54685,71289.35769926665
137086,202918.23160369747
73033,159701.18063285542
39572,134140.48510244413
122281,341501.6897061692
2150,173818.71396423026
145262,260679.15003200964
133562,91208.53306762324
17452,148066.008628896
62947,64169.02459858576
73404,193656.44412859203
20301,117920.56618212676
113479,276979.8338693576
37518,180163.966084406
41398,173250.59873817727
146478,36448.22578099972
39212,63353.272896533985
127748,220626.44219114684
78284,242509.6255866558
54143,95377.45551086175
82672,80744.7348979031
15188,489214.12015804334
110646,118180.18362476522
38082,165948.46688139823
79034,143723.31899073144
115994,391064.0826339896
15150,136426.32810997264
53574,60837.4554560022
6832,234286.00104459573
9024,71889.5410074348
137273,207085.71327169833
43104,263562.9397888059
81040,70746.63836477799
14305,137218.97895495815
67137,144587.63812557433
117601,161720.51689450289
128850,71999.1515784127
32934,70670.42951906004
114453,185252.22837308916
39989,77919.57291699955
131959,235893.31760799373
52185,100165.56086368235
65130,312434.8455631068
143720,79827.96266838445
40970,151771.9922535894
25775,73619.60743589408
5039,141887.19712243753
61824,136804.09166881692
75676,193154.33635362796
79766,96695.83177582096
57062,238819.00530615938
22773,115132.51485816398
45190,297112.241301861
4904,93771.49851698497
7715,128632.50711535926
130079,84376.96068126679
72503,169732.95253446227
50473,192246.98501517897
54808,104936.63995419446
144474,304514.6815409115
10547,157613.23805254628
38505,158632.0396597316
58654,95680.7025731272
50666,240368.85321296667
29390,154261.6764479762
3298,247733.76688698033
77061,183424.40721719724
40007,274364.86201513524
116668,91336.4771331961
80463,103545.66788742745
67560,57443.01964824465
4194,282507.06560645014
140370,82929.14588447398
145233,121472.16982505485
18170,164691.67997019814
28896,162229.92635643273
124663,89834.44895448828
137688,362934.6009062408
79383,263811.13878098567
61920,160016.747082877
114073,348533.18428714294
29249,165830.1199460173
8427,97382.66661025072
579,111424.57406340065
71055,145874.78380708763
128024,142316.69522178435
27067,116171.77776939857
142208,154109.9665697786
13560,124878.01718784717
145239,85998.39629471122
36799,76763.64664736294
19967,79222.94130185853
139068,434691.007981075
77134,68110.62853940629
117415,138915.23726702546
48899,37415.15380115657
15540,75174.62161012828
64917,45658.634961005155
23248,128887.65603300955
130773,171445.93741096422
67800,90360.98984456106
55863,102469.78225589814
52832,165196.52698058996
28255,248955.69899902627
37271,172351.01381393176
51089,107297.67221964104
45181,263197.22206015396
37921,173317.6868941494
131229,293217.0556953527
110827,84342.1942457981
117172,213797.314872295
68378,136013.86298842457
4006,117287.45750739306
31267,121813.85692278828
124187,111068.04222351799
37717,164893.8515490878
37726,80825.95459555618
16762,112313.4929569374
78063,210906.89359677967
132886,69207.03953797847
55376,107214.23457617263
140874,499575.97750437655
13676,251340.20992616838
135609,156383.10853697502
80438,104299.34041054179
5597,127494.5056716988
136250,128280.30710188628
19521,120783.61906880108
43697,173782.17597761253
55421,62013.524558492616
140172,223107.4675905002
25583,133413.1139298164
58271,223968.26399187563
37191,208808.06484587828
129018,131721.25714538293
135244,251735.0448315453
140526,530395.4000413881
127604,285511.0892696951
37255,74480.17675235159
10594,262962.5890716131
21979,71784.1355330683
72426,168518.72595382255
43135,117137.64897144918
64909,302047.71617994556
15238,246333.52711086796
62818,128634.58312750084
16153,189127.13219765783
16594,153191.94387333083
47997,127577.36412513882
2382,175569.1295157067
41436,238188.16492314907
37595,341202.0692073613
142998,131230.59663459074
35790,429611.4020189594
31350,250650.67298774904
132627,114769.77297384641
134474,185608.5615599989
69484,101072.73290715492
79904,281394.43417015777
16122,97364.55286423529
45261,158938.78687009364
117437,96798.89152254403
128279,208794.73269169795
44226,191078.9955958075
9207,60587.12405996214
6483,264301.3838836992
70270,158284.6759874313
123525,208447.75640253682
80091,281060.49678258016
116670,146389.23832497114
136148,435346.6662561124
74986,298521.8156076805
12701,457898.8035991553
20468,128069.60937828457
113793,208363.83994543905
145244,95411.12221027548
136007,511223.30165371613
15202,32760.349004675776
38080,126348.78778267378
38331,165544.62544735562
66615,223826.97351330525
50496,181385.52531939017
57415,251842.01452288806
145510,180191.16805473645
73856,90111.51560396598
115704,117214.15738175975
81835,225582.0836918246
119604,136770.48267005212
26819,207058.24328963345
19970,116104.24149305982
78432,247202.89290718554
51530,173210.62012181335
143976,105540.42361754709
49980,216240.7585895741
58109,136554.70856908674
59439,81519.0342104767
38862,104423.39572860744
33182,174538.30691808573
41257,416259.20525849704
48913,207463.12332627713
68860,350921.90541175805
118338,436839.3644051412
45971,240933.30050753063
40195,79120.32331784657
66555,75631.52975224768
27562,114095.0812060259
27632,182060.51326524487
142822,184937.10392174078
35118,144001.96399341212
8216,110839.59520775199
131446,325175.43839799374
2773,174662.16369614564
136967,282650.53177422757
25487,65742.11502051336
10077,274746.23525422043
124390,538841.2989150055
139915,123013.4273418138
119996,376698.9421857443
143663,85643.1750220487
123261,138870.9988383261
135773,151946.03815613134
141959,77070.9543077724
10477,114712.42854117174
65612,122617.27370047578
138876,149528.59987742972
68215,136661.16043034635
6409,256034.5681845497
135382,154413.83058594415
24730,154890.88261990208
770,283081.3647875528
65913,250925.9765934905
25061,179674.78062909684
7189,192292.93478946056
53490,36474.52001156303
43982,186563.9510072479
78872,78350.587270129
34417,187999.55999326438
140636,243619.93259979616
129650,236475.54570861423
41671,255112.24874273647
49761,192455.48442734816
16356,107050.54904568693
70124,172037.2218450028
121997,401360.3044449108
25345,77959.48650871482
134902,237670.70885270537
48355,158871.2736347306
133316,130341.83095273393
72393,166370.24724210327
53085,61376.596911133995
144974,243060.89320653363
63715,121871.32495953082
114992,121941.26270594892
127959,237669.0445577728
68313,177691.5960915347
63637,377280.3330220093
52507,142167.6777720594
65581,277810.572911797
61928,67850.18411982429
34568,188760.02125337688
63985,181008.46703271166
27372,232334.6394968464
131870,115541.98469730436
81286,142989.44679559773
72960,369003.7328665077
19920,231836.36226082552
16546,136490.37883454605
4711,187536.9863882977
71243,167948.18864829047
13642,805606.388463099
17975,306578.08903050004
10456,525842.1369654494
19192,140218.66745720853
52694,270734.926298115
75892,95367.75733521002
19820,396013.4643651984
119549,337474.4784650572
31808,96151.54122624383
22748,105826.11967032889
50717,231068.29861691807
61976,183930.63504520364
16586,228040.54633846623
25540,101172.12954873571
132713,275880.11561350053
123014,365093.8653998485
30958,205169.3978654323
52074,219670.118469783
80330,124239.88510081882
18770,293235.91119568987
75870,252723.6662005266
67110,121204.53652096768
30371,364588.9608111713
130350,221103.05845571402
77904,158226.0060299065
111427,299899.4520865776
128277,123239.93108234962
117182,397433.79232878296
1448,117468.09314004952
142117,64836.38982527992
44213,177214.3429751009
124347,128017.69761573651
140870,199198.86325562294
28185,136127.81628423184
41809,79667.10384638867
24843,78221.75944639841
8080,187435.71489831427
49541,507407.66458265536
63845,132380.71524303145
63172,249413.22260200552
35755,123671.52917034179
139761,41459.963101006695
22387,136610.12326037916
124343,95814.04689871694
56897,90582.28083759977
20555,179616.48035312846
39151,122722.56559679743
132283,563054.2937783545
35555,85975.11111176631
20257,264924.7717811253
125502,56714.01205542464
69744,164032.41238144445
74763,156484.40537816208
128275,97628.28585454085
123928,80365.94735272994
37395,267692.8882978075
48500,146125.47885592212
121622,262316.8233741295
125359,206393.68637372574
11608,68377.97268406051
5629,132929.48080486557
42738,197679.21192115394
18756,193146.83076457452
7368,106057.91290592682
142072,238365.62072762812
41750,297773.813825469
75338,79651.42108045574
57397,106011.07924662615
54649,123668.31040108929
41943,150452.04257728282
51403,60840.21907120237
25525,128103.55961642342
133798,204940.7264132935
74195,168385.6666388064
48518,181137.7884541841
52787,217627.99520596093
30972,131176.26302378403
50799,287078.5556263223
80284,201261.66319415814
139128,201813.36810357342
77338,257608.0188500912
9905,126755.77666181907
122381,362135.5637079961
51607,250507.493360837
11872,58767.7168338133
123369,161538.720527225
124617,332595.40078412736
56841,270599.2726395358
31447,612779.120017126
66575,116828.5586527581
115696,82775.67648006686
34860,166794.96977364994
1275,276542.66359404643
14766,196884.5848940707
3451,196715.1382906128
143819,126205.29131114826
67903,69492.44246495372
75502,211169.7947919151
13414,236408.3847218993
39596,245805.27346596296
133755,143703.66910710736
41993,82084.64857271635
13,135477.91666322557
132289,119611.43584000815
138796,170033.1401627029
58721,164893.68299828938
70170,97958.49927891244
113486,253626.7555564631
136551,153813.80787109083
63481,99736.15403481167
13855,205621.49288959007
74198,240251.0255961828
140705,344044.411606308
19896,80142.49603494193
33268,254796.94368296443
137694,127438.82298762392
52469,168020.37277996304
83183,91467.43690737052
147112,87438.15449326677
61845,356870.6651525261
36291,63316.59819966604
32148,141148.49318915023
74118,158758.8179815248
41804,139368.98385287885
39513,197520.18957318785
40932,246678.0865217934
117199,237675.41628921172
13613,230144.85213084973
74893,107481.30494361708
63151,39058.70730125966
142942,147136.28885637457
4262,156909.84485449403
146936,52559.890210505706
145738,180161.68797588098
135532,88150.91338207838
68840,109903.35855338168
16222,77088.040256595
50778,316164.010685895
30138,290294.47821721813
27416,196570.8135265192
48495,113519.4114905149
25803,74403.09338678431
56655,282355.95404042583
131200,234684.49896108196
141794,168287.1460466744
73822,542171.260137192
76288,230274.4901867325
133255,199668.12178793323
19374,146333.2080774577
78862,113041.3020867838
82383,71984.58554396637
22685,47693.519521040755
19765,119166.17060456667
59106,178495.9362788997
32822,76913.94167694429
144495,220333.85754006944
51753,260370.52565085248
144939,50782.37110817848
144504,127328.18841080373
121743,298679.33234899206
47445,106621.04097778542
16381,187864.10146487094
133286,87473.73306048028
75535,172006.39586055517
115174,91981.81695549293
142725,49541.922735956454
58540,102226.33306549626
3567,229081.46322775318
132640,315500.45333330164
114876,117313.6509810785
59008,67272.75299038422
47793,385057.9534614116
78203,202661.02994781005
52775,167002.78166415845
36005,117555.28961622558
22171,234153.35893668392
142884,222304.54434899404
41758,111519.30968511946
56391,26901.98426344712
113599,237337.56012693982
14915,167001.71232201596
11946,81984.16979089711
80296,131077.2622977573
67154,125625.83442282173
34432,121246.59507550977
123137,577841.0968032794
33109,121583.51612150815
110243,269409.3331462273
143400,361242.21441417595
144629,229743.827271558
39953,44432.10316217432
54897,232673.61991441782
37360,268461.8359482404
19010,55364.29217469429
146172,63499.641932549435
82759,308349.6436963801
130417,109792.83005929945
47362,194006.34915766114
56027,259839.16367104166
2440,157198.3720923696
62928,85793.89633778356
7219,123429.35045813237
18187,271653.375284057
44333,282483.5499321255
75220,95134.73622757441
75031,161897.56350685604
70146,351326.8289904061
17347,74194.27893967621
135415,182700.89629873703
15029,197834.6128725074
1206,193523.92587957962
67910,95260.06248288248
2276,413782.05875741725
58148,119641.0706143293
45182,199714.49431061352
10558,80714.81917741486
343,282419.1174035468
112779,169551.65180433675
39618,165907.1199229996
18145,364913.35181702866
111047,231185.88286375703
74359,141835.38579430833
82848,88840.28583723985
125370,102457.00253013428
19360,55543.458871709605
78415,261151.13222757963
46690,92430.29963804115
133422,111603.52702971669
20021,138683.64881488623
68787,105443.44795131285
79401,242350.7154654406
140687,287065.1547346354
132148,128642.49738183292
134253,115737.27108593084
144186,120682.02295486271
140948,159088.80635133843
71154,83004.31797264869
9785,335215.9782207696
125096,268053.9101912312
46651,367501.5114166229
126144,118162.89697992275
123431,59289.90023501437
139736,88599.37162073873
17492,153247.0187216069
131073,277720.2799412063
116924,136044.251959757
131866,163928.6224307394
6762,136708.39861489867
32884,60405.63316175046
129245,224571.212706709
4659,230975.29368267217
16452,184338.43512480287
130297,121954.05164911634
144135,117504.50054677107
36893,435700.7280724519
14664,117383.86803905427
81879,137433.8834895171
27455,252403.84853228845
60081,175038.80752091267
4812,137520.05749927094
28840,145546.5594084321
75022,141248.3028584267
72793,132894.10231632227
76378,136224.96548462467
118340,97061.89224412318
41310,80927.00146876699
54320,79473.24280625467
1173,199759.28364143707
528,424196.97284022893
132774,102101.19024457094
59574,87223.70423823984
73460,143885.10849994502
50441,271611.60756141436
13876,255941.1013811056
69235,95966.2307080365
52051,75937.884687217
33341,106039.96161797919
27131,177782.0599373724
125260,261800.57281214074
121036,121539.38613826447
62912,310008.92896624346
19113,96114.50986498098
38723,176297.2223358807
49343,113596.34375890277
146107,118966.56188960082
58603,107297.87815516032
37514,235966.00635711636
144040,168230.1931163044
70950,126888.22622101217
121748,129082.4656030849
58939,111459.51777832513
34034,217407.79730859195
79357,297758.5618781047
39752,185282.0816535441
35768,109652.37117889886
41242,139273.5368241847
15486,216656.4710917131
14033,224352.97419993312
58296,178561.23813376864
15522,232549.43357897562
116387,115586.01620042068
54995,173250.59873817727
2294,154631.24599750154
3103,264235.8139350553
52756,70642.8166848497
42706,117368.91514924189
146463,106331.43037687521
117188,443917.802662599
143784,210077.85954847987
34804,154188.50469193602
140573,179923.38282153677
42010,113429.53934275935
70276,135363.74357895876
32233,192838.56706368588
56494,94489.78732851727
133676,359212.23521470494
6909,252675.5513210171
137306,505841.4481718733
39288,374001.72444692923
17641,168718.43870377188
17243,131984.3332516781
80878,87829.70841366574
57680,261031.043773606
135447,364743.96257765044
61585,83260.64699060626
76330,233026.32258775097
48467,190643.55492706926
51590,177350.39436640617
44460,102805.05404953884
82577,178755.57032293943
41513,151363.30524161295
203,201073.99997791508
111616,105309.5960698995
48021,153411.39030289798
1805,85259.97076096534
36193,179876.19206627816
13089,55224.738481565946
82019,103077.29764563995
137858,159841.97240206946
55822,127276.53539885505
14265,200156.6135307587
61485,112445.98581669925
6718,94203.62104376421
126632,122548.23652156448
50326,111212.05056321729
69844,114516.96495317042
71283,215788.6935495225
62048,178966.46316244308
124579,117750.76259492959
15786,354355.95696247485
140887,103311.10238021426
32988,104359.4586241149
62345,131212.1638211771
14623,156770.4818828079
57741,134582.0892572255
137136,271179.08410633676
67651,537283.6815413861
31406,144254.997434124
132536,121127.7216486067
137432,444906.5414396081
59877,102728.22471235727
14303,217009.67807224195
31027,185290.66993430787
24365,163706.3602938425
134470,121774.38437451444
45367,261847.21065598214
15954,236029.22128723247
125516,153380.72069641144
82701,621457.8867751503
114859,90301.01264226019
12483,138053.86487563583
131618,141087.2930115476
117426,138882.4846168982
39620,52121.82196617103
40336,253443.29815155116
82279,71786.17814027073
76383,108901.16720691035
77550,130437.18529937568
15391,196827.95374567766
142564,98471.19160689699
73566,209128.1884098627
15514,280448.26468016085
56207,513269.53334217076
17834,68798.3498780659
118829,134263.59695883293
24354,141276.8007292737
136068,262694.0129836833
30294,138106.78059713263
51900,81859.20917099458
11243,70457.3768321978
8344,163676.36108929384
48716,110183.42297466859
116090,176069.5019364245
133822,169988.86434662523
48757,95957.7730089006
19153,180318.3571981335
134346,66252.89708194774
121609,56800.4298939287
132374,349926.4081170829
37949,68808.6121912562
15641,116999.91500182882
27062,107017.64126138721
44495,271627.31513219344
20181,456087.2695313464
113808,84528.82316571895
26401,38464.81655815864
48536,376012.1118662282
137705,156005.55155866873
127489,92167.43842272797
136775,115175.96966064937
136433,328746.23724439775
51069,280068.0289097453
80921,172905.67768244568
137691,192069.9249021572
9497,204252.3927526314
136349,126538.69916804106
119970,114976.12911227286
46180,164178.52609108936
123981,166726.706063822
48360,118864.85254408643
123979,51047.3674918977
45138,178659.72543091417
8818,96638.23622192486
128701,164352.9168603744
15170,439768.54884879966
127071,170744.47920802396
23069,176816.95724005828
42077,212783.3648842978
137825,307897.8074223349
143857,320638.26565918716
12372,60225.26201318485
20461,173748.3624731123
15934,103552.65865026691
126250,184473.0427355129
128988,364505.8126626646
58695,202026.92116162356
48097,156236.043493956
53835,128738.19983987685
146693,127128.2554393388
47443,275650.9991474277
78807,142374.93345397786
39463,114064.02230856052
17191,258250.98802366442
83092,90672.71955193482
142845,155464.78129671884
5780,149395.49252350396
11330,86167.26157785759
53133,257528.21939548873
18514,516359.739738732
20212,454840.3521405159
82411,161723.42415821407
73644,259396.8847690209
57694,208283.12255459925
59451,128080.0089380235
32400,101911.41806028594
6944,297382.05184949125
31978,259202.53119113293
27749,117196.58046893228
45870,158862.11726181032
82380,69612.01729965379
3446,145794.72363854156
9477,132381.54382434717
130991,182552.73425886844
46375,263437.51684010844
80700,146015.63036362844
118134,281614.1292256582
70152,193245.68862779887
136738,51310.14302651021
4815,200076.9218755309
5922,115092.2456657009
129276,150311.02063005063
49085,240096.1329810132
113748,139735.34122641094
142514,30145.786331463773
23044,134018.17377130536
67854,103195.72803339269
36048,212548.99215238573
128153,420477.7442339381
117880,157477.47277627228
132944,83903.83380229863
140950,190728.5873256121
6530,73835.13126359307
113597,531256.9967540541
38683,190238.20301148185
69921,179615.2121166423
13394,157141.80405486393
62139,264199.65418618114
3305,113975.2487172167
47561,141484.2032923018
27201,123819.43983511621
390,92671.33028243906
133357,132889.0827438836
14209,232946.7541181497
20197,79940.26500006617
52774,344697.65050162736
146065,197492.94704376464
48370,201187.92369125836
24298,93873.82659117637
68310,131887.466398736
143532,81715.13651927255
110816,124634.7277561255
13273,165780.52013024478
67362,135361.24368002676
51317,90452.31209965392
57153,145503.11995364216
72901,203732.34175555786
69204,194558.43348084853
58563,155797.5501480322
134597,92544.31328793135
145558,194888.41744244096
50408,133575.69378033682
18062,154015.26341658254
123552,145702.69935549682
64437,144672.3646803494
65377,91857.82907557685
136915,244301.0834591777
300,113426.89384053751
23479,86968.93839096406
147174,120424.06232115647
59783,245674.2552917783
12661,203229.34100293551
60620,65088.86125134805
20438,185764.37096965656
20443,82512.7555031727
29077,85627.89411266004
34040,135408.80601020862
136110,122671.3664782141
82780,169056.31674212374
66011,64787.15099607875
133627,84950.22283653123
143852,190721.40107034164
140170,268429.9106922863
32123,88161.20019863719
67201,160401.9974470739
64730,75450.92176548467
34325,179498.59346296955
54439,128810.24512655617
2533,76480.23010611975
138435,92145.32847498
34442,81959.85155506415
80054,128511.45726452075
22699,82613.01041645568
54461,258485.78997041855
38215,343925.10355365305
42748,63991.41480605249
122273,125339.02558347139
45101,211999.96845155922
73979,99342.10446631917
31024,236082.41943331953
112654,203985.37897104525
147106,491080.01132349845
62822,161144.24748411682
66937,64216.67381129711
126639,130464.81410597276
74188,52045.83430621929
142874,200660.3402885612
52664,126824.62252401389
9505,362682.0307084245
42476,156529.1143640271
68797,76096.78370329337
14494,167596.9724206657
3254,219819.87923268636
127138,351442.4119355497
75706,275620.7155251157
20965,109981.00258302144
18368,129436.10002786099
146299,150479.20095955592
137299,42092.24482759757
39078,72276.0807576644
112657,110335.62034840463
57271,551032.770631035
51420,218396.76525270808
46339,92922.80865874686
139902,215182.78226942458
29655,121728.50298506621
110392,78576.97139853067
14868,81328.51976668704
141356,204312.75291812303
26417,91570.00235358419
28478,112623.42052455342
135586,149132.6261691417
8180,244132.56030379646
140898,142772.3154517206
77991,208854.40608967113
77692,86336.94159376249
62310,340516.204948451
28392,190767.6872367247
113560,59347.11662299239
116988,110991.37658428511
73140,305208.96649501333
36438,194665.11608566914
73707,124472.49114157779
44306,232980.89512950918
119558,59064.51433175289
82948,129741.32815797391
22384,99760.50395068726
14417,169199.29479655458
76469,177382.93318537402
81974,130700.66625790522
54507,144110.3238799016
120069,136549.3826417324
132410,263464.28342960944
36120,185141.41881331548
27637,118233.97764469887
144618,311443.7366610584
17655,260758.6635537425
66934,108362.34175700674
32176,83402.42916069888
137811,530929.6037340923
134904,236328.5633925746
4693,103119.54583558503
50308,76806.72563282479
61985,99897.74934576126
117925,104203.8957988463
124946,149699.00383531195
20698,277306.1092713119
17207,123086.67100543279
28972,195803.59544509498
45091,185537.77538956876
18378,115630.19633718937
74540,104990.13093695871
66241,136790.05074354255
2451,163057.910516589
41253,274599.6952595707
69094,261699.20862788404
54924,213604.32422126544
25240,265883.2535913318
137889,71995.75539199039
115091,233292.0189972772
29836,90177.32921450312
77720,170223.06516298023
131863,106682.4167783171
48407,156918.97089633756
80149,167303.75281872734
19898,118148.34186845734
14731,160869.71481278387
123914,81925.05431813578
142053,300872.23202956456
82934,141568.32125103674
145053,100883.5474260229
126958,83601.7850642428
3007,272412.66506063315
22483,151272.42782533166
117359,66275.06377148669
51175,73767.00102374643
4768,115705.87284128004
10883,91644.3026516511
11917,117555.55978908238
46743,93859.3497820705
43290,146981.79794996543
112632,76404.19851507843
40378,49698.233882463
133740,171092.48056882483
52274,186156.72945017266
120727,163169.58066474734
9791,190476.2923423119
129127,120553.01600995628
137475,147210.64081621816
146569,517110.0719411799
67291,65320.589681492405
78964,169237.33562507952
45612,147371.34544391584
134567,250166.05021580472
2997,68675.62906421498
60313,111159.01440630574
113288,79532.41222725328
57662,276548.12447509513
22006,407051.94973407703
15784,107579.41256119296
57034,319478.5133989081
44638,268315.2263406471
144691,385289.58468124154
23166,170094.1013262192
5111,72423.94347728835
76765,117202.83659712925
62011,126824.73759522973
77404,86475.81479237291
57974,172932.0096384378
39669,418212.30786931515
6022,75167.23323278507
62037,177114.9139367337
28543,276994.05614626966
132759,105343.55086736391
27468,68769.91081669017
18595,197092.95072311244
127578,225663.7976654051
145966,224030.99526858737
119056,121325.83315009247
45413,311661.6674383455
137269,375362.7920857675
54933,217980.9018115925
22837,254000.95321578544
75004,256335.94603232178
127049,439649.8739382598
44836,84552.31792550148
80664,199770.2551053292
128103,228768.46143509535
143905,211921.87100314343
31015,292249.26901583705
39524,104828.88391114095
19103,45391.385051497164
5327,617319.3544462223
118044,64031.88009628988
117931,341281.67920335615
36860,451979.7769579062
144913,82448.32617351979
50217,127450.44541629133
20764,193219.76888139485
47312,84979.9209279757
62141,178821.14669129055
55961,198821.98367685865
42995,185770.36976215418
33548,197360.9279315513
115863,45119.37578846591
10220,314577.7827428969
115972,262052.11460079634
6686,37155.64492086896
6585,71471.51922291951
112163,190954.39039010048
82954,113075.1791518435
115475,39507.67203632138
145040,46494.257259491336
120783,103226.51097103841
50582,87592.79758976761
112403,218494.2512420495
70728,110095.92918365181
139454,155230.6824719323
114221,128972.04310682755
19861,129737.67573030214
54606,179644.42215781426
19199,228785.39212940872
127169,145808.953101185
76326,262641.8463302464
41571,81149.75803718386
63989,111401.28717162652
147020,281942.60950602347
18036,103448.65983124598
8078,340056.1975753656
36037,212629.39603228495
73367,133906.61658314595
129343,153428.36505735008
19213,144146.74147617145
144889,43938.722006087584
8084,147953.49936604305
36220,176863.64423037364
56345,469179.6981153535
116007,114390.14849899439
120289,208073.0949330062
3728,104889.20074338105
35229,137248.61291080393
64142,229843.49653216207
74745,210629.37845823786
70402,56767.78863850084
41128,78826.36402212226
52896,78563.0162210099
68170,103357.41695905305
34264,311786.53835151007
46113,178957.08941921627
61048,298706.389194984
140405,67445.98353851374
133682,49266.55417498635
69404,103699.58025251437
121925,115475.47838596409
2504,76931.90656845405
24108,144741.71249156637
124772,64719.344154708015
30248,285848.8763954387
20259,210496.50562252884
30854,553006.5959061445
13671,85540.49478714517
143841,195797.825407071
34655,105540.21336126166
111886,170480.31279448088
10219,108520.57830090716
61739,184738.4716186826
79097,139051.78531929932
11675,200292.33221670796
12515,62463.5690226461
17051,152263.25605013547
137836,164209.10149839357
16898,128135.74630036109
3775,266934.2817077007
7866,112589.7784713821
4356,315842.5952816205
146770,131835.34618005215
3986,186228.11728363315
3296,84341.98917371339
113661,99700.38733623522
132750,132129.85675037067
42595,142032.31332005598
44142,172691.47495954923
55499,215782.54865599977
147191,48411.051840085456
128441,124823.43590686299
128917,109545.76472384986
61631,213195.8943682766
110751,305091.28561780404
53717,238578.8403826041
73885,67921.77322548236
143690,284463.4135051088
8781,97530.08195334625
141045,118477.61615967387
80943,190275.76069843495
64883,264568.7263244442
36271,53142.538807667675
112151,83258.25924688899
56285,180333.94096312742
964,408988.96414459206
123166,135022.28168318956
76733,136987.11690546776
137528,313375.892004566
62610,221818.2312099645
37445,190562.5487099843
73831,145588.2140261335
125360,224202.3243223175
17314,82303.83637809247
121140,52002.93242560515
140476,216921.34058117593
132117,198156.44579128205
145213,59256.00915341661
141112,72622.17775302299
59659,195739.53798788603
116460,786580.2621171989
128697,137044.42910435423
11853,47074.63756591648
123345,163441.33548096675
61112,89218.82841502779
20476,304778.05846070265
127352,60053.07116749174
69813,105404.58989681557
51509,67825.3089764688
17324,85742.6089737656
79736,114545.5366873196
129625,208096.6451315114
11202,274596.201224608
26577,335281.45310997945
47397,142050.42994636507
18814,33262.88548965086
242,105414.69379548532
76371,296204.5688808727
7784,72721.95177126834
56477,220670.8728493197
57416,119569.4672126551
43447,137762.5466146181
118384,125116.23526034562
72817,214457.42759153288
122343,84096.76138062865
2610,141079.2204090357
24457,352034.5522180065
124704,84047.40455612533
17082,439063.74600853067
45556,154131.4543071229
40796,148076.0536884406
44268,270307.3532258798
11829,55328.90252197393
123245,157156.74307087544
2265,212633.73964191307
49537,64346.1938045627
137786,226390.7992439084
21500,349365.53931706626
119767,259205.31715623778
140882,262378.07629002
122810,151209.83167685344
28110,113114.16878651627
137550,198963.21278663626
27122,320228.68867400504
142539,348344.0670772843
27588,260949.16841515998
73456,196641.97389554916
52440,114182.59465929116
113079,317361.1278515515
23652,434849.940138684
64900,112847.94975800382
65979,64111.608940353166
45476,63109.009230525495
2041,77928.89033286145
52077,303200.2406663833
136182,70194.98888892322
139896,219260.20686282197
82030,150623.63619208633
71862,136202.30983482423
37363,72629.34896307351
77569,100310.94105527081
16844,321532.4327231513
82332,335853.4066346544
48628,231967.3474692855
74171,129142.25203045574
16016,284139.41250716057
110626,158015.70173835632
131256,497370.541661951
43528,88257.77557683455
124168,107412.17011643233
10223,215954.6529877667
82795,615681.1799362516
38493,146955.08058439847
128785,88150.55290577772
22035,232800.749901356
118419,127543.3845577125
138871,296876.0104938294
131925,54103.14028511214
32871,101092.46514512144
129023,172666.65499793628
45435,231945.8261449531
112541,132033.05850483512
26245,39122.517316464546
50259,138435.2451151194
56526,75502.83440510879
11772,53724.72967832006
125122,46104.65275678376
31843,88591.38669077482
59202,184025.08573578557
111051,171619.19120793682
47550,146791.5436279443
21585,250302.30959570085
10360,87736.93009262807
8355,309789.73953644105
74730,332886.9580382224
64782,209315.2269105535
33938,130328.97377977669
65218,146547.6966100867
131097,189808.07226933487
63708,141970.17581083428
62607,135946.34985421866
67728,176153.3422745886
17431,121519.42008247752
59091,134340.49817171204
42373,511624.51623616536
61253,362470.8492798313
77519,285892.94734999945
139953,89472.17236166031
6619,60444.17828476512
7972,89000.64564303259
10134,236874.45219867598
10183,120123.29292490579
114267,100594.26126452751
13404,285021.25554835174
71353,143575.906188938
36054,137338.8554046796
132322,277350.12309087534
127845,121867.49493259445
126830,230140.1990108644
110321,146058.07547761808
81896,206585.74218283797
112602,336071.8932905407
28945,184105.56875970756
122205,225067.38977908605
30823,309403.0166878768
49103,79992.2302926415
125318,97287.45257328163
15757,56890.10821724489
46541,86733.40455266484
146496,255749.54307738325
59943,62121.102655756156
17648,132631.5437629245
61966,152093.76542693927
21091,155129.91731128606
26202,186351.4017353107
115673,116438.837946474
8302,84965.97220930344
145342,112033.07756318204
143652,74047.76089293168
46819,248943.49947038485
10495,268973.41103499354
2889,167563.5165997805
82053,246337.84071269273
134459,125394.36563106606
132528,242735.28102806426
129871,149890.94173567247
23614,110172.2100067407
50944,105506.8059588199
142772,286199.0674790382
138204,156317.418721162
59344,157258.21675172634
143451,100676.1952820982
34430,47141.73630687488
32798,109105.74075906901
15288,133103.18808914587
63489,90188.69361234867
145429,488629.70947300433
119878,92634.95416974807
25246,194584.78404084122
73381,215907.08031645193
128667,230595.77949318156
131581,86751.41259516164
78669,40307.00154934805
32877,280011.85267231555
8610,161437.42348452026
18888,81655.24207159612
39456,462774.8303365994
146774,294017.77583753516
113249,76375.00129416546
129726,168320.15842258692
129162,91741.18143284575
136005,245433.91970626666
14411,80285.198650453
53362,68743.97509201885
57972,153083.01574324706
61640,76874.49309531649
7035,136086.13930902202
16696,161335.74352689733
44680,84651.25652601826
135431,190748.88919177628
58431,170141.40240873932
66268,57075.301275815495
134501,115913.24528702919
112220,139016.1506937265
68096,89158.85408290508
78494,175151.52327294686
139296,56250.09462203772
47479,167047.39275616535
23357,151927.12970986826
10915,113971.29598816828
13636,275906.624950689
56510,116679.87531716426
50818,111873.5586896923
51764,80651.80502755691
46413,63998.171453723524
40618,79353.91940341194
13182,152343.88806375582
126727,155645.6876703057
112568,96097.78878802626
63380,607164.9795013496
63174,95086.69078854794
41124,218690.8176608147
121032,118360.03784791852
43192,234481.0145720502
79481,70285.58033547486
30188,241421.5111050681
30676,77611.79432310005
46154,270240.258948627
45801,45962.1647695963
1236,115441.0446411937
133490,269621.5480438125
113402,86506.2064153429
132660,107748.04094449275
41075,62568.57447295003
57240,62503.55671926083
25833,98465.74702073881
75569,209229.67037308216
14063,88306.03778466009
115101,251786.23647524725
43320,283231.0430887947
135309,67397.46318476788
128996,82829.76040385038
83166,104585.33042314251
73468,110036.98718891063
43929,140121.6506969545
57814,46237.794827237565
20017,159583.80413269016
11386,55924.827216887796
118610,168564.9934131597
46493,159532.8354598469
28216,121645.69516737817
69269,146004.04900191602
76711,233556.7992341391
120022,98751.17029045755
130178,134151.27336350028
115635,256014.3545870509
116564,212929.83079061727
36454,269004.08621663833
46525,89226.19164584448
48296,101815.30343461107
121442,210689.6760057534
127966,141942.31703833793
77303,191312.8116970964
35432,353002.00377631775
5806,209280.34966932057
45187,186753.3110837295
31342,80762.23436460574
15278,45362.53802146264
142489,281614.1292256582
50657,136158.36650992042
69341,167892.38725259108
18660,327224.07560820447
40630,233999.19158214657
138210,136637.56293613455
26069,80789.26127391645
114028,229131.29903933656
144425,255979.6003011292
116006,209283.6237223692
144814,221494.40729812742
56122,257144.9200341042
115261,85016.01877492637
135236,87356.9991065487
43856,145979.1895176695
131196,168840.27644970437
57891,78802.20236308001
78328,119200.95054895096
125912,133877.2541359159
2467,267197.21194329427
22226,183802.30719221843
28003,96261.27341463423
21283,190632.53052166855
23328,169757.97467434546
122711,86249.93217754952
139571,119180.82539033248
127733,292053.7951204665
63495,378855.21936201735
55727,342079.18488771335
64006,287806.2342092225
110871,173132.9826355275
35846,256495.9702557683
111795,155031.32761439445
57967,168189.29718133516
120044,76767.69622031649
73399,149511.15725573857
38796,180465.97117258175
55445,44209.91529111157
1933,147104.45816880296
36995,97678.33098184779
47513,137266.85967379005
29605,123712.50321520782
29723,305475.5428766538
128035,121727.5060341255
146840,203264.1768711607
117871,194252.7033922836
122604,351578.0344727869
147077,148873.86193661424
82388,49744.563306198615
9413,140451.91179570364
22980,76394.51372549655
61992,132342.29095886645
122295,145231.04235715233
50756,224581.47235063306
33614,185492.10435371418
35014,239076.18983611558
32145,266065.93607291434
35401,265353.73849380645
57624,140832.985541284
30974,297312.9573619901
141347,182984.98522747643
72971,158081.8056682215
52583,273566.22595533554
21141,310936.6732948971
82638,203745.1073463482
64323,227594.36133407542
132492,119553.0874532451
120890,417685.38422876
19475,366126.3902717102
78264,106107.75243514127
132783,134512.09650748863
71338,188590.34176934688
59157,49695.073635587425
22161,166201.24803186386
60647,47801.9746592641
131458,130321.16530114887
128904,101367.34522989567
31067,85247.45042838743
65750,325358.5848694723
24209,160375.28529950918
137636,212944.80853494516
32250,91671.25428691805
32481,165599.51265061568
3131,210929.10352922184
135784,108133.43743774541
48458,140437.5650833313
68244,84625.80105613431
64192,162757.47596908442
15894,201276.56309329922
13657,105353.69443118488
70154,144400.42039332626
13496,268722.6141320104
52506,181941.54047527834
120747,251941.9151765284
111849,130532.32002456667
117246,189952.49520884722
19471,233948.34243668162
127490,196108.22220732117
142449,225131.1664637927
18588,106954.04918192289
79353,141023.4446511369
23656,95682.47275207847
80297,564791.4871884016
35205,351045.3286639287
138621,142595.8658496994
61510,99650.36756622605
126367,118048.34585383955
67214,121792.0123572881
71158,143506.6840860709
112739,235742.39226633424
52498,363037.8126600217
27529,120885.3834076998
137056,116310.39288922124
118301,94925.56702054248
131075,82447.87889475994
112040,267294.94421493466
56734,277753.98166282405
111925,175073.55123603123
17710,459745.13661788765
81248,120870.12963233396
3082,184347.0147825826
125265,221616.47225838905
32070,89859.19977882833
129504,167922.0664596979
140039,107004.50063542133
51348,83569.2675609713
72342,110053.56564258615
60792,90675.94559768072
58938,191051.12231719206
115464,141748.81358922273
54824,151182.64702229854
14916,183429.87195381618
73169,156122.77444609793
127079,164736.6567347153
10020,164533.32116597338
42980,136971.16581191344
121105,162782.9551643061
19733,33345.59774155585
46323,77811.67575672522
136742,67828.6813440946
35750,285110.6131093893
67679,277716.29559844837
68585,211512.24140160796
112547,201702.98697597944
32729,87125.39463394199
77998,163759.80908368953
52540,110347.63779148718
136033,127507.36388998537
15161,178615.44606101222
138996,159984.12749929872
76506,84890.66615371898
129498,140058.2885318279
48852,113119.20672569337
40594,170745.82570181356
77407,98132.43013840925
72604,625176.7615247132
25280,228882.10268979683
73925,152301.37979099347
52815,265544.0124509555
131883,290045.57347796275
23360,130763.61116970703
114312,103017.55087915616
82046,197698.69748182048
48508,202967.75009675644
137624,115276.40857336749
73957,348980.837453049
69549,116652.1905369282
67020,275736.1838565111
132650,82799.19873165069
42052,188333.43842406885
11535,107572.87646662685
144381,151205.9621291912
50597,262596.84422249184
60864,156408.27623157154
79315,64445.2976140634
110450,117136.52314678667
138819,190292.6473532415
126979,171991.0398568448
23352,317583.00444278476
40844,92419.363832745
135307,119446.64611318393
63083,128457.3862318588
67735,241761.11043742514
142479,129218.00446107064
42906,242179.54322935164
143277,125299.47781405553
140333,98078.36546838644
141267,518997.2411241302
70382,98690.94098758686
135005,97871.23916762555
75590,144735.51209441636
73198,488317.3451677343
119164,38995.23946579611
70932,333307.0196818494
41584,111416.06593965436
38235,202837.85955945656
76366,145831.95897016732
63787,140094.95412645626
9999,46557.12084431273
3737,221882.42223876668
14194,129891.115293982
286,503771.4008383351
71610,209208.77535172252
4007,162616.9537639583
141273,226014.8477708496
67614,120009.18652652712
21072,52176.52236132308
122916,182365.2871864562
7190,75866.06357737491
137876,67471.37271514612
137316,89480.29100659571
64287,64786.66904690793
82644,368978.20419785817
58554,112100.99705335809
52894,208413.4543880183
115633,165075.85364644157
65309,101242.47544800343
138650,63355.68887600108
115468,222139.07630963754
111040,188581.57748519524
42751,61465.695891389834
61552,147274.9167995248
26354,138076.17381868509
121812,77368.02337811673
132050,176092.62393635232
141358,206030.7764142797
117719,123133.47960236797
133827,67819.0338905994
132586,139381.3524011965
50287,81982.95793659295
43767,75240.42332324473
50378,85034.71765142135
24865,208018.8198776638
25930,101326.30235680926
61031,183751.95837028627
135418,166279.81390565095
115583,113570.75697659665
62810,100244.32302272212
25791,84873.02638912773
32313,107087.85540588544
27815,485607.6519639769
39465,85664.27083051851
72289,109757.47715511732
9147,160035.40397160107
4319,73460.96295306418
137608,150966.56031824264
50576,74033.03723649745
146778,243290.28144295063
137312,99262.19621795688
72509,113046.63070861655
48671,117368.08636965047
58737,57176.12904692663
21293,93929.34976658953
31889,139510.21677763635
35802,121715.06586082815
141309,125857.35109052877
124066,78337.60110563994
136375,102376.11790353496
78742,102179.9144408206
52235,233139.10439663092
60451,334372.3890558032
46753,248813.06582841283
76481,146341.96276474086
139284,250863.14650744686
123611,244362.6062889466
138334,425896.1015321787
146088,116742.97679527773
10597,218916.7798384269
50118,186953.06848675138
122572,217262.68150033758
142685,511955.6367856625
122549,185560.58166937975
34029,240962.497661833
34583,310853.49251827324
14299,172698.32056833894
37582,105538.09903846233
71002,137910.08609663893
62396,298965.5152839949
113527,102811.74262414801
50397,44046.22561078311
72981,153213.1501029628
112847,170371.70008074856
113676,150000.8875166445
64684,344631.21815679624
116636,158545.31585145323
15703,141877.57695840765
71493,163441.20526492622
78312,149127.4799316402
55526,127665.35864160475
64211,97465.22985014634
9552,93386.16917324468
32416,83687.93635385037
112019,277977.18987803557
16959,393438.06228122837
10118,262484.9156610154
36869,111196.72509613671
40249,148364.1639927796
48951,104941.59924324296
56530,101622.79260952222
13887,97056.06947194054
80978,104123.58054900117
65110,118446.02083725858
128386,225169.2356419923
141844,82647.32100327098
35985,48799.90208344138
30612,254257.5242003373
129962,98895.54178699547
20574,170740.30073001463
39768,177459.1283482973
131642,138301.02343453607
43642,343021.0287766089
110897,302423.2784982051
1885,127478.15418064721
136368,242816.8070270277
110830,76186.53320166243
81739,74455.95590968081
116741,177697.60935069964
123679,54964.03440211698
82688,348310.43989529484
115924,593250.4672799633
127258,162589.38509324606
14703,276371.45336161554
129440,119475.72107225563
38854,222290.0984946387
137490,151264.76653732237
137477,188957.8260134023
60095,138128.54424320816
112105,235211.93102391902
51205,117750.44761599772
7058,129018.25744349419
120878,209324.08881127674
2489,122172.88784495504
45330,105781.51602397615
3040,101976.22480418702
130338,150901.40933736064
80403,149665.38106491725
144382,452391.9191790287
35908,142750.1274704953
142292,170215.320926484
48797,270522.84839420405
78753,181593.8100982924
38594,279520.9318476016
50919,448643.34465466125
111271,146919.39658881447
59452,298706.389194984
128082,297017.26846245094
36085,149471.07995382557
112893,98015.82547977904
49068,265197.12260428735
68390,299964.5410938525
17284,258977.4274921624
73331,406974.2538828775
79012,99366.61817999798
125751,181479.38367845648
76398,143583.37496976394
3993,258999.3909753392
15328,191217.01401490055
129771,115722.13578126789
129336,148189.297159923
57089,148201.6713452628
69940,124528.86437171887
31476,79512.96119074136
142295,85218.08089502409
7588,147691.6925988769
124732,115306.76434955
124269,379789.5783710892
8263,87034.11325627494
20147,121730.87745596185
112495,224670.04587987438
44811,590359.8428882649
51285,166527.08655624028
115406,57489.27744444696
16617,95078.39822309563
22068,290105.0576575623
20980,292558.56443625153
136444,207250.75609930037
135205,151511.8252985871
12863,269442.8598176805
56212,129106.17289703985
4686,103802.12493494581
27553,175730.9096416652
130422,84537.72615964114
32244,280855.311726952
2144,72178.71701975806
76766,228667.1156775763
137157,128320.57694835862
137227,83879.08820775048
78521,655470.0767736014
142473,300994.08151845797
132057,147266.5172358646
117060,149621.9324410543
3260,317979.90333759575
5118,109887.12061732478
127877,73567.77624699904
62179,228731.21424792265
130575,100137.73739610118
145259,69927.06583885985
66980,149669.2445816483
51535,256162.2777483145
67967,193266.83678480703
135154,133009.26751816762
117609,77006.05580767723
135277,218119.63317186653
14606,369003.0304300193
144109,81232.20598150334
141765,172827.5198146658
64219,131453.0262179972
73284,85709.54621301302
146913,114183.22789206763
43843,99620.7493192852
112571,107731.47127525287
79449,106372.54613231856
54794,137952.44388640916
112298,117523.22234700214
132736,71455.59758406738
17690,223632.09756735706
20083,166029.42215680997
130460,210764.90119786002
38536,113997.27999587094
19960,274574.42022305774
113746,115126.82941680466
138221,221713.25341710311
35978,222608.16079492407
15060,103472.19126603194
81284,114475.83660927443
45099,84962.10598134741
18774,170601.99036335727
59373,175904.5053353246
55384,135125.29141453622
145849,154795.70276397088
210,139168.22636474695
73661,77985.30800344107
64558,72191.0159913208
111615,121561.16121225838
140381,207006.82992256604
2853,280511.1230886437
4142,408101.4449382827
6111,140540.91858152655
137815,106927.75615220657
13672,86216.07862146915
145430,121740.11128362583
51450,117502.72944448341
21038,139539.4157327384
45998,142395.89061739217
68572,432549.622532849
30963,284939.20875613904
56594,97848.70989459923
3663,531796.8119343617
134413,179323.3574323767
21479,180101.29498870464
64781,134280.41671957547
60933,86533.3750466473
131032,237444.18752926943
11599,58054.80459142545
124776,60864.19644510223
43339,190541.15697442158
61175,110862.45331652407
126487,121001.83165845813
83191,148222.52100471812
15973,232763.05612717377
45631,293170.29507622484
117969,103465.7610569208
144847,231373.59966848604
34552,156149.7372754101
65864,64492.17448567822
77326,105215.51688569317
25972,111997.46042412195
39749,235480.67229546473
79276,141948.6866274292
75858,82220.2487046838
58830,207844.06764851016
59371,134898.37939440273
37927,143996.1336240385
68990,214834.92517942772
67320,325198.65786552476
12086,337933.35676439136
58581,181544.79774196452
23664,138476.1156071258
39869,165777.88574185804
61651,253092.11499065137
31102,215225.46398050478
61326,226201.38894943293
120097,152331.27203095247
25520,154764.09452126292
19758,171501.16672431224
19093,84435.41042958759
65155,310681.7204985296
59819,288554.7290459849
43795,113997.16070069313
15317,434121.40013723966
68966,202390.10271495004
29647,183751.95837028627
62448,110572.74748842313
126114,186963.85979401707
118884,117101.38851396319
17768,361791.1091305241
19137,443345.42516704975
33710,144539.5523493577
19753,86780.11628680232
28575,183033.6251470217
17839,82707.00830217612
128716,74395.98807922023
43748,140669.38849168998
126429,119148.13924255618
143999,105107.20151834325
142296,127466.85222455632
120171,155132.07098109607
146665,61540.97471312162
133713,130370.49715397294
61147,260843.33832886536
123086,177820.55236401677
51579,131352.62253103388
70784,96153.90317075673
67327,405894.66598664096
120756,108004.68993560778
114573,89900.97012807644
74892,251913.48068712733
12773,471112.33329111873
115073,308316.51896977774
37520,237517.0412902023
114448,766436.6501567987
19579,176000.13098382644
31936,391163.1563808209
65951,181831.79219182683
28499,153563.7164594907
37727,79733.43356962413
9054,60225.26201318485
139827,274271.41080328776
43734,48135.03231856605
44006,131513.30635143718
6797,119380.65898934912
20155,112474.67693902634
142996,475827.3906464997
78470,149937.05020042334
129900,219538.09035040875
59089,152368.40897776512
2358,301795.2397504461
26902,57745.54243310939
16985,496337.7147849829
15303,118889.3177439289
138939,73628.65313626165
31097,61968.819405354865
136514,141720.43243910617
131179,265554.3749275254
13430,189952.1914364868
48316,149722.09305738524
121905,170608.656993519
10013,86936.71737968175
142609,143438.29180315556
10893,133428.07519721193
111226,63617.550469712914
16935,105113.43848220418
82160,50358.97413531612
22853,408847.12222533464
48061,122273.35567846021
75039,189683.61907494365
51325,129674.14898407404
43515,212161.79840875545
52922,68867.6417394001
120902,333269.56181474874
127713,135872.4396087367
72815,73535.6398835569
13133,153680.78441269658
71905,183104.6616994693
125730,116912.1563878693
37015,145059.16999762997
3680,144124.40185579154
82255,81994.13148515225
70705,83489.93780609149
123927,193736.87824320403
138005,371886.025583189
34554,103797.91502219863
6783,118386.55036292385
69057,207366.39714422415
147072,72405.90275890831
31633,222451.32057856885
45321,269251.3601054581
6209,90824.00178106969
14753,135352.17254712497
123850,142976.88223259404
71565,54800.125462716365
40635,546602.9946138734
57748,217261.84589762025
26699,47542.603905117634
38243,128724.23919091196
64174,109680.9338630873
56425,168340.24055697414
65848,302927.921616294
8741,134741.77816721977
63529,192187.00232397858
141160,99465.17191893767
33550,82337.73097817182
47494,260036.46135987883
36775,122933.6681600744
37145,147636.06919501495
28061,135814.98638505198
65784,256200.35975969158
50207,98363.21993017543
72730,172308.18154128356
66677,314880.9270065302
112535,85715.77440426536
17481,238556.65421830735
72725,87605.10401475005
13334,142860.85750133358
13761,134986.30516431294
18982,341386.37511481455
140077,60287.79988140821
5159,78637.728218307
39865,144467.46341472765
138115,92662.75372479565
80777,274894.2427385277
47206,86398.33331091433
5653,119919.62992207834
21694,251514.15185812325
46934,204269.54993943436
918,125574.03952172001
71496,246336.45742778308
71663,246860.74545366078
37971,143222.8896284018
70052,324613.2373223625
3225,95903.96300904587
132937,108487.69576265481
2424,172337.11422567273
139875,55482.823038762224
65522,216288.97702798195
118058,262491.2462921569
144500,110568.21461217593
63098,395191.0322741931
18468,85236.73191440012
74717,105295.8491439426
134262,112584.18766314152
25639,357602.3884861626
114662,274314.8316353486
60706,152674.10258794174
6265,117417.47956874303
119581,78438.04538829556
60767,182161.0184572324
74885,138627.82232494594
34663,148533.29057326447
21122,188972.44416077412
24232,137223.22972289
144713,318404.8300711
77235,359750.1496363291
9843,246245.633178639
19320,151866.197026896
147005,58319.02696722478
138743,183784.647808192
59619,354580.6494435939
127693,265465.7928029811
12133,68193.06928869506
4754,156021.55293982456
26448,92073.65163786462
134686,194262.7970180528
61035,172656.06801799772
49280,85164.55613905423
14482,201328.53046379288
44821,90241.56483679231
52629,125911.44132173236
70412,120765.2339984641
36826,136043.5014897917
23085,156824.21236590284
112802,326253.2032136971
9770,77502.46303354745
76448,105303.06120895593
83133,133475.25509676605
29838,297575.80525797326
25132,166804.88841566688
67399,141258.33041289312
60553,273013.4385772677
11785,53590.86163665544
80434,79830.90958259939
128856,273062.3661322972
52808,144657.50088600192
71771,151233.43704451012
75857,457222.4762682866
81760,87269.2236671928
29376,77963.49863811786
130552,150712.3975472224
57359,117846.96519500988
44082,41498.01869118953
6505,222258.60222144815
17461,229601.41931423097
39586,132794.95521951106
41027,232928.16881793988
45357,443941.09171147324
66480,337331.12873728416
120753,143156.9655570965
27528,113184.42918445755
71679,122785.78041738694
66521,138131.04032929655
74926,84004.25396301609
58741,116732.01169327003
49299,552679.3456934489
72908,92835.58703371664
20990,122106.63785456851
78662,99639.59135221629
131992,177228.0539126009
131215,100558.82635171892
80708,148130.33082293763
6509,146392.58310303008
72904,503245.81811185286
142951,146288.97946815487
82947,131075.51595359336
113997,74226.306001004
45337,136071.1746669245
133461,126825.48563963397
17118,90593.38954465487
132334,246285.8795465954
39165,74882.24724374956
121723,178852.47802729448
40352,100316.59043167996
134303,256794.2671854116
61091,147018.7994280378
118719,104728.75917743208
138396,192800.0079648643
32506,83422.39988265878
113688,169763.6999099513
29996,120949.03365130979
133840,123201.16863253558
13641,306692.31005328934
136378,152090.4277483157
70923,183324.6552067104
138951,120854.45183633719
130908,75202.5668194764
35889,95362.39948418122
4556,81661.23512008753
127999,112109.4142142422
143012,204028.36822376304
13871,223572.57350445562
136393,129780.37139898479
50228,308678.96600201447
111421,177612.40948476756
39816,242954.6900389304
3276,121526.49709351471
33554,385362.33010629076
73309,98315.89784746531
45264,152540.8354936697
1528,398390.22269137
138627,118177.22454760944
29937,251612.3585722132
69377,74274.87133510844
121717,285008.2342738953
62868,113733.65492579096
113196,127698.40574430977
115288,133602.79593555443
46646,99570.62813374173
133341,338329.10427557805
55878,104989.27178967612
140068,269714.92845182004
116319,156272.66445119784
26527,411961.98377309856
121779,127570.85378086685
17986,59201.088036827074
142099,61972.66456732962
58326,63035.45087397371
115001,105704.6256287235
131057,261379.16532178817
121104,245149.0370311633
38721,176245.51454225028
39849,210262.73297926737
134691,319843.9495685511
20327,350845.4254663455
42344,210757.06894271052
1327,104542.06998651384
141594,100341.05134575805
129138,111435.38241474109
72274,340788.32269960037
9735,98193.15726463773
55403,166416.55141750624
11918,62633.05455318556
46583,238950.6825461223
79052,304750.8429181506
115030,141999.30505017372
33720,176605.26947873272
31691,97396.11115659677
29940,196187.00327497884
25671,117980.11049662359
48995,218698.46212869178
13148,143502.61667710252
79523,273736.48916526465
29873,79143.60250999319
127197,61472.6353741778
37313,156642.0893499277
47478,227283.72502543178
41586,224489.97269644774
69136,122761.47613913051
61162,171804.5882032078
53360,82879.35312398385
20117,282133.5966941171
63754,124910.93143410145
50454,227756.92704094326
45610,113965.28905116822
27235,97051.54183474478
28094,114226.14433648167
48295,166830.80650124233
113149,73733.63805304612
115384,145864.36963012
80165,77060.33531858161
80802,85782.51366738863
59227,88337.4197120959
19334,208987.26529818348
23534,169598.3585923555
2094,64064.253538592064
66901,88432.11532645706
118981,98500.01285326004
13977,292142.441711169
18203,105140.21981569708
8466,132169.70041357915
135743,95362.7831132412
17351,173004.69159023085
81855,98494.34906286364
64002,326792.8606846833
37093,108100.71137194542
136518,115948.37351411537
62734,75706.32390146703
66270,212423.7461564521
142525,101602.13543977868
140219,176458.3308257759
136995,145812.009083029
5791,135823.85448901317
144486,135388.01906154014
140562,160018.15308993493
19519,178899.89318811006
34978,170538.63822917923
125202,413869.23349786946
142293,103963.06814413679
5860,172979.50967270153
59602,284308.7698641401
7207,59857.109695148894
144732,291483.79109916015
127625,59019.75396479275
119478,202747.29325881967
12976,269221.4113900739
54305,469173.8498407707
15020,101757.7794135296
38255,115796.2103220768
135197,154791.49916041532
121552,95807.8059946582
63626,85091.45584455488
119357,197383.73733573608
39061,168068.6019440689
127412,158209.7217221543
123242,98710.9839825443
140375,40327.52402103437
132899,505434.58066082705
20177,331967.08398211456
56340,95561.19751693206
135175,77692.71969899972
205,146514.26800805688
24547,147268.0642311821
46551,211304.35085986846
128147,77128.88285501626
123912,63881.40242890052
65970,78162.13954849946
70246,104304.41469733798
119480,254363.16922075758
33006,130369.67023376508
39058,264268.9747896944
119060,61115.970538334645
119180,86685.45512214262
56348,114898.64727207244
65914,134803.37928600115
80588,111822.77844557635
18265,78164.91821875054
19200,222768.89890524442
78458,163712.83141725312
6589,45182.24450352093
25218,83605.91288491618
145679,250397.86312032663
16811,697328.0822126942
123643,346166.79157199705
57340,280422.7074018238
3199,113433.07060020411
6427,134272.17563018814
1960,174340.1481292362
52184,162436.53758836517
36947,81918.04924352211
147163,196544.04317237405
25025,323431.9421396365
50971,104040.53542091232
44477,129541.449031413
140343,214073.93264957017
60682,60832.72417437352
63895,97426.17193168846
11417,156450.29476417176
38190,53304.177624560434
18504,170078.9761771924
26774,303008.3074339295
47385,244944.43168220163
62175,109711.1767127063
136417,63623.87452117141
2420,68006.21724869224
70178,358249.10882855306
33359,129140.62546681704
39543,91573.39453647484
4211,133589.4442322732
117432,128109.85599554326
9132,137131.42338560813
21439,206181.45542971545
24022,128079.54390454791
130185,240272.28083249985
119444,130944.95903572034
50894,159656.45365793974
52381,80533.2069768625
121991,187168.15989229712
9995,181189.85509440053
117491,119866.37359911576
143594,167104.6972003637
75761,462977.98259936913
24962,108503.2532235362
112375,103710.21674835944
72736,150031.0446019069
116877,148215.30259699625
80678,237944.69110155845
49172,340127.8327969952
29487,144626.9631519533
40901,101359.68717041319
134263,127031.06224146453
47732,212747.02803679137
10385,127889.52397883148
139427,99083.95614848242
133361,144589.2990846666
72929,315944.8995262104
8226,202893.38492921734
24331,197855.07135955995
82055,575529.3780532794
135327,124852.26022139193
2354,144133.94487281522
16102,157952.05117953607
35306,150491.5213363945
76644,255404.7074575678
72778,169359.80313118966
125975,148289.36710408534
36424,391943.35727383324
138271,182552.3961146525
75413,83863.12916483579
26999,644959.2678245656
121014,201829.84637410776
22821,158307.17171760197
23450,364781.8655991525
133018,256943.31974353385
6300,95188.50892278895
45994,402168.94905315904
146419,124664.49247391237
23038,109832.43722847116
17290,198187.5121110729
43303,367143.74662328453
120882,93132.05703938493
123409,146745.05767601443
141849,120361.80836846778
112788,174713.44918807258
114566,469182.96242883627
48828,264003.5502738448
83147,123596.77063990533
7095,320235.79439461895
55731,261967.796352737
25282,131590.25167317595
7807,131519.06639639178
30150,213498.11875842465
139315,284557.8131988944
147102,53529.07726115967
58279,92926.68146953086
62244,176889.9700440337
144770,271261.36142688035
115322,268197.81721651455
20801,142108.02752948363
122958,74244.58059626374
128938,253630.28554421486
77350,551186.7238624037
29709,133286.72498146462
136986,273858.1672852079
57646,146991.4020528692
14029,72700.77142056229
60178,290058.6496706642
115474,73739.98571538935
64162,114154.84836767563
23670,73460.75087592732
5307,264186.1618831936
140256,111326.6868663588
7761,76150.51436012442
40059,121853.21861225727
51942,72930.3953178726
123446,128266.2112222451
43377,146709.09615046319
10596,83181.10901056151
255,170194.7153886655
20826,93431.4096343321
1292,134284.9963471483
12029,195877.0398644023
31694,156494.25150132738
1125,269616.8071661799
80118,191356.4483543839
114330,249018.21463015574
5993,102841.70122319025
59363,133245.34450345987
43128,59218.14763483373
14519,145369.22741042287
48161,261635.1217182479
118574,113687.25781809282
124163,267184.8978879178
52492,92209.0621610514
13111,76438.50925653052
19331,184919.51443666773
45932,149504.4719925617
140119,278485.28064805706
25441,157062.13247776357
19081,83702.88932099237
73332,294517.6395154291
65900,73567.77624699904
41851,179773.8606737317
29594,84711.29436418781
133258,160800.2251246783
126064,52023.89919367424
126044,266295.57338132785
40366,165109.24797123516
55187,39024.18240017336
133782,117601.33743540794
143228,200958.15309350993
137538,232848.05143600143
115895,147592.71543331665
30757,447630.0564158744
121677,135273.1722108654
41239,130645.08539750472
47973,126006.5089661617
45637,250378.80184572507
47341,106732.28110857971
125894,297455.142966036
137803,153297.2116708263
63577,189702.7428208156
111318,184470.93086928755
119595,126547.34161748226
34078,237059.94860601658
139127,123148.53133884414
122566,196953.73740098855
14513,120197.53855594996
117709,101011.09584547585
127250,40369.16422655336
136701,129243.69576861677
12193,211154.9296459054
135189,134539.64023790427
110314,143109.48141997165
63960,125014.36075258553
119224,169910.0715916925
20464,280988.5351101309
17629,76087.32076223221
72570,113138.50596050954
55350,80221.5852931486
64093,257528.21939548873
55629,187046.8798290959
129418,170988.76874357107
76734,265517.6052754104
77821,213184.99346478313
61052,136458.34024117235
891,185110.12632664992
111521,80771.76564733278
50689,278572.1041957323
62060,202705.07211251493
46698,76874.49309531649
57465,114506.541343331
39503,154038.35668618092
61662,52715.74520593249
132634,124243.72045539087
50555,123963.7907438713
126307,254183.3518797912
14097,202077.4711174508
144615,300790.0291621551
27269,183417.546430182
10415,134125.83720983367
75774,106047.06683096263
67181,83050.21059089352
33369,369970.18145831034
115377,204326.9086028171
133890,108406.04967343343
65871,201648.62543090514
77697,63794.43236446881
34580,63275.14190101596
120957,146219.6779696289
7067,282453.29839205387
38545,137219.25463570032
115426,89864.69346534548
112084,178618.31019959968
126827,324526.1625615816
141800,83965.23201316745
82833,204751.52004193928
111502,140119.30789079104
20794,133543.28199231965
139600,191955.11822723772
56839,102115.97438034313
124737,105930.20239855908
45065,160250.9335287977
76358,108057.68958651082
127426,123235.32126807545
68212,43019.157201868875
14779,94500.73750132554
5332,110141.73864518038
12917,110893.37959302381
46149,115785.41453259124
82308,268824.38487493055
61050,104808.17406561988
82339,358901.4245025397
145368,480036.27568314574
50361,74753.23042138168
3731,146797.58836426024
50289,120132.10150559204
48258,232964.19758196088
28070,252103.04009345936
51898,220571.79602231825
123999,114152.9006498229
8694,244184.48839346488
76678,135326.17260628246
76478,109670.8564751007
115363,133884.01321219758
144030,69920.60094802662
111407,106511.50451697546
65611,303307.04041781963
138787,146262.12248402328
112687,65351.59532433428
16367,211026.98483052803
116828,159046.31728915684
124893,227124.4840536067
44311,110498.73794573965
73994,163945.17291368847
122368,112087.02553625687
73893,42365.50119571327
124267,223984.32423528295
37994,81327.2372194244
34159,103764.58834674611
16383,237006.68658858835
15640,106046.26752854369
72150,499102.8825638117
77419,141340.83717272745
138162,102320.02765711065
114124,363227.2512173722
12592,137910.9756144502
13016,214572.1721723779
1689,28162.859078301954
2177,280197.1828862168
45440,116404.89038206989
51975,522953.7756265213
77649,176111.35150338343
72502,84311.49736466564
26369,241006.86867396245
130887,137939.58662431763
81499,84042.5238716413
134213,166060.27476927417
65024,326259.1751312405
13818,169217.243449384
140871,285464.622756172
115915,222960.63240708114
137210,544091.2075522933
113490,218724.2875261918
138808,178471.94615623882
80010,140997.3949368827
66680,123932.24899314114
50909,304424.58889620146
136100,300179.2557442029
143639,152229.04381934158
78637,118146.31704952504
126598,146505.3238165358
143633,267971.4217619565
50795,159463.4206195721
40701,125111.68787697397
40920,237381.96534292522
129540,76635.89223790521
32306,156797.20386631825
20745,244541.3320181801
70743,138281.13980434416
54988,331600.22839386854
47934,453054.9974370975
14235,169018.49346586628
129002,77817.59816110096
143529,102033.31070629659
64391,196395.21291787582
117489,138900.2282401074
78558,167600.33165431698
6004,219594.91005722323
61467,103672.59536794385
143153,190770.72972354406
33439,143292.82898120006
112621,87978.61748300813
27554,92229.61543401761
113578,57288.61335577083
74021,126193.55287784769
35713,158027.56988018472
76407,181361.00592029878
121060,304837.59484290174
33259,105848.21675159165
62274,246236.96211413492
111794,182259.6961007368
48152,163201.94422540403
20716,443366.8686170832
35931,131353.2182177386
14682,287540.2464484739
111674,470000.5888136397
53104,190172.73630435375
45215,98266.45920168604
49034,123200.62456915883
76724,107268.17512479954
120119,279336.4244603135
45245,191067.65186526443
144340,252483.18275099483
41377,188259.53107413367
131015,134087.25733886988
31727,251254.53498979344
54416,92774.6339616119
63115,274779.01615695754
147120,117007.99714662718
80288,84249.0925654914
124999,170417.53301828192
145493,111367.74966533661
41922,113332.01165859957
54185,362430.96659081406
143561,332000.2370687111
139622,109288.85627755053
114001,145578.46931628988
142696,102271.3855186362
28338,83455.6248475082
7436,109332.90472582038
113785,146693.33129680614
124062,287361.9135376128
118371,128314.35999201599
125923,212410.606817569
122536,95752.50003939135
143747,182287.1198877653
57981,113114.14820094567
27613,89706.38012140493
120814,78676.37595356081
79453,135409.96939508454
12861,445844.15937973233
137113,108697.67115131314
34042,226799.21175841332
82790,519393.8116483536
74488,203851.64845441683
18304,339516.5526107604
5356,70590.3833783093
39484,76349.49183988715
114433,54995.54700738444
10027,164213.3317857441
115020,238364.62086104945
47996,154197.36597237998
10212,188327.30708580327
140777,145092.49630309062
63328,447828.2574954496
112013,86802.83786196703
145011,86688.27718200849
34847,80532.88415188593
118994,385627.39768591255
37516,197605.48017529296
48845,164607.99395153785
122417,182692.55370594235
81777,93761.07908828947
21189,160246.03371992547
64547,75083.30043725073
44601,114397.18579893131
122593,123455.51242316351
133331,384661.38122598943
134199,201604.3121954748
19616,188523.46243993726
117919,174328.4263390517
125224,122562.20258350842
140196,169320.30428228338
120398,92469.13837013133
39026,217941.4807555097
59776,224762.108929548
128287,172746.58645456354
126929,144417.21045901524
27982,149755.57659521577
146051,89888.96830255465
49453,133849.59503926305
33283,176884.55135015005
115113,125869.34768095748
48804,359492.4922894393
133943,250292.15800452113
139134,51222.99246950164
38054,129834.85806487373
59271,198579.66615033912
133277,129414.08391854077
73258,203294.4701097321
130923,118493.20778099334
7955,126228.00543308066
26451,348711.7165029394
14674,90896.25921500876
5115,78695.32650272592
77278,180419.2624083782
77980,89246.15273677412
55462,89226.73359645082
1267,101810.82009440282
67008,209059.16930561082
14440,188546.4368764981
65030,183732.96182236518
50882,125844.424753325
136637,96476.53330391504
16394,162823.94630446975
35639,115552.02852274073
10021,83790.9308216408
67670,143789.29682458588
44861,205691.7044615334
35824,194210.14788307511
16561,306133.7500626914
115868,232130.20772829687
27162,294336.93215629226
80511,156747.58315345473
50157,101668.34833525769
123085,204916.96392908017
40379,151518.3326346255
63857,322744.7981300491
133029,249058.5400118805
67911,108421.29175353772
37266,105634.65604878677
138301,116836.61307289283
16837,106800.29439837416
57352,74154.84409144979
28706,220851.86423255736
141168,188329.33806520258
6724,96496.56630277113
72535,100875.90615521572
112721,147359.19377550538
53891,158630.51811153613
17509,118999.21799775366
136399,138709.17515709004
51910,165392.13085888617
2088,81141.72224970131
60356,59264.61660169533
39282,136458.34024117235
143838,193238.97073579143
123859,200601.45525859846
112870,609518.5011556675
138752,92038.70528733109
7855,325274.2983858203
146296,260916.50013415905
127773,80111.65079058247
54205,248875.5627291234
33485,146269.40675973264
30617,103613.5693906704
44295,272402.57318319014
143475,137328.6628573224
52111,143790.42031270382
126370,229175.05627176035
144393,349125.9228627553
32150,265004.5954658925
139039,238623.5422900627
5359,72832.60881473533
50834,84192.24741877822
129086,197464.43638553546
74348,272930.4961161653
121243,164188.22178916654
46258,282189.55409030046
57934,87961.80341412163
30014,180741.63943764003
117303,101038.46541526105
63199,192661.21173227153
24304,121124.77825409052
6476,101913.83039150336
8782,266455.1151818471
5755,238177.10635707894
145975,143394.37473679034
508,80844.15473449923
143350,93914.72933507324
59541,109243.26260259905
123365,91473.57566825295
8087,70140.6123072037
12182,244250.38543283826
24964,282553.3133433433
69485,250024.18998066263
71012,328177.83821163815
26507,134040.56054579845
27051,349084.9696288734
143643,105858.52843690847
119667,144879.65931312708
39808,174510.25080528407
6447,119946.2252378751
22976,142362.01123100656
142642,161518.74839556986
133313,149878.93123025098
46481,63136.75357217259
6688,46415.59000646637
125675,203645.22846309678
77928,178060.8638501785
65402,68965.90184420868
11426,134618.72843796125
19590,154783.81991937794
29854,100472.06609580704
26126,162047.50187173334
20713,135112.41569156392
133153,226900.24539097614
138926,190202.70418520446
38559,269841.96497535566
81510,76874.49309531649
14386,186881.20976630406
27538,145114.52259353385
64026,37843.13481375323
59048,375867.20540445554
5290,212960.96952448718
39252,95520.08721079107
125267,108224.48655267057
76004,287883.49633575825
8335,195747.51469301863
41805,151261.7222564062
126933,132976.43423507136
4641,286383.9855961866
24868,148688.7333296697
40545,236543.94709969457
116133,230311.9936834932
122391,137751.1888737449
146826,133606.53168831437
113687,422983.01996930694
45334,138864.59799006855
45242,159110.13055172213
45442,123625.4678307793
54511,212089.8353706203
75743,95568.7469061913
69246,135200.48980381605
127644,147841.00688579632
72876,135639.99650276237
39534,235586.88214038764
118615,87112.22670033813
58700,187685.84644163802
145766,144196.35006728643
44498,179417.92577157274
143345,140143.03506568572
131338,340425.0529622991
139151,114977.48446112877
69190,154799.98040346836
7240,153913.28885651287
65419,74979.4186768826
75893,65436.40277964253
7020,131309.4089460811
78354,97207.96743457072
136937,147414.88638691002
15915,178606.79685905675
16960,107301.53996685718
24472,273575.5802634138
115492,224771.16837387305
146709,75193.7963601316
137892,83284.03689352977
38875,126870.38113617837
37937,106196.82538286109
125300,148084.4458888333
131462,688359.2390128648
45409,126497.44788934707
52189,183923.57547762917
1732,200397.19536678778
71918,462486.541133485
68166,269608.536815615
2081,87928.32184035495
113792,151742.15982487294
69468,178520.78527161665
36317,79362.8999689871
141051,150915.21902031408
116778,54949.66548813067
141850,229190.41599950916
33048,46669.84634417108
75461,146872.01866535321
28017,75588.71420011747
122202,82068.45626018611
23247,151635.05574204004
6074,100038.12071876043
28398,124960.72721229188
42666,222209.57634368632
68250,186753.09986798122
71240,106716.87406239398
120294,164208.46073444866
66707,94492.45051959841
42744,97848.63188582438
138905,237169.2898394972
4985,433525.15771050553
118607,283951.23677120404
140379,129710.00780181105
3475,210566.26641032242
40785,182669.1848266196
134248,133184.86557256992
127789,61458.330839232694
6435,454876.3607959489
9134,94028.23404901431
8680,167337.84099170315
82679,86809.9705793284
41617,222451.32057856885
62259,88840.15439230263
63107,82963.81299656164
140992,220304.96323773044
70507,106186.67696224962
111389,161028.28741967885
116747,84252.73716589584
19981,316507.3708249305
49308,500147.41500437655
16966,334162.0796220381
24482,77123.35038889237
47999,190719.6311474778
65381,171625.65595653106
33673,405642.9277505091
141508,165116.35974908626
67286,222361.20862626462
128626,132347.41302953745
74875,388536.8702588884
120207,80299.83914516465
8676,77741.107523859
20983,132676.9603065451
71763,151183.64233523788
19779,192123.3236549198
117777,189486.40462610955
1326,92405.34630155301
794,81477.72236309509
15323,191401.4125814635
14675,207356.1384294589
44473,139694.32315637788
76174,95145.97852244266
139224,128853.21418088258
698,130361.15304505691
70941,250651.54739694516
14245,118283.37016918346
62197,299488.4196916113
142555,76966.26301953735
56321,152214.83245478317
77368,117827.54436293861
29796,111068.75151076472
23669,433235.6444952815
17725,201610.79373308137
76713,230935.39507958828
133642,75619.40864544932
57426,203825.78281470085
118308,237996.06493357755
112133,91548.45337677133
20816,72418.69462213515
71495,102562.08230114118
80592,110175.01027472559
18283,285730.5126322796
1048,104982.2117423346
130926,188311.0243171025
132864,159700.7778044505
52710,263474.7624576833
18578,88559.10833641865
57058,170495.44023046116
4072,231991.97725153045
80817,191822.71247397078
38485,138484.1167599931
142554,281212.1818588916
9325,73170.26486999574
42828,158548.875634397
143810,72836.46599639583
28842,232548.4514329097
63078,114812.42011509999
21493,122388.03662654318
9543,120496.36819784562
4111,114968.59346005716
21269,180834.61316656604
130245,318500.6888665686
145732,155774.37133935193
59635,95566.63168722279
13036,128995.8817595467
60536,62411.67396941218
46603,139986.47166755336
48351,180487.87111793514
113696,59133.36438669097
13463,94431.05973919315
4254,238119.88190474332
125438,172397.01599386122
48446,125890.66600220697
73973,425102.6261075945
111793,177129.96318596374
66669,258132.64485511387
47929,190010.7352987872
59974,124510.91548541415
124262,471527.77009694744
117831,170539.52158574195
21128,86873.51945147081
54479,693435.1235082584
111343,155711.35896152098
39210,127098.2520981319
75021,146227.89069347034
72398,95261.87453829558
14925,107712.51709348007
119738,166669.6211233072
15737,472381.07983197994
60086,68129.59224751974
16396,186348.47128871275
53392,176316.784543004
146016,59974.047974373374
57494,160099.22537487044
5182,62033.76531470767
61880,482207.1963284614
29865,682260.9196686542
122856,352868.3528689057
66339,120279.85896032656
135349,249516.06520313176
36918,228718.46845786605
139759,248302.8326964869
44982,139695.71435965574
28427,119450.17488066456
139166,233052.86214806553
35817,354676.3174518896
79363,149794.30585401336
59024,221730.95693739672
116630,59948.44322311157
16626,99861.6595092568
74994,174824.70415751988
28225,231555.5885958853
42622,594987.3428005928
26464,45117.329652141525
64409,65522.944484503314
138909,135860.47685998137
14672,222613.96531089424
22113,178087.88988205785
80355,191809.71939165716
82678,239421.07545171224
78835,209148.56459457515
114899,254905.06356520572
127093,138463.09854084946
65382,180244.9080488818
30141,120567.50772104884
50887,244553.29029871215
74486,214438.4043571644
24068,203579.88776216545
63808,103931.23742447208
19505,218787.56501083396
123139,325090.87877289095
49430,476003.4601804841
64115,115644.67238618471
25260,211068.3505109101
72364,114186.36099475482
28512,50269.947611652446
120154,83989.22140906149
142338,133123.73104280734
12841,175476.76899653132
14863,189500.2524021585
127039,174348.53703239988
12862,197190.27305984154
131993,239991.67823920114
42888,302225.96894855145
71691,115040.28512988774
16406,277699.3663080345
125054,278339.4267554225
18913,292180.6515313267
80621,130035.7971277456
58472,189924.16271917766
39400,148394.13313456826
73789,189127.825378355
137504,88420.56056120628
72418,126482.92216399556
5459,257249.27466015692
143226,90759.55475345481
78800,584785.6874579533
80333,189037.67055143742
45978,554998.1442055049
122771,80929.83863318819
144094,371151.83276789973
118346,379841.59958699235
68367,92762.87784760895
3751,137337.21308027615
80012,53754.11629005328
129314,150100.11877118272
7328,287355.7581475451
140762,168444.17450207518
37845,91745.23622201192
14049,208481.49698479666
139036,344580.72600132076
58542,227187.27902655886
145442,230622.01544425357
132436,112997.80022611801
74347,186868.05686716156
120595,74768.12907441522
141371,165191.2201873294
79622,189532.39519782003
81718,104724.84889266049
143755,152887.5444499909
119225,64312.926023678214
81701,140846.08359333948
10951,87625.90344087352
130872,117194.3116840359
16900,218587.87880856392
118200,93142.0797416037
70942,108259.46942098276
82682,126505.8224357916
72762,458151.3927157258
116005,169772.03150933064
80040,86020.73613230816
54179,192207.84435048007
122625,112188.06979315006
41119,116490.9104089704
46120,103825.49288489581
39535,90511.97835803218
55411,91813.41888985512
121305,164235.3543603744
26285,144050.53439114027
139714,327164.08218331577
14266,127475.70407281385
44864,116996.71154965818
117350,323348.2872944473
58366,126286.39885494646
46218,124364.02657537756
126089,163665.02480167663
125962,146663.1817492803
139077,202456.26151454524
81988,132741.6402483022
50860,59403.09362477828
135237,121081.8912629522
45318,251616.76327636384
57673,142775.17844656765
13834,197908.93223077623
66689,88741.82779121498
61690,77303.76933538515
48534,468849.4762162921
14213,177877.54416421824
122159,262223.49866476265
141469,89154.23377931408
21655,229272.04629239894
17720,159252.5150975553
31661,329485.6444553953
63924,176680.3330463886
125071,143141.41156442728
70509,95000.66208473512
50534,46290.97338335061
54204,180395.58661437134
40853,673906.5870727571
134647,153508.28568127705
42037,113108.5416931895
18867,150771.9563882412
124157,331316.70560333173
135364,156280.61212082152
133000,165414.9155690574
81812,539463.5439126868
115296,275762.0046100017
4513,308087.5840930004
21515,138126.07583224127
68280,188954.72431515026
123551,128845.23446644812
15873,430045.45156140707
652,185523.0768178601
30376,292415.34471789584
23213,574638.8524376762
10709,280402.8113393888
62604,173430.80576291896
57850,45026.386292766525
17646,208630.15479201384
140241,455909.9376325814
25398,92346.39060636493
5926,52549.40312334353
128446,255076.00668461877
10184,186794.6706730225
65208,128524.7424119078
30478,120945.18726065688
133879,117188.38344494443
5561,390320.0403352843
19145,129942.78146230816
62941,119097.9527246769
78015,186996.80658397864
34787,152063.89855683074
45267,203481.17253011334
6913,134104.85303977536
53312,211199.38203607002
12100,99557.23954816212
130859,555692.3611800426
42441,81145.0945197498
74869,261819.38224789884
144540,74266.63505369006
130237,299661.2661623308
39421,196405.96049004587
8940,88235.82060491978
82409,81234.34010340583
49836,272356.86543524853
134664,261129.7943583568
50895,323540.88289800036
43634,274398.8679153357
62739,89367.12689937698
27116,153316.29519138677
68525,193514.34400079033
127880,127842.75491795404
115558,302790.668539326
126036,197468.16917926676
136379,70892.56451010537
122539,99848.07135512056
140867,122212.65969711357
64271,199858.57739791804
70724,113567.79667165372
12914,315915.7913214281
121566,111910.5930378535
135809,193096.31503163168
13961,192875.27954417924
82189,195851.89545724232
66049,231107.3636909541
146694,68782.6103562575
139064,140696.3171356378
131150,135401.48197264323
79770,279761.13539060095
2683,160893.2548839836
6156,75010.31010363935
4730,130019.08303873183
64654,104684.8771906965
140279,164157.24612117262
9370,166691.16568183343
50643,137515.59234767983
141837,233943.41947391647
37060,339743.5591016168
141782,253409.22089647062
62611,324591.3001595097
134212,381564.75662266195
131291,82398.2483901484
17490,206269.6818255542
132599,176564.6976755328
70459,136306.07800625765
115772,168710.37896900982
11559,66599.9131341895
58189,245805.44406461128
145885,148759.79551879843
45353,242009.18536720483
56157,393960.7283651619
53440,156626.4927998656
29515,108718.35554561025
49707,145370.3064040462
82533,350073.79369363876
114638,195841.17073028177
6073,79833.28401604177
44309,250982.57761305082
2987,206319.92488134987
20537,216405.41000864253
22745,106610.44847601603
12113,45500.53884042336
49566,253995.24405309968
114884,232505.29990300504
125787,373660.7151885937
116211,38166.68017715639
62385,71735.33124437273
59397,167055.65188724682
34727,289600.7544641279
144299,162241.6776571926
68030,74048.10333173565
141435,148500.1225365096
5489,59534.767869847135
17150,152977.99989012457
67423,322074.17797597277
120434,79087.29953851353
114470,142478.5870376876
120932,350464.70867015456
74207,190769.9840923119
120609,81640.31258767334
62629,181734.16355395986
13640,81539.01362564466
72875,127066.16874113373
73948,94129.81659892651
113113,175190.7990852974
138144,179902.45296898135
16809,515466.4291496435
7228,65565.20739598857
139473,180499.94349573075
38162,143689.49766314085
20433,90172.25609360074
29730,136994.0894149437
18690,713993.0537512793
145529,152444.19315409154
63504,129753.69759768315
49047,131472.03619052982
29501,80510.13795302538
112118,115171.73569232013
55420,138484.99236604257
80881,169083.966338851
70924,156592.1009090559
143863,144780.6102828701
82840,182745.1099955273
43686,230909.19958771154
23186,62834.84606572306
75625,118146.31704952504
50102,96788.06026276265
3518,168399.0082786749
11237,97475.12471596518
128735,175946.0666395642
16259,248520.47965182908
20493,235363.22277276078
56737,98937.96181871892
132379,37258.45904096094
75928,197351.82788090245
58490,177207.44378007023
19932,119127.69547832936
33079,131144.4832282276
13240,310415.5134926063
144827,126301.17067618834
62821,100401.51328312115
57073,123350.76506707427
119054,113272.99814513797
33891,170413.0808963658
124379,144986.5582747081
10457,70148.64085973357
51451,90290.8680030123
54089,211560.30664105332
114172,450699.71954592573
73045,109346.25336710908
118838,102675.09774643893
39224,220596.37064529123
114007,76632.68814983121
2918,110345.5117374892
142929,241238.73949620864
50063,125704.21476052757
75001,135251.33883533278
51078,97087.28007761744
128982,113091.39415133785
8027,147696.0157658628
69704,194185.2680605558
62879,250737.58711799653
136824,82885.14390066969
141436,128837.03827111586
66465,523651.3441177283
77189,204965.3248669008
78566,118007.65786445458
118904,284043.06667981955
39133,308506.18581651954
126251,278853.4033962055
24422,201479.2789035342
82378,100277.25724684537
44486,128252.55406912882
19867,155836.6333635042
81051,71146.21196778645
17929,370162.5017270929
47514,128760.97039269295
21464,109559.33224628979
64190,179730.19519077364
14491,278176.01515450067
52335,96990.26165517227
39923,236934.54977547436
7386,142570.6733731698
138769,425467.1884624803
125768,151309.26003141765
21134,104837.0481960749
886,332024.6503963833
52326,231372.14866861893
11986,113387.38135749714
7279,152881.71116029925
8061,207991.87499448966
80911,241950.62244773086
48581,149389.87085063316
125546,87110.39953396865
10833,245274.0177180714
134581,175365.90088778752
130903,122282.84943017841
49272,273381.6204322098
46109,119845.77496346302
136672,211024.63859301643
54022,90784.66948915525
65087,346274.04959258786
22408,111216.96313375406
112897,164316.46489094716
58868,473113.7454003175
33249,89407.66454806917
133223,145591.98110456255
46822,45858.904463770916
47866,228547.05634730775
37130,346216.68317416415
25066,94451.766200134
121282,110205.68262173909
115705,142428.0869345995
18741,89274.6414748832
73864,334579.2372736624
47470,85588.80784083084
121354,336830.20397899474
30291,296928.7941721198
119721,471474.567748003
13005,167814.18464907104
32946,263596.56569365493
132976,125210.34168208552
113175,385640.6045885565
66321,124843.46357427651
71726,203719.3274210215
21010,103661.91135931689
41082,68565.6968470175
11213,381851.2450679079
42433,199948.810922461
125361,291285.6194596874
140378,187850.13468843326
82803,441362.279684481
46928,138960.9069070105
114284,98401.67754469565
58941,276671.1752073132
21106,300264.4358442613
136482,115954.41914749099
110328,125564.48700562635
17618,163516.77888691443
66436,127826.80067113355
124186,256883.35787343985
5683,68520.20047896734
9099,75486.7241221318
1064,430301.37426176714
40328,158280.43941520137
50372,194014.20701448718
57641,216543.23658171884
119589,307131.84083267325
67993,265614.01140145486
7010,206033.38018308138
77758,258354.45332244577
54321,94800.04573976355
10410,225440.11088260685
52972,155642.99522184068
15812,164682.335551951
27535,106050.53867421913
140603,143369.9021535604
17057,125861.07749246419
122832,183858.84920014883
114168,106320.3235383627
14191,187186.13356434344
30749,144844.3821353352
126483,139252.45241178773
28548,136758.48411355217
27265,89117.13999948057
112999,141825.2380400019
41937,195081.47563716694
79977,247302.6212423695
125709,177507.01186771225
45224,166639.09481726785
44077,81408.3691225714
82853,35402.31261353506
73389,104208.1197799135
24464,264424.9928258655
135423,334041.0587464909
121117,154754.57305638702
65197,199806.05714427007
74643,148440.9237438843
130177,82418.43808411274
14190,79478.1436771456
121192,402382.3121670173
56726,87310.2278985389
27425,244197.22657058056
114239,466098.1267760433
60834,124211.00787012992
141647,241895.57457807558
60485,106928.21316529857
12168,258951.0952987975
135741,247264.52685578557
17670,249005.98371287595
19164,85476.87270289657
141889,171999.9847995771
42885,209460.0393761304
58677,131563.3606717671
63140,285466.23052704474
48129,241729.1492024378
36063,104051.79203313959
77332,126543.33843595044
75639,139815.6406703914
63381,111728.58225788808
43869,298857.11797379964
49210,179743.1085022871
143777,291444.04750217806
145218,163628.95623798872
79079,238251.3873255906
110767,195232.83112807217
1197,145340.9788552154
69733,81950.20154905894
112294,60987.02607575338
137205,130197.7051378559
59552,151008.09251129456
26957,140896.43575353757
36473,114455.5889996324
128995,247216.11022915118
69877,167661.2825095595
45626,302825.51234071905
35088,578575.57210363
143061,193510.24265914888
132977,118303.70697726076
74468,134210.2340876106
49259,170891.41269285185
18841,41472.3751154097
73156,93915.73399174944
25295,224841.27815354883
68904,394729.9748917141
65198,101982.99686488444
60497,231774.0802867519
113104,136523.78274865105
59462,181600.08173085778
112733,82140.06065887678
130790,249171.25373009517
17948,169100.1340570019
50107,369777.9014956757
20641,135535.24114963284
128376,147419.35900960997
67727,315380.76635404467
51568,324919.5985177339
128788,127093.69059269494
80567,83224.42301665655
44950,88339.96554777471
138916,291881.15613923344
5309,74363.32023397197
81195,126144.67042256011
137599,318759.20501871663
129362,112074.05612696138
117000,254909.99370591104
117186,251177.47544295623
18301,68152.22621150632
27886,144509.72060850996
55855,111212.26972422804
49528,102927.40674085086
55189,70270.54873797533
62462,88558.2081484182
113296,294110.9550981048
40467,172885.9594620886
59214,152744.92114229637
130425,159656.73040772244
49394,136255.9420941582
18755,93408.60344161326
114258,132741.86413995753
119542,466058.51402194786
78471,202711.17933957436
61733,103783.95637292275
127467,152467.04011048793
80531,282999.6549951277
139933,219223.303588706
56566,117349.60464353887
128382,155987.24182604093
77184,199677.2619911916
68505,126755.77666181907
3830,90106.40451224938
21450,238514.03999520454
69168,86745.03046700323
46315,177419.41066080268
135267,102886.60363246119
46625,48260.76990721909
142191,158752.42490156263
82973,106721.87149535053
63069,64825.381666090005
5485,137490.2188784018
144523,447913.39006571996
141353,327055.6238494921
57786,50458.46750456783
80073,153163.88904067816
112529,113337.99843498878
141547,225666.9342367003
9126,175435.12863858187
122843,459900.27662867913
129465,166332.2069193821
111632,122198.785710456
65552,204071.9958713093
11495,74679.16589109655
76848,53551.38088039856
78724,84235.3838932837
133938,238076.84394491275
144702,134048.85286709244
110606,264867.7375547078
17765,99576.24959677126
55431,174497.18749868585
119341,307162.8222059335
114614,309773.1983732458
64763,264079.3887164132
73121,479521.61577237025
39909,178343.590493281
130618,81351.72325730076
31161,182676.17962015368
21157,97735.42374364621
68716,107223.2686381386
117840,525512.9830534713
71125,189581.48293973907
80868,78280.78381001088
135048,106026.73339335591
55622,213673.14522217633
142258,97940.38426693412
25147,109951.11517902158
145300,94332.1904316459
77882,159519.42155682825
147004,260767.11846064572
38153,312658.104137434
39506,145781.45374861363
41961,240876.39266283257
52565,167289.76237596304
34874,116265.27234234962
9365,83275.1808638249
30493,207990.0255956879
17313,271709.347214061
2107,68739.17838177943
20481,172052.7593964975
143556,124718.60105933141
51474,101375.79428024174
35800,104679.58433230189
40283,150393.7612944313
22792,160969.5062729527
25417,208228.3009077288
141042,274521.1675087838
34588,64079.10706033593
18972,370027.19793126883
52160,137020.85290693218
70557,111690.2605141931
60134,181126.10784116565
74047,544622.5709256683
33972,90219.8337987728
10262,116360.39768877943
76272,132305.14802647667
78087,125416.47024129656
34901,168788.91353751352
17055,263449.5775165544
17391,193479.8633256252
54085,631194.4267676813
131244,82769.40038581603
114557,194244.16868300625
80036,94683.53537417071
12478,268233.3065784974
68407,220038.30234250656
39382,113394.26405564905
82959,194718.1505336663
28373,50163.349383950655
83077,265671.10957718274
125082,298964.321389532
55987,107640.04734370092
43383,122566.79955022602
130792,562450.9145070177
11024,190087.6534063592
140590,271375.2236070115
62771,109618.1465954301
60465,122402.55980883434
73516,83779.09259435975
71786,86001.66549043906
146645,192349.43043140243
10031,43272.0973910741
30214,178906.08221025718
5262,125926.14695706844
81854,168286.69906296887
26654,251334.27776159073
56349,291788.00208813645
119028,372592.7760582239
117645,57735.94973100738
130058,99432.44818496934
14636,166160.67575676367
122518,72675.09802818355
44291,156293.99156878714
33961,99619.002467865
144864,252179.1210433718
37088,245755.39018902107
133330,205951.69963196336
29637,146201.92553842996
25396,232151.50228100165
141910,170703.37036745308
40570,103488.8685223909
18737,286672.5737696259
118675,101107.038042887
973,175771.5079395866
134488,388469.1962173916
118171,138146.321108345
122758,95739.12749159052
139316,52719.63406372095
73888,226241.13569956107
16076,146272.69285143167
45641,160813.25094318236
128787,181436.42607958885
31811,167417.46270951047
29467,254417.67644314372
4418,232623.26543611896
63615,64724.992506715906
128247,103327.39489936418
138266,212390.7020133657
27349,176159.29759962665
33404,69480.45512396388
113513,131303.1570404983
80687,216921.55900886026
126075,272148.4477865174
131923,69750.59794225567
54059,65411.210011801944
70396,73715.19113105707
3769,358025.30695562944
118887,165254.7477956928
110746,174453.6139063594
24849,83191.20249588313
73024,82123.38449086394
3419,71895.35320366219
14729,64177.87011636012
33645,76327.05701583439
65093,142264.65264704108
123029,375519.234308915
80923,107622.38100688368
141127,53205.42355695474
48490,435643.70668253093
68455,333190.70079322136
112737,721652.9505323537
50066,703503.5490788106
23728,143991.574798793
60995,187482.20811853907
62207,126445.05194998045
133979,498625.38351819967
40526,198096.7052679247
46533,190596.68373110518
117438,210232.54487120302
34673,85704.85650866466
140171,189907.39610708354
126545,100537.7952438765
12803,186185.5374537516
22391,232769.12325629045
78640,120830.52484025402
73087,254165.54005404311
119275,89917.03000220128
55279,135544.89500823943
43712,263900.6714612957
125920,120629.23718088496
140346,353500.30377377593
44633,62334.996862035034
7146,138690.37271623858
82157,59541.800190171765
38089,94315.42798299005
146545,145559.30049510178
39987,110044.84055797488
68155,97214.87557145518
82043,185356.26191682904
17891,99948.10657232098
66523,288262.9064349489
33974,149117.07162002323
126568,54231.371005217174
136357,156471.51770843944
8297,220060.82283206133
14773,184926.8623063162
141641,91538.84736784078
55726,233759.90587862703
110763,364892.8315852235
4696,109748.6670324128
44579,83050.3202199613
62295,136445.99586955237
30430,333752.3537665554
20595,171800.95075069842
9898,196387.28868914192
27140,126394.7552529161
111411,159240.18431682466
50492,112081.02181697972
56917,96613.20625936166
130851,129759.18079947695
38856,167650.75565333458
56333,78379.64631037746
24466,138169.83697154062
114965,113460.00695622577
1269,560267.8826161704
144748,74659.74764553564
22018,84474.37333874768
142533,230537.49451099677
34596,177767.75693646848
4326,240360.3452957428
27359,299796.92762003257
76113,118816.16285924903
55751,70367.63172833216
55080,412048.70729639375
43289,75469.85427747873
66125,174083.27375244396
30002,257858.68204251822
121128,130318.4199341821
112441,128711.058723294
51669,120924.76234389826
130843,79627.37426288392
139576,125592.80859252159
58601,133886.35538934416
10343,83983.06179131688
12500,365198.4054277382
46559,155229.9226112521
63088,110635.71872634636
49497,121545.00650398701
133167,106537.04789892216
40708,138266.34335898398
69818,185095.88866994923
76258,118946.99881022685
12798,267118.25624504127
19828,180630.51758461658
48502,316904.2320983188
141990,248783.23236489802
74259,50667.620648585915
141993,246022.0498244124
1686,240507.05352462718
134933,116924.59220840514
18227,180105.79133428406
53773,114243.83198531569
15478,154132.65636554666
30657,96074.23965215601
137686,372782.9933177888
116077,229746.3042610453
35756,107938.0330751333
19871,227731.98392429942
11206,111185.23048816592
70871,81476.6263448429
69743,128810.24512655617
123163,255812.91341322876
62951,70568.49276669217
141485,91772.00388902723
121147,103576.85285672225
15093,221972.65895379332
73690,104662.57212885204
137241,68581.97829187234
141388,466077.1753451491
146835,410501.094510954
18001,108751.46848475456
12746,98953.91443448982
120168,207270.85192332586
133976,204434.61203605996
71431,178111.45997144826
16901,184061.4652403149
140361,128482.24883093096
55125,310857.21298437624
12965,188198.4531321933
134246,196133.12033597243
73568,163229.39424736184
834,86667.19029084462
8966,91574.68884581933
56012,37874.87488158604
52525,139057.86770114774
120647,165917.13429756975
79503,74124.78563447561
41858,333606.789501285
20278,126412.20249476518
10575,249305.60422346008
54064,76707.2113999823
58785,190236.4268513232
127312,195865.31364748074
16067,214415.80242564838
5748,139799.67459928905
114180,308372.15116437676
111025,109598.85602679181
145179,497662.50334679807
124464,97357.22747218283
123301,75729.32301709458
25190,256883.96834915038
44313,45638.526563866675
47757,72290.16399769529
43049,114904.43717846731
60727,143003.88194591706
1218,121909.42339768178
4101,274580.70361676853
57060,142766.8341978976
16843,172630.1653950148
141543,108777.11179913202
118848,236233.8131046369
116311,229881.80385199748
118786,95969.68692557886
580,229870.94769228646
61476,353424.67753231793
39213,140496.55627483292
28599,49937.259491361045
128731,172562.82257754216
142921,284487.56954439566
125860,159023.55007863752
143233,105385.66174871757
32056,219404.94096033284
43329,355896.30750000005
133565,57885.294309947036
27434,237665.63929199165
118554,126782.02149941519
42484,232267.98740300504
132214,141003.17976332823
123456,157102.66641960706
129583,55773.49511458923
17023,306964.31620179885
146251,113164.69240355707
40673,127575.4169540754
65446,126367.41986974014
52401,261586.11427731664
23453,170087.88770272295
22954,118246.00830577861
80839,85247.61983759952
46839,129283.26498236865
5299,112511.24484407953
116352,37657.624313884284
38002,146750.56558681605
27863,66200.19246963423
3794,123542.47859302946
140866,120371.67424186486
37568,227809.6761154589
31398,191986.21830154405
4002,273371.1508984366
28125,116600.68564256279
73754,244785.93501434743
145753,260607.9325306639
38226,171419.19591547537
119303,179678.0081913831
43688,275636.2135700312
42752,227920.23080220856
69238,86603.74214392052
28490,88183.35986336152
135866,210816.07972607453
123334,255028.4188703049
47922,206049.1484666386
18817,101346.52557695593
1189,476047.20856802986
31378,65784.79913970426
132399,129433.94944748003
128688,349967.9140746009
12754,169996.08338657
19436,164613.87935958238
141011,116694.04354839119
51839,387391.82353971316
49810,139033.08265100804
48236,242045.6771985962
20811,191259.68930546055
18379,130627.31532532506
23631,210839.94595621646
68036,96595.55457225644
40986,100028.50188292513
125596,154156.95799061898
123698,65050.60349010367
78554,84271.33699351875
118532,110752.10583770587
112997,136452.11144742902
5781,198577.04813473835
68507,101775.14432045803
33698,235868.29665502763
119029,93218.68198057545
53510,299035.7630918084
22758,475236.7086437829
26762,145495.13347970945
26209,224171.6719712213
818,175519.88967929134
110341,93995.25997929709
114233,143978.44864509482
48822,148075.76231168208
53780,220461.5284336906
114005,144579.4602121096
126141,286989.52526127786
68375,353607.1063528599
111388,193670.28097370337
132639,75930.38491334202
135648,257108.92385434106
18620,89765.87588224366
814,109489.10170638873
117684,505792.87385790696
142290,192431.99494348824
50394,187329.45746937947
18117,260078.14126885403
65763,202535.9624918207
143305,112626.59732767814
75441,263012.15133820655
66448,126723.9650803682
82691,318960.22103139915
140342,191466.99069868264
5892,103093.5010807963
45451,231396.06852757063
26884,177499.48472748196
138406,204386.5263855591
132888,49613.67410346412
63726,77659.84611914596
59349,106842.826323389
6788,37695.2935814424
145565,156278.55295187497
146002,109236.06759297207
70209,95730.95537478448
82115,142586.52788320067
21114,182778.15390344715
34613,60838.52003100619
111609,101834.08586571369
55543,205399.4797052933
73160,100599.60537726912
129908,202232.35698191653
4967,210555.51195299806
120797,91013.40168710677
82974,90584.91392423064
130149,117017.57598705337
140470,159097.11756013954
82237,104561.88033615319
119481,258206.6137843434
31571,336574.5398025296
111687,307508.9048139062
811,94855.42126129901
38580,172799.79892862256
5654,109667.39711254454
38850,241522.33588913118
23082,293488.45381993434
142907,234047.94406541303
142852,480991.3926105645
71038,257459.41889403592
15929,266941.61224778066
15413,183959.44281465624
113563,171974.6817428409
25750,274786.8912673753
140735,236043.23723906482
134333,280707.6594228909
113924,462212.85652999475
72363,137300.8302123832
130560,81730.27562533034
68948,237195.49321155128
3801,269879.9481105758
117492,112014.88015627497
66988,99323.35374341565
121391,145423.16165241212
125322,302780.71915908
113396,176809.14705713184
25445,159467.3235459975
140780,214653.6145911787
142550,149318.19465117823
2336,150435.44174885916
118907,157599.88392831833
142497,116320.03118020046
68843,62345.944773034105
22795,360717.2770089511
4532,132710.74434110813
56580,101531.20357096575
142426,103524.0674912014
142778,139568.76958463463
28034,65538.3138796
33821,59012.03583735885
112479,77766.69971568063
3051,105341.08745407562
122924,222441.08761957783
67960,92994.52880947
76433,139079.462565068
71538,88857.81025399221
116849,69017.38042336146
51571,412554.44613583875
19198,174762.89039528044
23639,399194.6103521154
116633,93987.47440530162
144456,190763.21746756908
46348,137949.03850174404
60093,58824.67095229577
142532,136935.06808516593
67252,84392.99946246909
26542,296577.1690361204
122755,282617.9749856754
34463,282496.85451575345
3345,486884.31810381217
81743,134226.84868530865
30886,213175.4607247
68570,144075.4357749969
117581,375347.5033171222
4457,176878.8668696762
24966,579636.6909767637
115935,248191.06747060642
46663,435281.1178868408
129195,85742.51346625578
37614,257254.53303727985
49331,184717.82728810876
43301,97685.37407332438
75145,230887.59759311017
82400,128020.00168303939
16060,80599.38993334198
17220,258686.87195052777
33258,169012.0328580796
50707,341449.2241308105
134035,243800.4574457819
8383,67196.95581744093
117758,287127.708489504
51380,260351.05942649714
76364,166952.34878540895
133015,109289.60899347249
39428,205090.9773682485
80525,313595.8103100793
19184,348154.1833112737
71807,114415.0348339864
139770,163637.9177168479
74852,92955.10661477393
14511,326010.03473762865
111160,144533.11141853922
149,350863.41546494886
52904,95414.51655376275
73125,96575.49015540964
28164,263565.82470261335
35906,104108.05938866953
7104,95597.14034889339
33802,43315.3423376298
82167,65062.230202601626
27631,348720.1636150971
3221,264801.5221303371
118220,173216.98499882856
68957,127418.9570161406
132680,160996.61569842635
69092,165598.26375327993
8534,96322.7373131653
33222,191544.87314758747
132635,130015.27198850985
143184,157930.22223300685
146055,122182.39658523965
124886,678834.5014480284
52670,172075.61241794826
122316,162166.1000457975
67590,149465.2554971177
46392,209588.29495070808
20114,176626.65611745365
126815,108845.12897186154
55573,195481.19450901388
127163,199546.8347982681
2547,268685.51910243655
81883,100535.70331005426
28794,111086.11464626336
124868,76259.9249615439
57499,185213.35766144382
76986,325054.2850064024
136264,170478.83541660407
110710,50777.56972309739
80940,121846.29118760038
3791,329681.07544392766
38323,42408.05517562825
28702,635658.5687839683
121139,209296.92348474567
67711,154534.39370873268
50539,37496.8963300341
48994,85106.2857613556
6949,155392.07039709095
115208,191844.23608637083
59930,163943.51260491982
3072,67302.01987494827
65872,546870.5666162096
57318,113285.2514060752
9152,376746.5946919075
27295,229111.25155125387
22347,170127.3068274458
72482,247415.4268222807
131047,221768.02779989515
29649,283533.7955468764
9270,263209.97130137926
14570,148496.99993999212
123350,410198.32549571275
49496,140337.72129019263
78691,154168.32847675524
138270,54008.19093059843
58520,180514.4051346787
119175,120482.03317888363
32324,362470.8492798313
79137,191067.65186526443
59640,87326.6935449863
62608,133020.16764328975
22647,50784.87680297706
64795,319716.2482815797
69860,275545.8800599077
32265,172912.70222003254
127236,70926.26930513364
129220,252919.20677378977
115791,218831.25623964902
127140,99038.38260136756
74289,302393.85915110185
27085,156636.37223798924
125753,93858.3761754467
62890,353255.0016618654
80656,292326.3088046501
132250,107106.74864162064
10746,186774.59763608317
139546,44323.51837005814
123528,104074.85627960772
5923,89988.77946963374
59160,239015.37162406364
72216,462750.74252166436
122009,176667.53380357905
6031,358130.8862472522
1233,283743.2472914466
111546,278065.9388271774
82667,211158.94096825493
139447,143518.47296304372
61771,123214.62833114315
128657,107741.63766210663
119522,206753.96282069472
30558,93930.8629258158
18179,83697.7449948565
11499,83343.10765867097
72699,318985.1157967386
12698,95236.50493826953
140894,310035.9317055732
127881,130143.4377103769
40819,126065.57984932423
15455,188463.18440622778
116324,192314.00702021876
79001,343101.49347598397
49054,101432.41775795803
3113,185167.6557424562
115448,60123.90324800316
69361,82217.85469042943
2312,75173.7267791448
70436,68253.87300024762
120202,207877.53325634936
143891,68066.03775670781
123847,106637.7215941075
63911,493104.0828717586
145114,489645.3716595466
26303,202791.25014272088
40952,182624.81467253104
65252,92211.92516294515
66274,142345.8813177063
144284,68326.79544234346
77207,121360.539792161
77948,290491.4348704437
121481,252365.4543856139
33139,169702.85932161397
64062,138663.96996375767
67061,306597.61007481185
6133,227921.4178695401
119900,276845.2687260101
3392,108139.43143549237
42938,137112.3152232526
58355,75489.40152300199
142156,58270.909627657864
82823,139909.12075613491
21116,159223.8299653393
40668,190418.47264946403
114474,233122.2401130086
33366,159325.34999281744
118819,310195.8256478894
62415,266656.4669429693
49648,286970.2445088644
70406,39786.52858227962
16264,48541.02942946328
74988,108685.98604957768
26318,154325.73638186863
55282,79369.92637351298
45265,289376.29175295145
129048,372751.54208736896
68607,150925.20754005184
29673,217648.80384771648
146196,221207.85506390012
11353,92946.82044170087
23436,160358.89427039167
52331,243636.92994847998
68448,145867.04097794107
132223,199380.14516263045
44759,174744.95597632078
146737,263480.8862720834
48489,240057.34785194122
111183,156718.38016760244
54345,71150.21604462054
128549,236170.58636543085
75254,155008.45292219636
26206,110501.6678195856
24679,261036.93172025686
140622,249793.386560925
119017,108149.51322168834
133590,209786.6351573065
16664,203086.5802000485
20370,106286.04324358149
20802,302684.0165061624
69767,331399.0201504363
80808,107778.51515222044
23235,110725.23296098167
64785,254919.0331500577
80207,176691.93240002717
44564,84207.69552719595
26763,151949.59070121436
67652,301251.8840301592
70914,192312.27085443347
81861,174311.01319990304
138674,75223.99514326327
79886,155201.84766119678
113814,63281.741545797195
76171,606386.8888796531
24396,125101.60575628458
70351,237327.60412671237
130757,546704.1226905852
2824,293979.0422541868
123630,48623.73449172734
58949,168503.64170097592
54586,68934.29038396502
39939,171998.27711900548
68519,217941.4807555097
28678,147857.8579665153
63803,123560.5096006339
70071,162509.37242643328
63647,138958.8260690631
135153,104642.47820219459
19405,145062.4977701567
9661,161399.92033577766
11165,315801.3644350142
25702,30641.149866154738
34470,590359.8428882649
117130,134496.19196802133
50857,63255.79201014385
59729,91575.88635173984
128575,67663.01298982583
63825,540390.9587665126
117507,113292.62212638004
81704,206122.5153163051
68562,320751.17031126923
30455,352768.5856589915
20292,138718.87728174508
31077,221797.00423101874
123349,109997.08157843581
117560,535896.4585579503
26995,179996.2845451835
143727,133219.17478909448
68666,114892.4053356515
54469,106840.57672443203
13727,250850.2768519615
218,195793.151995613
135492,251524.49714717735
140828,165718.32884083464
43556,106577.60423087313
1414,141084.8704073426
126514,144855.5968792826
114852,206862.529476929
18216,185392.29692521988
111901,136583.50530743142
35654,137317.8928172322
141748,98099.10256431988
77899,438396.59912670846
134582,108400.35707654658
115442,95983.59753223052
52549,107808.53119678018
129776,141155.69390868463
138420,84570.81775565866
73621,210359.85285731027
81758,171367.66517396615
44089,94830.53678484737
31523,86890.22818482059
120395,173952.19301650053
28677,159644.83609215816
115831,555060.7865332395
133556,84340.62518028123
10006,95891.03008165874
134378,183487.65176205517
39204,95772.31886091166
19876,403849.5965086655
20051,131194.3704747418
146999,131005.61735236827
128066,112969.0689787344
17404,112685.26032052794
128232,138954.74426325323
77252,250326.68269912375
24008,369798.86200679175
54613,103051.19029895887
6443,185558.97671714023
4643,259987.1146410256
11366,206094.45860113585
130387,356027.7727435214
7724,258667.59823058746
17837,193325.5898285412
137530,194750.59793337825
60694,80018.03391358128
28935,161232.38611543583
33874,85019.6028318605
37907,238419.3514320255
76247,823915.967339855
44711,121442.89589596768
118245,343293.0133935945
31939,77320.53100654154
75599,116455.34584427698
14715,310672.02570093283
80024,77740.72850103621
56832,202518.07612582028
40863,82721.38512712705
14913,320155.7647593004
73064,185212.2056201125
22589,362307.58303620626
21268,116029.1119584076
52216,161442.77858093675
140299,100891.62718257424
16840,313486.2866100035
17226,115753.58841501828
68459,253367.5000560562
66022,76434.17212900205
11669,424822.76193820726
146692,326521.87712703546
59655,154391.90751132357
110396,66528.20831366675
141556,94399.81265617232
249,126528.01436190138
111683,123214.45456051259
118484,213598.70412089396
119818,115246.96579447077
65523,232687.63261709324
71846,321648.074560079
57690,223293.25316113053
72500,172518.16227868278
13423,98531.92264450909
132787,107023.78243457829
53598,112213.7413447755
19793,265140.0596553282
3946,105907.00830766655
79787,82415.9467002196
79799,61543.427999139094
128430,62887.19264078148
68993,298681.55639918684
138688,241032.26479436213
18988,183027.7102007041
122859,166999.360685905
19209,46061.125224609335
146588,259283.45768875285
144142,132061.01352878026
4506,123323.91759303749
118998,103438.3827695334
63383,163293.03861741375
44048,127013.113249538
12851,156787.51865472234
79359,137999.48027869707
117866,212950.3462972914
51704,109079.84766511642
22949,124080.52253216688
11552,64039.82249878631
63074,142136.85302897703
33467,84391.23638544756
24672,168369.21648275483
73883,106303.02065886393
125191,143077.35790365151
133108,59674.26762079964
14645,229514.4392181298
140832,87032.1336454714
141263,139822.9926670597
145642,218752.4613987698
15620,147628.47824120472
34858,63754.88408778845
18842,102385.8009877214
16164,89357.38384728988
125391,215664.5159250475
28568,138937.6018050906
17403,111457.86412960273
131147,182922.85961756593
51536,115444.25511990133
47596,36619.112999083634
20984,113246.07864049674
142617,273901.9032222789
40271,128898.86046198383
8149,177947.60867973932
17066,223125.84081837087
112478,138966.61300719937
49187,220380.1858298467
64875,101892.85850171439
63308,380301.19260166143
515,160403.9920665869
140657,115361.4597571207
48256,139608.76940221968
145022,71646.9310635766
138192,185427.61677181127
65571,84163.3945584695
133300,102997.53942845215
122436,242255.21193687018
78088,245176.04772915968
8994,93809.7728971507
51349,295428.9610170831
63932,128355.23815176637
47641,297093.2506084901
30260,155800.60429389836
70747,349573.4309573296
60862,120330.8646209664
26555,132849.15382739672
410,225575.2076963488
25327,134554.42992507102
56521,236314.0137484774
71983,43005.83235502206
111570,173298.396676674
81329,118507.4728424805
5932,163256.36117679367
114347,157373.89673651176
52790,409724.88179968146
140905,332563.759354159
10328,97981.79313409694
82613,311160.3746147125
13821,108407.3701157255
112629,159022.12076715444
19173,90115.84145684526
59059,407144.722724349
35849,198244.2171376453
120879,499235.09514542355
111473,260152.98947447079
65256,93172.85232975859
137360,303774.3977506743
72945,309166.5016895411
120964,69459.86574867486
56171,185343.1696386577
142042,142327.12991173528
5408,145755.0716101688
14795,108824.53361840035
51857,112693.69155976412
4796,123847.80153729061
139904,165545.88435900956
41965,111268.72353490684
124616,189696.51919064805
133945,97075.7856796819
16141,231760.48412259488
13250,91461.09594829738
4657,269996.2812613074
12010,111533.40704314524
140287,194424.3122694282
112146,278256.8763277876
137131,109614.12308999305
131000,336360.5181557655
81810,82384.578794422
56740,169755.70619520725
140067,199552.54724325376
143173,50486.04087234319
37932,115606.08706923318
66283,83982.65676339727
145911,395389.1328070757
121385,112778.92303079888
69321,139843.6253408176
146741,233383.01350425195
82815,172168.2226388309
127913,122623.6820328848
142969,68698.2244884663
36848,265349.2480752944
31706,133843.53017704235
14680,118699.0479882732
33579,220441.99668937037
26323,320551.2419111886
122543,83424.76717332948
131587,188761.00676015537
126816,153677.89763597577
65817,129206.71182648126
67912,150494.68293346075
74721,203112.91057768234
79067,146974.17687724394
12479,82893.06839851303
79395,103802.57690108847
146860,66841.5201104498
13498,155066.50978513178
21746,150911.49930946948
64637,106834.38973834598
12656,98271.2411611822
61750,206607.17137550956
130830,390270.6026600679
53623,145182.23775514145
61202,107852.5012833848
70296,161982.03829540432
32440,81579.31882176381
121931,198303.04228889907
61941,127654.86877768315
24753,368325.90435433923
9633,127122.87921424948
19883,100655.54920756166
138015,234950.67000909866
35614,316305.8231798103
143351,117480.60992177107
13292,150810.57604859336
50542,104524.24751614488
111090,170576.30977252458
17533,142485.21417160885
58914,49754.836804820014
21828,186712.19596684934
9767,48187.083952202585
45548,202906.82530974154
111741,309457.11014212226
59241,148835.45430939092
82145,100981.92781379988
114961,485410.4779039907
36866,81779.85809313048
10217,70523.54101221357
532,97444.91995092334
28380,120666.03133971512
82188,317698.48902287777
20422,195088.02369697398
79697,231108.15496930032
18084,76431.63711368178
16476,198125.7613142706
132494,262986.48900525516
141306,123410.19581355488
129813,41475.59300329486
127800,190136.4827860975
129536,105353.21279219375
69247,92126.67403881968
140525,730975.6048083836
63517,71316.4549870381
33237,398965.1543486054
54587,328371.9002435022
131848,71980.10448000395
16267,165424.96152413025
25941,143231.34204286252
28729,128163.7969257276
123385,183398.4667315469
129942,53354.44168223391
79777,642608.4975518826
36092,348704.0329015509
16528,101174.50257124462
13878,87315.22454737026
20080,324721.4765143942
19483,126573.54815225721
39937,193496.71640698262
79505,87297.7055182618
33866,80956.94891231846
51871,78074.33122333854
48880,122417.73297167473
42719,69596.62668983534
65789,76508.59326774816
133369,155110.83797557565
65185,179531.14334153215
6552,115600.73911586647
29898,228870.53426547337
32351,59831.54090029908
75914,125917.81860803752
82693,167789.23112013447
39023,349690.86491929286
115489,315078.98546008545
75691,268948.1540166519
21818,234980.85502716058
72359,214476.40163602677
56702,160169.35297169886
118854,199826.77047557238
75394,169526.32584397294
72684,211815.00625240215
127458,318865.2391762909
782,141674.3317996958
75981,255993.71145248774
758,94654.3936894317
130536,104654.95982539825
7092,284921.106152594
17261,165015.7356020986
32132,177283.61654214043
41760,281504.65521169547
113638,44674.51927118286
2694,224177.85671524133
137885,215729.49446600222
61265,188577.10262958414
12797,350023.03088712855
55025,135596.026891609
50498,143693.6311629845
16423,108857.34899433839
111519,182153.63032951762
74151,543493.845466856
55364,117452.50810901896
74574,122961.54975292794
119510,147396.29730840967
60703,185947.8480796739
77474,261015.00632492534
30827,322630.3606300491
39746,131263.748949452
138229,455715.3911861323
103,101396.3029868576
121819,116701.25396987466
134959,88270.28149540651
62691,105137.15000221194
24222,313481.9941142927
78829,65677.0296319298
136288,110961.5644384918
35469,116270.34763647601
41808,200323.6484017559
80693,201352.02021856577
122059,251897.8639966808
145727,323391.40657122526
6654,95649.7275569867
135356,98801.5199755638
68794,101633.13352046153
41797,208768.750723715
9587,125346.36886302353
61817,180076.77132888115
73523,146563.53073529503
38324,453737.2462116598
130624,146393.48910642666
79743,49163.96521803867
78913,132925.44794134097
30539,414133.2171430453
33823,73131.63438760798
7530,57325.366539044335
5450,134493.27963166116
115848,67340.37571593549
35897,138281.07879185106
50679,457739.48703716754
4990,134563.21755914087
75704,58138.559829820675
54533,271239.38496400014
76573,715011.3575931127
11484,63911.96367908433
136866,98067.03813967208
25606,141298.87934047246
16813,125693.90859021907
27904,276950.19414243335
33426,168356.55941677617
142382,124496.58119714676
12537,201170.95137335526
52308,168173.27250620103
57541,140192.5146633709
36813,90960.84971991641
25860,101239.73491984009
140145,67859.11487473373
20921,152563.36730786157
136907,125419.91106538847
59987,260023.147200051
40936,212624.16763546038
56447,268667.62227020797
36088,67312.06885168106
14341,128104.11363448738
136641,142154.95885536127
130085,124887.9370755672
145600,152499.2090256974
3314,75696.52953426198
128338,314531.00941332814
139005,115472.19955747217
112459,70768.5992448206
59960,259442.31751729228
82787,120780.92741045039
122039,245053.53663786128
70885,100856.57858906224
23918,90248.85212400847
129191,226469.48479862843
137814,34972.29663392961
124774,97817.79188506189
114882,259505.02893946646
5138,165611.5975395919
28237,126678.37892934927
55104,147320.48067132506
120859,141797.92212637715
125159,176551.05308925963
34975,46635.96938262122
51803,158607.6474654407
5053,324661.3267925306
126668,127943.92163427724
42994,291055.7638141923
61679,151222.75236646517
75149,135296.02099389595
7355,98246.24044201116
14229,74668.05645533022
75059,142458.7942327006
123721,339993.81036110845
143591,267335.74353140243
66146,41833.261469425546
40138,94448.32086327228
111830,122130.51352245538
116191,236227.3984906706
37875,603249.2721724132
28126,338811.0222093064
19376,152705.65875219204
8800,95533.79485588128
1162,175928.60194481915
12129,81829.14220569251
34704,252544.73716165373
121205,112993.05247503525
111783,83870.21576350846
18956,154451.95493021983
119430,275521.5085898404
54018,88538.94752142827
61846,71845.03781562408
66190,84043.89730040834
17682,320422.39350706665
132222,125889.5987372979
13562,1012348.0388735533
56129,131120.61736998177
140812,172082.5113384451
16318,151095.06948528832
49164,74876.00285060056
42336,184237.68702097808
34438,280613.94844972115
143705,202649.3332627667
140726,439776.2725292126
130713,79885.08536055838
143083,135640.38920414235
31847,288000.94113080256
64919,124332.31645604475
58590,127764.96804064084
4873,142394.09428464205
124077,153008.77111189597
29385,112860.03564532506
145560,125042.42302662591
123564,255675.544026457
9945,119102.10304527718
113886,602998.91209629
16993,187225.84280621755
10351,87012.76719742257
82697,51837.69031443556
24184,238741.27197825085
4971,139621.47672263614
15911,99872.00335166165
53708,138427.4475066911
10697,568396.0613582621
74694,100992.38290388728
72825,192900.6371460472
142737,284592.0538625305
114192,61056.56926181054
79308,230568.52102939208
17296,143400.15279567317
66501,393429.7015566358
27965,109810.17162937272
41487,148482.96749854766
122744,127852.67249016298
16322,136011.16981917978
44218,87910.84192353973
24049,187957.46644425282
38871,139016.73331041337
140351,157348.34690409986
118414,137994.8644672661
10581,55752.43609097219
47094,116751.85993354637
59954,265453.63934788504
680,135354.83859530685
63779,245019.43791347794
6928,80006.44969584848
24818,99907.89417848023
55286,74010.41614274745
63879,114580.99925422185
7494,124058.61751189738
48639,228403.73489295915
147066,110542.86502696408
11416,147375.69299282893
76564,104933.21516622399
41832,93756.75702850938
66661,82075.62632067628
125288,306151.67106415855
124629,76874.49309531649
62472,131498.24658093468
122200,161689.0518692053
12204,529770.0444751
118730,171037.62303169863
48611,91441.08612327176
31328,149938.9548642734
51339,217869.3130541364
14754,227468.81364509556
53918,79771.04798856692
62774,230403.08344935626
3140,411444.3680684031
44636,174256.75289848907
113755,84493.16971252712
24928,47019.05451805629
23376,265991.3204865475
10439,155698.2817392292
13115,70118.9610648948
58844,118388.89791780573
82796,163146.12198861453
132909,347774.94571078155
21617,422695.435462605
137976,155698.7026417473
1375,142325.64641397522
128511,267304.24880748964
124890,75318.13203892842
28925,175904.91056084432
25019,179532.3094758592
62306,108764.08224041114
51557,242871.4050567528
49401,208744.21324135212
34531,37598.929956677
39908,149098.78549634202
56970,187238.27408208503
120938,392959.5943060221
15705,127789.57302549604
134697,107400.07689678248
79279,199920.27670663243
110478,115257.10730230305
28652,121146.9455186368
70744,142678.07757602574
126142,203655.2471637751
112092,73124.36865227438
15147,366925.0947796784
62988,245271.2102034925
43908,192024.14487873827
15248,213371.182948658
15133,166750.40264792895
140644,221680.10918333344
142904,266527.6809748218
126766,153606.73394067647
59094,68672.2510318113
71551,283220.7192474503
33315,163459.27477663703
81668,205835.5781560226
49736,131245.5081728117
134104,136447.35427480258
43375,139956.91810079038
12234,106542.12951457119
142531,128369.99386588436
129514,80912.21538353407
138826,120980.44476299327
134534,198129.7033655196
133035,146644.356057224
15695,123966.01025305914
60747,114574.03070016832
32975,343706.11439819954
126010,96213.50750814627
129438,65522.73769843347
37533,311366.6813419185
33686,335161.5128658883
71879,72573.19527230567
112996,109438.35870028695
69477,143758.5419689379
50840,134870.90815662118
75865,66649.90061478519
130432,180299.6748088723
58612,72407.21214164984
43031,186019.71505735803
34798,300153.9016272586
142714,71310.2129504554
137611,176320.03589511744
39650,86436.26834610902
18387,130447.11062426216
123307,156364.39275166852
116228,670030.8138755355
40654,227867.73571077327
146067,107477.86416882265
45503,171780.1975773995
71699,404758.70573782583
130513,143225.48280814203
141482,231080.53950285766
45446,302158.0928962373
7654,180463.03223319614
37696,274026.5143925562
20565,63787.624299407384
4234,209853.43748213534
62711,184783.80926414253
19710,147665.9557950262
70217,203244.10784724372
54122,388726.37709627196
48599,74728.33457616036
22700,273773.4900643496
139923,60189.92324269441
123514,138630.5832134715
18352,231118.9046344494
124765,52323.358205937235
71272,212787.60200740426
28735,78312.47718549054
24037,187820.6204197899
147006,89524.27143356073
118421,395578.34072192037
49610,203214.31489785394
78413,127638.54024358538
26003,418539.5416803998
19468,130452.27079972546
15937,108524.7415990493
127646,532687.9256251522
77561,43288.36017740867
120213,225497.3169493836
41081,73006.50669136437
4287,192720.11291294883
15562,266644.5543288689
146457,353345.00083278667
133200,160477.08452915616
9014,269002.0240176651
50986,68135.35353007667
80132,226470.5417336144
81316,176947.43355121612
118826,88248.71989573086
79324,121849.47200862624
111986,281024.9682931778
132824,124339.91921019263
5978,139468.50804766783
32359,143506.9392022412
20919,71329.56759754494
10729,122472.00230127735
57483,89407.66454806917
70528,88430.78544709977
14132,190384.7043135133
41701,222919.8746510116
8258,360866.42272433673
40033,157037.11476370052
5398,95895.86950081846
69783,43938.722006087584
45854,235270.1070299318
61644,157489.24837776838
55471,378202.0586841374
13125,117289.5080869042
76046,328125.2484734731
23367,135092.06621154776
17779,98468.89529048116
127772,129630.91851026623
81215,155671.1898077106
11486,53896.91935143767
46718,97243.2414179413
47835,205565.57212173755
79586,147493.46837414417
117461,98957.36727354224
34185,125715.85824189676
46518,211791.65841861168
131257,371342.1895299424
26348,641457.2063803171
43280,271005.8310267265
35024,416828.22668241605
14633,407851.7850155405
33416,575529.3780532794
45370,215249.97370520863
136317,91432.43435070886
125491,55768.44004134438
6708,93017.39695096678
20519,119273.73208450316
64452,292935.38549441483
67473,340697.38805396226
59785,216229.41337489831
740,294951.25334976794
145050,144479.2515328924
112625,370478.69415508816
49599,100509.23698223784
1001,127030.64492834096
69680,117934.30830907542
128396,111207.55057614393
123044,150405.01573789294
9738,97819.65030367082
81155,262622.01404442044
146407,228838.20322012028
30777,459642.3995278331
81358,59415.65178534457
18449,86615.54254570541
118111,367103.0534246187
10400,248402.58191891792
54728,62268.330743061895
129493,274805.27243958664
137049,107754.47311103388
133698,128332.39390963115
147054,214688.35658574436
68638,151722.45850077595
129320,222902.0337578198
55450,79473.24280625467
30838,147893.6857037829
17642,91591.41779571208
78798,105140.55699651301
14952,83571.02160496454
57222,158435.11456574342
48617,289223.0705578103
20229,259209.8906641519
23001,472926.2640971899
18391,105003.20509930048
47046,161099.75254285854
21916,148048.33382108464
81114,125380.98365070243
5286,71612.23646058922
1279,263981.3018507438
129636,295653.70045398414
16035,389905.5195874624
62238,369831.5144770002
43889,608859.0476971606
9991,164490.38167101104
63354,248165.59564370493
116420,194614.1230295396
128229,350477.14169098495
79659,197164.6740734249
80309,114672.8320467678
140557,137044.42910435423
146609,98489.80669239016
124803,410762.23092756595
8845,233769.17808949403
126508,110258.9226072467
59634,302394.61629315605
82036,93799.3022917294
388,288754.5567650554
131960,322683.9489498437
138754,107213.061275255
17171,255932.8437608406
134661,140899.7441525092
16130,390695.5418963266
125631,94271.70499451665
20304,89764.53122175713
123413,211323.97771409573
130591,319651.8450320466
72160,94155.66103086014
42084,128926.92683562922
32935,176441.1436393173
143258,117349.2015989569
52668,83973.34708433278
27728,81701.07473043725
63537,80348.29875053631
11018,153338.6238154248
132037,68560.79778879124
39029,335395.8444269775
71511,60369.13007933721
63215,180007.2747188356
29567,114818.31993531453
118144,309657.07146805694
110793,175372.76240374794
63003,252113.80642750597
54552,190680.52472681517
65483,119397.99448649253
132251,369191.12179824815
121245,140988.60720931887
77115,84777.2367042578
56682,125951.17317025943
5030,213154.73707638914
81712,375675.65475819196
20692,120221.00070488497
66703,101365.4481164703
50782,132888.7595852007
26182,154626.91361323092
25173,680795.7476842206
57155,149462.72925663032
67226,125106.80245102147
39419,80530.46481920259
50505,159937.75227153063
13916,239529.507610918
113026,274483.8300136224
13451,132224.3206511092
11000,146737.11221189972
125575,153425.4243745999
71781,211532.55535705254
121829,126763.38730932903
21463,91007.52111279339
134690,239791.3754902857
38477,70687.70898974742
58237,147139.03494370234
133146,548945.2641323323
114093,140752.17291323957
12069,195061.17905279982
124705,201462.0029216975
13970,79500.01065470964
20440,249708.61894959077
31493,79414.37725892363
2765,586010.5868109234
145076,94725.09208474257
5218,220606.95349836763
80482,112719.329406325
118306,212029.0171364831
20632,196005.95962089437
34977,138268.39880795009
43646,84277.89563270682
3976,329110.24696318293
20287,86983.36575320987
32767,176553.67029246752
77951,546459.0611873787
122248,149511.27726891445
113372,79028.642319006
74614,76997.23416635509
37459,177449.07801927114
136149,161221.02203779854
123229,281195.53701100335
76262,70945.04163583388
121801,186564.25764779747
2624,364198.91332678386
14277,107866.23460049983
40396,216892.55418176373
3971,338029.0902541811
65010,135647.05802905333
117602,253679.3382130497
60876,277923.0899919701
127073,66301.44799930003
28549,184143.96390682226
70196,219784.85196418816
113655,192596.27164135186
74073,149035.13114418575
137532,158905.81125287365
68017,163916.63734436565
70241,121661.29790765766
2834,105858.17224863803
58352,119273.85935637992
82031,184968.64466768512
404,612491.3892885578
17478,142168.34818287625
17217,260822.44752398052
126920,65964.9424821176
26608,207679.55279165565
46498,137693.65318547492
127630,137081.10874172597
39688,129366.08098615121
54354,146752.73964851722
6402,171313.19181822683
63964,256073.64889264965
16475,416575.544661338
19289,266495.68225794035
9620,122121.38045913135
131917,114718.09180423658
117712,198378.64403226072
71017,83724.72167153916
124501,92605.81248101141
47566,165173.9055536944
30125,120721.47644645112
43692,194295.12099114712
128510,284652.8442124589
66132,85683.29968631644
11551,29609.874897620866
124048,94243.67168618596
118099,175252.57657371555
4012,89053.83448410171
81771,190245.68370985676
40859,149117.71400269913
73862,152328.36788254484
46637,360679.577379039
28920,115798.46625163895
65321,126850.63658724964
15989,145399.57240554618
127786,282646.61963612144
33801,85511.92676050168
136262,73494.85963237104
32613,175587.55060351585
57720,137832.00179829114
79790,39979.13788539688
62599,172354.22195082303
137855,361775.45824051485
3190,458307.23689878394
30760,170862.41964261493
64933,138963.45146546056
52613,141449.4980313686
122784,117194.87461976225
144855,178267.42852714256
112858,126756.64754227418
20320,85142.44983553894
1508,662748.5032234247
47177,119333.72769833179
137774,109019.34754445708
64998,311643.7566584046
41474,166902.2282541055
124632,162815.31727043795
59278,109291.65543410988
122060,653920.3135463969
47191,212163.31535847904
79378,263671.30448866443
71747,144025.41959850147
140382,92408.87018153016
31887,77074.39821766893
51588,167562.1513533056
141113,178976.1236593324
142802,87322.2963097419
36678,212743.69827397808
1296,116005.46432664723
132275,135614.9165704193
61714,154059.7813097175
141954,225775.789629582
49601,226223.87233205314
25782,73465.90391927469
13358,98339.11757521756
27323,148150.48305775275
137094,75394.51234502645
43871,179950.42828014932
143488,207105.74644474784
80969,105373.74204901274
29418,199864.75852117353
69160,119075.97798188996
41117,169320.6458517857
49636,259527.93302793207
12952,490770.3237070679
127215,130435.75204760437
65291,100778.15661919153
143860,127108.07834871285
38948,174576.9706624206
51125,222869.36229463358
63552,196078.22093352632
115956,60547.28539633301
115219,86272.79553192436
110665,48810.98462574722
78650,152253.42170542234
62730,95054.03565376361
65357,125832.13079902963
40560,131455.2648485364
144233,271205.7948921273
125749,192857.67568314096
9376,278018.7744008829
38118,373811.49885459384
14374,139791.3312520157
8135,244222.65644735104
34850,183984.0835179903
122692,101863.12109404136
57512,105001.97103440695
52977,237340.68023301964
15888,198534.36940176768
127540,134471.85907824917
63317,163453.34761411193
73488,325880.3138237586
45179,117897.38863653531
59044,154375.81426802065
20052,102706.1049948388
79108,150975.3931066569
139889,167657.5844965813
61935,106620.30751994674
133696,247256.62768578966
46614,195103.84522844176
8273,112316.76727447109
9364,111554.97172570972
118954,162623.41980639094
63848,366682.7175638529
146794,120488.34607391688
123848,195197.00844479044
378,131022.0150869505
116796,55454.30993768247
3174,281394.6495998273
127691,410923.3303467116
52971,118461.83564694074
44687,211766.9103807534
22419,109299.19210334998
81685,91723.07214852113
7376,183096.42046079357
142345,103472.5383395013
41421,206199.6109285629
136304,134689.20356664638
66177,76834.8270484612
59423,169314.4884752818
73005,104863.66695525395
145329,56753.902351902245
10401,222619.10324457783
17030,275773.85675628495
19412,94766.26355923328
43125,83139.06807872513
122117,48483.345706891356
146162,319409.7135567846
64787,418062.72279949754
76689,96303.73501029138
137854,135393.81514194314
76180,178878.73515616206
62194,164352.7745296077
131555,128686.91372736334
38446,331393.8024905233
9998,115893.0190997025
46556,100113.17457224856
40417,246552.11711615467
5256,177848.26687667033
113970,94760.63559840733
80515,75001.16020933106
7527,121599.5512420459
132387,565533.9458122606
8108,192808.87327186714
65286,158920.6611210721
67114,177693.5777787835
41613,507855.9667402919
136230,361208.3433593139
75727,114562.06159406042
32795,97360.8963816067
143554,59894.877912273376
130891,92978.67586055692
76134,77484.28061138964
42449,88064.1418455265
54445,226938.39952890296
10589,140181.2255633513
145695,161944.40349431967
41360,149093.5942757003
113365,193575.49389598198
62151,184937.3534654851
24226,195755.3341427217
38811,328543.47885458654
68101,516103.3324000843
82500,151048.62485008204
18556,90775.30664153575
122873,117130.72712116211
118457,143319.78363117186
39020,115155.13247606684
125712,139030.66074355968
136512,231056.89363853092
69772,141610.72312249104
128634,261994.7078755621
139395,173137.1234892436
141184,174497.19617077333
65415,118015.8591879535
140532,155266.32969268595
141738,170508.50929132968
142811,150749.0483947786
68392,147965.29152955973
12611,331987.98224772525
30439,142060.28311605033
6652,63839.6872698934
63559,185190.6054312539
133197,127587.60776088308
128914,82724.52124605652
145892,145469.9501639949
14960,334412.68907207693
4942,172182.8124188673
30873,149430.93421391537
29752,123353.86781388713
3822,423703.54683062085
27446,196431.60926654242
121512,569964.1175447458
53924,111179.35849830194
67126,57318.42940730847
10974,175795.7554718697
128906,188927.92887759328
57585,96343.7117308292
65824,374007.7535745985
19576,185915.4899890229
65616,179575.71712613443
14149,212340.55718027294
22256,67814.44736311784
51881,225830.19493509302
78822,59789.017766550496
64970,173368.68367671702
34149,190240.69893548277
128123,39891.89257182806
27597,164604.77901857434
68588,241691.21824470293
22377,177454.89663777256
116594,171724.1044294283
64003,47686.49753608775
332,98524.70250666642
56011,61146.84231658098
47302,112553.53957169526
66409,229895.32365856873
8801,234889.7482206618
121515,192410.50386276277
144628,147590.2818217416
146462,106868.6412108806
138118,103699.24641172617
136744,129658.50276887199
11867,59667.37187384229
115374,405081.07245603803
7840,107707.56328492617
115064,104079.40444354918
68986,364012.57103476406
139095,159772.97874766908
4280,208573.4185239478
64316,164969.08919358387
76067,322572.84999987925
49,327638.8040346835
81311,225036.41891060647
57458,85539.59465069763
129718,168240.04092372564
14631,339806.8999646861
132158,167774.92015601392
41426,129142.33831861941
71829,63694.36605424338
52564,203750.2391123226
123089,166396.80747630203
52228,52351.50671375611
121026,178218.05268388483
57467,103686.45894537063
73317,187921.80267646653
17998,174991.49311823223
62410,146066.07518300848
119338,63795.726502397214
61080,114400.11516819787
57598,145027.64511994572
42833,359381.0336126418
83095,88492.96474503612
74709,173728.97473672745
131855,302806.3271087718
20584,191398.74926699876
11556,55310.0376124832
50655,140681.69191560565
19154,85312.03051798322
111468,331773.70700397925
130943,52776.736189347816
68040,145653.99257344264
37889,180080.9377326602
41774,453009.3075396243
132316,97788.45114540863
74811,29501.107788125293
23926,79404.60641624319
135452,120197.25858866831
73402,87807.68674371479
79093,91195.99524542349
24638,149844.02181037475
48030,131301.93717309972
42838,114581.30096048009
111486,228244.94832159334
65836,135486.6581992733
19292,192540.09989025287
44167,277232.1198235549
65770,354088.25069953274
131610,193017.73086037932
53705,126361.63216188677
142938,212403.16884637414
53629,115164.54015386579
38376,177362.83088741047
144724,81671.53134524677
111403,153749.85287216472
50232,78783.66605216703
77087,308974.1677576335
13405,313872.1570311625
12697,116396.18647922805
127184,232124.83749670512
123550,108845.58681179154
69721,48103.162999361906
77645,129852.5424082166
15294,132189.9587202053
25934,84149.435571074
113279,109344.82364040051
144004,117962.38946388463
19997,722202.9470360158
53566,222114.17185218306
110302,186750.553177324
146859,174073.0562134173
67781,93850.48986050113
5987,121274.0770864433
16379,262240.0931633759
117687,492253.1328935742
133363,202459.60899655096
133405,293658.744933872
75101,82827.88963829316
31093,235788.69983901776
48979,57687.66296187336
44784,87215.84847841981
137962,170645.75819227993
81538,87716.85705072625
115175,119987.28220404973
111324,316348.38190801913
45685,61144.77873018342
1444,83254.87957223317
31615,146383.4471165094
36061,256955.57828700898
43025,223185.20310288516
128088,119837.766689467
113880,82471.50284997348
48263,155627.00876252973
54094,210035.1113446438
118249,280319.6830305115
110496,143120.974686153
11332,90978.90416868484
48274,128901.40410869893
141882,127664.25968398037
20956,244283.75200762425
18974,288270.90869276715
20455,214099.74875373175
125567,137051.3746006674
13954,703042.7760174229
20699,280440.56297633937
36169,265387.8499947737
27881,198481.23387604952
31069,110839.43282346838
137425,190572.14549579608
46159,269862.56293175125
281,177728.80035347317
32609,106424.88866409642
116208,101398.98519582409
66185,480543.5375178626
129698,194250.6690152005
15450,204222.32487612552
61473,155431.94967778306
117571,136014.6244978949
44056,216303.27939753974
120937,231665.41114883992
51296,388281.8982170214
138755,124481.70125487939
16359,208845.2434716187
47436,249879.46127808566
120480,73371.58792847088
43365,211729.96647460954
6117,90656.50293470833
79803,335922.00165134284
8764,258795.11880602446
18853,145098.82221981886
145705,553884.6524103027
36699,114084.64025236104
39271,195387.40615745744
19072,82778.02072410284
143748,202926.0687779226
12785,127262.94709272063
35352,162022.32242349966
43471,129283.26498236865
14594,80550.83073505157
137356,146831.76224034664
30796,378124.879707105
66348,195721.95597091148
54598,75372.1949425237
113803,204816.63210050148
78855,295910.52691022126
79582,141509.01699129018
132143,128036.72470447743
40913,193342.27626154997
138615,140741.7444485569
129907,140172.9945859944
127216,181577.49009457332
81998,228793.20350906096
12973,271602.228951424
27795,98665.76614762066
16759,174956.5367242751
8220,171862.56804330746
133280,398457.97632620734
117986,65186.91398520474
28454,94424.95849637648
46192,145906.19260243335
123539,246163.8482068603
132261,211361.00218252072
17738,209086.62853192666
54968,243258.7721325194
127276,288101.22835628036
1324,182753.18887653443
116844,141009.69535307682
144993,504625.7607068389
58147,194116.0800995935
5773,112638.45383326255
82146,109974.28278053811
143164,97240.40475731925
64420,113613.88257364937
47517,101694.89686987527
127396,257345.17493073433
19397,107303.15866104653
58371,635161.2300349465
114396,139296.2738351165
16516,106849.37790852692
28596,308514.47014087054
118122,265933.38526575244
136920,264578.47910700325
2572,169277.0265619533
8081,202900.2102519809
5328,425467.1884624803
75043,98296.44528071758
139264,56382.41657761766
31432,480767.435701891
77238,109370.55098471201
81886,179568.55381877505
142335,129703.13713494572
61633,169996.21165781844
44891,107691.56535489086
78945,175649.5726204354
78183,154832.32847197182
113235,430126.51748638623
24601,184501.8066998308
123607,109828.63243701999
77937,206336.62199032662
47858,249004.3455802386
62768,301310.24388238107
113958,514438.47459853126
58579,188063.3813145054
13830,157800.04371087239
17408,154895.01045863115
1806,118577.98921830217
22984,279263.3150167989
126190,510370.29048676376
46077,109691.75124093702
118458,40771.47450461775
116370,60915.494762996124
129713,173303.59158699535
124911,177533.85557228306
23253,221392.01300149618
44214,89504.85917485884
53516,119168.22690438753
20696,91621.58938140166
126688,84447.5018255911
139328,341178.36902031885
38059,219777.4102895236
12475,66201.1937534961
23205,162153.73668261475
80477,66423.82783537888
17011,110028.49237511052
56259,427043.66189339396
63596,400459.87425404193
71030,131823.21825136503
118174,123398.38296487459
121591,283670.39579561166
23099,80448.42910237178
130612,224295.35566992383
70957,224336.47024022313
39673,268694.55887533666
20509,239841.41364216903
66571,261184.14116410853
59291,140265.7114583922
56159,307667.12360405386
7335,251762.00057117967
32883,112430.93536552116
140237,47594.39031977402
27244,218152.72386476764
28277,84727.71329296664
40112,77334.20600324511
36659,281225.543632886
136373,96437.44986375567
64999,149563.3268301314
140207,118332.23385945521
36109,238249.39022759884
27251,81302.19055194373
120007,59550.3442514664
39794,418174.25077803555
74783,126552.91860114744
3185,382597.6037790464
123661,172927.63445375307
63180,390664.563755978
23363,72334.2146528393
20010,253605.29354678327
127218,194857.85867728494
45537,182115.3480709063
130487,89167.03236832816
8265,116030.4020840326
110539,84357.90578844553
78734,157320.42239612222
81082,109244.02099007182
138404,141402.83459437615
49483,693216.5041210677
33885,81123.53881078513
114479,231876.27387368653
68579,187348.1660035527
21730,163339.76064469398
27867,121601.16502638643
23398,253426.4267537061
43071,143597.13413740948
1852,78661.52298951652
131937,150736.57575631092
110841,220657.9931412738
130842,162310.54581361596
135948,201233.76387335526
112472,242936.59685573977
12673,246339.48914773975
16833,278680.46662796976
138290,218212.3297617625
58280,111335.15366445197
37470,199440.2654358191
39566,63492.32178391593
70043,110640.08564655986
68565,79275.96259054702
125782,497739.7923392572
128698,143774.94899565316
70320,146399.57470718538
49285,168906.11680009475
26678,258617.31926632265
1018,92370.65525280536
9444,284820.41237611824
138100,242997.92145471158
41651,163257.77181651155
65124,189335.87237032066
124,125464.82389822399
83017,314763.58983364876
16331,230847.54696633847
38929,342129.88618193945
140439,256009.58427904628
55458,306406.40778514766
67563,178886.42520701332
16167,100932.1090549235
120569,497820.56867684494
27727,183848.6448910526
54037,254660.92779429466
83048,290167.9078952045
7381,130429.49367909034
45538,174606.8154998139
139994,41369.80285806312
26179,313864.9352368094
38755,302712.5328770679
137486,125051.61010725754
140403,118197.67666249916
71302,203720.34080331842
25447,125152.9988529046
75336,148208.3070171861
128111,284300.6485554903
146304,272573.0371981933
65627,260425.10957735576
80796,101754.31632869343
73766,90216.1030817746
63128,140165.41004109898
37724,203243.84434157074
63403,75824.27160875761
113819,143766.00349688675
133844,101477.57031504367
894,75579.33110340017
114766,80011.83924304707
23366,176001.38479476597
6067,279087.30919799005
36053,117977.0869598081
41290,135944.1121989408
11083,170103.16145734958
44175,149149.6798928248
124474,111903.09521104803
3642,149538.85126500844
116551,111662.98222819988
128694,215722.0704758761
19671,97886.42239428063
3857,215775.82521502775
134465,184262.05846767305
72671,121872.49833480219
8698,170047.98341576548
997,180692.92042166297
72963,148069.18768238206
21944,530273.2995850365
41211,265000.7981220017
10154,120215.57432111457
144185,98860.82831735947
17084,149542.37554270882
57755,169632.9060677457
60949,88338.11201448209
146293,261347.07835487317
19044,533950.7289936852
62024,137255.99240229162
56557,131729.7921734774
7129,102325.57399567965
121196,83717.81316378625
74433,73588.00441250527
81208,86256.88385666833
119421,209052.0126842951
6622,37547.988556172626
20027,98201.34224192592
140481,243917.23887717462
26177,342588.3092924999
53279,255223.6893506611
11999,91270.74562272825
146050,313981.8136764857
124527,130775.22885216022
16865,103445.65303392026
37011,248978.62300027141
77961,88233.97797320114
135140,199358.43128250097
43539,81689.58357416478
25677,193257.91922952194
72275,128621.49342394047
42271,134806.71811105686
130226,741503.991499526
2132,112187.9075810756
141574,177485.29485865476
132885,30334.4834482262
38084,48213.026938859766
44792,195932.59509357193
64847,124613.49903972351
125099,50802.05047732267
55178,80131.21380686694
126600,85950.23493947275
23152,438755.11264618963
31826,212139.04027315736
123368,108165.3514248374
145199,184904.95022315742
18157,104029.66980753362
292,139831.96506622387
123141,69235.51062957458
134992,131508.67852925815
111891,150026.6223943969
13165,118153.65737319371
143142,62841.42042808594
121316,227036.75236265897
65395,227170.186015277
12872,153403.34339537285
69133,201868.85026110423
81035,213032.13773085945
130351,204962.82381025964
52973,167242.85462724796
112059,71696.60274614961
116983,263869.3925100408
116249,215597.7922361995
49099,126225.54842621161
130272,239964.19249470736
66520,88507.18567472286
33660,193480.3802408023
9627,287786.5077783654
9797,443218.3674220778
139773,147718.37639441233
75450,219151.57766245207
15491,89267.5428035337
47656,260119.72247227468
145854,55106.964093045266
79714,87758.89943288453
17294,201882.85075787234
62834,312676.54091617756
13079,124655.24661549405
48254,118964.62898703261
75630,48002.665127283355
140869,222379.07397939038
12598,172455.58513791603
137542,155096.98524770333
122765,131994.11487823262
118970,351215.21664395725
30018,142320.85556856717
112169,91618.41218674136
131371,48903.01424280488
50371,74649.24699271639
136320,168458.80756840823
48323,63323.913063285596
21340,107705.67351298436
142724,69931.39061304269
54578,308937.123668871
43047,245966.38716244503
46431,133607.60319805017
8638,128067.03935641685
118878,196295.85327249602
48866,192095.72039129864
12496,432386.1357369007
135177,122293.08407588094
13800,114219.65132928465
9815,365253.3875605042
63858,121442.89589596768
60636,52273.21586548339
49538,213762.46792889363
5990,105948.24711287356
131507,143766.86209575628
121558,91183.4671794296
54027,86781.5682375133
42509,89226.19164584448
81738,117523.23349939735
27324,223207.42813128722
139215,119232.71972263022
518,156048.7578606332
20656,137657.845335803
60069,120978.94734039361
2014,210571.89433588219
60910,77608.0979509023
16927,78844.36277359362
48438,72619.9404272174
140820,323237.5394054457
131482,240744.40620188898
74480,80639.76142836253
78115,137969.35744465084
15165,194059.45639906736
53344,159358.26341456905
51427,81491.10445370011
35217,131447.41485372724
137002,246616.9487298292
15624,130513.16133094607
65465,193448.46084588504
77842,237525.35259464756
16853,236959.43437345108
115875,173662.11708491558
120498,99414.40321803614
113762,228543.99682506052
146075,370867.4779231562
56705,189091.62080673617
21940,487584.9480803061
110745,198517.54441013729
140218,62092.20356632698
130376,210030.19367288493
45271,409315.98666245595
72531,82090.2244729225
14563,330495.6686762796
44611,123921.65892990152
74928,71892.19330129148
59955,105612.44658526577
142404,182990.96738620783
130968,255465.05227962407
74344,129850.47913056033
63776,205496.4878087429
52479,139514.78050725808
29562,118419.412658127
79361,102677.91396893281
81265,132463.36324629103
119588,146601.3044143167
16203,371593.1977147859
62861,153500.03362560397
64100,111923.88464111727
36254,140378.00026091933
2118,90905.67159851841
21985,115357.47614809424
16869,175566.54317475093
60588,91936.68464216757
139832,280489.6035856828
72543,112243.60776356253
58670,225246.77669577822
49668,192582.68322523666
8900,62666.46400267868
48616,196920.11951246107
35871,118644.61864003421
141331,234172.19992082764
125775,162497.5269349358
19789,169411.27082885164
34281,287333.3639924102
114805,193356.39108388082
26552,391805.70655102713
32643,59177.39030527709
82609,97047.46379367456
35968,179917.97349413694
145333,126561.68197443215
48624,169231.5839413202
134887,76191.91042794735
118664,149213.60445758584
15363,44518.70531841084
110276,401286.9624100359
20428,172988.18600997402
9506,225332.06095891583
24007,188922.19760849566
142530,242441.96289909974
51923,177704.1798666204
48610,152385.568599401
113986,133129.6013610905
35930,160622.24297847474
111899,139175.88116328904
127972,176496.50548501164
24813,89248.76993387732
80442,74946.18749504478
5239,181289.73628445022
119250,105149.14646848751
64796,180557.40829435698
66832,68325.75656218572
113695,62050.55634508729
80007,119889.59863039454
83205,67226.5615559054
139859,114136.7989811789
24953,164226.5006760665
48479,226006.7893521663
17719,128324.37486378672
64512,199197.0878022308
126778,96532.23521872745
131868,265967.7102718507
13532,540621.5684621835
117596,102569.26372957462
51818,219276.07072203758
116726,98730.4684170646
54893,162854.91643600847
72769,373047.60029890714
137122,42658.73900315294
73896,89485.34748068226
6651,52741.81710001685
19869,293119.4809691765
547,191675.22447556743
39196,127975.21472302743
33529,102480.70106281652
140315,440344.59776363516
35895,125761.49898044739
15158,197016.2018716206
137788,268723.3691182947
48406,90437.12088752461
34648,168925.96383601706
136287,144541.64036254512
126718,205750.15497927408
116190,315400.5723182567
76215,248850.21385818103
24180,90280.83855005055
126195,233471.39854733783
40784,479195.370645566
8006,76928.98704417178
138917,226626.09578002186
37481,330518.7286023038
19097,119577.7595433836
38442,319492.69152924715
13836,69483.41716651573
53634,115218.47272035285
51262,87891.50873590459
132698,268863.0011012179
146727,74242.51259326415
136980,395949.6264968981
40562,184322.28709429214
145842,100604.6653974334
48068,243491.6297845018
73623,124346.73813322475
113037,354662.22976019775
33971,237259.49388443347
13854,187623.29623876713
42030,233270.791777435
64381,125441.01303405687
121910,198510.21285973006
16675,74256.78623961372
30340,155668.63764028143
953,177725.10136591014
34392,95060.12776552877
16497,150622.19029061662
2531,508544.06137500773
49133,456628.04058564873
4498,128882.8826198725
43818,177745.44362538477
66810,242509.6255866558
71427,558182.9415610291
45554,238460.03617565602
42991,93895.89265721718
58943,164431.97860897525
64189,112341.85667143244
73726,142945.03081997516
40800,209729.2096998684
32866,189665.14188947665
54115,47403.17376708427
43520,177022.63490890298
138392,129094.70034176175
32215,77143.37359492792
7298,46861.14092716216
389,97071.6427759822
34902,152186.56696091924
144968,188141.9399274574
43113,101851.01008356182
7833,133544.08457488785
79880,172795.48086290373
15555,174191.32560967063
32920,295880.6734011687
32167,125059.01930353726
32034,163540.68972935926
71370,78820.0247127905
72014,53074.38143539039
80806,198363.0521775334
129848,103824.6168957067
133521,432979.1576156519
70205,165531.59635867729
44012,256702.88203739378
45690,77205.34959370147
20736,51765.81266596842
25802,171875.28831275785
143010,336202.24560067104
32017,153951.34702417126
23954,203177.05548339884
16708,75784.15762117929
62823,94275.84464150587
82314,339780.43530618434
134221,226110.7202400997
140508,175172.59680396898
12662,446847.73129943537
126809,186627.9118917937
60560,274640.86744351534
79591,266829.8054086766
67952,196235.30987513717
111375,79889.70833922864
140654,291028.1756500459
120033,255613.8495429945
21074,90150.22809396399
77999,218482.71882312465
23795,387951.95559228264
29472,64715.242236631944
73992,109157.87680656543
30095,230317.5884895731
125306,89341.12097251762
67337,342844.50383884716
6128,171225.8931084433
76066,58700.508903014874
20246,98591.82372909263
70252,296246.68671752035
68783,113685.50251731234
136760,61625.63879282007
32986,48061.77833368647
7845,288018.7450978313
29823,70335.6547021831
145190,353350.43010379944
27,191983.94537544937
28993,161128.29397232327
119814,176308.91137078198
145568,178967.9714994822
56376,393673.28010898153
77851,172687.0903280262
134078,170339.58951712493
136322,99894.08773333988
133889,87012.21418402801
25409,204958.0433695878
135801,159803.08582421247
43858,221713.4592314509
125766,80028.82447729529
44225,346128.1572380174
25130,162554.95153563522
120863,181412.06682616065
57463,137419.2786443792
18831,165936.74791911172
46985,142834.21680839168
137500,78966.14666318962
146329,394903.5464169242
61098,78801.32062599226
62190,176601.82264349353
114506,287223.9152707991
112387,115074.81735697077
35254,324936.6327226809
38901,165969.27764788867
56060,160157.28408148693
15872,341958.83899143257
19658,121945.79283314783
18940,334590.31111704273
6268,128123.76671282818
118330,108381.39116476104
139797,229672.8815772668
35390,143919.55478197805
137527,197313.6614000737
39233,104381.09818054753
16787,108111.90531183974
82231,85992.83606066299
136924,226574.380695601
115221,250657.8629864338
138053,155978.50366394606
53665,240140.86782619095
36229,129988.79145369201
42576,194732.74476424378
142272,243316.7491994591
60467,139537.84829446673
27903,214593.73365907886
43832,500121.9521915731
81342,105024.69820444539
142453,371672.551780444
144538,152196.08732486545
79930,228384.3733121275
140976,333056.25374400115
77986,183759.97386169626
27136,123099.4537013261
58045,80261.0543366347
78444,148434.41482539297
21725,132380.95288784936
21068,75957.98838802027
60370,144021.20110996062
50605,482174.3885415606
136256,129324.08087863895
115439,101695.87097614378
16272,187461.94500031715
75434,430565.88882796525
130074,128638.92666095121
60483,446104.0655059286
17529,301530.74642315006
67795,152342.83311580378
7370,166184.46385984062
139477,135198.4761152736
77157,213224.33699380152
121727,162184.13384289178
37324,226409.17868767222
11609,74227.72721956542
60431,214760.24260902024
33721,104079.46068472063
130824,87254.33345618105
2940,325472.55289142096
63907,172198.86464938952
130281,104505.88233735808
64007,122811.00475553886
48743,203004.48303499963
67472,163222.84532610414
34291,62503.17109064055
113244,101663.82677030811
74176,124017.02778171697
126309,255920.9477019148
23644,122613.7920770983
21129,263833.757545175
119188,203633.48619775858
66588,146296.05270113534
70393,228396.5970916256
56096,466379.5596313083
144343,159655.047096125
43293,634351.8132168149
20682,160543.5754611688
136084,104099.89384442207
81917,235731.8425879067
66351,186648.40851087862
132047,88431.99754547852
6879,63941.68478321412
17946,159674.091455828
138931,109775.79889454626
117043,233586.55034183204
145303,100373.90805322008
110604,228178.83527959196
78516,129973.54033612701
146312,578109.5419552149
47537,77331.55672676864
12209,97041.2855039983
124862,371597.43305537885
53483,292329.7992887955
55800,532266.6250857363
118227,340006.6607985801
146286,245423.43472992504
22103,273868.8539668126
117856,209093.11457736802
61203,163909.76933636027
64790,362754.76272129733
25103,139897.7979386927
20729,472711.409565552
45085,256526.80437932938
124059,175434.1919624066
28306,376638.33761601924
29861,101889.36525134917
45447,213073.53697675484
57053,101851.55896427101
110576,152842.46581724228
145728,119097.1887319441
137778,181020.17689103528
23334,81765.8714808008
35567,128326.92385855835
65907,139246.57035773224
19033,111883.88001364152
114860,239433.41065906192
136012,226779.87798556202
128944,182961.3072198692
61458,71456.64118961454
29894,352571.36678772187
41473,255099.40062711513
125991,162818.687060904
41504,284606.4298426027
16443,183798.3836810439
125689,135726.50013949274
41276,251345.12609465508
69861,241693.60572341486
23988,332078.58074826014
8447,333286.30843589694
50031,97172.84539565352
26336,270519.2314103925
145148,339660.83827747917
24854,204057.63558732584
51179,311700.84206667484
135172,60226.26489286637
125110,290259.9438201535
114422,144836.26686671987
34547,177666.20940378355
116851,152076.8593824389
66398,143162.25172432736
18168,172458.71378699056
24567,134906.3709016849
28551,153991.14818602856
69273,170427.21182457227
27457,196482.58634696982
12943,292258.6599990146
44483,95731.99419586275
57732,101435.17076903576
27129,170196.34226956527
66813,231573.18661105388
124900,84514.9822844851
120226,263576.6822848918
751,471405.30650941876
40960,164222.9112709304
55633,227543.59061161752
79349,121495.92363242985
30211,129943.84995238068
81885,77996.39259417923
59758,93407.01856842625
55829,103264.5938833533
55082,369422.2160004095
8371,122822.91071910503
45835,302211.446291129
71885,115620.94618818254
56796,208065.64157243242
139122,115995.45390413026
141376,180231.18136511595
145867,311582.9506158314
119228,176433.2244427614
68941,131003.65094980321
21110,100078.28974692116
133861,102297.43299794814
36198,182930.85576507315
140957,139384.4107131287
24078,181675.97449516872
119121,233684.6491932532
21777,154261.50726129054
114542,193725.44907603675
8671,101238.13932214434
131732,39278.00447874039
139972,103562.37662673311
76227,166248.152737496
62440,135417.21951756586
35698,231583.64325607842
146705,643205.9085909843
8105,425075.4030399247
79402,220639.87200394907
53397,133826.9315520305
1683,234777.07400159095
57564,128775.33938548646
137389,176499.38334722875
122622,119898.1501101215
27066,188169.55635052713
1887,56657.50169929786
140297,128031.50812789798
6715,145596.9556410778
46208,265883.2535913318
10726,220641.8185650825
70481,329237.20510028314
123727,101236.05300410549
120122,86535.9129948578
73736,183434.9993726687
74772,297948.11706209095
44427,147980.5293464227
54065,73879.57341782463
142592,128992.47348621115
13822,362803.21915146435
34597,102956.68010720858
26446,116962.10898775549
677,133254.02265172853
67108,83551.6837979262
30802,160524.87761668555
19948,218175.26828800747
57903,76857.0069076702
144761,124904.4379106561
29613,168188.30109562763
70500,140358.92424088286
57279,163177.60775800323
34265,81205.36093850981
139105,277925.19642036536
57055,126791.66252922236
111858,233043.39239373652
137441,83977.9543871122
23919,119021.98620266351
275,152933.00422750658
25186,77758.91735363094
18201,219531.26437653758
115122,64096.6125316361
56604,190172.8424883612
66740,160560.6052130594
57484,154776.51330229506
67080,698670.1673541614
129378,148458.18084032746
9757,161153.8790073252
44606,103002.63574489145
42989,50094.653640371056
15298,159470.50955763983
18790,129512.50143453557
32780,135233.6807403837
70207,130290.67455269069
45045,86419.9113558698
71466,48801.671041753376
78667,47544.1194644591
146133,64450.275825795936
143646,258019.69031914533
25180,134307.18195004092
49256,96302.78349266443
44209,131172.78071095928
130311,290409.7147287069
27547,77641.56896881925
15702,46703.484322295335
134672,168967.97275315816
16024,208377.06897704268
22392,163983.7446153227
3459,406655.78197147103
120841,111330.30184140652
19063,200725.37419935898
44496,103976.18463450347
139292,117810.33229287318
129405,92390.97917397352
62304,171098.84580362256
110939,41951.843867480115
12878,212202.04073051194
44317,129115.32843302732
111031,245681.65975785773
129892,112506.00999527649
18144,142199.15028761746
115636,116115.86627104496
10403,299319.5278947687
55590,442870.33717103064
8607,75193.70877524443
35420,100902.59159187341
39459,110003.20311326132
143669,142871.80210472012
136607,79190.49134538032
112484,99198.14268324945
121509,499089.5319554832
139969,146325.3518838235
15176,106039.47581839132
82854,37829.01705330072
3960,119882.9133433874
128329,214400.7693043274
22442,104311.99966711708
36933,238551.9182268846
12183,114389.68472337612
138759,114869.0804344652
33711,114442.75413100162
299,117105.92417662124
142834,272590.1642889281
19175,46006.72863788463
19068,150006.6352480444
146657,291782.36692708766
139041,156731.36914021274
36222,236930.13105454907
57886,183234.594464041
113423,205323.2740590647
12225,301394.9884107467
140759,97300.93352360433
66546,111605.32791209052
48597,235494.20862516196
49503,79548.1532655141
138598,82047.19328696418
63827,206896.67509964423
80094,383569.9591687518
137292,239817.1205682722
22832,110231.33745610315
130314,108344.72179267483
76316,109711.1767127063
68271,140720.01066989184
145530,123846.18717112699
70787,167895.0707688692
81874,134561.21213419776
54296,132902.80649653138
140782,111519.48326893509
16659,367761.9855964505
126293,268535.69435955444
16535,214733.92761021265
20567,131589.8712513302
51251,97514.61081889422
63958,192736.3309278743
136134,113407.68497843517
122294,93963.83062919341
72081,83663.38463187996
47480,277966.95635926886
110711,684179.2222142286
116481,136041.33731411473
73751,343116.51558804937
8326,75528.98214000517
128413,319833.0634934136
5073,312428.8248254311
139713,295777.3268372884
4674,158373.68663231021
13762,227464.9311844483
135099,81847.6561743999
132001,122273.05659811801
9109,142585.50136311006
73228,128552.21945144619
138802,204865.1675153726
78010,191458.3081046306
40916,153551.01396432254
65301,82992.5961657475
33526,120114.17078101878
120208,112571.32692975312
112506,73465.90391927469
35883,97195.96993541531
9283,136918.2990669857
32014,187122.11432331163
17398,172037.91322533519
142209,312007.63988042646
141862,252633.90568930446
130906,108226.13567510337
2244,290203.0477464584
131167,199788.15553362685
143042,129462.7084282111
18554,76642.604773335
13349,177934.957680781
7242,132844.70570717572
72513,205616.01562711253
46214,229018.6635593857
20202,296411.4476103044
32881,214150.57946465246
5047,229468.0057265023
120711,128722.54976344483
57901,173433.07283071693
136572,549422.2142169038
132847,85290.3876804519
116153,205991.13548205973
33628,111729.08052897033
3437,329699.09988793475
119102,53925.48615214487
41022,165106.0479719874
59984,81457.25595046638
64697,43341.59167319389
38613,153378.0863005235
30795,505768.2781686777
67464,230460.8831256582
52083,164361.56053169712
45287,91445.57281152431
69585,80013.5826095529
34451,159368.3026332717
113184,272365.10752434167
49029,270335.4391583776
74660,297627.74148581753
35473,92126.21598211594
64259,180928.6376521473
41369,411206.034250948
30136,216197.09383744284
124576,34115.44473798164
57064,88617.23883421003
20260,398909.8248553686
76921,128727.645060668
36776,310429.3287047734
62917,87298.7483641546
71826,277278.9975797582
48925,65184.59755659056
5917,117353.09458500717
44365,93639.04686791833
137468,195965.72844957153
134182,140729.33085471258
114456,127241.44381460447
63347,91101.45883724387
47050,42382.85550224058
134878,206767.77147538683
11478,74399.31091978091
58179,109711.1767127063
71692,188798.98954777035
80345,50358.97413531612
14050,150303.73951236726
56848,239285.22777022506
137992,69374.04808288254
132842,174664.24813286724
8304,102200.3435904878
114834,104878.37834589175
35002,272652.2054078981
65819,337157.9652117237
116583,146325.79595939672
14241,187333.501951923
115807,328665.4312873851
30949,58953.80351637113
110988,120727.74128707341
35594,267475.5032180916
123315,154228.0779521052
127148,113198.76165954392
50356,244863.84494331398
48302,85133.62772583011
18215,82735.43172164258
116667,142033.45950854037
112688,606651.9559436085
67510,117773.9337531648
51321,353701.18810390326
143553,52155.9274150047
44820,93724.7007660718
138140,226548.40866707757
133776,106443.65649263476
139852,336243.6464276506
133065,166991.09563769866
23873,161223.16635952622
145407,116816.73611340667
129852,114609.06225630568
122133,164909.6736059765
3120,640475.4310926497
38554,320217.91322879057
2173,437986.50895851746
145628,140299.2446973226
121813,196205.35327249602
4524,89876.8602302609
32420,103577.19495193611
121516,59335.237181978184
137284,227730.4969480958
54874,136284.66856986965
75124,78364.86788781697
16489,142733.93440038685
13506,132341.58377839683
6424,272249.14719640324
75782,147989.70891012438
73482,299034.126444793
27548,158647.05113721
33066,193467.54619713224
124170,125173.62332795376
46584,293523.93009835016
137524,161007.4753151838
111221,54139.57669587052
48573,136026.40351621047
2644,367449.7872060065
126883,82933.70817419053
66785,85568.37399865428
20471,150779.49849758405
130097,140743.54071780507
82363,108857.66581002541
45535,188011.44042642572
41910,183715.9127769848
76850,44852.71795877101
14225,121933.68323461263
65769,440908.04718532995
19972,174587.18515575875
124223,35282.69336625871
64074,151691.4502469147
126067,304383.86477946147
133998,110571.85202942998
144915,249859.25482023298
68768,133290.03453778394
54124,189147.78719394375
66729,101851.01008356182
146806,357355.21980113094
39130,153731.23109211196
36228,66410.40950173968
112905,237443.7649129802
22826,562935.2374031395
73761,102928.38731461827
29226,81154.05518885642
127088,47595.42798532743
130289,165193.49865549855
146342,94194.97448957438
82049,227587.88913843303
113646,150903.12332221007
125345,194795.22338067307
129731,144695.4831991875
8202,116385.52258851043
114280,99226.41611644038
13712,253107.31043372233
17992,177018.73647149053
16083,209341.73010709684
28424,359924.3358842136
138889,241412.24451630894
35956,181055.74656096485
131459,103408.00033741139
133042,351904.20539481257
132358,72396.68089154796
79022,55374.889443477136
9103,247264.76916342595
50822,560236.6966537988
144524,176742.10496639227
23275,96152.06057947144
55424,203892.76924592652
35402,131984.3332516781
123489,178886.53305040693
114679,140783.11494107128
136635,118335.49049581854
3146,150527.06160226912
714,143987.9336584677
11969,42238.146124824496
130637,149437.50187284482
68395,73567.77624699904
1225,251738.69265671453
623,193298.2094246855
68489,323603.8476582604
62246,275323.0737989848
12801,65835.61071412319
119241,60055.589223989424
22548,205000.55252155504
140535,185771.33458212973
43145,248012.18745706108
79511,147254.29780256093
123134,163336.5705295126
74371,237909.5332619233
66969,168776.9798443567
21226,348526.29677836044
57469,161647.61446008607
144848,167689.4043341003
82011,99763.67484373221
44174,115267.66094525025
7424,548275.3550958988
132858,87415.50831680148
42773,83384.59073426065
37557,332307.66548798035
74048,308711.8310322366
122710,233866.43910721596
12694,86209.45461898227
51095,336051.1774408158
74149,224605.06844703635
135453,137537.47959704796
74291,162668.68181037897
11293,107234.70296010334
122143,288619.99663680483
78139,148546.22362802082
68731,69916.67102355667
22841,213252.83067797517
31512,169777.73160869215
29719,626401.5763445381
136808,82098.82347345391
48781,242722.6642244581
37806,331020.8126944104
67050,405880.04158220766
142735,114951.32535651073
79557,134641.29413732074
45303,367899.1316679865
131919,80588.1347835438
20624,198858.63550951317
72598,548275.3550958988
4910,229500.9950085903
139906,218191.86892803613
143831,138008.97205401887
63547,85347.45174060912
78561,291475.6686124363
34628,116446.76136805848
34719,178621.3898981527
51610,333979.52734034625
42371,235920.03492950916
132760,228236.03094576654
129453,157896.05196265387
18211,92639.88355431892
116038,90101.78077213901
23370,70862.72963794245
5527,109204.87439701632
67628,82705.21788340533
11053,278047.5353811715
144305,168030.41602083365
115287,434771.7282232583
50089,67727.01795816385
80240,65337.0542535361
503,217249.39786089511
13355,238741.72605182737
25098,231180.27444954906
121314,90104.85856361795
67229,87802.58788128587
125172,90278.8194392515
5883,115410.65094475303
112207,329145.95297670475
120408,61876.113655495996
20835,122499.96130306297
5117,131407.52118469414
23135,288971.4653060277
122642,206364.46886226654
28803,123854.58758906664
115180,243759.33607377
143613,87267.75590822846
142254,191317.85731743148
144604,105290.00399639294
46178,127430.69740751566
16239,55462.71585597315
34423,95912.47802394982
143136,402451.8422671906
125113,105797.55924962078
42321,119453.90485230536
128642,331024.82268077036
49484,478196.0044578998
64229,107810.73399802344
53534,521429.3150954362
111477,49531.20037159434
62453,75735.81574465934
131457,119085.66701033385
142821,235944.23887841357
38277,465525.2428391591
54428,108279.7541496473
122606,142306.48507996846
48582,110578.8400198139
18260,67777.91631329169
44854,138063.81707603385
122728,237763.39782691217
51319,189587.63202769269
133391,164106.74746030348
61774,325635.27734838385
133600,179330.99253789734
43981,232354.82972884903
53644,136319.02106582897
123391,124614.7998960702
21061,86303.87659769149
76122,318349.3769548989
132577,142246.13391012387
125659,49470.95110046293
32157,228096.4142929226
60205,129106.76852545905
736,102816.65772840742
33925,108093.22942224349
73323,159793.60552088934
69701,128364.95463623345
10266,92748.14046803147
55176,360260.26968389534
21854,126508.191729415
124906,132572.61661390364
7841,80131.5582995619
38418,131004.1459312095
139011,243364.07474674348
62397,83479.55647921952
146003,83691.27896437478
126915,108185.42021461487
111763,34041.51968761582
59105,139692.66810079038
73244,476427.73952575866
82199,238141.95912183807
55302,292748.907823014
74792,264589.490108776
111817,294060.64793056936
83082,326128.2238576402
3191,78987.22608309789
22281,33363.20034955046
15541,700465.6429215798
136344,122176.63021209446
47460,196204.07214976026
130244,109476.24921563454
31746,105983.96698334458
51654,183640.79238905266
16512,125472.15932038802
130146,93909.28636325322
125018,196800.89897774585
147022,285953.76593501755
26180,141802.0656321789
70172,77990.93595671788
56453,94322.52925909494
44206,207843.618449929
8499,106233.60252309043
115891,149057.73068914295
132875,252907.82470465172
52568,100299.92444222816
82350,398636.77640305174
14027,79803.00024347671
64624,144600.14039274416
143516,228236.38543840928
65587,144640.57331044832
127036,110791.20724636686
137870,126275.40114116589
114149,441972.7402606517
5429,82795.00086893336
69886,53666.41941552702
77557,132531.27351528266
141108,138261.46565690514
116251,173692.37811573112
39211,192507.35146261894
123631,67335.96982491702
30326,184415.55972891435
51876,133098.30540126134
144647,81531.14982817107
119087,90018.85452343085
28393,256000.4130447396
140122,112998.44903832694
6369,72150.77165152514
42053,116771.07206845877
29537,118486.09983736195
34634,177502.25960928845
71586,103505.31816122457
135856,192478.77276164765
63344,281786.0745984668
31903,132579.83797554846
37056,179938.75694700883
132594,48281.149483882306
144742,49578.776867214954
56816,89433.25282165967
13486,131480.71239753958
75439,90108.16863142877
70535,200785.32272307255
134646,155581.31451876587
82668,99306.13072143527
62157,226902.4237108367
60578,122103.49218773091
37620,190088.54888297518
9443,160296.4679697923
121461,342785.5549341962
11254,264249.2589652882
122713,72668.89153882573
124699,65783.218355372
110250,662984.2498778733
70809,200528.91262936324
113293,93832.27209570055
61451,82604.78090417523
134641,71598.03347204319
40861,193487.7201064395
127536,151012.05496322707
17134,175490.41773548053
49983,289471.6580248744
22406,150281.5320174855
77153,161454.36094521766
23104,123080.21382188988
133632,408385.3094287056
60968,299005.7439263499
19076,213252.3067474494
116238,254885.09523243696
37388,221777.83143243467
75589,121816.19353034164
59028,116499.40649658459
56859,226504.86514300376
139048,139902.14600085103
125684,279459.2917151214
136499,467386.9580626608
3482,85503.82930529784
111593,180357.07845291062
14154,110925.82500757888
126794,138107.7511769535
138003,240800.74660467092
128553,184683.31251381504
73270,270355.18821602024
142916,171773.79626547234
7339,141987.01094979848
27768,75441.14913441216
6438,120129.67257144387
32137,131094.6435095342
145639,224607.78033250239
42718,166600.82978529565
81796,212233.92098158825
43700,110943.25282271075
20590,130756.28665105141
64177,136572.81416112324
78268,121756.72650968023
64800,129634.52342976713
76235,119109.85682920285
123536,70614.09833881026
142392,178821.5943011638
78280,51304.46768505988
66864,155415.28963265722
24571,187438.01862459618
46166,212808.52593818025
126970,117523.22234700214
27619,80131.35910417809
82029,145024.8834925153
59834,84743.66697539488
140424,91704.43781265485
141751,126101.363588723
52863,325444.73975807644
17777,71967.97176408893
130478,263699.99009047495
129015,419640.9650208409
75057,94006.24394375432
7109,441667.276607051
25636,118264.68485905463
34003,68786.63888579998
49462,103976.38776710749
120793,109166.12054696838
65767,114985.52936709736
60918,61227.56935532767
52675,193759.18057810335
44942,146713.77532904767
49642,241147.46651707107
137077,239903.11766453204
80746,144353.3762042814
55818,181488.0497722
67398,81107.27508533637
26698,205994.68591786444
52478,237523.21217014646
10339,127621.720858921
13746,343832.82230365305
43374,86064.22346859399
111358,172026.30721071124
130555,119241.2759736409
27814,118313.13745908265
142311,123429.69734343793
62155,93870.81472574732
31490,80757.47741276547
28627,143644.2922787064
15503,88099.3053504789
53624,159422.98608290713
145604,96845.10839723193
61213,46774.95559350017
18041,450327.85615845665
121857,163013.69623531128
23989,252601.0409111117
1208,112179.54777557685
80373,152714.42268846865
1550,114062.04337399753
39416,186463.50194849074
7552,165302.4255164692
36237,231330.87430964704
45057,132270.18803731725
56803,89284.82854961837
52813,254637.50761660916
134384,91481.73412295985
20159,101498.20411349185
138955,129240.64853335306
119149,383160.0286301627
10296,225032.8415175318
6108,100070.3937766797
77260,221194.49004568634
76248,84980.63346467636
7360,190827.91794296377
57229,149899.21347142506
69007,177292.6239747889
34050,495509.66789111006
37185,84162.44444992745
56862,302677.3515654932
55374,112370.91497916356
44504,125137.18032501472
138251,192187.57252611083
6381,302943.3077294434
49587,108146.89518283495
37693,459627.614030445
48566,123746.50161178986
17560,359989.1460643289
146307,145296.42026036038
18896,198502.3460473772
145058,159502.32195621886
11086,297412.84599794133
76617,148568.99626907165
146985,159830.38525320392
133204,207212.13415771755
146747,142218.56762731262
135058,95186.06627639942
80251,106798.26171327721
113105,147989.60739249852
77428,81992.71018746556
121781,471930.3014884483
43597,130434.32504572325
54573,457025.9744037559
16566,248928.71584991663
118225,88258.54630880806
139846,67768.31845203387
70566,257992.6900195682
10927,150400.31780237763
128250,75556.51173719222
135086,230893.54844871702
117808,132450.32095150906
114384,139582.6700743778
122906,189555.2471097348
28214,105684.91924974672
19591,90918.92904887673
3621,145796.2844380694
56972,142515.89742006187
49087,81095.29182232829
80677,57119.31624484511
28775,150799.36463115533
19991,259685.82439181
26597,81048.43414574374
75190,163291.21273475338
117152,181833.89890142565
1847,575529.3780532794
121886,190136.4827860975
142853,90226.05343286788
66973,187065.7191394156
12146,87686.61460760346
114409,89420.35994837529
10782,77800.80926238073
11949,45614.71142944107
6833,109364.15418848305
66907,180740.26790976338
40102,243103.46871013613
120572,547145.5633454015
122347,156731.8443824775
72493,137243.4857175162
133116,82830.12143341798
112971,366520.5830730855
74668,323049.18261586037
82820,382996.3069126855
29100,142126.12941243843
6516,56585.60053646458
83102,60902.10615573719
65246,78104.08792067305
75395,197337.62514517142
71690,132395.10014856362
144221,182947.93350122578
6948,101894.68169645201
129096,157546.80469236663
16349,345183.7764569498
16963,88539.37655327079
141513,61458.61486222482
134170,141771.81943600133
16441,247200.91228368453
15043,105542.22501851726
75453,187354.76379524445
4270,270607.12848078937
17849,120861.92799896598
40965,231870.44804333322
113783,94058.28318512623
136111,209632.45853790257
54318,104296.72142663103
37506,108899.68611982171
19473,224242.56943859218
138606,131284.79514907644
40192,74147.79764908872
81069,192641.599640561
144972,83324.31256322424
113110,155794.36270472687
65693,81531.8793096126
25635,110886.32848139669
138633,151730.73716662324
137838,96831.36494823117
4212,335649.89688859123
144971,241151.1938452981
142328,86228.04641176757
80721,287994.2299322486
132905,121606.82253749139
110750,161224.4342369982
119669,473197.1276163822
69347,156638.374234813
118360,167768.4086992867
110838,109376.25589298812
51162,244593.23314145603
24263,265178.647511215
146791,102254.03531475595
28844,131386.98019054817
72966,320932.6330882284
40075,152541.26189668258
77053,235573.79970920202
38625,147638.33275846948
49384,304841.99877575634
19730,100099.76002637576
164,173247.19021456403
18462,115227.62412639704
45839,59660.58523431
36938,97948.22665022226
75443,104223.53588745148
53145,241234.9513166018
111757,109889.65867897245
47625,132678.31928141083
2745,508239.06277153455
132900,115053.87643606745
36050,276837.57586361305
113739,228876.6218046178
69912,65691.84444564604
2553,283693.8612073828
11596,32080.939438825546
82928,180034.19648063785
144756,237450.86379312968
24619,75007.71065930901
78959,173728.90845493897
118448,163516.49918235847
119067,127576.83007113657
22971,129497.59788624677
111612,246094.7375798612
83196,112275.45878142881
82063,92224.34061510224
114875,364944.40692746337
46623,202356.37443741562
10601,343235.64951646747
27335,226377.2383673899
140841,153841.20536981503
43053,103766.55884068944
14721,175155.1811471117
133960,167170.71877334532
125600,33509.62711704767
33750,52651.292022169146
43038,140257.30330474395
129918,187498.43230705982
77017,291153.8764132919
47183,114977.72404842344
139428,91401.7839048115
11373,68356.95808672045
57199,171097.7182497927
133778,177871.9464502088
34767,79948.7565907656
146555,105863.1447145758
6070,245133.961960265
75705,172763.16374080244
140792,131234.3520022012
34150,220311.33244767511
75128,287385.11966362427
18865,173159.76900668498
11091,176597.7923697427
145005,49905.9789377284
60729,178295.9092751147
132538,113764.61157059157
51227,224911.7514602772
117124,122842.01433926457
46500,98759.10440838546
49291,237436.53888427926
72539,69641.22370373976
7698,100282.53688111083
138367,93454.79274370268
6150,156818.69948197185
136639,156743.94347349223
42862,68745.96605427103
62573,133874.80310271718
54919,125770.67212996025
24188,104788.12629910464
115608,134260.78643526539
140111,206280.92328649515
55204,159497.57762914774
53396,78702.75978088954
15597,105417.49634455626
63236,102238.41607425085
45755,27691.645702850987
136566,231629.9713546914
35625,126208.90205943241
24663,212336.59624602037
139623,87142.49305171688
60815,313914.37910085486
15239,120283.07966404359
116650,111434.52875741501
123792,117838.01116704012
123782,138064.46414236655
56170,95803.11328092554
145290,199276.43337316604
136971,140568.71243278106
38570,156359.03876161887
9228,78845.04017407357
14085,383143.6409173902
18701,102628.88587049361
4066,335639.79696142673
115850,102901.05920341855
38912,185813.3645687779
123834,113619.39068060968
54931,79973.50948890678
125840,100745.16841858233
129506,122390.85193196908
40980,245221.2456598505
128459,431961.9638642395
135790,41840.480455233825
65954,224995.907676325
32590,96789.25180200367
82417,243177.1187689352
121937,147056.5375405425
74310,108879.3327495687
5037,208675.76243001618
3918,71279.1629821628
64503,92765.95677969826
39474,341595.89927404816
12321,312334.70802789676
124144,93250.9728394075
83,86737.59164697959
42880,190682.83227330307
50471,93176.29005907285
43653,187284.5549909321
38969,174566.39673387242
81990,435549.6427814262
43433,104109.95433083642
61659,155192.82445862138
70333,173028.85144148447
50517,95654.17072970132
123278,120819.37074279002
18715,271833.84339653846
57815,42214.71233698019
74175,99207.86771989916
38517,415660.1198523138
140303,135094.70517799805
117346,120168.79482211845
50071,384170.24501766195
35520,346198.00141309004
1644,241633.94311149052
61424,310913.7192433588
80739,189578.6804653005
38412,129695.33292598577
10908,182501.6710587598
115578,105598.38785262476
10129,175598.11418297872
43214,334567.5232468206
70697,151039.69494888073
69843,83780.23446833115
18611,159218.63812363753
137846,407554.91820414935
32329,79404.60641624319
45576,223478.72385485357
115962,238053.7455231121
79310,384794.42834239465
1247,323910.2179752042
127344,157997.22664419783
32125,177283.61654214043
53352,141500.40924938896
40520,86245.94479488194
18165,165662.23317639992
129397,148029.17179034793
64518,218337.368455378
59951,92034.25075927077
1030,162949.56967476304
39582,365140.0792947294
113267,238007.1734066293
52063,276870.3144669436
33285,140385.81980143278
59963,119863.0073175155
133774,282341.0409258816
54571,100205.38526120514
19930,160759.23823963653
16171,288844.38615901605
83142,126134.10914066006
43841,142208.30094520678
16027,118881.82408682482
131814,328633.4103942381
138715,102967.20577908702
146681,308996.1978209641
52306,93145.89726896034
63307,148920.11020705433
124288,132774.9143111437
8269,96642.3535598331
39974,197672.3000585445
117004,491343.78976295807
139620,113378.69862517965
22891,149753.70251068828
34923,117199.46298625821
27706,149440.92799868758
71860,117775.49647761068
62261,77856.96477745884
53589,304059.6155563412
124249,248878.94328250564
132870,149290.9009765122
127455,90191.76035642912
142081,193293.48232169222
70211,324778.0138126968
130410,94501.7346920307
130534,96285.09207436402
30831,176680.71255793696
29900,434083.61295130645
65998,97465.75272980345
146784,73391.16267448786
26388,205071.65122269
140179,165369.65345548574
116620,298843.8892625965
141524,108584.02607858679
114729,165186.1470117764
77517,192886.8974544327
38992,157420.35274995505
79463,51130.80345693912
11148,172088.73133680606
125078,40758.6148641507
44362,83750.17121193417
44466,71089.72604118196
34622,200858.59794495022
20185,92678.93677676588
50681,396028.4916604102
57749,271117.20744830463
16779,71401.64358142254
134854,88897.1638935972
40923,287674.6019514728
81497,185561.953199811
140634,130106.59181888327
46286,140060.8853674131
118313,185545.13795897158
121375,111740.33451349873
17704,90161.9420417477
50884,148057.62262119004
9517,76042.77597330912
127929,85246.57313812684
145927,193560.63073313423
68581,68029.5159506297
132137,163729.37215584965
75835,71067.36879810941
112297,46949.862514970795
65566,95009.13595219348
115712,152712.53554216604
79741,46032.15615665087
60571,171862.28823432417
40018,151702.51799773952
143901,63296.80042208571
125594,197969.22803865484
8913,296847.9866167335
2980,217978.44564192346
58598,323294.34441535384
71731,143675.923725809
69761,65979.65717160847
121678,53789.42226741251
34951,137455.85549202844
63789,61379.70351167334
11817,80528.6525999117
64953,180003.31548863457
110855,143133.79918460903
133667,98511.95026440735
51742,99860.83185641177
73928,58304.775983727086
79273,219586.90449548553
146053,162377.40610652266
9157,110338.5244266144
22909,129478.79361368885
33364,176604.58428969947
43010,95367.52545195576
46535,280068.81950457866
110383,387757.4563242823
35136,119110.04717967391
76410,51722.408892325475
33723,126485.73024365027
142297,127987.17527032505
37638,109448.75234063402
141601,224786.29170918083
4131,150934.50255571207
36900,190668.01529354454
25638,160827.24752116302
46114,106222.04769067303
38700,122388.24389720162
143414,132064.7754168052
16948,185354.89222293298
75465,256668.0649248286
42535,242858.80319993728
16825,264716.26168201375
126172,351353.6111687327
33480,146713.77532904767
20136,582775.055021965
30835,158634.11585253756
50504,75475.41199962178
41984,82209.92198192203
137984,149949.38032195493
4572,115321.52265595477
71008,506205.92268875445
127659,78917.46185768381
146723,258444.08148078842
130772,70609.81322457698
17511,166601.8335578581
129261,149451.81265705245
111921,120831.94256562766
8065,96385.26901055255
114781,136153.36366777442
131333,106095.23543574469
140321,258771.5280678768
77536,76307.3120282656
136737,121822.52228053908
15024,190542.2186508827
44877,184666.39674117696
51278,73602.17000423855
17959,107575.63339624612
116132,145362.5328993291
79193,45109.854454405155
53040,118108.51437062953
138402,79514.07590197113
21991,691663.9965869798
131537,95154.825279014
138320,247014.37583484896
20279,89469.60114676511
62134,281841.84078743274
32586,332249.5312436726
81968,62680.38008127223
135850,145988.8292920152
113675,107292.4015730322
59049,126932.3166428682
116645,100519.74611236277
118995,312758.7877292672
121806,139679.8693023534
125831,214195.8151219632
11500,61007.478930179306
40757,83214.23055644838
1538,138140.30981585383
68265,52609.15014747849
25793,72075.97281087964
41871,286753.79595450975
6769,95200.90345260335
40164,174395.04636735964
34560,104709.52525526224
115012,219866.9660790347
52344,133629.98397334892
75838,50814.4989118305
53996,78766.85262172128
53354,150208.52389723327
135390,128714.88404172694
141455,191295.746471459
146907,138354.18512383994
21215,268696.3103964818
108,241544.18924850636
41976,132765.00032915652
116996,120875.00261513484
81079,127332.02848634057
111600,103513.15178462677
21827,90040.32560587121
62866,261859.85829812288
16471,78646.18340587715
118444,174885.45942048123
41607,265884.1571537312
41167,59954.35774060353
146011,238661.88219203378
51687,120266.27235427941
52284,147280.9110801664
39595,357740.40525788325
18970,565006.7856738424
24056,43081.59063260087
20346,158816.20570216555
117700,169659.61799986457
136107,126744.22308627165
14230,125278.44230176008
118861,112848.38771486534
4288,152575.83069061197
51218,250967.02666484175
126909,152920.20019748594
56792,295068.29161115567
16503,120149.11649958546
117286,109961.13349234818
126917,113845.19409223227
130192,180844.33817441014
49454,486979.40080268076
138849,266139.58976009337
70144,223384.36234567972
17367,97961.70035736667
23608,44099.78905168009
39157,93908.3743851332
72710,508544.06137500773
120085,206952.52149456696
9717,239839.75193280255
59128,467889.6801132686
134914,139633.06573516398
125957,100922.23264546238
74940,265319.427920904
6924,400006.83922655997
40314,91707.49936232527
12096,138237.52313043296
38182,203391.54374263325
52976,111798.99012947737
12915,252723.6662005266
28228,335760.38070740405
18137,223719.5337485629
79501,100918.80521921364
63844,284309.22507646057
35177,199223.01541162425
10654,143679.62336367567
10191,113194.09150796874
128061,190070.85341088858
146439,76936.79773272206
117679,352952.2924353668
123090,279731.19964420574
57566,152625.6898882165
123555,84576.46733061381
57189,250256.07238247633
2324,111703.47319441588
25901,112419.52452716441
16973,334867.7546897747
67470,119059.73561515706
73653,48817.77280248204
699,92494.1792834203
75600,148807.2148619142
69668,234351.21985411385
55964,79085.61354427165
114189,150394.8827748608
136871,115686.1158459879
53120,222093.99888609664
24296,247478.6209967868
80759,127005.67707772624
50891,146579.75385177552
12751,183008.2963138807
60133,202773.00840614917
13183,154300.68583487984
11650,224808.7972883124
72043,137642.4173775502
20583,240154.2604777781
56335,207554.8201327769
122841,96972.05148260646
27144,98997.9179232456
15598,114613.4048021299
55770,136538.59137423226
75266,141117.66107527068
21823,226229.86097162787
47843,269778.8641225048
61798,127806.71069221795
26516,101743.28693554716
4395,115678.42151105704
28355,312310.6684413172
50871,176102.22890577983
125934,116874.22316454805
60360,142253.60192127046
141799,623187.6225989057
18512,149434.0879750814
19279,201075.83740695854
82039,65707.99576402656
61527,94768.82821696237
139038,179978.4714193818
6019,279720.05080822436
66400,306536.9937638945
141774,79709.41444740066
49449,132296.05588616774
18738,145856.37070510024
121281,96429.46949170923
35374,170086.92494520725
20951,192503.83774595152
18107,94555.8319409517
39657,123020.33495690045
63862,150209.01977530489
35821,149535.35122847004
12199,225003.83784686614
125862,135812.35029171073
50572,102266.02134301794
52692,115452.2524224371
26904,305831.1088187039
41636,213287.68602123228
59501,327704.6648350892
136990,152703.1993536243
61732,117598.28851175484
10104,430888.2325397221
134440,141240.736591799
1967,109330.49105748496
4673,91299.71223612905
110483,130206.33571673195
130173,102589.52751103167
49332,239419.2572142218
59181,170642.31514756026
34103,146963.65360883708
39706,187526.0006258994
58644,336453.74045881553
56350,153658.7043105979
56575,99251.97413814512
36089,174432.9782294607
53733,230280.80860086222
29463,184919.51443666773
77909,270652.718705068
3687,138204.71772001986
39373,95570.48558849697
110728,90018.48492510163
83008,188152.68830908847
114146,262555.80531700404
136205,127043.36614872134
74557,200139.2312848037
124441,123163.39204987208
38632,567038.4072902526
138797,179905.4966257769
132827,318905.42350263457
51000,172439.67884592523
10151,210021.54768224608
140176,324927.1454326115
74726,89033.56837857333
77718,368929.5181579943
1407,209691.40260865897
40843,76490.36777190774
47389,116399.84178574097
134374,47444.716266227486
60344,109711.1767127063
45741,66378.6219785317
80344,61510.09527877299
46384,124217.4747794598
28657,116913.70844241948
126070,81130.39539189101
129511,240541.26126308978
34112,198321.51210837235
3932,164747.49596900417
59900,135299.11731324656
21054,381078.7324108285
52305,316602.4393892727
139555,286493.89187368506
8691,178600.09532405983
8529,253516.69639112506
47147,87774.35341910103
144682,192843.87903881804
139272,97783.51994879625
51556,141203.4013768052
48065,288749.93338593206
47034,104703.81577000723
138872,121197.4377172433
45682,258874.00184313458
145630,146071.79816893218
48162,190562.97937166865
39978,110999.14345030146
147060,169199.42254683963
118552,177497.4687290848
138323,100638.56136223223
5085,103511.4925189697
46800,166510.90762469184
126068,96032.40047466362
51112,524783.0554359021
65641,78405.76030655434
43907,458572.8746097508
66556,102221.96403163174
31916,152673.58683262393
62045,135543.7695196019
119736,313748.1235244259
12752,161366.05259309238
128460,234614.61452541893
67075,233891.393523401
41517,119655.60946940786
55484,53560.98985517831
143190,113615.1959068501
30059,84631.22762979484
17282,396070.5546001387
21938,245939.3164294818
133279,166628.52819823305
76872,63465.39479764526
117505,139948.5478004885
137751,100271.64234210737
45052,244773.66896115307
48301,208207.37120664306
76091,308379.0070738998
30812,429195.1458753878
127280,170968.33796184347
119075,73421.35784844763
125841,340643.26322731574
24755,112605.53570803684
133538,80854.79844560841
124120,148315.9159448012
40925,142265.02973410793
2,119531.2218713774
29689,344862.88942946703
13388,145386.2614531698
114391,109017.17164071469
129976,143059.2811524007
129865,68138.49273643552
119479,116092.30585557428
112295,113773.93079607633
14890,330629.32205643057
26657,175221.34894877783
146416,198186.61680818917
81225,215878.40615484305
75536,329858.2217102831
9257,527672.8056217735
143858,208876.6830002585
70632,70681.50851661248
34408,158565.92769546766
143294,247881.3245898722
32151,257323.17656737493
116522,97549.76285209108
14910,102015.06656206772
145543,227060.52856023645
67553,104336.06954920621
112444,278714.7959212565
77287,108541.30015395772
116149,172700.6938088866
38251,268586.39782185096
32419,83833.36591153397
140353,79538.1887187736
71046,212405.08842572384
59062,163732.68787144744
127272,301261.7439823214
73982,329108.66850658704
126553,130154.5806593271
70709,245086.83748044015
24612,243408.47423722106
42834,52287.39439922026
115432,100349.2800869953
13765,278966.5346336203
18370,100339.38256430127
140861,245596.33416033303
123856,111784.93017873832
48176,225054.2357749089
47752,525128.7780235063
20930,139070.63215006876
39054,87673.6200941986
144045,205666.66372298275
16657,112985.41739910927
70800,311479.2952308051
122727,197005.32379285275
78110,217633.7772894189
73052,264723.07177414454
36821,147850.20928918693
76294,126365.32901773609
61448,372758.43902238284
59793,173701.09908763564
14016,139732.83197578727
124873,205804.6578563549
76621,140625.60743877332
146955,158981.06526875953
59235,71432.6211603351
137134,81742.78078919575
29373,359192.04285542073
17225,106918.69487094937
68002,114025.44914267959
43690,333522.0762542336
130020,176298.0133700025
67311,198199.10239448838
62831,179980.68293618763
37092,87636.71480858486
117895,79574.78975849281
16480,123228.59954268069
60225,123891.49692727522
267,332281.018240326
56107,137812.45555721983
14070,146920.09421241723
122757,243681.33350420426
27301,130588.88197144202
9850,99965.92387429654
62075,200111.92897862056
10617,141902.41778529552
24941,119061.72510495281
77154,154248.90687554554
53952,295454.1832334973
121898,205739.26778243796
117342,111368.01776923737
76496,337579.99705252453
118113,247470.09237014572
62528,244610.9371865489
129870,281855.8038822714
3798,164749.1889639053
74129,132278.50941684583
52133,244747.30112077598
35338,379597.72885283467
59281,173136.20659344157
21864,81695.45415831088
117565,119671.16719381683
7934,190474.5273146391
146034,66680.18480721096
117579,288709.85996452987
134292,181729.5894613082
127217,178380.07014027127
31438,100073.64907660047
123359,607069.5162921494
143876,130461.2403021275
143172,288173.0553492182
81823,93108.93299052803
129303,249649.78888519836
51963,154561.82390703802
13753,165643.8170638938
132638,204700.07418996695
145664,86096.56093159216
30530,129677.4323252748
4350,189719.73724436283
2215,113455.70422642573
19167,153938.61805624963
1705,102179.78443249501
4303,667797.712342093
74507,490492.9188338902
21240,98889.67709117306
49286,287730.25986747467
34960,87721.20570183813
144621,593796.7737495536
46022,146354.8243906273
68718,199197.64702569816
17272,334777.795983239
68770,90427.60361852558
21575,117938.28755989647
126353,132778.73378829358
117053,167066.83029147517
37934,171684.27064909012
58256,180182.63989159584
39086,113921.0966437635
122114,166000.87797913863
52601,181905.80475145584
78808,271979.33622231946
5818,38231.75890186842
35939,316838.3134581726
39532,167882.01378788345
27267,90326.67921691973
32451,158483.94467511988
145395,282304.27392391325
113388,208262.24065196182
36614,113330.26318446253
37749,126336.05350064232
134053,51589.223328464
73677,210973.3135847157
76324,108313.78408344841
115644,111621.49528227616
37261,360918.8211551625
67897,60721.773325086004
33951,246837.92684275022
41885,124225.55915734725
72727,330448.43828576856
141316,262719.1834632029
31486,146313.90335207037
81491,67351.46853762673
65891,345252.40352117823
41628,258473.8815183139
110588,60102.47506523391
47416,146587.69566751702
26138,166380.16616752662
4713,170350.98463858457
26700,343992.2408192786
18599,50304.484997468506
131335,99073.33454374915
116648,370558.62945019006
24981,116787.2507877833
777,115647.32400280642
867,154308.6706571476
67461,165522.81944447858
3228,446712.7651717022
134220,87981.57916025187
61757,276906.02428256476
48445,75802.73757316593
74160,173031.21702733316
129356,172988.03188856423
147184,143638.25720819467
54382,707305.6497434385
2333,286238.32292357786
38763,554582.9019362828
5433,159882.34063992088
66473,176957.25763878413
8822,120878.52959682513
73363,165699.66584427218
112254,173781.76087952603
42172,109999.79993046456
27741,259702.80841254262
147094,134775.6920351174
117569,151068.00871573424
34175,99249.93935394159
6575,267825.4050733397
132034,170259.65060720145
142394,163389.62472331023
48325,156192.35086914094
112713,175873.22916808422
15057,67132.87582454146
124808,139600.2765522525
122162,125035.09386367918
40694,292187.5587947387
69018,155580.380362908
59857,90317.9519260901
76442,283581.695853895
115604,201489.02375582675
57238,216778.26620336215
63975,258075.39713362503
28980,220670.08122815628
12795,249125.19884548424
115862,82577.94232348868
11041,238070.00894601224
36286,76889.7955096542
22641,166361.48855599685
128822,264216.6537346535
33321,100893.85205691628
51217,141982.2995649053
55032,238493.55428213257
119281,115535.34647942215
42630,326680.14716641675
119024,64311.44538828561
42540,338444.84985557996
1514,123785.23529857438
19754,273101.467489899
4789,201109.15288780147
116459,251804.1170686964
130477,260208.12154456746
59754,170425.49771980866
10595,108617.06183580104
114708,102143.79552749498
128379,164033.9516251292
75776,157842.11421596617
22410,123872.13656658598
9412,218042.4235025181
144684,242334.42659021454
120180,261409.10441808062
45386,168959.36762698964
115136,108009.51182514083
35396,218518.46876976686
42707,65098.57973972701
143805,105469.05042270024
5055,108520.18576091446
112313,87336.55104825897
18601,102112.26791012046
27708,63906.29080690963
33083,151768.92419534997
133390,515231.87513419444
76590,214383.69745006558
139985,81651.3543739342
57227,116233.05292352603
33702,73056.28581940397
141346,111446.132254709
65794,61374.961086694355
29999,122746.05822656589
53808,376678.89294400706
3094,288643.91625347687
69174,165141.0227815043
59577,264982.61610789027
42149,102248.82215986698
7444,76885.33189925755
16669,100812.41731365709
48456,116039.92916150363
136485,321893.6788708891
31614,136458.34024117235
111660,62144.011061891695
129022,172982.43598917802
137438,153919.48190236505
133060,91438.19498003984
65354,157033.35761119076
4063,70167.86118145706
111953,156493.89353332063
78298,304696.62074938614
138174,311140.9901803243
113674,161200.03582500957
1744,217468.0547707449
75188,289041.8078393431
22727,171575.29193272066
24154,117987.7733370901
146303,132616.93300361675
49253,219872.58675513614
31481,275570.1570893362
135363,80376.28669235426
77494,107129.81006790865
119563,84326.09839335203
25317,129746.57708116094
142280,205844.87478024582
49802,127434.6144551636
1727,108230.11800248802
40719,99034.38988940037
42624,252063.55408887294
35749,82036.51564710091
59882,269484.32540749427
140547,231575.26460265703
76788,201170.95137335526
65306,230229.4389149445
2722,197322.1178562663
126436,113852.47646690224
121742,107689.96353200357
5259,187045.91018609484
35083,256383.69220336378
51605,175586.15307434063
120011,54074.69833320078
14221,151188.28245252327
75541,90612.24262448764
59520,162977.660103595
37979,69694.04707393638
44029,408173.8661974146
17202,204218.69282792893
139995,210780.73030275328
1670,145230.6979429589
23606,233255.08634462708
27477,93961.49388039531
73910,179456.39181844148
145958,87894.2168798821
83175,208940.73601951636
119612,171223.48698333043
72686,223411.85461509542
30520,211647.75998004107
133780,219340.8371377717
13554,79972.08058745418
77589,252597.2509038051
122063,93289.10727281711
74758,138545.15749387664
134798,145322.46366590742
20479,244731.6739300543
61303,319205.9704433408
27812,258609.54320403724
115424,146256.32861528796
115767,238604.17544616677
19548,100748.6488832713
11750,58299.73843869816
130068,225887.2398129032
138374,304773.7873569438
125203,136937.2923239959
30337,125869.66762443537
19453,344358.39881199313
20639,175446.88782033013
21939,66455.99089357138
133779,125821.4699128738
76219,291519.47924271703
20704,221446.84166149652
78353,65448.58072172472
11921,52973.777088755436
12802,76286.42434704518
13899,146774.6178280104
10441,108715.42434716385
144582,131606.7141564031
119361,203512.90812827973
122999,531094.9374328898
6700,72822.63617971912
50095,179805.17610399437
11187,138884.63677386462
32832,121567.95792171563
65576,100434.3870924804
31613,109323.30877876788
11554,35071.921033823506
33841,98898.47307570804
64940,104986.46710217612
73409,99706.06981951755
127647,239266.01866954146
135129,151151.615244916
58638,180867.5730814297
38004,238148.91183576445
39523,246107.49981534766
117010,80302.73658811786
76310,466660.95485403086
144198,140065.25003111802
129179,127598.08078177036
72643,52015.212880630614
130938,129017.42730369719
1287,262957.50035487965
62965,82246.300763861
68763,240687.48194585735
8002,167424.08641827968
144556,120092.37962231376
143375,143539.83835945837
2394,136099.4211164973
14832,295186.10833557235
59804,278656.7901497035
75203,215558.7076877807
80458,240304.57770106944
123665,68375.56850846218
29740,200510.58445223115
67718,194073.3168296745
42134,141202.68478165276
118409,114504.12563846458
68929,108786.44517746492
77829,158453.22108550364
43464,116926.95787866178
17600,404875.5282347406
61989,113390.89865564543
55938,195411.01381302415
137758,132180.7662535722
53480,160997.05479730386
51399,215806.07673721504
72619,302693.3850065428
145857,400280.60000918084
71056,92895.74281558176
112686,131913.36531605053
16357,477554.68088992895
133053,156433.81566300814
57738,212513.06151447466
77217,180713.04938781302
69225,79648.1804957647
38523,261608.80893154084
1479,203615.954906998
113439,272388.3605711402
61902,347287.1894097629
111196,140056.47470366544
21802,212777.37575474638
71854,109061.19198614001
11958,90958.71161665829
130165,160326.5464284217
33892,96573.95087855557
43452,700616.2251408098
69635,90012.52619204907
125932,517956.8251202104
40186,69483.96184606865
128385,168759.01357208125
24991,261880.97714623477
11431,113910.63932774271
13582,402815.8180009415
132440,170384.8007360518
57090,104817.95350437472
76705,244562.06144171656
72734,121592.09585796825
136473,112965.70977201874
71567,62086.861737277286
146497,116522.00019547416
21326,166283.4036721502
33382,115458.50965680464
119770,189008.3031388503
59338,94271.70499451665
114083,360838.47782547853
145859,300763.4727052884
137072,156216.61732555332
33102,303551.02363133174
39489,94505.79134208764
43173,333293.22901448776
22323,140003.28861158545
146018,300558.2606772285
140302,167586.20985333924
17522,183992.71508578
74669,200581.2645203469
11769,46086.649786986105
21621,76225.33824376098
4922,135702.74642320737
3453,207310.94389376673
24720,143622.3117092938
71581,204524.10178684114
54528,121434.63553955921
111631,116981.21147762713
138149,164654.5490690781
122389,181449.82788552556
55887,84103.47692399885
7310,107416.27893164974
128901,205712.75705432278
44813,153066.317513656
145652,117814.35177943524
4504,165455.58215204522
31351,108167.47927429446
16087,235466.26269615657
119977,46806.58004886763
135083,178887.35221594412
115350,285267.7019179783
64954,100554.7555304211
74239,267278.951099603
127262,117318.73869643876
116912,168590.7032084576
22240,189186.14815778367
44136,691045.9366785139
44111,306394.602090023
70019,108848.16966328012
49585,165653.9314934925
61608,296859.1506381274
51741,124120.01007021964
23058,207454.11964628054
14096,296458.30677013914
6404,183825.44836719029
55042,124664.75967256726
5076,105345.01698057045
53666,305542.7379720359
113699,101970.86909430912
135406,208555.95381869236
142897,86983.60568053363
13504,118563.29046833806
42843,457328.70932960836
13294,97016.71388038945
127028,144564.57357241947
114034,100688.44097645335
58886,247195.3787311421
137309,123400.80683956992
77475,294543.51888567756
27421,148658.1030575586
119578,193544.16420862367
25804,90727.43143999032
111311,136233.45453487703
71683,139975.47053930353
11108,109748.46199447774
141788,310737.7341355212
15963,229607.3977403348
24228,558010.3145092913
70999,166318.21101166957
112409,113945.30398774594
113084,115849.54828793998
21461,309287.38851675735
2625,366804.2711215582
74166,305572.3854971814
45136,156089.3102598196
125757,370220.2633014028
57724,300942.387322098
113756,100740.73136183133
16081,402794.6892291736
4482,267903.79319587507
110852,202887.2760451761
132364,85010.33828119538
29225,78493.90193656225
70007,85604.10417724359
139152,277219.20892375876
121313,347549.13923971675
31990,89031.35205972033
129281,95244.04220891603
76684,242931.95467548768
70683,46747.15014524491
33596,250802.9757838539
130282,788028.7082195978
49342,201133.77026884584
72485,230631.48111998325
27957,168420.04852989095
75851,671530.857131056
80631,108085.93569767634
132306,50179.36613311421
35834,186761.79815871333
73129,77640.82513819283
35860,286421.59950019186
125357,115699.9103119545
7385,297754.4704851527
127227,128905.36444078796
112885,108386.98593501402
15746,192381.21856479978
34605,151348.93213325558
75136,109265.17065173239
112817,122556.56175746827
61308,184775.96618550262
113697,54103.14028511214
55922,192537.35264230875
135106,594510.8956171399
67554,111868.25358197422
142870,97353.07501725403
29737,284826.75572657515
70947,107716.70799044339
46403,196923.54874272976
126503,292084.18828387785
20514,102080.43857620232
8810,93454.01971121712
23364,103859.05560506266
17480,119495.02204396461
4119,170457.02513732648
135614,206905.4792543562
1302,228165.6029349747
140706,188107.08040902758
113254,87795.89996471287
31714,253344.38532277092
59585,419795.08878357254
142289,164530.79306999772
11300,250948.04235270742
27885,163166.03532291212
72305,158509.33649132657
60896,257527.09930768298
129619,295683.65892056655
62790,244978.5970565086
30013,86666.53825621086
79903,137050.16074393026
51797,126510.62991821696
33355,106658.45944221424
80261,82180.10848890795
126550,207015.74609764357
12428,145517.79908197545
121285,154292.2392647854
50612,67380.4969742533
69891,81419.22540110015
29547,226745.6084022062
135486,164255.7657406408
121758,83009.79119200248
33145,141037.119478719
37963,121440.33325575377
60259,149297.82625603888
55592,77954.30377529233
68446,422564.7410231923
78081,135463.44952801982
72093,156320.41415551328
12953,230679.66896316834
72597,251199.5673170986
59051,170162.4957179047
117877,291840.6015178863
1860,395583.2510241931
32524,74001.54974681008
73730,164513.17368602168
51878,115410.58198702101
60908,166946.1636772982
80423,232006.00705698697
38586,171184.03724560526
129555,104265.58840078092
81977,242971.987471767
2609,141213.61111339612
54040,148077.75534140348
77416,323204.2324257677
77768,58091.219689883685
53173,128810.24512655617
17577,498496.08406729077
64794,203798.74426655227
71010,99025.62741967742
126352,111048.67461396585
26659,208930.50603915064
18268,85128.92112746414
73053,69407.86154975767
112655,175963.07351384492
11469,164900.05113965826
80032,80267.57819828545
41974,144363.3468430073
64902,100563.76994660108
113666,243593.20081947677
3255,63559.05254619305
13620,175613.86177415488
136362,371617.6846946981
11856,43812.33586633982
4443,159170.32035200676
35717,75818.68541190011
61775,156208.92450510917
41309,97161.71914265584
34278,169057.4547030395
16485,102577.24607698675
24182,436151.02680195426
117766,38488.920831014104
142505,278724.84553675517
53300,176032.08647798625
145165,104946.31296202849
8904,481493.17962613096
133720,127463.93631684704
50714,612683.9617401515
115870,583711.795062334
32569,120183.82256886063
139453,77344.68559484152
59122,131822.66063476645
120215,135208.68561299468
136528,70685.41256601235
124277,151601.80031733087
68027,87571.64312309817
58795,220015.80645542737
52458,122392.26339148713
122464,200795.70821204153
7736,147847.9116033003
114018,175351.01056098865
112498,204319.8142382623
42798,243189.52087206996
53165,409861.9893105526
23796,64672.827563389495
9589,108964.21128660865
136855,104039.95045306986
29597,94563.3114361397
48555,213487.4328563488
120236,184281.29250835103
24208,252490.6650014756
112642,136507.8183444121
58463,116591.01485265023
113518,294162.5128230452
34734,110971.37271730675
134128,109226.980430381
7323,129263.90154420918
137809,179681.28508195723
29660,182552.85274847742
48271,161028.28477028655
65706,105311.46379034425
27208,112149.86158303395
28066,196911.203453439
124703,361858.7293054837
110369,245375.58806119446
126308,240144.9747550376
130160,79636.39029811411
127340,112437.16648775866
143763,52062.641085302166
64218,478485.37279685633
131496,260489.9343178768
1677,272119.91902096506
54164,110403.89299999436
115773,144469.86036942707
34450,177487.208115477
1386,285486.2633243379
78168,147414.48223601253
111838,237551.93071467895
80897,105104.56203046345
140696,85732.57908235099
8435,109941.67184697941
28970,377569.0575765927
122937,127211.94889844024
119449,214546.868682564
82028,263563.02513201046
123244,71866.87269861379
62413,198421.62873297423
111320,53892.66433652093
14831,206449.13203552584
28112,374759.88201784226
114803,59075.46882310663
39962,65010.00184810528
23925,81610.11076491841
32289,304205.2795888819
110285,164457.85636369762
116777,85732.57908235099
52760,144970.06035525457
61096,217797.82553087466
56724,98727.14253734465
127411,94709.39289625175
64046,354290.0583406204
58149,321303.9822412229
30929,652816.6868439435
121981,194313.6418961541
132183,101426.59115600557
76301,145728.92486834875
81993,181279.83670428733
138146,276385.8548565062
13966,373463.20016029425
4172,268510.666402046
144287,214998.40433237172
123502,113669.76863053134
48404,208582.21767931405
79625,200360.597704062
130172,144307.7728354666
6037,90350.55729928914
7618,105575.23239615133
52419,189394.8752922108
56316,204706.23782625925
118818,72422.63611593567
26568,121580.05096073617
27257,76601.73161711992
117478,120445.46376980843
30226,95798.89733672354
111642,154220.3439599877
57207,86126.15555178026
14901,102998.35934204765
60444,237146.80038261815
18458,106720.7527361564
14859,180189.43187377878
121839,111975.77822219681
124766,100496.83342039581
66783,129789.65585527266
57651,72841.58047952887
124368,189247.34548127162
114711,118518.28723692268
37172,101439.28645677952
141831,117452.29931403742
111847,204336.76679318555
144802,115091.26727555781
132342,190355.17792909418
351,185027.45127836068
32266,64850.20718702511
67451,107536.54160332547
25888,332128.7492972222
77666,98617.3226997015
75270,150020.90903385484
117874,311320.91062087327
80400,145955.71125121534
6441,271607.33135244943
133047,43838.79619356913
19260,238687.73132031795
133813,106608.86109901177
133936,122656.24333733489
31021,331770.50698933686
25808,137755.7175903955
31845,131774.59481805746
10754,348775.14719044813
66227,127486.47463925455
3544,176031.80107508885
76036,157826.143647503
141386,84837.93681211266
82550,51502.04842216769
129628,112780.38672142335
19611,224645.85267249
16565,260490.01171725494
52240,153374.54743630422
67219,140269.1749337378
120813,109628.89070885611
33586,577994.5655532794
137169,190570.56390467446
66984,98262.75884991452
38902,152209.41123006836
112664,202802.00928234577
127750,80656.6918442186
122335,53035.08809765475
28273,146110.65233439245
75827,132791.22047269891
124919,158482.4733579489
80468,91067.3432514079
33992,197719.05472087354
139288,108074.29804015862
82220,201544.38667478727
146418,111153.03877886804
50825,91112.80724281313
114195,469608.0818104005
7925,133988.0106576297
38443,82905.93198892183
119141,128949.7974146207
126480,122820.20951012171
8839,67563.56792524114
66692,68050.74356643253
83167,177069.60940333977
113124,213271.88888232078
23480,365747.6771949424
57916,156837.3866066643
42934,364497.5460550193
12567,238000.02637147604
118751,173692.45907267678
58950,128863.20090287385
121792,154073.09704297257
7813,202500.613534233
119986,251937.44249753875
41930,161772.46046417847
45540,226938.39952890296
136570,499328.7980319527
130044,236380.35536241537
75467,162713.5479148341
16209,214788.8497371254
59133,131229.98297535366
72546,317927.5407688106
24402,124126.48325320754
48658,134354.19297536893
5846,108939.93906355715
55716,68447.25111748748
41911,264349.87214908656
37349,197874.20011548366
81341,243390.55310264643
45361,261193.44919482182
38468,288699.45776577725
145810,138878.04554845887
35067,77987.02219946896
49717,80211.54210120044
72517,302602.9646645499
21922,216556.0216841452
45737,59793.03869944687
135879,141380.0691042007
71491,78208.57685854963
14034,71918.3893514144
72559,99516.2246447131
147116,141590.95154834626
117149,88770.59685753983
79706,118777.66657793487
58891,207519.9207627286
16235,247358.33392211844
126997,138072.33795195242
19341,73056.3139708614
127026,228991.33676973032
145977,101167.6879685984
121432,45602.93901936456
5951,237221.7947503032
121498,77936.58706338816
41817,224464.18305018335
16113,156445.697659912
69295,106903.2050172701
130653,108828.15141927058
38911,105041.0376894398
50390,76098.81750883423
59355,129914.87788955968
42479,257321.07883972407
70056,146665.96307031478
63922,159939.6194337545
62398,91397.82272408486
44640,83004.16276580398
69098,259722.219759017
74224,135048.2809258931
20026,136464.2072329337
67564,86395.67870020452
73373,109653.87073391296
4221,262363.10816614015
5081,97464.32096677068
71722,108475.65743301652
50243,126597.08029751427
67951,105198.04421330133
133222,115337.72857125459
80860,100521.69993740701
16088,70889.81575506908
23498,529234.4583180912
133819,112760.94845111956
45996,160107.9356142308
80470,321605.1336163342
56954,101466.67710400734
32744,134217.6040551577
135256,322985.01551929745
118909,159192.9663372567
115945,349006.673982444
110798,84293.2216776135
68135,58435.08631574684
66944,122250.83665228673
68849,262562.0842833078
63477,93107.79276320696
49316,92099.19508084154
133387,173189.03440912018
56292,40679.08839770349
65217,94622.75164165029
58817,400060.59046338644
57333,144476.95586135142
29475,48712.60918137272
111147,174078.05323736242
32102,60030.13058846474
79162,116436.07214559903
33067,147690.35414169682
45385,151937.13345060224
130107,194724.71086955938
35637,105914.01536511893
121153,121678.50791782283
62177,138807.94252576036
142108,65691.84444564604
5268,80021.1559503247
144569,170764.48645595476
7852,159303.3314789271
32600,159078.75719985174
56136,117136.06804521679
126329,184503.95101359955
9714,165401.88229907947
68288,123657.09813108083
1007,204130.18356875505
113976,419676.4221184609
19815,172309.42910878174
134399,91374.97371709779
142906,160275.05535474853
47066,100577.6308612641
6033,128158.88597204429
70512,73171.24499226504
11561,80907.99742884481
78629,193356.6845379352
61762,270001.8596614544
116250,123289.01971470678
140230,185901.80537306986
597,161985.43335176533
46456,130402.47185898104
73576,153605.41459338157
43263,244607.7487553868
64495,96821.26470166845
80368,221017.34963232317
67389,95990.64241588532
74889,190783.60520601418
133225,123059.97606352664
141325,289492.73412558506
49314,84733.99827087058
32275,86308.14654055233
727,93482.06536143614
112950,85072.19571502905
57928,76874.49309531649
51840,93203.6777880175
73068,342148.46752301144
61259,495824.5184930974
18799,83363.40617178622
40412,264386.6672546817
111755,259894.8418172779
25722,235943.76745124685
52576,63763.92333462015
75976,90429.38724036771
14041,120928.98630438678
72508,85621.29164446644
6276,297355.8310617184
51732,179307.66145046815
114736,94753.86374679464
1492,117016.20758170733
139171,130241.23405808583
111437,123822.37627122528
133304,216229.46145921384
32778,156589.70046724065
114253,73441.31460320874
125358,89842.77301660628
128003,144521.51175239374
4839,77608.76518192144
112258,249425.14241575354
75907,117570.222338985
8980,69993.13771050151
20761,85632.18929494306
80069,73552.09759561476
45777,55197.98251913434
119747,293646.82723791007
48089,233488.3118250576
41214,183714.10119912087
71001,226792.32079539052
32872,61145.345736153955
133794,223507.31097884395
49159,93052.05839018535
12705,82729.5185717313
16754,326420.2954212233
68969,127847.33656706379
2848,180013.58436526684
24000,406585.84045525524
138835,203303.46712665004
127524,84401.38775385429
19957,259697.2280042566
19057,104184.82439339648
1083,294808.3039504292
48513,415101.66675514623
29131,73622.71905592557
126758,51116.486906662656
73861,127895.92437559186
73926,93175.4540833233
143167,304822.90491523105
26968,223659.19227453455
27214,95044.53725857742
16223,234418.09097406303
5633,70530.4843067796
19888,114450.0016296134
118469,103751.75056236156
129368,243540.66266633625
121581,123744.43792423845
34249,161223.16635952622
55678,107429.10000200597
59933,142807.79065278918
127002,175105.0211825025
44962,94627.29943549118
127127,96749.85682277937
142084,78947.70993128803
60033,308988.44106931123
72442,90636.45529606966
119710,119105.67541719993
55820,287906.676241035
120291,160739.79798638332
119705,27175.77036914465
75077,208184.0111123208
145221,237712.7135838542
80087,95674.85234125661
46767,234195.6816923194
72314,198245.7578926125
53253,85636.38122521921
42174,183554.39288198188
146258,119128.62686812095
137466,84910.61527062935
58955,79972.08058745418
114388,144621.82821960637
42584,235035.51602006768
18946,303777.72704603826
134138,188640.37801125404
139130,284619.24079350696
111091,124600.08328405653
118373,99272.74385720782
16611,200483.04337641358
58439,180918.03179734253
42500,219855.10924824822
58121,121427.22902546404
142752,97143.86906586541
130070,243290.19899275393
34309,474330.5390443858
132943,429820.7632838313
46891,164905.707337355
129238,356508.2907392505
121248,138252.12438696445
22380,178794.91544239497
5235,147311.8795091297
140791,130423.24568132464
60289,94067.74690930727
133175,161875.28234926774
51142,46721.56416701019
112103,171786.274357577
55595,93284.16998233207
61840,144016.04378031706
37269,143022.89293431304
57989,402073.29070106475
52373,132257.25110661978
47401,144024.93415590422
82125,238715.2686236743
113393,133496.04023327425
17312,200023.97122358164
63990,117299.53577913505
118117,180532.21286520423
29850,141908.4085377215
130348,96438.37990878269
139383,200403.69229942356
43394,203816.54194195144
57180,75873.71721753066
57006,578893.3030129572
59750,107137.93896996719
11951,109514.85815266016
140665,260271.77246710693
18136,67871.43563855588
47983,180725.94769665983
132439,60230.70788484199
138249,120636.58183738374
69821,266341.85779560375
46224,44046.059549951926
16751,111096.58667467922
20319,179849.37974497263
110873,47255.932919224346
56328,133874.80310271718
28414,72841.58047952887
34783,109090.67534434929
143479,116734.28634268117
26416,80580.9369882768
36554,311603.12564059964
50466,183201.46687469355
72993,231371.47442076536
7685,305662.3234716578
63927,114831.28131645863
143060,198495.64288394258
66493,263218.4567339638
27173,152083.37766553822
119496,358827.78618903575
65983,227293.90411217193
8541,82631.5062895422
121542,197951.98844466792
112383,84208.5963138769
128579,476983.7503889655
32572,160247.33147717948
67014,189466.19099169216
80763,142627.85582080044
30708,597999.0930937447
110329,91949.43599817948
130963,114350.96979851359
34491,46712.83138960846
122397,74039.01457311616
4863,171250.1325997681
59962,81465.37299857462
126651,178645.23373277648
74405,87420.8232351663
126316,154594.05528052073
118824,134874.3738576345
116301,131814.06894604838
139743,215321.20509002393
16682,516772.0910248639
113573,291980.8320955489
110909,153302.26181100027
137278,172380.99322475196
25781,78318.02543192945
128301,63739.12248752489
116033,125951.57228573863
131273,172597.39774357335
111730,80924.94368561529
41321,199233.1647364159
110769,155242.18871466565
76607,577174.3916889539
76213,184860.5006805215
23554,128287.43995317644
22897,88879.0669929093
4258,330242.39746690425
78912,174614.5404863998
77398,180933.56769284967
24343,153853.28044206975
45772,50130.69587358873
64614,150636.87644234797
122398,372017.2076069812
133872,166342.36078854487
69240,233011.33456339722
119629,57092.53395663983
128468,148494.2168392386
12287,369922.33085674833
10393,333892.41770140204
30093,134091.552425956
111629,64673.48571493065
36550,330429.03195283434
53428,146869.02321384777
69254,320633.1757643629
73972,69302.04672173626
41719,142131.6458926169
130320,298895.91300649155
69107,114168.9330240028
82622,99243.98663793557
56944,50128.390484535084
62030,90301.75358333549
50936,185613.82314028783
62937,289644.9274566714
127307,142336.4292317913
42132,201724.02459661115
128209,149960.36042695557
129725,358501.42977336375
61097,58880.31644835012
27884,83347.15305581907
65752,83832.89386439961
144387,100558.19129984803
76567,115085.98154543628
141187,209372.48411434004
12591,138318.52097297233
81346,149179.4808105873
140467,160888.2498715368
67002,518829.71595337987
27541,157731.46662410785
27785,122829.53752705273
7414,260215.49016160183
115940,167809.83261059062
42673,95677.56899159019
44658,223889.6689740781
105,264064.3590775816
75826,87293.15638614568
40822,80014.60263155933
33887,63326.415206036894
24631,224955.82777387433
123294,72675.04261610493
10199,104367.919451679
43862,188970.31268428886
140404,167472.94016918208
131270,307092.7199512108
73181,142123.9539791153
67830,44955.73697396538
124814,256440.70413335864
70862,217266.92116682004
140717,285532.03956272814
62883,88526.49567827201
48018,112521.44731371992
133039,228969.86149768578
119975,91625.38475319253
43867,178267.120873056
76650,163233.84946388245
60999,166046.60730411974
41335,101135.032604447
113718,199608.26336216307
8885,133080.09622031008
146852,86642.93681174087
897,344448.10495651566
22415,89358.37462475437
123602,81930.98210330687
35022,169392.78324992993
19669,51858.09559430691
14590,200240.21684215113
39981,121320.10660381695
14687,158627.11292078043
72258,129653.63686692319
57653,160556.15119972994
22911,254108.82108581043
38265,232004.3460640743
126132,178810.65259468177
134205,111362.36307614393
18511,176446.4382831371
15666,188910.6098282793
10498,100781.28444518527
79094,194090.46725187651
78146,127968.51540229812
21187,198492.57323724456
128933,219360.85240791598
140328,189297.65977561055
60012,327752.4874901853
121973,218515.5519590251
137160,120456.61704735468
39027,135628.33842107598
18649,213379.10025499878
18425,81285.54713019554
77472,125489.55209025652
3212,140755.08431466034
112473,111135.91546839662
18771,137618.4443037261
3846,193820.983041803
74938,114103.38143776738
25473,233897.1352481108
146872,417094.7521362235
6864,96077.02397601365
67395,186212.62149271983
115328,66022.90929199147
121625,365076.81979203573
142571,233999.1508296699
67378,180427.93045670123
8019,119789.77409773435
78157,101847.20226753046
55197,263197.0392857307
72178,199828.37271346257
18686,223369.67248630815
7578,420957.9672069531
9759,122418.37228792795
4335,143091.8357079711
46054,128565.74415986062
10829,441575.49408326263
71188,281531.616837819
73918,156584.44677341488
123128,104518.72566588213
65785,202102.19632603435
62746,194724.51831650911
136245,98838.44676293581
129652,281086.699925129
129846,254511.29460176517
1730,96047.54089497823
111613,113948.1585291839
122638,132961.74237773448
15947,102779.01213200882
110283,149062.11638659495
121590,137188.48660581448
47710,152815.53746431146
130647,76763.77606643057
18257,173754.70424416434
13670,77408.16605644024
62638,109957.82003047936
57119,136507.0028103359
49431,196033.26333637114
142941,359452.3151936495
75306,246912.29583393136
2712,81600.74568195266
40180,69732.11669526546
11933,71366.95998887332
235,371614.95290228166
33197,128185.42166851665
40828,177025.02246058529
36744,213917.1601309857
73018,91274.15313320806
47825,146033.39963810824
41478,91582.9207197382
16788,237935.65289989358
59166,135614.61743891766
132319,362242.5056548491
140417,250892.23772123206
29766,280183.6847482618
61881,163135.95769788235
138004,159114.7758006748
65806,113744.72922397417
73476,174803.90337334917
140900,77796.03930426331
144350,118682.86896190762
3807,85416.11189993395
57037,160484.04783486133
20642,89707.20769900952
74420,61588.20418355851
117544,171010.69132942526
8162,245400.91365609365
117894,97141.85953883661
4069,86739.27744909213
31998,173593.60117841148
136081,265516.4073103911
64864,233236.21567848016
14805,117964.42676428847
69466,155936.2470544137
22182,171063.70076797623
37367,130507.41383841596
122131,59739.43593236106
115715,387640.5245019062
23115,68827.74972069643
29367,86217.0877643082
127162,61577.352350628804
1558,116522.48458781978
144439,116645.42499272173
78942,224073.62392307958
25753,238184.93459020305
119147,151558.92256297654
66253,270416.4895118578
67799,255477.8311536038
111128,150009.62930712727
34289,50653.09782048523
56304,107198.51852981036
43419,106052.66540632027
144884,188929.4271268049
3353,71832.03813641432
63327,151235.80049255642
23474,193841.22752283653
79527,197341.68592214718
30117,299480.74587078864
28689,162177.09577662236
3616,307668.5772169348
121770,183117.55894711622
146125,266891.88262159773
26583,186137.92605428828
76883,50204.42676531523
49493,102038.05211592845
121221,597345.2305595075
53336,143762.94505930974
130515,101664.03092731025
58304,230088.2419650093
124483,64574.49634031099
68016,495556.0363585031
35900,347256.829732224
4451,50248.63334314182
130577,113712.80649539846
39208,381272.098656225
12037,267580.5509158233
65076,277626.8815682294
62959,153665.59322492906
41533,105827.01613289604
57685,96415.84438827001
55689,54139.57669587052
132058,221235.3631702921
74360,73970.10765663271
75114,110982.1104335388
145149,208361.0211783661
122925,147033.4751870464
74691,85398.12829041363
44154,32196.01479492198
55348,206178.6518220129
67322,168630.72854057606
123310,311031.7990827721
59189,152411.41030848873
48396,110558.87534675517
7893,192832.5067866245
54136,161401.06444156365
45129,214402.4625546661
24779,106968.82381137392
58478,273197.6444425999
46820,58710.55376466428
65506,154946.9233540198
16248,158293.48210249544
136711,134966.9561107021
79275,131377.54662158145
2389,126692.63463412535
137934,76895.23174780197
7825,135394.66620798185
72896,153075.3477878361
49427,121121.4674110513
31381,196765.95642310937
62656,166370.22440476954
19319,158819.6283109099
69339,462360.73647673905
10261,182782.15582587206
134584,115363.1458370882
58387,127525.2768704943
3925,158242.81445852647
143219,217375.0488393794
111594,239829.01916551043
55870,58796.06352801035
143536,93755.95636870706
28827,106995.96661111835
28408,176356.03677245343
76461,92119.29941049188
136194,158477.833424657
119585,162989.36345639327
12666,311961.8532473985
38823,66071.16443585721
68752,74895.25961423083
128762,64944.03083826565
44835,64126.677740040745
18056,62147.986332700035
130400,136727.54561132716
135384,132994.6427634192
22067,40989.753795462304
75295,207451.61166196613
24254,91054.09487012128
74924,494421.0076484756
145649,323453.7693581766
113461,229281.20561301598
43004,104528.12575880156
27552,332143.37366124266
11571,122348.51846392304
56194,134978.80976703682
140162,165081.45000256877
135233,75859.95685113667
852,134442.8114050889
145608,205493.93727206573
143179,327649.35756080016
124832,98079.70014720067
54867,123101.97009022985
121888,239828.7178779447
136220,246007.58155534515
65615,102282.24975314653
19368,331827.83028250065
146195,211238.5220784023
110593,186642.6151765844
32507,199927.48799508513
28056,267554.52220715734
42842,179345.0270794389
78700,228671.5693742294
25460,377746.1460621777
14369,140856.98106543973
122579,116520.07053903854
55923,481727.04228187026
3240,297244.91998941475
24468,563853.7587944679
117358,108034.1115684419
27152,244569.7084167783
12724,81858.59996530881
118327,282074.42030985915
18156,97203.86296330541
82777,342996.5797080647
30190,131189.78575434224
80180,199925.96601544862
71749,269646.89214220736
139231,103912.874630798
23323,150079.70674879005
49296,114816.5148690336
68545,205118.94170036877
117328,58884.213116488056
113416,61370.60196015731
43132,312249.7367864921
337,113069.32831880954
29822,63371.338471261646
39527,104572.08668309756
134070,302796.6838759757
115955,461852.7984852703
121845,223653.01072741696
31558,102354.21720131792
53248,175474.83872714452
48788,133803.85670503537
23680,314816.90900297737
45071,77165.16436696205
144711,289705.18569293467
110443,206555.19783625958
22492,126014.73939567004
72171,560174.9989683998
142096,78369.37359736329
56870,351378.2003088507
123227,258687.55459294576
72167,215156.55864356837
74747,114112.20792450907
55498,278865.2610844591
34239,160532.54703688854
128194,135510.276306613
71861,283359.75944281137
73961,93495.23048420587
49033,40335.378902868615
135531,343041.87878674956
132435,377240.6591766225
22724,114957.31558999524
7663,157764.53179272727
1265,113115.67667531723
58442,118356.2486426617
12315,453920.5862343838
53586,237190.583833426
19047,148842.67867292697
78376,87473.55255093498
139452,208996.40090134105
51991,141136.98446659825
134950,126801.75898356378
36086,110569.40791356178
10383,161465.16058703195
124790,139822.99674159652
37118,170627.90318020014
9425,548568.8551119225
137376,123316.74473452926
123969,372231.8800980481
17926,91720.17051994508
38708,169925.27860203787
17039,127398.21770778197
120989,394065.2736373297
3767,137382.47149934192
55093,107321.11640494587
78335,233891.393523401
60988,127975.35329010861
142671,202010.82669683796
29476,82716.44704431816
59558,298123.3257697677
74296,34986.33849314211
52148,204428.34231591667
78891,95261.87082555806
127019,211081.52967915824
12930,179326.37992038263
70639,234262.64407050208
8281,127941.18535869893
116857,282739.4951850167
4192,116824.22226270237
68107,140365.67186864282
37287,129153.65815574297
126168,179559.1054240609
142827,89281.27359478874
42346,178697.65947456815
134781,240848.18607490376
30066,79970.80501030227
79498,264594.7841599684
128519,168667.1550831449
47088,129304.2697103766
69314,106973.99466319474
15101,177402.4363048458
48561,122605.58808050558
71678,249944.7757261833
127318,86897.88533380869
122590,545819.1729628063
13556,154661.82041052633
13577,239543.57793536596
15299,206201.40336339985
33949,158405.82720302927
26638,102931.5961747279
79568,226669.2884861373
80575,175368.91039271952
12528,102022.67004940755
34340,410009.10656963603
74362,211733.00183380477
45620,270828.131780899
52089,180868.91840014159
26602,301609.57017208805
75797,95214.86308614368
137421,186698.79699365125
58890,153171.02123371416
18539,456215.8171455092
17241,165194.92318322192
111842,179862.76707886532
48542,85309.13332558308
130087,24318.069995161743
4840,117178.26067291322
136311,87967.20863476783
134839,226150.5113269685
64181,58377.3008209764
116081,228779.9922823115
16334,168303.38606999756
52799,202794.5509341858
1339,101609.18266623601
46600,146928.95084426337
73493,224043.803413352
32405,102160.41034878445
25865,163037.42230178436
11988,49863.245123415894
2632,174902.8157448938
116084,164762.80998937844
112835,208474.76907347323
139475,76007.60281872141
128900,112906.06043205212
137717,158405.6852230318
27859,131188.2585997446
20183,102278.75721548297
136080,448122.9376882488
42143,131233.22970203246
45222,88911.92398956644
125483,77868.95756700756
26713,291079.5157286064
77762,184953.51866185397
39322,75580.81783517884
144137,102518.1860652676
359,230871.6325828685
53211,317519.26920042955
35892,93856.3007103611
526,227475.6573810249
120914,339253.11674549873
116661,194064.3398849736
118291,280128.1359341553
138500,109551.12846580497
126159,129759.24342123218
82843,63631.5334803375
111286,52560.71673886117
15614,104154.46800774985
127641,259039.39066695046
73206,173615.39852284416
36192,77029.88892099641
140981,186712.91855450027
47635,155999.38840353818
11662,150979.7647015515
74319,194909.82573966667
63832,196665.75531777818
141268,535910.3309493277
28819,467162.4299246784
143027,51845.63984876086
60541,94668.21777694898
114731,223398.10044835237
37160,188261.00021456328
24786,87460.82056556351
131516,187778.4571382376
123264,155107.22375036933
34209,59098.34766725323
80324,189127.825378355
19746,103997.5310697869
56222,286931.4913073601
115630,100122.12166423444
58473,296899.7115116091
50668,103065.24166082556
31775,233584.2005883918
70168,178383.9572309429
8993,86449.57526358936
33987,147811.66107363123
14937,283079.66906775563
32172,212763.85838999567
128948,151917.54169046256
62569,281126.0974217825
121556,125516.72495079965
29339,348720.1636150971
11665,133704.70243655264
113831,91492.79305633529
111195,204368.59357674565
24328,394510.94677319657
52168,118201.65540023746
23300,118625.39323247787
119217,199495.78298255365
27392,145302.97256192652
16340,111546.71387203755
37096,122695.4401525885
120143,173697.47619413002
2855,129328.43671256359
79027,97563.66569669331
139484,204027.74621370865
62874,89047.86192612373
12601,94994.38928560725
24522,156140.22869649675
7819,473751.2436157302
79564,70090.55413103965
45247,368955.531410056
42951,364463.18297858216
60350,133408.99692093913
856,70328.7848387675
118318,60034.841460002805
67349,72310.30530941626
10037,53452.07552553326
118219,241797.5491827266
133049,85979.50766300599
110805,118234.42587378895
1294,277773.45085562783
51248,190069.42836302798
132500,182649.9662125822
16998,271896.04520066245
62191,265113.3902667291
119041,108923.68044217111
12155,56194.88585866509
15225,206956.9334296565
34372,225632.56282363497
56598,100980.72240322256
54472,120087.15085511896
48680,166957.48282841023
132732,86845.64749724886
131938,112417.41018987096
135803,88131.40698253614
38818,124522.49252138706
63459,61489.32850039838
67141,211437.38841690705
64060,89948.48063306403
33696,184422.484369811
124109,137696.82493667916
39761,178008.89533794523
136270,161827.8040864497
63361,145577.3803984168
134231,44142.869723643176
80446,128827.4887903907
145374,144856.9672300304
80272,235507.92294924654
140660,93259.3947437339
44559,269706.36941853625
124787,229254.0196236832
6091,360927.6832589511
39787,54930.6480247102
16873,203002.24687123415
128700,130118.20420325098
80218,54299.625949317524
33009,161161.85125800516
28697,116517.62055270231
69774,79830.69757852133
21649,149991.53080099076
146371,395554.7178207474
71695,140368.75897972958
58823,175615.39755298285
134997,125069.92496307608
136266,97189.23084099784
14752,67572.7919764078
144361,179311.82752245662
146004,126046.1317011993
66833,96116.11875375101
111537,150146.54017532116
134589,60594.931022570476
135690,109481.66217320818
42198,74752.02131908393
140574,125338.57463775403
129480,101718.18677810361
21498,168589.86628568516
128517,242940.8458088458
48770,136849.59732351196
59264,106813.5088925969
63041,149994.7481950579
144535,37922.87660831531
122450,79571.20421343647
18017,84605.37702212027
44220,162124.2643418949
145266,218820.80521330555
60308,231573.18661105388
4576,88855.6888472774
65290,137316.84869653662
68711,220749.90195121118
51394,321193.52179348224
110899,142125.02424441706
61388,145391.27970924406
122068,97220.39728017675
141654,205895.05331330895
15584,89533.33402871125
134580,249381.7890638401
118271,184240.75015445575
52766,99099.3204000165
30937,99753.87486416174
10911,243182.70077393902
23372,138750.18595687975
56322,485451.6269616513
40888,218445.4010841627
18828,71698.354986036
54522,301256.605092171
40780,81825.59411473617
123332,65939.39445096868
76061,372952.2697706737
132014,71086.08666473663
37553,209150.89782505308
56798,106824.19041551455
34932,190748.65473707038
24372,423053.39538970636
23268,85626.67383146533
24504,162446.08386080252
71009,93714.51190662112
116523,66306.07416505521
46292,128560.87417336914
114244,149675.81635345015
78075,435397.1130953076
24441,255308.99125496187
131728,55692.932173851455
120146,184757.78645130643
133100,120096.00457473638
15070,80881.8487138088
82657,64866.47979459625
39013,189033.65704254413
137718,143429.2290960796
13008,158074.77192201203
56360,102974.04858782828
20947,199219.3445461226
48321,540316.3586006702
6573,163772.40811917506
48016,298806.3283524509
136813,194672.82941240305
1886,49297.86517574263
113498,127561.47310759238
24463,51329.246037318604
112224,149349.66156375784
128755,165371.69297739764
3560,183354.78592610208
133860,180518.21179505796
31965,176055.0041384202
10914,256057.11696794897
70840,270071.29814220633
135878,173506.73223773643
40642,178285.33067364967
18207,78431.46331855714
73530,119308.76864523123
144635,314122.65449221106
77353,475307.3027475441
146847,165672.6374134407
37144,250412.84212173813
78762,176412.30983972174
55879,34081.07822721115
11695,146234.6483850319
21887,58619.245810205546
124544,153984.49199242686
61656,273028.2247606793
25799,115149.47945674838
25938,177243.48016787364
2184,86986.30074450799
53567,162004.6514713206
117896,157016.09788932654
3281,152641.60949572938
122216,197863.2861446057
57158,375623.84407498874
129,309895.1005385534
20217,135303.7924955231
51499,148851.91783127384
136788,129293.6444400016
2134,82752.7784841579
43682,164420.0060413573
124167,101097.32656361678
137448,107698.82560218239
124138,89533.34485000772
131360,224926.5543629041
50614,132794.4285367658
53264,84436.61067399313
59225,75129.34043338842
14751,210927.82528064284
592,85629.75858776201
120218,167082.9076009659
141982,104580.22817459516
72519,451343.8750339648
6574,141241.42711311506
125976,308343.58017525956
116315,338000.8500145022
52409,326525.1050367879
64380,187065.7191394156
21180,343835.5232522802
142816,192588.8872866187
59337,93217.57065817501
14650,103328.04780045006
114973,130867.77607401203
51004,158285.52339567296
17740,96215.64549847839
19013,160430.7498756055
126222,196080.05185432817
44422,212886.05800169398
57647,162447.43090955372
20783,530669.2435228026
33381,100310.28390172713
11616,115811.19688618439
130344,289180.9622737321
69797,209681.32112693146
141337,131973.51210073772
129479,132001.51654288013
76052,99402.21013628911
146605,210911.42644993792
194,432470.52697873185
142638,186737.67767912697
116910,139430.30325432206
118565,162872.11345897452
128068,177334.83841560906
10985,136061.7582111225
79782,121812.07718934797
45723,55913.61223560489
141733,113921.13976570837
9893,178517.01625584933
22206,208821.71679784375
10381,176763.52475647422
117850,281786.86411373864
51652,116443.14095036751
135338,116112.1289076918
19038,223948.33805156805
26787,128658.49381239574
15914,229451.42083719894
3571,145256.84520834888
34345,185419.87623487736
132121,85375.53011461726
136037,193192.5888124975
122517,36801.92514218494
54002,233199.7994679351
36183,85730.44095709862
12703,44241.16413136393
122024,139880.34267608522
40786,143770.73408859962
74280,132750.89764900925
73559,163017.38692368675
7812,253088.1910974018
121600,82394.02904587192
80433,187320.00504254404
61823,126844.12551159441
70354,197342.8619332642
124664,183400.10288806338
35108,162689.40225787758
132211,111132.4541876727
64726,184110.36432462922
13290,256109.13309901318
125648,395317.7251534679
122439,132293.95864614972
83201,24576.832068027543
30869,170535.81051217677
43819,240513.66135429317
41622,106063.26715584549
138289,108216.09641589495
112845,102401.10952204175
9488,91390.82636094716
14215,315887.86564894125
47824,114112.18943763991
61285,322478.3349718957
5186,218330.62480032328
134608,157150.6281236906
47464,112879.9476849971
3826,137900.1164649457
25709,117164.84580986189
15343,112374.73143494017
45630,129849.18185725936
18054,578465.2964651454
57450,99497.1892842468
115829,199512.06511596372
82425,116480.19710836888
121986,266555.1426369325
30825,312749.3290361908
67544,206192.12117392724
142517,60397.155518007596
12024,266166.14528898883
60196,67041.74590513814
112087,130664.46586217145
8533,73070.92803631998
63859,145356.51756079888
25883,124542.10849087295
145742,262336.4045053987
77488,122251.21293967965
46274,289485.1294641279
70278,240552.30941505975
82788,192295.2632106225
134278,167388.64649798212
80095,272472.2088973577
61742,86394.10739531432
51795,65616.6922350106
25542,100570.70907057193
62650,109076.42261623389
119680,429850.419325687
36468,311615.8970852014
59479,201796.35636069998
39424,150778.30668015406
142570,112103.47395204849
73609,105843.21590902895
69713,92400.06856617234
112061,139321.52460005178
14792,129172.18605414778
365,127475.64854560245
47773,95039.92076370673
125079,138910.26877365028
75257,159461.88019013737
131099,86166.51528822663
11038,117581.64282636525
83053,220223.3527952831
71311,102708.52088878158
81821,108123.85626571621
74536,98533.9829048261
26588,97115.78261201397
114414,135541.58698481444
44027,275170.9365619001
37344,179658.71731967217
32490,101546.3086485698
141838,221709.88039372343
128692,195776.16427434701
117680,158930.67272151168
16800,349090.5271179811
73288,100358.9173670971
118521,166816.76108285057
112007,105828.52181831235
39483,88589.04993516607
6224,162464.82529365178
77552,144260.4961091136
28885,139571.9496986672
50445,135590.46010509782
110386,130990.65730771804
63121,77128.31929654413
78952,204553.7938387706
79944,210676.23843414235
11580,66314.84198004453
68387,72310.30762881925
984,209914.5526935772
118169,104970.40080637339
15037,103267.67327989882
82169,368047.912051957
34319,222581.96723391014
27563,107467.93642329419
59605,81203.73276377408
20969,42378.36572250325
135241,66836.81013184403
4415,192478.0773905484
110948,119766.29707956093
127233,103849.21536478223
49607,209438.11410365475
44726,257609.70833916572
2567,185894.41622188728
24621,150233.1987825745
48783,192590.15368049368
110919,88536.434026431
15352,105851.1754954826
20369,83273.25304208537
64022,143997.91164971286
119349,246744.0150729195
115826,158954.85242693892
140878,245307.84549371072
41803,105415.78258561325
20949,103394.13659765103
39169,136453.83034492645
113341,46982.285778852776
13478,181681.29875938475
143281,118920.11613664927
77815,147164.2121282615
76127,78384.09780698101
28673,171819.42850845537
55402,332624.2662181995
68422,200119.53831862437
17951,112900.76681796003
28516,133335.82811567513
127891,76129.739038543
39415,95072.78784643192
129517,120912.07058472345
122712,150509.5305143434
79754,138894.616476468
58331,63847.30395921455
78590,260139.096820865
79565,41734.50848071723
55167,89772.32786446944
1449,108218.76932390849
125706,233287.44402227766
12951,115711.32918512283
69453,120219.40513283253
14258,236767.02195957696
15508,65251.31689193187
111915,143311.68221586943
57491,213485.7509599937
29540,169351.51287127117
79358,286848.62288559397
132615,157441.90304682584
29469,432092.4905820497
25832,80664.36404570518
79474,139387.67749375652
48809,96627.0371359011
62985,79786.19637684734
123689,86561.90060125364
14352,261359.3546922864
15530,187388.4185346604
114304,187880.82820387324
48723,178040.4804793421
112614,190826.62120682397
138414,249108.1336764457
4134,212060.35091277928
127781,217253.5980792379
60291,100924.85974643318
131401,93390.48894558649
51367,128130.84974662564
68628,197738.21671101564
35369,105434.3400349842
28111,253629.33346503973
18104,77989.06496744113
82722,224466.30166047282
18694,465336.25682884513
142414,107486.9074055668
59922,81864.55494016845
559,281262.0023613977
4755,99358.60177329613
66112,141850.3365723193
117218,149983.12965895655
143789,183351.944459435
57142,102718.46408013764
66210,268775.0804142123
56988,151287.78285513987
40132,161966.78537558977
76741,389200.93509559846
32090,147018.6518194151
5575,105242.03562855348
18589,139009.5531725985
34437,227122.453807968
59794,49414.76268349305
41744,107677.65607496214
34732,184660.29004050785
26650,63301.882369601575
112216,85657.34461373894
69127,87291.56268686328
19283,175839.25944845536
4460,291882.76929471816
11945,59287.449819285874
132616,178256.52684759226
26410,215814.25512578344
43590,469981.95829111873
119203,169947.73984433693
140749,257866.1196653302
32368,186463.50194849074
9487,104886.04653604468
4675,192493.29768968796
130092,225033.62599079427
16252,234234.55401332426
143622,145139.6649298146
62935,115672.45348551923
39153,160384.496875719
114374,267668.55254624056
16712,146522.57730982837
13872,325786.2816419269
128219,203746.53050669917
144472,90200.39985899474
123197,114713.12801169574
142440,109551.12846580497
58760,288514.4152385316
14274,113556.70376915309
9021,82687.15013559676
67196,56495.14715232358
45614,100874.62352781644
61621,171525.48513106816
33059,65090.22767411044
138766,79519.94942778655
22907,173401.67290987202
146373,170465.94063712837
17524,273577.3918121513
119130,93339.44156347286
131977,87497.14339262024
15958,172575.28939058108
72783,252567.07725099672
76593,122542.89194772975
114426,334803.71392619796
110359,334445.722464821
113994,154629.0321366362
52857,168111.25262373834
114980,273059.7618171971
142604,161102.20253158064
113171,267389.3519756572
127529,162066.2707648518
37524,235388.78091134934
69163,133732.05897943716
56884,93216.39693718831
139936,117473.72224046198
80535,107989.25539664936
145330,156772.75485923173
51090,443888.6662031915
20552,179635.0434150019
80837,145893.80222948958
128503,257366.84581097902
2543,162418.38860697637
77354,259907.34239072684
17373,282028.5148206284
28323,89086.43100750018
128132,236043.23723906482
72505,175046.6867937462
55277,76874.49309531649
143132,237869.12635869096
145104,119655.21454195399
34629,126382.68990289589
56503,104243.82067928261
146323,165964.4379280916
136864,250414.34737380425
80640,204549.2089099943
6231,87205.62999041904
146638,233360.36860213894
122132,103060.44794030278
27176,98678.39486965485
33766,92469.71524762124
77142,270711.4960493887
49935,194525.22236576906
79050,99510.78474966058
75250,108626.17290252127
20289,147314.56901589298
124355,106632.46725776992
64481,282773.6016874709
127951,41912.88060422806
129074,89097.85161544682
141087,212456.70980649005
70935,193002.52833903025
50224,226938.39952890296
5587,80411.06453226061
115085,93209.02583766222
142913,108854.25773308903
129880,97134.26025017063
76260,269472.3092675091
73794,266029.2891435948
78266,165913.17631286476
126594,198756.91724591432
136127,281567.86477231665
29888,364477.1017400217
19760,308755.70147604996
63337,277849.63924370037
14705,246730.76035383885
145093,98787.9835960446
134266,261551.5909730004
195,188770.39755629975
127474,39037.51363191599
111400,78098.44358570814
125550,140201.77129261033
2998,154321.90395085237
68247,60749.9545985114
18495,322139.39237328514
64098,236714.3178987121
83091,324224.4826654847
16792,124539.13847965299
146220,287960.8450762775
137418,133246.4586348034
145967,223529.1153262282
111812,169206.82765598607
40987,76254.55965638295
128177,124254.16367081969
47677,470866.95175180666
38101,186571.41197939482
74323,251989.8223940705
30277,222816.60901433
56401,188867.6118507397
70132,80374.07115086049
131480,268175.99618819664
29576,79674.8861580992
116574,104970.40080637339
137498,91730.02773272095
37996,125164.89694198332
111872,298074.42542188626
41278,82808.84428879613
118808,192033.48342124172
25906,178776.70706615888
72173,65668.0991303745
114987,61455.004149188404
119512,96461.69999819944
186,171191.84880399687
132213,183784.647808192
29648,162919.79538717456
117755,287896.67213710817
130739,63605.22919758692
134930,74094.77082538651
18221,145465.60993003246
144227,317121.4888258945
17731,187322.71778483235
16781,650440.1928527323
14627,270600.3771689499
21509,126119.74711790522
44454,268716.827292574
133869,79220.29981976257
79827,148870.35829810292
111805,119324.37900284908
141410,128605.74713952544
141969,155708.8935498567
78412,184138.55395274883
145068,380616.02842286695
122597,48809.69072889043
142364,154918.89681127673
138859,59715.98159238133
27132,354386.3201575588
114897,225218.37215639505
117594,240413.4354917031
118189,120044.33384888034
35484,328906.35904454556
123546,91557.27877481135
73903,155476.9582939536
43110,191120.61593903985
69881,63098.4583990686
1568,195013.26229017146
120429,116009.39961390832
142512,79375.86316332
73287,309032.9043411655
16462,164723.85209797273
74133,93604.03823922426
20507,108862.31352199221
64762,257829.30742207437
130364,147330.14845050004
126549,74587.25683909142
12021,51825.10991202533
11097,73247.61446250825
69302,162561.36652135657
145495,207258.45360861567
24344,125113.45532665696
7278,202802.26791190755
146742,74756.48676360777
134972,145588.33829490014
132648,169059.65988968438
33128,223319.35230622484
48398,250517.72769752162
120671,114714.91666630891
125441,140004.1868100084
136934,149078.62217051946
8196,260759.72575356247
25657,294279.7332654291
29394,264257.8371306069
16106,223507.41737139365
123761,134161.2718069214
9114,239256.11481343114
33893,393228.94446943374
25946,281149.02996210183
8892,106394.54220416566
48064,249186.040635306
27360,248899.53095717437
42506,137043.04211752146
26703,94434.53705459833
74336,312563.56612727605
22441,99345.18523022001
123930,96668.33546624955
1113,223510.03888105473
69437,183063.86194013397
127060,235723.51469624162
59696,140820.01576936687
71568,60705.43569673391
143016,205996.53106163634
79613,65735.45234873217
12195,191703.77283545054
57403,117392.04331071797
3991,254875.40727634457
131794,252691.9710843163
126563,106520.15897428858
117242,89735.71742709095
46107,334816.12234225543
129363,214504.091733008
66366,176272.40321110215
132131,98283.13125465988
124731,100355.16894274991
39143,218514.6829767428
125316,163249.0108408663
117838,339399.55891392444
64232,110800.53568885251
143407,59143.28996245832
126004,155073.53769816013
133564,152538.78689848108
54328,99264.9332873402
50045,94402.79463123846
1625,150182.96684481524
124391,45694.36590612435
68031,222251.8200608586
32915,130608.32060166124
41476,214416.07831498625
48455,196254.8585325176
119356,542909.74623962
140278,188988.7285419414
112045,106241.53943537656
42222,204340.86483343545
117369,194312.62635150156
57063,110267.45963141239
14949,487030.3231233291
124154,176043.7639471655
2359,186498.21835250294
71808,91705.27205831354
114944,148610.96651104954
138853,214301.18647251924
37262,305717.2665462791
116166,202347.2566866795
10221,82472.00598783037
4462,123628.5790039094
61442,104167.25494684666
26566,140996.9123393171
146559,176877.02520166163
57170,120380.61626235538
121654,243295.854720872
121203,102013.25016322566
3467,126847.54466763302
37141,195434.61797623473
59206,87795.30679588315
42145,285951.7771226837
26851,99914.1357534234
62161,171671.57185482015
133690,173658.28811440847
130151,163036.99393541572
8250,260028.74998151232
31155,132037.6149852731
125273,282361.5702129071
10980,127107.76221009312
30716,165913.93025210535
22457,359176.65227293817
14904,95080.41090363527
41354,173720.71283607345
140205,192390.6481015993
20781,119661.17616106968
46402,404398.7149448633
32726,67691.67821360762
63022,159585.21318417176
129917,78129.93222204082
138537,314684.21671719296
19745,70330.55353671941
141893,109375.81193390381
4834,164387.0012676813
81060,95205.63468534675
141261,371317.292441505
50811,111180.85065733912
19186,112388.57519656929
71881,135497.85310675335
28404,167951.8024484216
139920,60998.55809196262
132163,111329.81828155967
145311,176810.28528568498
118697,149955.5601638466
71782,245702.43687865604
112070,224935.60535635313
21808,197258.0585185647
4833,121659.82971748538
122785,82469.34687170522
138384,178860.7427786994
8493,104505.95612607067
119591,96088.40109214418
131255,94170.96602286995
111969,119443.99705419785
51204,152361.05078327618
131622,178841.37833437778
66139,69248.40239637558
141370,243239.84002792285
66741,160813.25094318236
43536,231574.00417210965
10022,126616.07772205505
133932,67965.19726856437
24255,185526.37295338765
39826,81868.1255158173
122045,125371.11073479461
142584,81214.08697648896
137342,96679.71798906133
122275,98498.7418065797
20708,105565.11452855691
137063,202264.8801545284
43747,151465.95907805787
145938,109728.51263691069
34649,155938.75449144104
42128,287584.4808765856
51952,226032.56126021803
22839,105038.48146093276
26193,126231.27830118578
40122,111161.1815799812
23574,46783.891710562726
371,167390.97961098416
111602,178703.46234293573
112729,49950.92254117661
128045,177056.21221734816
51242,38838.562036123585
48789,144131.33896453236
35091,153783.07380714166
22831,191757.5373848231
11052,124824.0660069755
146193,110477.4863167379
71810,256586.46543203926
115205,89913.82532128827
131813,229533.51506582848
143588,170260.19954358065
117159,228557.1527016156
119226,155952.86950647182
5966,217227.98727016943
117646,18059.525784384234
66872,140151.60703525343
3170,376669.04324597446
8754,139832.2707300624
34277,105095.00060319703
2895,363028.30871966755
21645,525445.7129833413
110384,140436.57698398057
78721,281448.53794347506
110463,56666.98385132922
120611,267513.79430275096
61299,89949.81504858623
40832,143349.33499529696
24817,219178.0593999845
20448,275020.66491136793
16891,98802.70764377317
14973,92174.08722463364
53241,93287.73502260607
112021,86045.70428742742
56403,215737.66815108067
138039,95043.44381010177
126959,241362.39129819017
54829,45905.44595615839
45666,95377.18566419717
75372,142264.74066717675
38744,212567.60571461607
125576,40419.38592609187
117524,298592.0363666634
136999,188009.72994674018
60089,131767.3826654929
77918,293902.6894987225
129417,253549.0457122324
50841,180408.7263713431
83130,227650.38462304336
77224,178918.85246896846
129388,73567.77624699904
122654,144463.9325355017
82026,247388.15158374034
17255,58098.134307844375
82479,135173.3517681311
6591,57690.7527965909
80579,128580.36091487794
43576,129125.23661484811
69079,234152.40821434834
9249,184234.54116758378
140465,201120.3415628677
114179,79221.29613218838
69736,354883.02344728657
11802,44664.60756602739
39343,81957.41590520984
61765,409100.41400365985
141197,169528.61799572624
136552,177455.70358170656
42213,194872.63788620144
67526,171355.0242137199
60543,137439.32227693812
73748,318155.48127180757
139517,174755.14192141258
30051,191959.49288962063
17962,103263.02005010398
140985,274308.86375443777
114855,145598.45705351286
132584,158189.11451979377
20296,106741.69198477041
45591,227929.70054381381
19002,138946.6919413943
131545,135187.42278322612
81164,269855.5693065744
115600,172597.111903148
143378,177233.30984584987
140801,257611.95432140632
35543,173195.11240173026
125705,115096.46767859481
42873,143843.47137439932
68687,86468.62432359083
14634,207109.22372749262
39444,125815.36231321958
16231,107066.5502297001
82557,70485.24498494946
70322,88219.10328132221
65114,107855.98808076684
1361,152370.46985280723
142347,208221.22163615035
172,168686.43717807857
23978,169190.54575041862
29134,192739.729108875
29654,89182.46077180197
72142,611832.812676643
46547,338653.61933342647
118528,123553.82931979913
1883,85121.33509143235
8396,113590.5483574715
74903,81494.17033743963
21339,455607.2194510101
11032,86497.53112445229
41270,289001.03349542717
75700,169087.40169056057
146480,670042.1539333838
127024,202650.87375481485
115746,186390.00342934285
125574,151691.70527675207
49292,84902.20566307366
53553,193816.00420233706
123581,299601.52799650707
110253,156051.8033850804
70629,110723.49200982723
38170,107136.3176213993
126673,185901.41406524734
121589,84926.40722958234
65952,165747.2920311517
110693,145647.46341656166
27004,67434.96639341803
53565,268685.51910243655
37529,163518.6926913305
51384,126076.95610017696
70771,92354.71193766178
147069,61397.108420353856
124547,207626.40126904036
4600,235370.54227995078
37351,248273.6051797269
113776,491205.1012489684
142646,127115.86045126236
71600,143405.2829775164
10718,135274.15957519627
54465,72906.89273406833
55487,149921.4830479089
51082,178586.58927187778
66296,100475.0747836432
59927,65472.61728099102
35843,79318.46309563138
146844,128449.70090219041
12484,93359.93046812362
60181,322544.7812219884
54645,83733.6147604984
27405,168189.29718133516
38453,139736.909088479
16438,171318.80737991197
55440,360009.93641658785
22882,128939.73530407573
131632,116555.40965975774
110465,99228.23330630477
82194,129896.1692138346
9861,181532.82086624374
45828,304202.3873013399
120952,199275.714667127
111461,145135.44472319674
26947,239353.3300671113
46711,55125.13503012701
46303,140988.96549720946
124387,328355.7344264056
23650,148311.14262881532
48678,212423.71284675074
128054,100223.88661674256
21798,447298.7383381289
61067,261775.9964083261
114102,287107.6501984552
10344,179871.4586023552
142330,95027.21036642244
121095,217191.1753111715
112300,79119.24724249207
8029,219766.6108018335
33924,282436.77069527644
7957,175598.11418297872
139585,79737.65911933409
68569,152296.22286679747
24626,130643.36130579628
16036,144788.22631011403
79365,46730.80368151792
17237,60626.05570993044
64359,236714.72995248222
19217,132010.75450160133
143517,74907.5942311236
59707,286692.47583113075
110777,45640.80589995768
15033,121319.59675746587
49237,155449.1168814929
129300,410247.2038010666
131451,97336.44445099511
5421,250467.68041924087
46517,207930.0403121024
83055,128408.24695682632
16126,197745.96127120664
73149,503087.93634645926
37135,192808.7579648643
78842,187773.25952577376
43805,287598.50840389286
58194,127601.99168757132
118432,77615.21441567151
27662,117529.5096274734
25551,79133.96224552172
143292,153478.85472085903
67528,93896.40926205735
54250,225284.23442519607
43284,197593.08291645517
20245,198913.16559636843
134662,183994.30274920166
82773,54830.064061950514
329,138649.49938425666
128736,88934.83665272228
1962,211854.27876788832
29439,244865.3387401776
64068,736166.5949126855
51580,110583.89547962983
11400,107580.68700624685
132066,94137.90021050759
9107,286792.664143652
58432,106770.78175616976
19996,368911.36823617766
61726,136902.2468716484
124560,198628.65479955092
44881,147391.10574173921
141010,114941.51463829764
115591,88053.45241626074
142001,186521.98146593134
119745,194461.07109407536
37550,381212.54467039555
11989,40776.77513162754
31485,180382.89268981584
15322,58008.511477575994
131357,196477.86473598852
174,277055.1096823121
27153,201154.63340101228
79601,171660.92865226037
3586,175232.2217694784
119216,176539.842259154
140769,175326.70036271517
60250,103173.0135044354
145528,222826.18052635237
115575,211637.50861425983
137923,279139.01714895
22864,257420.16126726678
28399,362269.5320252478
68649,202934.7287776146
113042,175476.15478640943
57061,321052.9881783562
120439,73005.85792356051
61696,161846.71608483623
65978,63607.435894060436
71832,461714.084880728
24728,115009.36928975763
129449,108973.71984487667
57601,62974.74625803523
45474,176022.65463518252
124094,100566.73074652345
16148,182060.02806951207
29551,498709.88026677514
28006,113280.61413819969
18862,158124.76791125291
2626,457723.9437453473
42421,171709.85574810917
24775,94121.7122248949
68531,93008.56347284566
9605,136687.0731381015
34343,97713.99871847927
22172,84665.53799687816
29299,137853.54324325232
61810,103616.6289479748
44099,259707.91466824856
39760,175749.62131463212
18772,129435.80589446428
72439,106342.1050981357
21676,307064.5244959464
17343,281889.19304660405
51750,142825.01446858066
23039,257250.88245890522
42237,258465.23488352384
22708,148082.0993512277
53024,192074.7958308118
30603,113286.72850920375
55166,572141.5399353859
81036,321510.1952796499
12857,199413.3607899336
22878,414662.2925117066
31123,131073.558282413
65186,155141.03100362266
67068,144579.29003457513
120576,95312.20137958234
41203,163849.22236156664
6511,206039.9466519301
139879,113440.60515110477
145004,178671.36712174382
54907,196638.97830160806
14124,157299.63849802804
68246,56790.92201951562
42969,117930.47129998318
138033,122924.42702929203
60788,324547.6888678533
15975,108470.58524141379
74939,69948.8116377035
57410,98960.69017214522
46333,84687.4772133715
24848,90987.05635318632
56915,131561.4568156041
140605,156742.47478319576
136941,403556.6854525855
40096,315830.01690650516
12783,152572.46460258611
45597,451807.25795797945
70231,113758.7369722432
128260,76442.56182086536
81842,101683.23881266851
124472,257688.21837840238
117804,149099.02215107725
58244,53188.49216234098
47586,194551.9145661753
142781,86562.70485159187
67281,181781.76390922198
130549,230269.44297128683
58922,137318.172053087
19231,38383.878588564905
20227,286815.2312260639
124854,114114.41672346983
126774,265784.9270300503
18992,136156.10242305178
116295,103588.24589113053
12814,105829.286363388
14456,163388.04797389382
75963,165802.31937052903
4993,102692.49949017826
145720,93446.31105669652
37283,206455.8910358072
70984,84353.03296432088
50230,400477.44934997644
122682,107450.51008016238
1454,203467.64677527902
173,684808.1970215864
114910,174859.63360200994
135460,146358.03535000296
128639,223611.72406827257
47279,167691.59893921492
41698,448636.6032998987
139978,171309.42570990114
11964,64251.422796977924
37645,163583.53629589925
72891,141757.14186022745
63424,113567.31471999304
39783,260453.22950347152
23131,108068.65644710863
12986,128097.6099595113
124606,35768.004720079145
6003,425343.7801662532
32198,240805.8528646917
55666,125693.78401054062
31297,109261.06201975013
139598,116002.11858048456
28010,533095.8522348076
4911,285731.9623897113
3495,181422.57878036084
68499,177411.60299042193
6865,128494.7908333127
127560,300373.37100719626
58871,154971.64660597453
45466,142917.02315729426
145546,158254.75343984083
67368,169914.02762668816
75005,99424.3297351089
38083,347755.94152659405
48431,140215.8614890431
23840,71251.90652265285
27978,173380.52881855413
10322,95282.17891360998
22157,110039.42240191149
136319,191531.51578941298
38538,375257.4195441668
14817,152996.57026607502
123140,97565.41725494913
41608,130106.75855141773
145516,562591.2052480348
13770,253864.5771336275
69799,169583.56152238
37064,425144.3728662027
15087,97981.7594451172
68583,280732.0951642699
60129,219651.4466613509
111932,183216.1622726128
4852,109175.36763578496
136439,173002.67111492995
133125,129972.83896066388
10986,100073.834625185
67867,148166.24699107584
34091,178892.16277878155
111323,261697.4869247409
32751,155567.98037884745
33086,193035.41788803236
81692,89839.10317996732
1719,212953.99923010264
57028,371250.3825523678
8765,194899.8609852996
10731,270387.2503989339
59495,72000.59320868249
52919,151325.66462537524
5938,141577.51004593752
39319,128950.80801796999
35640,140059.71344534392
77911,112529.57114837007
33941,148576.24334487267
65633,232166.94253363818
18899,149155.1145675127
32072,116042.40245652563
44244,180249.47278403133
32967,182042.70377506886
124304,90644.48674658043
112402,100800.51887517606
119470,58803.12143924476
68741,146946.6913515754
64886,101378.88462489263
23444,89977.7880410841
17089,108352.77117071915
120773,282140.938640352
63747,157593.49150868657
55448,95476.2258362403
71685,76919.0702375762
52786,201400.36027451683
115832,126419.55965255883
145016,166572.09437065397
29265,98059.01590571116
133990,207460.84252282386
39253,115325.5584788539
141406,181934.99846291915
57734,368585.94057848316
61094,76797.75129495299
16490,142420.34825021029
118168,87201.45790977973
4074,439721.6466782845
76571,148419.92322801138
38639,398942.51013979036
120392,202171.7261856218
54312,39876.6619666059
124308,89055.34026696454
41322,57827.69133304804
7451,155565.51468073786
68113,338323.6425996865
28139,566714.6853919886
37499,432768.484368555
15254,97752.2087251712
112215,167074.68920900137
73671,439953.73585637053
147029,389364.28359886893
83071,176860.14903033327
39438,62319.07400970108
138246,224886.9354820682
127158,111044.94149800748
14544,115814.54912552399
120173,262472.1835813187
5964,281031.5510325165
42138,98194.78032332438
72620,199824.2909225727
60254,53178.07338678891
71051,192173.54472038112
42928,209032.2640590929
136548,111672.33643705482
142204,153334.603075469
114494,68313.0248987994
9301,177262.21392115636
28975,141332.91041765106
26781,113748.93598608334
10659,148186.81994242745
47308,272627.82673328527
132098,189290.4861873957
114582,101933.27124678472
141929,148610.66825129418
130736,312103.29987280385
65039,76597.01166021578
63641,178786.174121456
83181,292148.1359937647
39409,182266.35323282948
31758,285172.3111240193
117260,94063.26018448026
126165,154775.22791080165
20366,127559.84880125953
128172,143727.65644280158
10096,158287.4722601922
13758,277225.303011659
497,152836.0982513985
69100,315784.2515488693
9800,367612.9708288921
128285,120575.81709329964
15979,294500.2562249828
19798,84215.73419736896
141128,212777.70218231878
2166,146096.60162284636
19968,110833.93531709048
6142,162771.28286319406
55960,178788.48823842473
11450,153110.13349190145
65170,130368.20516312774
17993,273658.2433560146
52798,167289.76237596304
63047,54749.45001676178
42286,80986.18013111617
67630,158967.66317918253
37301,145642.3909873
125072,163374.27316081023
62697,59758.876309519044
34925,300878.5520206613
120552,117400.85488186184
33325,286263.4258646573
142147,63837.75313485892
115898,115612.27712133512
51221,180669.92295697914
17890,146628.99475794786
116310,173866.74805731277
51044,187474.91195240774
74396,166890.40842658305
30973,378404.7807665178
43612,219347.7118449147
4724,107765.84872807983
82896,316426.047967007
78708,164109.10026999863
43198,187347.7548939198
76348,176801.89845687366
77466,276647.22628819355
5422,165663.1258075688
132629,104226.70757739703
114085,112325.46949829205
2611,98061.59723227576
30794,367923.1896453402
122822,88332.34899596499
8639,237413.1828055211
42544,233518.7105623472
139448,131996.951083933
21311,100754.3335839742
49165,122312.53879302688
4811,155871.0655763638
9485,361794.57575907547
20916,260702.20653773
144085,140645.1149891593
44022,108626.58764802798
72591,68209.26199006049
23655,114883.775720968
27391,233394.29192488003
60777,74134.3820947691
64741,47082.80427823791
112485,381288.5993814894
142602,113074.55109167047
22440,100020.30201503518
141473,123434.28876468497
79585,206029.93191295236
141144,111499.87158594502
15142,86856.8716411744
119523,324271.21789546707
125044,69265.5173352228
33699,109577.34723397167
128479,268926.9791330105
136313,123124.50153308903
113320,145383.3694019533
121210,249318.04052001645
4941,89897.38038270245
73352,76582.96564637935
45919,178649.84161406514
134067,105491.22961828437
116327,97456.12414769469
16237,184767.49375713393
142622,590095.7582816194
114081,343882.0425284811
17810,125058.13745106137
124722,352646.54489748494
20089,108445.42357904815
77431,183363.34899309426
28479,82657.72333436561
36642,100801.63348729616
30980,249508.73032376397
25081,333786.7503562737
132365,83360.82043500652
145874,115472.19955747217
137019,47317.04254616071
51334,85729.18366083363
12016,58747.66751920569
7760,214263.4846643579
116927,141235.5383603167
117586,94123.12481746526
140270,77976.2535057024
13055,189545.87897366835
48595,144048.28277070873
111684,193280.40661318117
81669,246304.7889444781
82434,70291.00160716468
19951,155057.90551364748
81820,141916.35909622948
66509,112888.95016879289
16992,155666.58219201496
46377,97570.01177858928
83188,104721.29964776429
67837,177163.61007451086
115067,91215.35469680795
127393,40072.01672375673
4832,102226.53954227545
130833,306660.4132049771
112967,396988.29104150494
14760,178321.0144763188
141807,155506.4484682072
38965,129981.44092645912
52215,106617.131230959
12582,144293.42301244568
122860,197726.181682494
129796,275331.5075875541
136500,221431.0597528825
46239,157245.68301434378
30369,102038.11653590057
130709,328598.472190641
144577,231986.36470541748
17013,286807.2361837906
11516,83360.93897726538
14212,219722.25461304496
18444,138994.80266160765
27594,212700.58161133534
15740,150647.90280237925
123943,124759.787131591
5105,148012.50370983986
53143,185506.8424304624
120159,228280.01861785064
36836,196963.6580914516
135723,270624.2702839094
82916,78571.28407569951
6382,116138.65294383999
50225,255293.6215090361
44651,93188.30259969615
64291,313648.65489389567
30115,182103.6384139079
128558,169109.9264117502
11453,103850.91220938836
14244,151029.17666671553
24680,102848.34474931148
123125,158969.89435289174
37239,125909.96205635992
129435,92055.12488394525
146076,264382.7619976614
12747,140570.80474083434
50433,148142.82056945216
140408,85119.73679642302
13167,282896.3149248538
145533,145845.72216586632
25384,87242.47738773003
131987,89871.53987609409
135980,109302.15538616627
135942,221563.84408187965
25169,92889.0863699383
61564,73494.46402896209
36701,133914.17177324754
128776,80525.93195843638
66406,116268.66213243583
22735,151815.85884712427
14508,168987.16274356758
142164,67768.1735448715
145747,282593.03106230916
143726,154365.57471411343
69189,87832.0722861705
40918,131913.6107785964
144130,61913.86472082987
134030,305512.1969524933
4734,107617.79327368869
80199,172611.5884597267
44179,227556.5632576879
17781,174041.69900245438
127495,387331.1266757087
125821,262001.32283519628
3352,226229.79663648235
62752,134005.15911422722
13105,66563.00670119439
43638,362044.18027539575
112014,85514.52504708827
111685,140259.05008522296
121151,114524.48042465546
63149,140584.1562741652
47604,106209.93575368714
39863,293071.33307727944
130696,181277.6458464656
77357,43979.18664257934
32316,243392.43152081032
121619,90212.79041848997
25163,123539.74934659123
145072,145433.41664844975
50058,71394.37392673906
127438,84776.55392685687
129009,127301.86744350975
32552,131853.4024098478
16991,136337.82668081936
68814,88684.54966319591
126596,144413.56328176425
41582,150510.48031260603
81705,298174.4174291091
4289,135351.22025690292
54630,208038.19818112295
36910,94311.34660123444
54426,186959.91635847653
143958,220234.99787671448
131008,159573.9533409304
24123,73139.31538637073
6674,53729.063840493385
41638,250728.14982582134
54263,149828.31443000026
132255,129132.66113419348
29357,156360.66253805958
73217,212954.9024286311
16658,83687.93635385037
69833,136534.36116457084
75645,177081.08659328852
19080,112498.21646428938
65856,246314.72795915144
46880,147611.86508759085
76154,102285.98659367266
110514,50158.81077892639
67801,139113.3708584283
22246,124211.32897514162
48475,384790.21395415923
9465,91327.91239716062
37613,324828.96405544056
70403,60915.10571795075
80941,341114.68356503616
127010,265845.4392496914
127513,107625.60999987202
18159,175833.48747172154
17612,145925.63078612761
128272,152685.7258189526
112442,86696.86827207808
73302,140459.45269729203
122434,64601.672489052595
72773,165837.86972443954
130098,144890.1869859251
21277,149561.50075947546
125602,238374.78665554716
112329,227407.77000289492
122983,130499.78278325398
70969,177440.69759387386
59778,263743.2482407098
8747,111420.44447920911
129361,171208.681790433
15660,215067.33465275925
41952,99416.89549763368
65943,104862.9145765086
62813,97252.58340086235
4306,260677.71529303893
64983,300799.5704138343
48338,129123.73311621381
13998,106783.22306943533
33008,210674.05301997415
47475,237193.36520929908
69145,128253.10553344616
145246,173205.5248579188
35548,140988.01651535538
128207,238708.01723290462
16590,202745.97722151416
6761,68977.7118938098
121863,66445.59082143655
19133,294442.3688395433
19361,327726.83319730253
54095,253733.89013501786
50402,319022.00477997056
120701,310486.5908802016
132931,303967.9592187023
116290,228015.6774935763
17939,126820.17545946148
40349,104772.86220418461
130730,86730.74344971655
145926,185720.11574646176
9915,265268.7583211743
9113,210074.46361591044
5534,232558.97802736462
3337,319546.443431652
61108,172765.19760551487
60520,113783.55533202406
74237,176074.70169650877
6077,200406.14675727877
4118,30567.654430304683
137291,195202.3963986282
33595,101123.17575106086
125278,149495.5902456314
60807,113044.36672794138
69942,179716.62375120874
41785,104832.81229394444
13665,70311.43651647588
141120,291799.34064377856
74115,38937.941279258615
60042,250132.6932288792
116776,53600.68957485488
43086,102604.07044617359
124458,264942.41551519564
50245,251335.20675520244
130556,111387.17616389375
125510,143043.75538146007
113972,106529.14603105147
38859,143252.33555907314
41815,160472.23521726363
29852,94001.50211103003
43623,170431.11348618145
52677,150582.13411765208
74967,205392.2564387431
70554,321870.85987285315
142537,156579.85695120879
145238,178711.0595777617
115752,105874.81325048604
72536,138052.83540778077
47233,135756.09659151378
143938,368890.0548942869
53702,178933.15341891153
21066,122836.13603287963
8808,82131.229145884
146184,169865.79483917166
35733,113161.84885136095
134269,219731.52461299262
22133,64430.338196161
7849,263481.72430649487
80661,344293.437130775
134288,160880.19242128177
125828,207413.73351164293
13398,177282.87414936355
57558,97445.78339093775
72288,81794.25818532764
115769,63330.236692285456
18673,240381.26189516054
113428,158314.95699518797
53121,236529.1589080023
38099,346116.3376208376
122611,174367.49620393422
35918,175035.81771018825
23,242714.53547558503
43564,54172.74507364655
134648,158993.946457542
30134,423612.58171272656
144341,58077.67224179322
43572,71702.59505071102
14854,177094.27470688435
122218,214380.82059663226
146795,139114.1628956021
141905,117404.47861614308
6520,230566.23857907398
43799,158971.86939916728
126100,89465.54773848502
19112,394339.93043514574
142491,283132.2768713878
137820,196776.2220434933
112210,401020.53319434205
48063,89976.7068794109
57669,129144.21518325081
68611,167183.89359464168
114272,118730.74788547687
111026,136820.35365029983
82439,153718.30553654747
15573,151987.58945796802
6730,62543.54851835483
79813,123086.60831464315
56286,113793.60655285724
139244,172429.24966063362
16228,152924.78817684104
123079,94392.40087132348
77803,270641.358266746
116255,161181.92588022098
19516,123281.56767012097
33588,115255.59376566451
116614,117689.83956986037
110497,201259.20854341055
58332,77071.16760900451
33602,85525.09954510893
115149,93168.17594626492
113812,186187.15728272416
26254,98000.63662882632
123601,207037.98762016994
81280,246625.7309874951
58362,66920.99402101312
18068,98801.5217505852
58000,306743.63978796103
37433,81032.0387188675
127476,102789.73224985783
128980,219448.34439748584
77660,175786.9329444172
11140,75561.8167266931
54432,135113.94233363515
12384,73642.09397657542
80880,93086.86728338878
125150,250624.6215545769
60363,171753.26969323462
18291,186917.7359475505
66829,256955.57828700898
40675,262263.17515814106
18769,189704.1331678482
47937,96010.65997013722
132737,60734.22913941863
34896,119531.58753684856
76193,307674.35167659854
27539,101968.80227075938
74430,86426.00575015724
72527,256434.0980175815
17100,70551.44583658871
81947,254811.3765702206
63527,144063.15220057452
137156,178661.19828897016
126852,124904.73049376918
26505,84363.19354459186
13870,107368.5859908681
43078,471041.55899423716
143326,341576.726765471
44327,557664.9578407786
9656,111789.36660094495
68953,231042.9463350937
49070,98049.01427841453
126896,249086.52388362042
12624,104919.11840345027
112334,92238.76560943245
15999,198410.16803149172
115946,270434.61520922725
14658,350567.86140852346
117202,239071.56857013342
73009,64502.13856253866
35697,39835.151817774284
12877,242265.73271317527
143515,320065.06345844804
123683,392161.3829244467
51891,281928.6081607227
4145,402416.02177113784
124205,170896.65683136546
26990,192714.43073663663
46780,196610.31936033035
136050,113986.52833481916
65744,95363.70860997683
33612,170683.84152260993
31973,432713.9223419619
62817,161943.30016183289
114144,117112.66943907313
79323,416664.7477030708
27794,152834.49617973532
123592,242795.98002914322
17892,197951.3897706297
17415,256684.60170191148
42092,180548.10989310298
76447,78333.47792809864
55043,172343.2311622583
81761,136886.2039951084
135806,101535.23840454035
119517,97276.43881781842
41777,197797.86622682962
75836,105448.57124364492
49544,188474.24003987978
59918,128475.66486489036
71669,269311.6801334127
120977,186435.17142688707
5187,67757.43630411431
47575,409804.43536265916
79307,268120.9285149339
29911,222463.04087674292
130130,159000.02479691303
2837,566416.77361218
80075,200535.84411462932
135209,177250.48567558863
36954,287498.35793805635
8242,197554.02528784517
28360,132012.0457592999
69311,71957.9431511978
15847,146949.34682210942
43816,264257.8371306069
124475,222376.78899637685
142787,70171.9539887622
140394,239657.08088180237
120758,53975.68887259048
22461,115985.1495207747
68653,117269.47222886895
20542,320930.13804444106
13127,166677.98211942293
121119,221506.18777185268
54243,164047.68804158477
50215,160730.70963726757
5166,44391.75376847305
57490,256921.7184858594
13153,235495.84665549887
31851,204983.87587103056
40564,205944.67427699768
118094,496252.0754125844
13449,153717.1775553367
48067,478511.02825130854
127187,227338.78511576855
142962,257456.34727888176
33470,128579.58065079011
29772,108543.02412326762
18941,543448.091153959
52508,107312.1748932563
1154,513836.6953958103
137520,185909.29743162863
6819,186883.07341071987
134982,195325.34135471794
71119,140344.69172090525
75741,130621.70166972271
111179,80720.5010497135
28864,83115.79045653026
124838,183646.4325046233
52646,261599.2409051967
112136,250816.88393217852
78781,230300.13884565613
138563,171525.87651349008
129664,131484.38399290649
3677,504539.85452975123
140184,208967.6070051209
137783,196666.6173558865
144946,251130.32261039934
138170,135723.68813289324
146632,101720.50444292204
63525,136336.98871517208
19571,193432.86753693037
82821,121029.71117729635
26966,182620.22193394083
126846,174755.02560309978
133290,130313.58752040594
70559,242489.5381292011
137365,234267.8626705387
58987,154246.56649575016
17469,233925.56876978802
38382,193988.49399734245
146494,364966.8496472918
82235,144952.1687499719
140484,320491.4735205993
14827,102894.23526235408
80314,137355.0051069426
28419,239131.2490565788
77817,96000.03071198823
69506,575015.229959201
20751,320795.48259786714
65815,138547.60630576208
125015,128232.92550344026
130248,146010.99260043452
36328,54891.24528423296
73145,304403.1097122574
31455,103519.32317702862
37885,431789.3019354153
16839,324775.18967142043
9934,250458.14386410918
119723,89037.74096348113
19681,262159.4070817722
51130,77606.66320274679
34757,65008.05609619042
71075,352524.0417097792
134452,201997.6980179038
29374,203932.7422796514
132974,97437.9294725942
50791,263603.84690238786
61883,106331.91744712391
121565,204321.246374016
1395,57850.344704794195
133569,66690.12405807701
47787,549077.8123704338
117775,127127.27310360507
54946,70825.28844099402
24652,156570.79105661582
135600,295252.22931170126
45294,191346.4760602098
55755,118094.47227068126
113108,86656.54018637814
25607,112260.06854971281
119212,110585.84345968433
52637,83621.84821139806
144620,151745.11018198944
28239,184994.62967374848
128352,89702.43393172127
51346,127038.0810925566
37498,578621.0244671169
20695,565814.5476361315
37500,448140.2404442312
121548,90340.07543832433
35597,97486.20477369873
13860,285935.1670274989
49433,163012.3633755399
24696,107273.44520059727
111625,480258.15139732097
69848,55340.81506798802
24760,137102.05666088927
126461,182163.47550783644
45633,111297.35643048638
66965,196253.24941139042
41373,335323.8388959271
67292,117870.07179163524
38633,261605.70152694389
13362,110983.3682284524
138821,144733.73663845946
68771,413271.9865066599
113653,244699.3710175564
115882,113074.99753112922
123870,99051.52799737129
112115,259809.07340965455
50511,119532.79930123063
29365,180583.061315648
55642,89052.28770737373
140475,102461.76025592114
50890,147495.99567633215
48096,148189.9723085001
146155,115989.454479017
23591,144875.55369268672
14613,173202.55037604042
25501,344701.3638643166
28347,85029.17780729693
52136,219729.1608130245
62889,109399.5327122164
15318,139181.63328221464
30668,113240.03407299393
33715,331025.8559768261
117176,136945.26464564743
80469,350194.8405961946
45174,294177.7273902515
41529,190537.18380745323
78971,486923.8839181376
36013,206776.22225236945
144725,227883.16191493132
112548,151850.14690333637
141644,400174.0925524855
123829,132180.97889454386
34431,88928.8470356786
65988,234103.24297601395
130170,438716.9137404793
142985,128752.21321777324
39724,166306.42584647913
27524,501204.973484821
31237,186433.49501881743
59194,154553.12647652414
25535,124235.11088437677
26532,152624.83280639013
76596,115875.3252978212
134538,166693.6057422511
74604,222481.48392913493
111989,210543.5184353214
62005,43253.893681475965
138436,241060.61583162216
57960,134219.56712162256
127221,158171.37687355984
64752,189108.1975860867
71263,190523.10791295374
19486,140547.36437801697
129587,61478.11492119069
82253,108936.53355095352
28203,423468.4619423858
73533,169015.16539589592
63508,343204.38882583735
138184,86331.22622214917
54010,137882.65307012407
5377,433115.75338099117
112777,284354.4420705054
70622,144826.99940269446
46451,144133.94487281522
76434,118565.36113985404
76014,267775.7336016831
67664,50372.959443950735
10086,224205.13454482832
38629,303362.11990854854
19023,216191.66130243993
6671,39062.67920639543
124496,231819.67158729542
63644,156201.06249419393
4246,671025.8360596725
70599,250153.06139486714
33483,104616.50846499656
125864,94466.00829870725
147024,305015.1099795869
125911,132211.34831039573
136032,91744.57572762252
22128,150022.38087882678
3197,263966.7045208426
124045,81245.67853344731
110556,294386.7635048846
65332,273184.3301415305
71230,304133.1566025212
131731,72598.58088830674
138325,120854.0408217544
11976,68566.41428010723
131798,84891.01580528123
13121,176791.80757146125
43930,445040.0720267134
142007,469974.2647737478
120464,105298.35278790354
142523,147170.95575648802
32634,76410.45284784159
2586,166283.55798477423
76626,44342.09695427222
19835,148038.76390171485
139045,223404.150597642
61273,194423.79677459033
43174,105954.0743508644
4210,177701.73564105763
80829,262155.17890287656
34968,93606.93431336973
118931,202427.27586639352
71875,81783.54731144886
138227,84820.03156277757
133063,152272.32086291787
29028,310688.7406471774
130180,183717.0941370437
1015,130605.50030759399
15390,138054.6113968633
71262,127020.75809732024
145139,147874.06475176566
144156,36392.88013189868
140953,137234.27809760004
35234,189920.1634487605
34575,367784.28887530975
139888,155165.16695184316
127042,508012.2652919288
44787,68233.47968978231
13918,471390.8816049211
64563,122772.32766921984
142785,169255.98844135238
140329,208798.0776485277
6042,120223.71343890834
144115,68341.88153694039
43814,293179.18800711836
46455,245464.24980794167
45618,93025.39993053509
59310,141306.08771059156
131332,177399.57330097127
80343,44196.159028630886
6421,111608.13084335005
133658,85111.07556815866
20797,57437.332712587915
20836,163532.16774162804
34192,259686.17414807886
82808,126829.51537712541
23662,159760.6014831203
8716,181717.9399515713
12512,190853.6241155785
46741,86861.64991303175
11207,171441.3958715966
80530,568257.6795190893
51405,64950.7098366039
57076,190541.26947323472
144962,212356.96752143442
38127,105580.91505942411
119447,335691.4216395787
140392,450285.0476411007
5305,175730.48971067654
143203,79473.75088389838
28653,89190.03939794074
42674,98670.6397711194
133173,369789.2520813458
122400,206345.99006273889
73866,167267.74517325795
22905,199783.8910830249
67691,52298.24123143748
17733,115387.3293276885
24272,91263.75468808739
142820,61386.998657254684
26047,87316.31239097672
145205,201957.07020483539
6002,125785.16633745345
145258,166365.96450425932
33401,88969.6085213752
134549,225392.30340423627
127808,163081.34394510798
733,478018.4204340942
122199,359810.4677333103
14177,443708.72627730126
123531,227639.56085660547
115954,123563.35668972148
54585,152914.05054048193
143387,126980.04691511419
123982,77311.78365182022
139356,65706.88056663159
2970,92150.59271088109
51577,596918.6558436588
48497,200825.43467416632
44698,95772.31886091166
45586,219474.45598118333
131988,103035.09022283895
10172,48293.278574790485
82121,132904.68859409174
22509,225990.50939540472
59222,70552.38952999112
63094,199530.57165414913
41720,70132.47554463176
45097,156438.78639960114
122462,203312.21677498368
114395,103219.7154759021
52318,128116.53701552033
116840,141963.88144842503
117978,171676.8611540428
48565,156477.44756429296
11808,44403.94664326903
141972,181384.3289397253
21261,253102.19838449592
120710,357422.7674279794
122857,108655.98056568543
72752,150093.70821335888
63728,124679.27371177272
12218,95975.7082707661
121774,84342.1942457981
4944,112894.74499305822
368,162122.55404885986
114155,211770.53940317134
5231,123072.5885875193
28065,213130.4828425311
112736,229121.4032264338
43079,114643.86797108874
24225,210261.83152574202
133140,148173.80077238986
128402,43020.07110426117
32959,163586.20955338204
63123,202826.81163696822
63625,151970.50352315573
135389,197819.4492199307
131346,132548.03312431084
42966,166288.48984859412
72922,130288.36570565586
125693,176885.41844914504
46207,95451.48749924728
145883,498159.62424027605
131548,99629.52378427832
119796,78351.78621968157
68871,446407.6265016799
142595,123472.09507007635
51682,301043.40769742377
31940,206660.30460509192
28995,107904.3282629253
137290,206999.20644083695
20876,103775.92858541623
55586,348980.837453049
111408,458475.9891559501
33620,102933.86640136603
133058,81783.57425032622
130750,120250.05230914342
56593,235281.41579922626
44991,95508.9760376669
16433,140401.5152041632
19303,508877.6839093884
10263,78276.80932171638
69973,130336.38530871383
143870,93633.69276046634
57907,192883.0168741786
30985,74538.66252299448
81801,126400.90586998899
62508,66331.69868589443
13297,119607.52108770449
136458,276792.7342839481
144554,176660.43611963184
123675,190136.4827860975
4702,169758.48771866914
110843,121094.70925520672
43159,180032.75969376095
139998,62271.163810527774
142534,145459.30047105227
21413,87048.82809110454
29102,364082.24173864484
18043,111865.49988080055
16644,66232.05471907728
68951,112234.98377141714
3150,241678.148772265
15095,49276.21190253778
144437,227663.9172380757
33922,35434.63236801958
45050,168052.65958155697
128421,198754.013007532
71063,146285.20472293705
138132,155287.13167753688
10638,95003.75303796871
140298,117499.49587823793
18571,137222.70328269154
128869,187483.33501004818
128882,176811.1906405909
75193,266189.16459830623
132343,99133.40586994577
64689,216311.71790872863
6062,145419.08222521952
44290,138215.82665549603
121642,91565.91350773083
76124,281309.6981944398
121216,553629.0425497888
49230,53825.125716300885
52319,78155.8901996502
131861,184992.0996058352
53537,119007.60999941133
18454,352621.7759643712
82515,82214.98516225097
48668,115210.20449746784
131605,151878.74148662944
52443,65080.24645372543
141066,75364.09741532427
137534,97675.47927647435
52609,243374.04421512992
110680,96223.43521686543
75215,454954.83321665647
77257,483094.1522759906
7632,59275.98207382308
135127,120157.5595824575
146395,213768.07425360061
18411,161810.32351999247
48264,93679.47370512149
38219,112823.5811038577
122346,124135.46687021412
73940,153752.80785601036
50357,145285.49735204095
4743,290210.92065320705
141043,118283.18807312648
31226,234844.49844696693
142593,60074.14832784966
45522,100996.64743625686
56706,48967.08269769883
121023,137097.8641471442
59001,140731.14170383397
143111,124747.70820886616
57440,116607.42646396776
20814,109519.2998594786
55064,165940.35440766366
27198,122895.6765228563
146230,147426.07996889314
138344,169567.89571326357
51831,158434.22815458456
135988,293206.3540842023
120282,297470.07816857524
55710,168911.18304636254
77190,286751.1698964501
10309,263666.64406955737
11521,62087.98984317914
36162,360956.54922564595
54308,113280.82348329545
117995,37799.87993086121
131710,88953.74346086655
128886,202265.78565782576
142891,157947.9247588948
18594,131122.8724132435
124523,87737.13266549495
60105,83166.38495522129
12538,69521.68549157024
130593,284598.60550223297
111001,615094.5069819138
16091,99252.09082670746
33933,132925.56273307282
17614,224848.50610008443
42954,122067.04205224219
125064,369900.3257784989
131899,213324.47088677416
128119,150070.4021482378
32680,68193.0268794138
50177,87796.7754859135
136496,257885.8680099706
51812,84361.97518121338
139897,165080.1154025192
25918,150463.38949546774
67584,96165.04327262132
38229,262760.65074412385
76500,197064.48167106416
143698,154911.19053599134
14357,73186.67054171846
74848,171868.51833191796
137941,242114.29682091932
43152,81348.27642999825
4970,246025.07546197012
13781,118290.79884033342
73268,146032.1726944266
124509,174483.01258813142
54821,159102.83476362037
132510,185398.0650467486
112134,214501.8174770485
70986,232758.27524113585
121320,115283.55288564283
58543,211027.79363550962
16146,106958.03550085297
7200,168094.07880016614
75991,224702.2035870068
114543,184642.6411993803
62974,144480.1157465571
78132,247896.56480285415
5211,152323.19214589958
38937,84784.09558276887
82765,187643.02100276388
134436,376786.44918239384
144412,96138.38182923108
133298,94633.42948822673
26757,211470.75127778333
13939,78161.84690808646
47951,361037.7536970193
43122,92132.34887988638
7028,165391.39281794196
72370,164452.2901141768
141314,352535.15197224455
146511,225927.70144943293
5368,296372.2296130144
113257,212031.84878614548
141744,349185.3519584965
137816,191658.49241952237
13046,248880.54987080104
132429,72142.01192528555
71411,121510.54081992985
44774,83770.67708179457
135510,407784.446762152
137979,193525.89942840888
121206,124332.68843849638
27695,149848.0307297773
37995,95944.4468993693
146214,109735.19806270965
122320,259208.53267979322
6517,167381.8921320571
30401,102748.30632401948
138180,217637.76688000362
116876,127540.62611731912
132401,200891.91126169462
142924,106442.41275324117
142456,98013.22096859288
136392,201025.115442459
131221,268913.5984611589
132359,197966.4517566724
71784,161110.51451060377
120604,178702.5022497882
45301,260899.38609422324
67511,118944.62908456674
17327,134775.86972875023
136912,130034.6313089125
25484,135324.86274312914
134270,186652.817576222
78773,92553.8250230273
45197,123696.04756971679
66502,83836.38408677372
64880,71232.13611989003
3539,85084.74154192199
25258,222354.2064163434
140770,84792.73695415142
121283,39034.41803494474
50061,168911.76173414008
17195,207442.13470791932
69022,102862.09191971125
73656,123561.05805599113
51290,80267.57819828545
133814,83050.74012188651
117259,131144.01913116398
32543,55900.289949249214
16053,178999.47052179353
71920,282044.1288835411
59395,131696.9180559176
1465,136519.17967333185
64832,96534.722190067
126280,343857.0331991949
36107,56159.01599150765
111161,108634.74545729213
136331,100657.73775263049
125682,134356.6654130815
4228,210127.64750294122
119714,232075.53899815
139958,228326.4856153492
140073,33205.57011490283
119561,65112.98789212722
56620,82739.2643536353
139033,127947.53125580028
41307,102912.90887740187
79477,46308.20861399174
9150,143739.82735734637
54861,110326.84939729839
29214,346362.153663366
132501,231339.6646486238
111157,572118.9591062126
18851,104642.40548327751
121835,115896.93339438975
133287,68737.32189074784
127787,354353.0891087118
137771,135480.873244854
127656,94156.65744536677
117450,62740.25828342016
38576,73750.24440224271
51298,50717.91559652921
136658,254734.2365081652
16175,174856.99917881182
12200,175445.78517582855
46347,177642.39271316453
112715,314964.9935613587
134955,123254.66511499685
40312,171908.71723733173
8375,136119.56013158674
39529,167682.3665465587
74714,94312.98469465968
121842,174856.76247916865
123741,229638.91978694953
134734,195530.6429312667
21613,266020.8141589697
76730,191422.84991034592
130802,316422.9913108196
132559,115139.90729672866
59026,158208.19986289565
80557,54975.212652279224
43139,192191.39057054458
131329,87878.96896872351
140602,168794.57114597003
113770,71251.90652265285
58639,218700.7715811261
111282,341175.3502288624
76654,98831.80265894097
143803,77701.34699113018
31252,221966.24555763576
12979,326498.0019826691
78943,246894.54041556042
51166,227624.92018239707
16688,62549.26092327556
77905,174391.76040714415
116176,158190.1212436534
135011,59180.46162802971
31949,135547.14468253643
29322,241421.5111050681
68245,169857.10768481484
63997,136815.21969033012
57522,168031.6573239247
137108,232735.91550153954
117574,120322.32674018716
33611,150420.60085978048
29337,291496.5449400628
140926,68526.1711676489
112636,155453.51741196582
59561,42306.57322846143
121358,160171.30102342568
11646,144265.7553599565
58991,254556.03012583972
135674,149486.30559559434
126907,145348.62349754493
66948,153462.82339769302
46855,238006.62168767786
4592,154374.20598081456
44856,205977.87301765644
21462,244085.3199583008
70918,167834.49328018082
111643,469088.5420288056
56466,289600.7544641279
53502,353814.3993496777
137394,108010.67537709307
146266,256799.03120560368
124456,503080.16169382044
14628,391321.19868013205
12355,177542.76271077702
46380,152360.56311046547
65782,113340.9714906765
16720,204277.13280231017
118325,143962.5122311245
129994,219968.56244424067
67377,265949.26692968933
53343,198970.9385145771
45225,223177.66965920353
59633,64594.545248925715
143307,142028.35794916868
29713,203713.5258703464
41438,102983.00953633818
117235,113791.34850142177
76727,68252.04348578963
118927,48773.044659078405
130205,132464.55711269804
40371,183166.32895422296
25046,235933.8528850591
20848,314530.72291782993
68468,310104.315019705
133447,553447.6443475363
66020,72930.3953178726
111727,115415.08777858542
60566,289228.5792295161
64471,37933.043542680854
37267,213075.72127492167
60008,81111.477103846
137419,120000.27259399253
142438,134986.00261015145
74861,221427.1818130074
55709,121146.54472425308
75806,94516.60106495145
124829,237111.652132056
79974,72641.35027159804
10490,182171.33019502426
13820,169333.8382656684
120844,224254.1110274832
25168,208544.55238465738
11133,223558.57841057103
81133,201053.27407607512
2917,85839.58583891517
76552,143204.73472074693
117366,259630.7764345339
68755,103109.69844351406
34931,175948.2812438683
127105,260520.843812618
134451,154776.5582256469
127183,199371.7011224199
35655,198582.19627641223
18242,105848.7248960065
40389,120244.56880689716
44139,480377.5119023137
583,147014.96713718708
46265,188631.59046980913
118509,246344.76238499966
46108,165403.47672963823
69144,39392.87013095333
56628,135237.7996622773
44129,328818.9935122342
25083,168119.4878855656
62495,173601.87194927668
3765,145213.1469182438
47420,116446.35858932792
22534,130012.33800645056
115076,357113.7871653106
79460,87540.16843207239
75148,70937.38260519244
8183,75782.39612316719
142558,156248.54464060944
28753,120029.15390756304
18708,365669.4646794176
112776,148151.98426909745
22847,279178.85614271107
59027,157400.82608621998
112229,272103.71231504466
137046,205207.366676146
137125,197183.47269468964
125624,186898.37384987943
16215,84811.98415259646
38350,270968.72636104014
19100,316771.8354514147
142542,144448.7080901856
117768,137936.4518769227
52489,166626.02179915836
54447,112761.1711101215
20976,70477.47262127661
20870,148139.54122735318
33658,47686.49753608775
125897,344694.8501186852
51646,151037.1111234919
123481,72623.34542602074
53214,345933.48080102704
44421,138991.88612004812
79979,79090.16156043194
134834,108354.17612381847
60573,380671.4005922164
145824,152311.82284592686
43651,164168.82762880175
18177,122351.3950741274
121233,81867.80192551845
136125,205177.68229953386
50535,54252.922035606134
33671,81645.800784208
57722,335787.0856891517
66712,236946.4307236946
75897,110677.0629494618
140834,100648.86957903154
6831,281719.1960638966
61337,132229.3508567558
133154,304683.6143057385
42846,136950.81456414922
27410,257033.58758102954
32895,103786.47770185875
111440,157845.28242445792
117236,100571.57580774298
67766,45888.135765693674
131659,184601.17130284515
45405,161953.53526953133
40961,132305.59401339406
70263,157406.44194713468
56708,128240.85150833198
40522,102846.51707211896
11613,83537.18752565593
65008,69486.52293444127
128188,229246.42581431774
118558,260051.4800163968
11156,126448.9085559615
23442,226693.76393256764
145735,374001.72444692923
14727,73428.63368283008
45961,132107.66436862297
15454,170417.02240798966
20030,283202.01602232154
64576,296769.35559009295
46659,120331.02550098079
80162,107974.40009720367
41668,146119.9290337527
124885,309564.12805450405
126520,156044.7863269442
35740,185578.63676888726
51011,380923.0607185946
39994,92772.88154658893
62953,52462.286991368615
116086,56666.98385132922
9914,185818.61110714875
118983,204622.77995827748
34945,182554.57315257197
137881,135881.44483963752
65094,271652.5672581543
69257,102030.84314471715
112871,215148.66765225137
139611,170481.23568656226
118487,110704.5280776366
24139,101531.56466945446
46566,185332.96310016018
135527,110061.97902609891
15532,242980.7692160436
52714,123185.48691324597
121074,84774.29944933602
29972,143452.0885594359
21015,263347.9694230271
40344,90957.81140334334
132901,136612.12015842958
43096,260674.03055359662
129638,154346.54871902784
134,204085.54546632658
133452,96266.98631294494
126566,52015.87679482103
19118,245592.89010602143
76754,88776.65422088702
34989,192358.55866994523
56092,53370.05900841275
41765,87483.98262645453
13157,207995.84079408506
67988,157018.21273128293
28971,182895.39387521654
111845,107091.24542944676
126393,262018.05259312864
111406,384347.62156185694
65713,86275.07143267912
69808,205409.603049996
10610,205977.603174666
35000,113841.64018243874
51189,254106.1889594643
131140,366679.92086681677
122160,177278.9529075997
69649,224445.1075177036
52518,259981.47117276912
134528,123324.48366966008
50234,186598.40636578924
81089,420158.7560560518
58996,154797.05392385213
65285,216903.46521021257
145773,135282.3031615613
22981,77826.06857266896
76210,266497.4682317177
75032,82061.15784940496
111172,171449.19466543908
122156,59273.26105836344
75333,94169.8011491829
4122,131834.32018224662
49437,245062.00852449652
79705,84390.30725342761
2646,168560.80640982962
35426,97754.98656852811
13335,173205.81374942663
41853,114179.95833096885
117174,177400.67935552052
47822,96261.3348514291
122496,158867.68141526688
61068,356335.19625719194
145577,63419.82938657455
8856,119021.98620266351
4295,698495.0693814515
4173,310979.3526428006
78624,238310.12924370082
18123,188196.8029419762
52044,232872.73211616138
42615,124608.85540274404
138172,358231.2393579274
14060,100094.21340613195
129355,161046.7664956085
116225,108999.36063599604
44177,101966.87906486027
42499,110793.80547444551
40023,138784.20562403047
31867,147326.14241369
29622,171129.6415023204
138723,48824.33942752307
117939,208991.80874769593
36241,155874.7978162481
119708,106267.80164507215
121004,236798.6956331964
115611,284889.132042545
61867,254298.03692497633
20306,98909.39270853216
125941,111428.87609334501
126759,242273.25082462886
129761,185120.04070927025
115515,339513.8590326374
133641,144670.60664133407
124012,209345.33593592176
111005,112704.93144999792
120350,91988.50488579141
145116,233054.41587346545
68916,160507.09293684107
70718,357786.7617289305
80429,85004.99682113246
20091,286936.01449155994
45930,183593.55957931746
77156,192248.0263613955
63905,112375.6887503324
41391,144224.64299586727
139698,258117.6016419367
144410,44972.19279132337
115134,348720.1636150971
14162,114577.04716670097
50529,103403.86454237903
132257,172438.53457641316
18181,198866.51842760516
13840,160775.20035721717
112538,156622.6084925403
34426,195582.42735634
3915,95892.09694720918
130183,145522.8234376958
41925,160998.98780953983
30381,139582.0031946323
136051,401167.50616616965
19682,161183.3377321622
10362,156097.95904796978
51728,143510.62364510214
45087,198305.60905328387
13015,159355.4563296619
28432,178631.05848654982
45339,101641.37530437202
55149,63216.40783982273
36941,94774.14012223955
57777,77391.08044568794
53291,146940.7729802592
124028,206600.1858629968
35486,336207.1157778449
144162,81041.97916364395
76119,205388.36848939233
3519,128523.5714187873
38596,418481.84806480235
6752,36234.3895206073
57670,134622.33903321862
73036,185841.63425748335
80317,203723.78112789948
113189,548477.0804182005
45156,85114.6118585259
115372,77145.02265768143
73962,284196.0090036689
51058,311130.2806412346
138591,164151.93504763354
76499,335458.81314115744
34485,150988.9778821373
6459,474976.76682642393
110310,64648.150753745416
67038,181469.72687437
71387,127328.27996977782
6103,410450.3925533702
142025,160214.52214133643
64640,416006.64316764206
127686,187856.75843560192
60814,73163.11357991729
50902,94285.44763435908
42813,90876.90244212348
136878,190921.39234641573
136354,97630.26788869267
30722,150332.711844258
137068,161391.2876492584
56461,169197.44879152928
77264,211153.06498259082
29892,130450.09568262582
2226,348403.6842372382
12407,143734.83353822873
14578,179031.33134424267
140720,544256.3790348154
117309,139888.95789857174
30660,394605.72406112426
66041,72230.05836539832
44594,68970.33621581283
52888,220374.48482227055
75010,136632.88779703277
145791,116211.00861050167
26809,76214.11035727595
82037,173892.49201069225
14835,163159.32306471656
11920,55270.71548188894
143620,168743.44833786646
53651,130787.07267628243
44828,142708.38226311008
50268,278878.256554227
74596,145332.49287201863
65455,275801.11454095517
45657,171920.01406075218
72776,365456.5671281223
138774,237118.93978691148
72882,106142.32099902295
40697,65360.36702820331
24700,156487.28024136313
31979,101822.8032255309
77071,40422.27990551077
128630,128393.53958067487
114224,117517.1809382974
123742,537379.4652938981
138725,65653.12920587357
133492,140061.96145417908
9484,199086.21405512939
122574,169357.97945073832
117955,173307.7152014939
55746,229056.00404485338
141611,233837.83424571442
7263,239510.6439006852
110245,220365.57234678278
59406,290301.25069734664
19125,68441.20791316807
136173,107941.16291131027
40276,69021.93424830424
67025,199938.04645176834
127735,67253.72768455338
48304,115526.48134115536
147178,87812.99684767984
61706,221712.36826538708
27629,103093.93366034055
1219,112872.11237845873
20790,301138.8928419637
145157,185106.01101075578
19310,115373.21102017706
52839,165764.50198375696
72119,142571.72638039384
126745,174910.76665431165
375,142188.7016842252
31578,78524.75511301606
140413,77549.99176183432
111011,95504.24146609042
134822,92959.94668525741
142675,89826.21514417508
136057,119501.7000067671
7081,116752.12022194534
76423,141687.99849686478
31948,78432.22529348425
49266,132049.95968970933
38333,104069.67001580397
115170,116702.58840521786
123404,47717.95548881227
26239,137913.30034671392
56421,377089.9357856212
30404,121094.2342992833
3286,248381.7617374332
22788,87647.11218057568
20487,230245.60671456647
61566,140952.24141523422
3606,278930.67639169807
11438,164466.80983794824
138760,192695.2882389804
111364,107147.10510715218
37137,177622.10054247157
143952,123672.17510166159
137368,275152.1919076565
50833,240661.7311036868
122457,124651.02945492268
118535,145228.88762262103
132238,103737.93230572494
121066,79507.10376892769
135482,143982.41885403873
66738,189977.49100651298
74962,184187.25873147242
123219,284876.3721692935
79262,61543.427999139094
62211,283994.08101954614
11404,193683.3718503798
66899,224028.86443721317
80959,336212.8910909307
49293,106856.32374587737
128069,284232.7702704446
1543,104564.60734903283
139760,292607.11807917454
44723,150803.51923706834
80521,72597.43644971929
22112,173150.38012776148
55154,394024.4946900568
23735,307897.8074223349
24556,68683.68861374643
51706,172769.16926896677
51545,188521.28669701712
144676,86982.29896073829
30581,131925.37346090283
136390,81112.78644955113
1060,110113.70912079989
53619,136855.69611316983
48642,62731.07149364924
120396,133891.68347653392
51815,142787.96650675157
31814,290800.9113043028
46002,140114.26679222958
44450,142088.31097507686
15692,193183.4221079017
800,77614.67679683502
63081,233318.15317014756
111528,168247.63585842776
63179,302107.7432652913
20803,100349.49743298492
117683,67139.14421907628
137191,118233.88756699295
51145,129356.67300583077
49818,141785.5198954344
70089,103763.18865272531
68985,342600.4018681831
126342,190136.4827860975
19446,358398.4501983425
56601,90460.43915574011
10540,175583.36384773697
16236,97461.58848189574
6344,116916.1956929633
28371,66665.63328111125
111831,55210.35505925414
122628,251597.43730670604
80053,248537.320822687
140165,84315.93761429671
135716,162382.3941657195
126225,134197.4999804672
111731,214197.37644373043
133488,102601.28939492282
6173,164218.23881659936
4893,185202.05558073023
147096,88290.90606632295
35139,254394.03407110687
77378,150916.402542616
119635,128572.18370441065
74093,81367.78964988783
132260,343162.0568610029
37543,117597.53437242669
56021,138584.34563776932
40384,226484.16756997176
81180,125426.09118897037
51160,198383.65102044458
45874,165425.82774644197
127165,252555.02020361111
45833,105345.0764990047
115112,259308.81055471918
48430,255077.46172295173
138417,134339.71347875023
135477,233479.84136097739
48572,101777.3054650831
138211,247675.10094783414
42910,109956.55147510204
64012,432816.1423430921
52667,78672.29642280082
118164,161038.3515565883
54154,127601.07137049512
141445,60761.52846581274
135563,153230.7960238351
62369,124022.47033812889
56550,159810.5855015049
37379,143689.6669998612
146438,207406.2853291133
1801,168753.52382672092
67545,143096.7261042139
69714,249034.72940621633
19445,186414.84314739262
79147,52216.75636713444
135442,109543.92737852101
66232,227362.38145965815
4281,83763.62049508412
3903,234976.42585600144
7027,182283.98632562853
115275,74821.3149153609
146925,667273.5769281115
74428,78112.44183627315
80492,275706.6434812103
47851,107820.22606548422
71910,66091.69022130915
147040,110451.23793002004
40116,97633.94585850954
128578,112348.5130197655
50835,229427.23732760682
137949,165654.88446683082
52480,148045.42374237566
117233,82656.27979470554
76509,187156.30623923606
133718,867869.4577748248
21119,119186.14404612641
146142,200577.66465519246
1699,169136.76203825106
71698,233856.71619476
47705,77610.3901738696
137741,52641.747600369745
68493,130513.50124811637
131660,145997.90222171647
117595,108834.84355421501
64866,282942.30183006875
40147,283499.23073397187
82230,43821.88684858363
14084,62978.43205102296
36899,109954.36138962102
31016,200321.80884130322
141070,389962.9560960956
45965,87312.26207857787
146456,242911.48712421118
10353,70376.76631780322
134577,222584.62654082244
146944,383394.0191149552
50514,99603.56603067476
2904,66644.79273445964
37935,231576.56099953724
15869,327836.3235574074
36098,264871.81401096506
65780,83906.05983466204
72291,84390.30725342761
143402,97636.55861216497
131970,92250.67196595295
40929,206187.87176466806
3703,116640.3988827091
116203,193268.93903473095
143543,141107.04111848748
126606,123311.45420190803
59064,222382.0503605451
71791,191538.93002065658
7608,475119.1872197739
71801,180761.8722588023
55070,312105.54133060784
42199,50979.21365345016
135300,138018.93421229377
61073,63703.6808643557
136731,106805.53263255086
2232,148851.78093386465
112855,103597.92035662437
4021,204447.01245339532
24896,498472.1926085031
68369,248516.49917063722
18739,118267.22716345769
49330,258783.80207843106
6053,483184.71004627494
79693,158715.3068698673
24303,215855.84918041705
15366,232951.98661420928
8407,161447.86823286227
16015,243762.326890497
75972,136142.99401055064
145112,120169.52530340392
5199,492588.38069239375
19442,172820.70765266777
63664,215500.73281558737
3442,145362.4849435691
123585,111308.44574063671
118077,127178.85402708873
67661,41881.98999731161
38328,132091.7466386631
58798,80642.99806802366
124232,91461.09822618103
123973,122052.1458816534
63331,384744.9656262399
43972,103943.72616456865
145242,82703.98142488871
66621,125787.86766088681
11406,90635.8592577328
19252,295920.0078074704
55972,86075.4669099565
8631,292841.5964302518
143535,224512.15961097355
30737,108538.5475786337
18683,150078.74508379475
13544,97717.57683802355
7581,126832.38569405145
44231,219679.31322692835
78518,185494.19456487842
127249,166677.81785959902
52417,264228.48277077073
72412,65153.219812992225
53216,128535.90058993231
114344,246022.36240407173
14734,351926.77891575254
46043,148082.17671759418
76436,127171.38752847724
129050,314765.23968873004
38273,193914.3736615471
15554,245936.59345406044
8050,127524.93134012415
116428,125189.38234753054
64349,235684.55042352888
69543,367503.3315382251
82695,35881.68858624303
33354,157861.37705856984
118576,277901.0499928648
113863,174743.11798717928
42144,367094.1277624504
39806,191027.87045602288
25175,142056.17170301013
30942,164224.18840046594
9009,78979.11195158173
142740,41550.437109482955
29682,189736.74473544286
136285,169689.9345712671
140443,235700.11743815028
48045,150990.922053581
111307,127738.11385647478
120934,255280.80566364998
35232,180450.9138293072
123286,89017.59231673667
54051,277086.16426272766
132392,179747.4683565088
75238,124401.18275991897
35877,231542.97829602042
116128,240433.99639274395
57931,208286.0517585455
6503,92110.42542239817
42854,83931.56134678875
121952,118629.13559691221
578,319079.6990939694
14711,90226.90551894945
19673,174644.14659154217
144417,76617.17646768788
21669,116890.52881788264
17706,209052.08231937847
67158,113985.80897634986
43074,250311.9259533975
70498,111892.60715279912
70863,158893.03218418604
143021,86553.78297447646
43194,207007.68680126418
123400,106177.5610268745
125815,137157.66058573598
120590,414259.27333272947
80565,266447.3108415405
82774,53488.13462672336
78125,129048.18380908458
111110,61942.57412571006
122613,108458.807053834
131078,137879.05399360118
15544,254812.84081850215
11459,239333.9650141467
63651,115263.01949422692
6981,153738.99438675205
141887,124372.29659616208
130946,168938.7502513745
80008,237892.00551202823
137076,338359.3493756871
67869,169127.9160174557
63017,227389.3048764891
135533,103602.40788561276
41010,185481.59469995095
9199,97684.19375221159
137780,167677.0225648476
77593,289905.9328036905
11510,38085.40057354437
110555,150602.45080479461
136144,99023.46196811213
62233,285878.24623010564
111263,236863.566377398
119795,532349.3569751
45427,237866.13539015726
23243,194282.45846773562
17630,356787.2441157737
51809,131483.7645644379
72553,348957.16281544813
128372,102016.47646917486
58793,106096.72885043445
3479,78934.5858555544
34742,264272.6993030482
40972,131003.75478872766
47424,684461.1717318213
21112,199917.1860624403
122069,178265.42181607865
58659,111171.8796584041
78692,66785.11775952167
2519,130979.51218557174
114176,91261.41467674993
43136,127793.03023977028
70834,77763.44853171278
38727,200539.13366766935
6055,121773.65725155862
45143,214687.08231810835
126802,77100.39881100984
77288,141502.54629338766
30723,99168.00524117218
68303,257864.41218384544
5078,136069.51251592516
123225,112767.40581637355
58392,57846.03905390132
76559,130109.81580703362
2698,156509.17037640614
138190,114868.12355997952
123911,215458.03210712114
52376,181290.44706823042
42755,99195.24492107867
36672,269616.8071661799
11852,45770.78128942613
48931,82596.16724789407
43989,147098.2488283617
123215,149153.2131252348
137955,140096.84492445106
119516,118144.15355206112
15821,206352.01196624455
143966,163366.49143957993
119765,204815.85994264454
12916,158040.34952423256
63453,59110.83911773632
111651,141749.6452420262
10771,234060.92030044977
56282,456070.5146604525
65017,471624.5316389655
128320,113808.46661556818
79859,87058.11569436747
50137,229367.4254630211
118831,197508.9874869882
15151,95928.81844008574
117689,155254.80353180735
130031,50531.94785018543
28959,192604.9870133654
4964,318670.6681791548
4051,277500.2713063657
159,264763.2897969473
15801,133635.37251536318
127463,180967.18887401832
17961,102270.28553793704
111190,192756.99086747598
138459,119969.63925696825
124624,147387.8087944695
26380,111978.79883209223
137410,226634.30260749147
44116,156420.71051640096
12971,308616.01525659236
9326,359457.1535867389
78987,74479.28961632727
31712,101405.81105630935
77459,659781.2721400987
40334,158562.48458227847
122582,180718.53742547854
43789,77266.83840065071
121561,336864.9219625967
54230,181353.3171090316
120271,112375.80627828429
19904,361486.780636501
113937,77163.36972216907
126013,105215.32473408114
60004,240996.8954984321
15463,311415.6223033322
146168,74731.61421913262
128598,174497.19617077333
74706,103427.52349602967
72556,524672.9737625562
140728,264386.4032733238
20452,101351.36847697105
75925,84033.66028935593
112522,100582.73478776804
57144,156404.51533416295
55177,234478.13317913833
47590,142434.4772858143
50048,47126.84232900263
42979,187694.79696999645
37592,161073.87831705413
111115,288009.16070739226
25326,86677.61975731581
19146,93624.7533967576
145196,119730.10907724997
124655,154201.27911985008
130913,121665.37546989854
119445,107333.67328005741
58609,71051.70505157692
42248,70920.86849471039
71660,142397.5993073347
26782,164270.57544860351
130897,49759.37421934918
124833,414155.3366385158
119346,161292.379162845
16488,263046.3228422647
33125,106470.19234844085
57303,87429.21924076446
53748,133988.74398914643
13457,324067.0223677892
44869,402995.04003290157
20429,136023.50991293072
15051,261921.10075939435
114383,113265.74295703038
58229,133513.71975973167
24371,177364.16395646177
111598,224360.1689602555
119622,130128.75227316232
48186,106284.17201262615
9035,128489.08971417656
69970,197299.0911105753
115395,259484.88211187103
73967,237094.09081884526
34359,118795.23896583868
31133,148797.9181908234
47689,119846.28433183636
24738,186289.62039340477
27940,81424.28017609906
7389,117771.2424479376
38462,173605.40565185464
30413,263935.6785742293
122098,155023.10324895818
122379,104663.31276851727
1694,78090.84238488306
20351,143459.38143426887
137505,471128.34772724065
119157,151493.5874703806
52880,107476.31988597986
77010,78387.95394771235
7594,131188.2221043925
73346,121059.89198382577
63101,191936.4954563979
74775,357672.35898460203
62063,333012.00468071824
36858,122463.33544999077
8152,142299.15676935395
60523,155986.2590463314
3916,322772.16553929617
29003,342413.67574204993
134198,113386.65440429417
118733,150857.02219976837
34705,407734.51129768684
113902,160686.95049146406
13491,159972.27707009055
144649,174808.22466854082
35840,103741.82902570878
146023,138891.07581074987
137200,99727.89196985467
42414,263603.2070823572
80807,258570.91808301536
3890,133906.98239078908
37896,103148.74534667053
115810,130782.7716249971
34803,116625.31506092275
115571,315422.45071256836
116396,136542.37399787657
139118,164312.08386555343
141354,360292.0576166288
36708,227771.12383216457
70890,209729.81168397365
135315,121549.19246348896
142757,207907.4818759113
61657,142269.2197871577
64294,79197.41899366195
27500,89660.19392235759
47826,114719.32990734055
143922,258888.01291451117
22520,169943.27649185673
5339,391970.8164886318
129501,103204.71770059515
120139,138231.14291255947
116312,175879.10824509736
45617,169754.70637806057
51493,98851.37630143866
66204,136498.347364317
56128,175925.30847565905
131967,305667.4535147922
122396,391805.16185066855
124108,337135.1503764102
18190,101696.9406996553
47263,98866.0284129237
110553,101837.74786878665
62343,64964.617590252456
134708,219481.65424777515
145477,271693.4987214693
73112,139888.42877044936
26728,131238.10901240906
139975,150053.97639882893
140895,127704.45247908008
67176,161137.34779463534
123372,204944.26667037446
114849,101529.7786914802
140282,222268.8977399649
19452,191947.56855763937
7992,86732.26438996155
110268,81258.90953371236
11236,174493.93153113584
56500,128723.51654156754
11507,55693.9840149163
15292,187600.62573287231
77931,393737.9536082315
33264,99437.26863876794
49458,151836.41857043092
7808,408725.76823450695
21932,185880.00561825483
58614,138051.37863608665
51473,112476.0742710359
48115,176867.05415109938
36363,63792.08757932181
61001,44944.61970114408
144950,191502.79103096575
130616,164284.40339586887
38381,153254.94774680558
27231,180024.19907668987
19228,106987.10570328384
42133,195944.24234858516
40959,168277.5898174818
30752,94441.01006041368
1653,267524.72440582153
47930,139922.73790515863
20744,192041.8746183149
18492,214775.44225914776
20592,148483.0179996247
6371,574458.2647797599
138263,160648.95837706694
18568,130259.23143131593
10570,139264.26688738662
11178,303026.7289280022
111857,130391.10168353966
52251,200079.60969593906
1851,82534.95022728354
36043,149399.6874422747
78306,608859.0476971606
119403,172888.78603336646
52640,575801.6219232124
127650,93383.16909418051
19467,174638.78176546213
44102,249838.96770416643
66830,325047.4819915282
42529,496674.92047008325
124553,45931.72043337792
111373,64366.12634996427
22536,155753.6682548376
31741,102591.8867631784
76963,96380.3681262685
38272,284294.0938514426
70768,88242.81154213622
74649,125179.97195548951
126719,204990.1636545956
72336,150511.75838658275
144553,142424.85664670562
17984,330039.54818527156
67829,263351.4497943586
63890,339920.3537816722
76355,64420.87936263035
80488,77265.73374735084
56850,134444.38736854336
83178,61362.14504187095
4129,76231.00236536739
14597,108710.1352389591
35801,274274.9558388844
58652,113584.47937904237
19685,513397.5699990237
61229,223135.06089832098
54925,331243.9597216193
146167,152927.388901125
120113,251812.14312440087
128469,84051.5433877523
71270,102418.34910046753
9359,115801.63577646717
71653,134190.7773939916
114703,108991.80379327922
131638,265903.5399877641
7202,262883.97008992423
72718,139057.0541504164
3980,86937.74961540403
28769,103537.20138734713
119609,209733.7979609276
4227,249609.05475118855
4972,120916.15410005781
49383,154212.3136311902
19513,246584.14936424614
16532,145063.72488875053
125416,70010.27523530684
33465,114690.895322823
522,105956.48859914123
70515,69409.32166580763
135966,103436.71952656623
82495,167063.42180409696
25232,100226.72095702303
36207,185541.0724100185
32642,50011.2331428085
35898,149532.34911620928
77248,68265.84944256625
110408,115353.01341170815
19382,93973.41994213585
6706,58675.788330742944
60955,191897.06397401128
15996,184391.49910160626
3234,83159.6197243087
52302,61702.035254143826
55542,244862.905343824
43236,85622.49218998209
37236,81077.49561061143
18311,242369.52424927702
11952,35950.71936381959
17559,173416.2605690807
130558,180169.38283331651
9000,490831.47680618026
132361,168625.08797600845
63006,157267.6455562921
33615,174874.07036050162
114120,135547.74314430042
113291,219122.04735312634
141758,170600.05147671522
46649,147937.2882296556
79918,76931.81584449648
59104,261791.48179520908
24876,128650.97091267159
142086,485722.2448700528
51539,100929.33811978204
81750,159623.98708558897
64457,96213.25129803704
25338,96008.37278107923
136214,321307.6629680108
3457,166142.68168846928
135810,50664.62211708518
118351,400571.7674101468
18384,138729.11313853035
17896,48308.26282956202
78012,154666.57287166012
24353,161757.07884645477
58960,78270.58545074935
1004,108491.81398423247
111586,55633.6213717926
126310,121370.90620321111
38181,93354.53152830101
137654,120899.32014945199
70684,184631.59923675674
133654,115282.30331624442
3873,161728.59805818193
57925,97661.24825764194
50019,90912.378019439
120109,151892.33987181046
120026,270606.8421568653
438,375779.9164093943
120582,174702.92427065212
31646,204383.40439000758
146572,102570.50883138576
10312,88809.96456340115
23977,73465.90391927469
30540,366485.79513262474
139222,91401.94085071054
81697,199906.66833980702
65748,62065.13119860005
146493,131448.40239418182
62693,251216.40190546744
52391,89363.51963901793
74255,148289.90186996278
72245,206877.0831292017
25819,119799.26708033774
12788,132500.96768230916
139476,84451.592689709
25313,182234.12390554335
123644,182008.22124470718
137236,156000.7853328
146963,281426.2391828912
40277,66373.20250152849
58800,134894.51699597048
10656,67358.65000561194
18541,55580.344612738445
57485,305537.696416292
48005,60356.00199939217
131016,603856.5736789241
24808,85353.79364755079
4217,229175.165778842
37821,235202.14075086272
34752,267569.9924307099
15897,334446.41350214125
43531,143984.27931178454
36565,171239.67962034297
16895,106540.57854565862
115011,105745.43281672383
120482,336285.4260723959
34715,118360.07516770271
27688,91043.25559994447
62473,97193.2002949341
29044,226978.42593240118
34665,174038.21107935286
49324,741246.9824863563
6888,153880.1875274282
65972,285772.60072509997
111405,178881.25965759394
5396,146857.8257420711
55512,147569.16181200423
130502,218963.44129039565
81548,45910.73642355481
73737,123504.06417139477
78248,335384.8092794507
72385,151539.4626489693
20,296831.79788341693
126497,232524.85621086438
58374,259798.5299227092
69042,75889.82061210008
12341,92152.6276535925
62756,335560.7085384816
135097,42351.915647173024
2129,178264.30530107603
41527,264304.79345261335
138393,489502.1700972841
33309,414814.0909004814
19335,265395.06532230607
117232,271315.63652615546
130343,210405.53610105783
140647,127982.50481795074
60333,220930.97536086015
138187,244018.81347721885
61004,127835.91992267185
110837,125281.71627895969
110605,151455.60257833774
115257,253621.41955774146
68544,110838.81827315367
43954,376473.95277389046
70273,362449.2773666068
116845,144280.85124914182
9279,59018.17301563207
48712,143757.4463292103
16225,161976.00802482024
110986,289802.4384519111
624,157935.44925574432
42898,170765.88828226988
28122,175893.59172082425
23788,238070.00894601224
65962,165731.23345889198
23289,290951.874639423
22296,58473.67324055391
7564,119402.22865398656
114858,155678.7100158759
49899,72064.23926831603
34317,177094.24808050803
11838,45329.353328175006
122803,176076.5135211269
140800,301776.9084393751
61568,124075.11498717302
63908,123604.19486661337
45429,153740.8511609633
72571,51559.2566306347
35876,309392.40661455994
38863,159099.0054314865
37190,547426.8414378809
140702,245616.45280415536
41878,282680.46917901305
35035,178082.54506663742
73202,207547.99086989666
120715,255814.32589658414
38356,236040.2434887751
23965,156368.7122660298
59124,96968.17199310948
19150,140678.8575186407
139089,232072.85407439998
80848,57698.68361137009
45955,124421.63489230198
79176,63997.72589134135
9774,248215.0503281727
22077,244280.33880516668
6289,139084.46684936882
36330,64890.56825090798
141036,185160.6471904499
39123,60074.14832784966
71957,195092.38625815496
24210,115149.46789353812
113080,153991.31653332643
42169,324476.722154728
35092,192734.3200705162
125588,123172.01764105704
53576,329935.14745754347
64951,81354.45914555644
124555,156491.9983828347
138868,100184.71328858525
69874,160307.641689575
65092,146206.50249057752
43425,164270.80935866834
9789,115465.96678191872
58606,164052.6931265417
37356,95975.7082707661
57111,323223.60985843063
10736,113086.15123608444
128226,65981.3824781649
43960,151126.39417816856
25174,94748.54914512161
3909,201756.91862308604
131470,146027.6137745866
132156,93260.34064567438
38427,113607.59708555296
49815,57174.703032677164
11778,63831.60569712578
54135,251270.4007373361
77733,89972.13943972808
66455,125692.18525940903
27184,67439.76120051205
52937,125109.79574324004
16903,250683.80762359913
74395,195110.41243559617
37067,177131.52901209067
72758,379988.488161772
53555,618703.6101971606
116723,105252.67382478551
71113,124455.03540083865
54576,134978.80976703682
114945,125296.8502457846
138016,271961.35207752715
43884,312649.8889316116
66696,123209.39752323809
62108,214873.7904021205
2968,382181.06405324227
15917,70277.70961915817
1579,105717.88542454326
13674,67242.95778655144
341,558467.9586049413
9559,324305.3633364712
138107,106410.89403578486
75119,291856.4197958375
47935,334579.9864249585
77696,281476.54989807616
145212,48112.65269270727
142020,139609.0293330091
66362,203119.64014889702
82663,172956.75194370683
2735,111912.4534004603
20426,187121.08282102906
18031,79692.83049944314
125081,553566.9632606
79708,85232.39015829233
128681,191412.84306648863
110583,224497.84628388967
66535,193648.39928728045
44692,98279.10913412455
145768,115270.41275798272
63580,111309.23238789418
53284,76753.69677148403
112875,75266.00923384711
20182,168547.5455566287
16702,147200.95876322716
123864,105787.98191197941
40048,163604.44525253188
122598,156444.31359531908
6800,303495.72266297054
119330,135697.75796843413
126343,322554.33050583233
29210,152216.87554128765
28401,165923.32150383046
133701,52034.514394520505
19304,108335.62524220967
49226,73880.56929552
72680,143750.03348001168
44343,205340.21377997173
50600,293165.4898422268
53824,455901.1724453765
17750,136443.13777629746
120167,344294.2350044857
111751,196295.85327249602
69061,185723.59113037368
74923,100011.2280081038
15658,182483.3718678866
73262,164622.84483328735
44318,603148.4293032632
46379,323972.773635261
144766,128363.82732916386
62112,63380.640632509196
26524,399295.2906331676
133284,440265.7144745731
136632,191610.6415547881
10741,163041.8437777127
60599,76740.99689643196
117243,91465.41497643542
3933,186509.32873896573
30244,74428.02036267165
40332,68777.4869526486
114579,239003.27168943538
128624,98075.33442589742
73798,137590.31046668353
142286,179299.57287035004
123669,170693.18734467035
58571,134496.7436915292
37073,319316.3485249948
18034,165420.80654601447
120089,64935.47496163465
46806,435049.0152569441
21710,204671.41240435524
54044,307674.55053340155
40114,52580.922485055984
45555,65148.98658571941
82941,293247.4938558898
12622,344967.10735940863
123605,88724.53122474373
128555,87098.16212487873
78082,386596.1720046044
23668,91880.83533132919
118705,177323.65611790522
52643,106267.72013151084
114039,179884.8357201956
111363,78381.72863625253
45539,239528.98696609953
68765,82582.75300556657
40566,149457.97078265646
78875,191681.80843656906
74147,261290.31050111377
6302,118189.62978355977
7304,339882.2477188591
32338,103501.84897913678
124785,68928.97593451876
141634,136555.61304899328
138116,55979.2877230321
114523,145487.9842874903
145980,107823.28754681122
37631,91454.31566278664
128180,50811.72550663975
19556,116874.73095131776
129535,18597.492526495767
83187,119522.36230211493
36187,103543.21856901636
25647,200829.9949739062
119740,111484.50578155967
137080,86871.03792051353
46328,149550.95820738268
31704,452898.1958617055
56412,151014.90462036405
71004,145037.93339700246
110944,179633.2160507762
45831,199351.95529717972
73039,244603.0577099073
38957,80468.15845678998
73438,147623.35770482683
82708,129785.79021248968
33424,186455.1629792657
39778,230405.7200312463
15071,251011.6408927464
110566,87927.70364820873
72529,201171.69666999663
21718,142374.5904437833
130450,171908.49855330732
60305,151942.45641245708
4121,131311.10904141495
16058,115553.61472897432
69637,238158.82148835406
56486,141839.2255333245
46190,210429.17791217152
138595,157491.12277662387
113650,102035.60166590117
82659,153990.9985967942
46096,168707.35396862638
13807,155794.82093260624
10402,85446.25803482438
27012,249694.98844267154
11719,280751.66669665824
13974,114681.24439238629
70341,137202.09492363108
20050,92840.21611268974
58215,94857.82802856996
27449,238721.52128236898
44527,226245.56129695073
136750,50286.92169028331
130397,128921.12090084693
114989,118056.93802013426
49142,226454.8292226814
137937,47094.14077602917
30375,79309.86372503018
121559,306207.1899559562
40238,154023.9615792786
71331,91900.03023596278
33532,253680.73164049722
68318,97652.97986583617
66736,134470.12625086753
69841,62316.62921804012
34137,235499.17651507258
144696,197548.45046339266
133161,111483.22015363746
69084,124786.6021390678
68315,90717.54899124318
31705,246934.80924955505
110262,108490.12641083145
1879,147121.47802994784
39703,260447.07719765976
29334,124182.6123050866
129105,216588.6711349839
20635,219893.58687550464
21546,109445.5812573329
51520,240127.61801855173
82982,146161.34857728574
59012,169554.14710355707
142472,147095.95634014605
11418,164483.02357254678
49220,170519.51193162976
124085,91739.20922737634
56243,473161.7324398272
14163,108455.98297730357
139198,165137.86328499636
67370,161175.27798629092
110732,100125.50824978433
27194,182797.48296306003
6426,191867.75123450026
39864,99542.55092869194
81720,90522.55989444871
41411,189293.9759980308
51521,140518.30404683066
74517,203321.3039742424
130496,271149.6868395604
53102,169922.13338199776
140167,127621.47492103025
115680,98163.41862985423
46713,109811.59321845023
44171,103412.81684264615
12594,103665.98280349275
10863,81829.55126627411
129729,110883.97919623498
133400,191814.78213927458
78493,310350.8139479715
50341,64318.132181397894
41005,298076.8962046881
36045,178313.74445886863
38102,125102.15287272967
31820,281191.75554707594
120728,72785.52747334201
50843,316021.473289639
61221,188924.9742762485
141704,158894.62563638674
3179,174728.56122022457
60928,125597.8239058994
121528,134605.76623997814
137911,239962.2315086255
19311,237221.73611913645
122821,400869.1395439267
113580,533765.6189127936
80583,136489.1856392051
124231,114870.81964150316
52984,251797.23724887293
42045,257604.81387109502
79014,106107.75243514127
18075,104606.95797020747
52366,85688.27807733165
33522,199598.72612203754
42425,84591.06932724817
10166,38712.684262656
47560,152259.63337399476
77617,181957.83938088012
12062,258514.39657221996
129337,239167.73528736428
54894,520737.8331593113
45482,252523.10988503904
133302,108121.79069435247
47970,243226.3597814972
64226,311569.7988688103
76333,91296.5457200228
112265,122287.24992605876
43460,103142.62751608522
10572,117731.36387193401
37647,164248.03089602693
124698,63378.52695617369
134999,132907.08724663826
82932,122014.08650460135
6219,55953.61524267086
76307,253477.33427702752
75088,244356.28342262784
135721,334177.07155066956
10506,255933.8770229009
24748,48210.3100679109
140491,88412.59033899053
59661,134978.80976703682
145607,119071.38851152544
66256,246721.73328628414
52842,91095.170834066
75969,144154.01976016373
124517,127050.07257051792
51941,168429.38161410627
38816,101765.05682893161
60997,290058.6496706642
21162,165155.99047410907
50478,76519.22671290356
11242,208279.6777325284
42456,128485.59372501555
14596,117555.04928312525
70307,108194.73822100456
23221,76485.85060385663
131286,284336.21118086396
29844,104306.85194894444
82126,102733.09683472489
123610,113851.81887469754
59073,73032.7817602044
1308,124393.06446208569
3444,83657.5942207411
137456,139739.6260784352
49064,126900.64759510261
82580,308238.5373123455
13399,111941.96437789185
142662,274443.7631085925
119787,53013.60413867372
59604,115076.48664209103
39095,202305.2006543439
55047,128519.23708951681
62778,241703.56700725597
26172,266754.00029716565
39629,55471.50879339866
2989,91809.34026319801
110308,88048.37186186947
125884,180586.63719468232
118120,137140.26963148158
2937,134298.17821905552
80352,107548.14040987322
143867,173637.09605503464
19300,255319.29331400996
82485,91366.12010181384
138583,160004.6451723033
44208,202069.18391398102
48300,139744.34394590405
118287,309617.32778370846
5029,592985.6573728978
115293,97195.55630504756
53029,207720.26083285722
128050,134174.09851407664
6892,171369.5527845632
39683,186613.67806965637
78181,386120.9490875276
2740,518951.05347611656
19339,183778.97957495265
20756,153098.36659416053
16544,546026.6751391407
141390,144355.89156603598
123477,51852.725364377955
78434,177997.3353614569
122663,281951.4760744576
22941,191632.9114345749
5070,150945.45264743228
55361,165091.47383045283
66828,286623.8959290768
29413,135268.128005426
134010,264921.884973593
80649,49579.36737449671
116687,93233.32152703017
32429,74618.28049302919
61228,193519.9753034354
29674,139431.24384992706
129769,99989.14645778501
16642,181203.2849832798
32292,306633.9573397009
3278,113097.5729509596
30847,184211.28608227102
14067,72549.19535404062
45527,93459.08251482034
59427,65865.77346772593
112117,279175.86189681676
81753,207659.64268143673
78211,145354.7989386443
62996,143246.91717031755
56940,146883.63681701108
17439,103780.73442057092
119422,223076.01939460868
75323,263707.3193395143
32824,169849.14521337659
145875,110173.62134396922
138937,100889.83404663629
138999,66323.29417733272
67725,367243.83556639665
41145,155297.28276874486
15930,42029.875379070894
139492,377337.89659272507
49124,143093.22262436434
137659,161498.61020556366
120994,242280.7276572011
53636,101631.63036222482
47303,468973.56045519945
32152,151986.02423883163
136709,114860.89893044846
17980,92941.21408389825
57676,107492.46326377809
79844,154636.10796463882
117442,63684.01962300844
66531,148292.6111901916
127564,204351.3935724255
58293,357954.6786708548
46119,85710.6656195609
16652,330096.7407335389
11033,332768.00712284935
82576,22594.707792268182
130530,111172.93368166822
114240,431739.13351821783
6709,75002.57579483252
68412,68427.90215661722
15908,89283.5815083955
37204,356746.9262350112
82990,106102.27062493832
136897,252059.32764882882
122870,82993.59998359243
129012,109185.46581995387
118578,144604.75966719218
77409,208991.95280857576
72715,213088.56698416529
123015,72074.9084474837
10181,161642.1128115592
11674,303487.2335619426
121760,60288.62156646814
3375,82348.06100395203
16353,147186.18114937493
71564,56867.414942758034
124278,111845.37661396668
61431,214513.75424908753
45681,222906.03478013616
32558,74137.74263399874
78134,175076.14610231383
40309,345753.1414948375
140169,92436.28607752341
77962,236340.0107808159
52933,105324.4100076558
117951,231996.17061266382
73668,184573.31805936949
28579,54186.15614351426
25211,223086.9356957409
44066,708893.591187905
139834,170517.97731903705
117480,234206.14866781037
112807,67887.64519420806
134201,167485.96213151654
74493,104267.37865111028
33441,89490.69558638945
62176,108629.17630145326
130385,386365.28195668454
82912,62058.99627910768
146516,101453.50596593611
7515,307911.10365294915
19408,181986.53699596788
10080,89536.96284657787
29699,196421.40469207193
115032,365173.2648507229
38415,253192.59909048333
50570,115846.01838846029
132314,410781.0028073866
1627,289218.12492395175
118166,480823.4381427539
10631,268567.9052050571
46452,268199.3476685315
23489,82804.16006856847
144657,336332.9103112368
67421,107160.1401608618
9468,123886.4675892726
123247,103610.17519288548
146976,378482.3675109267
71732,112820.44599068529
74043,108573.30436341533
53061,155553.92450009368
144489,135781.1193139376
144031,319019.2234716299
23305,513334.0762775725
42424,508885.35945421935
46073,86440.07818192763
16074,107895.9279458239
25153,420361.5170941187
26016,178597.06361090048
62147,169046.60527176654
25261,275287.31406858284
119877,175342.10247907272
72757,177928.64729116386
53828,234521.29363279953
137330,216530.43988165067
1227,114312.9868326606
39949,220860.18761330072
131182,107371.43061583926
69209,161983.2991827869
82931,258126.01980121556
123577,97770.66789257171
44348,143964.4956544331
128112,210473.31972806712
20265,189568.34546473733
58274,306326.29451068887
76237,100118.62409090655
23845,133945.86261927686
20578,165665.90940442646
136859,138983.74725717757
5274,187798.03548215813
45823,330050.6987799577
64319,180917.2549480565
20014,255445.11534875268
80366,109847.6304533297
145789,130110.93485702897
135344,107471.24267630719
134082,188132.77268220685
57941,275494.91133388603
31355,422731.7943519254
52622,282626.4786142779
72612,117293.3151990182
118577,146818.64031570416
10158,212388.6266814789
135976,94429.45008202965
145542,155820.13068315896
73383,162853.77060893486
48606,413510.16085655824
19885,207650.77102926507
132810,105988.2592152681
143864,87300.032475722
72159,95417.89175326307
22076,120373.39249309346
3851,136840.93027666837
143288,254101.77244305445
68012,148981.8980247128
116078,130351.61553449593
19048,135830.42762110807
59709,222736.59862774226
52959,210899.47913458466
110307,126852.75444170157
59287,116154.23533298826
7681,117021.3213563239
121116,85041.2181448713
141319,102166.6348680103
20066,236238.009024341
23224,85757.71384623412
33032,201720.19711211248
72419,230502.32483427285
5807,26841.225851395917
52982,54334.60325137868
76051,119516.4716851589
16954,485912.68330107036
19649,366821.8681709612
40255,112601.34694831088
33662,278265.4008941453
18557,109179.0011996931
146359,62987.106574032085
27683,130666.26026813172
17527,187903.90431875462
143337,62826.09031467016
77836,240527.28899909818
77513,86074.08419171709
134418,130762.80573243846
129420,99510.08551352077
126317,185139.9310246698
15548,134038.71742869503
49113,321813.2712032666
122809,197355.42552161956
26908,125527.53935157365
118482,265204.5983108473
51286,294263.93174299196
127260,255861.09652616852
146415,133462.29265143178
28442,194303.30927301152
79210,43372.865796909784
27726,61862.46808525633
70661,55908.47215322826
38044,64709.41458645825
14899,189333.97822204817
69297,96329.65089004168
129604,120802.58182883903
61000,168955.10967083008
114205,460542.9774292505
16460,174812.31459020276
25963,58705.43656557687
146396,132010.37829145134
136537,93915.49285005644
143684,93292.88854443759
35718,586219.0018081857
119004,116099.87925921522
49043,164338.6525810655
22122,252258.5659663385
38282,176502.7945351251
19712,145543.05205913103
111524,174089.27032464623
44992,130026.78641783008
117982,727014.3922569117
7396,136461.8866346191
80160,186223.10944635267
143180,109720.92452566442
115751,186433.3639016812
24781,131642.09602923054
137111,223770.49140829736
64288,62898.75508408734
59842,273629.51893060375
46246,91282.03365306792
66714,73866.44799249398
143815,248089.23159718962
18967,354312.48427867313
37189,135652.9942037971
76681,88647.7102594519
130915,132726.78451275075
69461,166371.60123110242
1561,119678.10911728782
55094,214126.4134608066
39805,115575.3056954742
23428,239069.75511953537
129431,145823.88015763118
146543,464559.22728769784
16514,484635.3710090404
10549,96671.91255030422
65324,146575.78486194153
73817,174470.37350429752
63597,282330.73795740854
43094,107771.41370583436
117365,102472.16638371561
21568,120710.08737019834
11106,254582.58929548442
23729,122847.22318561893
146674,228775.86044305563
55992,146390.16321868077
32448,161486.08104830334
38120,216915.7263746142
112231,55434.048782949285
71419,93096.06049850985
10602,147600.73601230182
47605,143873.07005930974
121288,152977.79377619256
11482,26188.534323897384
31241,304513.1400661834
137989,124910.49778959845
44668,153212.90069299482
55898,79900.81001733031
16622,251823.09953439407
79614,108390.21754921575
114361,54156.43433634827
6545,247797.01232773234
3590,82487.42626008601
111268,43783.60387105236
72383,91167.89349169895
78569,673617.4413413177
67028,312491.5291983506
50317,262805.8139502959
80189,97117.0185085506
55172,163057.21469901677
31684,204441.57819240168
74295,214408.0526949742
121121,53279.34330918327
130286,130448.86126940325
145012,108467.91475960537
126902,165010.7878658817
82542,94784.16668865943
116101,211509.31741915393
67621,72961.58507950457
114324,170021.98636951385
113352,171356.70132926985
12992,304824.33499219455
122573,231449.36892062187
42758,339481.61770418816
28696,169126.84252300454
140478,158248.17679406816
127678,238357.08228353318
137483,237501.82633630472
62673,548662.5637116563
123909,108359.79325436585
124754,146291.30653528907
8619,235203.32512122946
144121,162344.89585220706
38463,133734.013416356
65835,183784.647808192
30828,129013.42134925668
996,228135.84404319033
67913,169972.5460708644
82706,110446.22536541597
120525,148601.88566706533
142902,478223.6615649203
19714,162624.6948104715
71444,79830.69757852133
127549,89977.42394360008
146042,78676.00126159716
69999,331563.18118488375
45779,73171.24499226504
79982,255038.88009535047
128778,329788.51293056016
51950,159080.49264872307
25861,128794.17193659526
7084,226125.24141386285
114329,133042.20245083148
16789,67708.43805278567
113344,183407.84913506475
124837,168303.98520532684
12050,135353.64558890258
147169,271883.28469249024
40842,170125.45691657902
18471,65368.523445788
19124,237486.89798180189
111145,201129.17374772293
133090,116142.17503001617
17870,331882.6746568494
78152,149059.34511814814
7061,217370.1729629787
139798,111667.38163392624
121052,95941.87857249472
43027,167343.24308029428
76090,104114.4245204482
62744,163305.85408541549
27139,103010.93279140859
9726,152343.1748938532
25307,117308.21112958126
57684,234039.64444300657
56713,185686.79954530133
114116,164566.10080556138
122214,199922.67663628666
115524,198049.7192617984
22132,297454.9419614242
21870,165350.52895132592
22184,394388.7796014905
111317,84186.11888615893
126200,304566.06640772184
45550,150015.7643485414
50878,115693.50577254235
9990,67049.45433369605
32432,110166.50900972224
141897,177211.05489631227
54361,148794.09630479055
21789,140046.30005474764
44600,138817.77899493653
81257,82571.12604165706
34599,145453.53875388976
70022,329549.3186785012
48388,294395.37001684273
28196,156935.6201959363
55057,86746.43371568795
16694,233451.53136754446
122209,250593.52082370027
23862,46795.93492832652
72978,123549.83960758167
121816,252223.34777678677
20614,74212.87682014998
139940,245643.43644416163
46430,85992.08089811564
133595,152089.98306720407
20102,238558.16846331907
76112,186881.3171479478
33967,137668.66533666695
71961,334944.8604225416
20214,111023.09159377063
71850,121952.15742856014
38926,121622.38313154056
52727,200194.18707819874
123612,97926.79578311597
110355,172104.23226387112
144384,193224.04608035245
138074,141525.38208241478
22370,126978.88684918321
115106,160934.01589965427
1306,232690.52390556212
114450,110807.31567495374
77778,319912.1948876494
80372,259438.32518755435
39730,158006.57439779467
130718,220942.0658097081
38544,202576.90582829277
63428,77031.1680956363
78222,127201.61969071622
57718,90389.36824206992
47803,72700.77142056229
28618,271487.82064086647
132661,166893.2174745374
131602,267600.96390697116
118734,131123.60932018602
14141,240498.166367319
46586,92218.31855040071
127369,279592.2995914609
43759,138580.12677464262
43487,244706.21873868827
140035,162952.49847070043
60371,62678.72063465986
79161,46975.90725369459
139294,109545.76472384986
131944,100809.55798090147
123510,102314.62533242282
15632,227646.07296670566
7904,261472.08521367708
22081,197260.48269566463
72608,63223.42367953778
41061,226662.58823243208
47516,99360.19945886084
127068,77300.15061460613
9163,59905.25583396621
49444,145713.5605346113
14219,176961.14902885514
42186,54880.33443497756
81949,164207.91628634318
122401,192548.3314858079
4732,151942.84740726402
10728,266640.4700469895
38980,160963.75420344033
32860,136975.67082172204
78928,243991.82057577075
8851,239100.71141721297
74368,342039.46748293
68650,135250.27985673898
32238,125466.07864091452
48620,114142.58755221048
140017,131546.62696359213
32873,233067.382558053
51187,240661.6337144403
136296,249630.56583871756
136958,117213.02439898584
112698,181632.9598959836
116463,90532.97562433206
66453,151135.30267866649
122371,188991.83001377003
4775,301680.2445708588
122795,143381.92397407716
686,273476.9933609987
39152,211067.85471691997
6926,91838.24026489518
24697,128704.56012204755
82558,283771.38251470926
141876,99689.48531506551
80190,257706.77131883713
6957,164974.082903482
6609,119519.92266349075
40019,109474.06893802233
82221,452022.1262013575
55974,86167.3274379602
11944,44197.106959596866
24675,158856.77154581097
12615,119561.65264407975
48117,171505.5913153416
65079,142265.02973410793
55292,66516.8811215974
9015,359715.7344329403
69120,207530.9192709318
12950,430719.82744560624
113925,85540.8490496604
142855,303628.7159024933
17784,114227.75247629046
50893,523492.5435315354
57667,85093.59956428195
64180,55789.67623556101
144898,60253.07010559199
142566,218123.20323721456
19273,81924.61719342902
42765,271351.03396864363
54981,100689.62728545838
110627,174892.872390981
137109,90444.90591734012
26460,319890.25675877114
132418,166459.28096214536
146995,139669.68463047844
13199,283766.57502290537
66069,107667.43710249147
28588,181999.43366337998
1149,182418.17744190636
65982,128792.42200823867
116242,71774.90594808605
116072,217285.99419808883
132906,129420.92113918495
129782,110999.14345030146
119709,41857.98690672821
48619,139403.87008333323
124346,232906.62875527568
39265,349936.3037997575
35126,221480.4314708548
131121,71511.2726891945
55902,422872.9216194905
141946,102697.38974977701
128544,456071.32571772457
124071,49329.53012365458
24173,228065.35425996
140723,114853.33646914628
35899,147104.53737494402
62375,71343.17342824502
11652,250224.5842733984
55956,109646.65052300305
44630,179964.4948043293
27531,194718.39188043357
47442,411933.4475033831
23379,613137.7698519444
3644,244807.07543218535
61975,77780.29073901851
15708,102020.85390957985
8232,92469.71524762124
69401,55664.7494435565
40648,136249.41335882223
111008,95337.05441436492
34487,202777.1091067331
33498,257284.07912358548
34335,70655.49085114346
126595,349931.55768536223
38176,124566.48075953498
71239,195993.84665463367
78906,302367.088457512
15360,226375.30988252274
42905,135371.95222535613
29983,244050.88586822362
133540,82230.85937737508
138125,206516.3246063909
10723,102912.01055412008
124392,66771.64420909178
6010,232757.46513847366
81075,294561.8322285999
8780,161840.40462210568
146819,123223.24320606308
132017,167280.59522548347
121065,112890.30943210112
19613,86902.87663645786
144793,121298.85460140658
5000,197179.73885954218
45368,266769.6436733852
20772,468150.50951511844
58564,352534.1961743598
141192,211474.15749714425
146471,202490.59693360113
4913,274862.46218616137
126720,448972.35428340884
29421,141279.6705645039
112171,138528.37802384497
42636,292215.74924278934
48884,178285.72874024615
127123,272789.3319375386
42766,167651.6321670568
112404,496147.23215994035
73607,122404.84118140338
22780,227333.8897432249
145827,240892.27009168995
20974,334544.73556390934
125777,139909.19758255687
37336,153378.4416025505
54657,94166.24480160532
14079,41831.07787650031
56279,122307.25491136372
127806,84672.53644320756
34750,88680.72013854106
122641,276967.38319792185
19220,145404.94872055267
38949,139397.62695377698
14747,148168.40154855457
74497,86416.1104946654
65134,220444.76750662952
74518,166252.9320034371
126603,120020.62348658449
20206,347156.4615174573
6551,167091.0328232362
136189,429256.68066891667
136874,62418.13392729442
14436,416217.78280641546
126301,185455.56842516141
72495,159147.61719152948
12494,263662.0305414285
11515,62966.91860269605
53257,198743.10589698495
4252,364137.2275840053
69263,250688.1086618839
11433,167739.23023986974
35263,255093.4752984684
63609,279152.5313124153
30713,501383.2359348462
7466,116247.45792550096
44449,83831.7237091108
133845,81456.16971390447
11813,65101.562107545986
130260,177596.76486193464
112097,124994.1898669196
127685,166591.459310049
34903,34257.65801520315
56435,119573.97768708173
22756,108228.9669939664
67572,131679.50583142397
42229,352992.69021023106
71721,216619.09670347406
115118,86591.24912112419
20445,232806.23668245558
36652,198303.56720187125
70880,219807.51069574943
118170,97545.97466406271
80850,239767.8742652504
69699,145427.1177208082
143571,139978.22053908743
37124,355994.1185725274
143880,83360.41225387136
114458,146145.46956221457
140855,67156.349219519
3593,157969.2544825566
39374,234040.08528262153
11492,93454.40038969621
14431,339529.3695878461
74582,195793.35509432864
9489,85322.14802968885
73042,244273.54675307986
21366,94793.6379799443
144355,262910.1951520987
12477,390605.09510116826
129176,132881.86968256795
15504,180391.64342400996
76058,530118.1144369821
143319,456215.8171455092
82328,133105.86013652963
124603,119831.02175498824
145805,156202.16657970255
7193,159583.22563979757
6176,200146.518257524
111212,156809.641039252
47572,110651.75144665469
48550,173892.89901097608
47381,107675.65346539629
11522,86764.08745909066
140868,320806.3036139076
124273,212262.9956938582
134449,85346.65865315357
116945,144849.37020072198
6578,148735.70358438184
124842,47151.446119865665
132677,84357.90578844553
21512,233414.79387232824
14166,132473.65984339008
12083,300860.18400439643
112651,113753.17083546374
77263,224059.58162971959
132843,182793.068161474
116361,106333.79656593679
127866,165381.88534665862
46372,140219.40069223763
12999,153026.59037220327
40776,472197.7281394702
135311,206706.35033295536
5282,137775.48776149983
115035,175637.126642572
56785,88296.07207636116
122019,270685.10704034806
24469,105909.05351054206
20297,152213.04505007545
31850,112236.99334728258
61592,133136.53147188493
7776,146556.80269145308
73495,150359.6658720954
39104,284547.1046798686
133834,612481.3203630453
125201,158706.26484691267
81222,81433.6218386884
117738,229772.49708209198
60186,235423.83438331878
60972,123586.96244817952
45570,85242.52033914294
115054,105852.63671187186
12206,357393.9612669052
69496,143052.16880065107
134663,185100.05406780768
139142,352925.31678359467
135429,97373.69477248908
16326,68162.75150920582
37331,405455.9361765033
56296,421968.0789171519
118706,331941.12662456435
80058,182782.62283489225
12925,421275.0595588895
10529,120246.35582748117
52850,450709.2925156618
44938,204978.1391542398
146733,133278.16927276136
135350,264668.57903537265
79774,110152.75541116043
81238,189542.6136312735
111218,54171.231129891494
124891,116147.17272984204
77637,88018.2451218135
14612,67319.96169365587
79817,111890.16740579961
3599,140595.27130418998
19190,473594.91249671334
10652,145357.36900218946
59504,299402.0070788673
18470,224729.81014549057
8229,85842.94768310236
37745,93959.01432992893
41146,112348.6315614916
33239,248477.4024261639
17417,78470.09042827203
119509,302851.23081371165
18984,220180.01550341758
144854,264997.7890665669
56781,193482.34095812528
128416,107077.12391426277
137931,62930.69891424669
65203,94628.0611573992
135578,89696.60553564895
110420,310353.568930604
66640,284097.6283285321
28200,411550.8363641111
142193,150028.97308370715
10090,253251.84806855832
48533,167302.4230037144
16360,218569.3454455338
50721,265824.8571183846
21530,119023.01271729966
68252,144154.9307297419
114017,82874.73893037616
57344,146515.9752339059
8553,124467.66660074625
79966,200401.0368353969
12919,92488.1962789086
133802,314604.01043935143
3368,239113.7765069193
45793,48293.278574790485
19485,94635.38453898448
2907,396003.0027017829
16899,91424.63414600873
48348,234895.90186169575
56241,143559.80735972835
116045,141873.3256554279
120405,130628.28396222516
1700,136975.15461229824
45257,128873.31140713315
41677,179818.31610741798
111234,70291.37715064258
21166,93582.45900322958
55677,574777.2099411124
140560,164577.9246344748
117963,188408.7359727382
63774,109711.1767127063
128498,259749.1599909396
118514,218039.846123959
136668,178801.78579581942
48232,165782.48300537432
128346,213635.83458055824
113166,154777.9138946021
51824,210863.37129722635
25961,130207.40688419098
125163,120791.15478278993
64750,151920.5976335586
73307,200016.93547476342
140367,156182.03590453934
13100,144426.61047030083
131197,124470.2551187768
67332,142108.37762950498
75970,346377.57301758724
56616,148574.36652522214
124894,115981.16813578323
39672,99003.9010447294
81721,73513.24775298532
40123,96316.90190485085
75165,214564.184199436
16404,142331.06779823144
52805,226372.35048855096
27448,91356.99774091794
10155,64646.57018469197
74897,128252.85051245021
134937,125693.16216955266
124546,72607.71719231879
25182,85958.45381367268
60847,92374.56785039065
54913,149614.3521553268
64596,175057.92389239644
58763,199380.2123437693
111204,197697.81397766035
5894,190950.19582213112
136988,117002.1290080832
35781,131225.24315118117
23089,58568.570909748436
18351,129566.92976372069
71745,48903.536525466894
142928,103723.42716179948
50630,232719.0024121869
50651,63905.47180758309
22214,198219.4807531077
26847,268435.7362910957
140037,143322.9552011161
140192,83043.48256009101
9981,62159.07494328459
10043,72940.17919413949
301,311484.44606731855
5233,88760.70160884957
11950,46454.420045613595
12551,108557.83134420961
111079,107424.46804733234
43317,260687.455645821
59527,258311.57741168851
76717,99282.78756341783
112975,146625.054608611
43585,141652.84445592857
118188,133147.10530159783
7735,143688.70498715012
74671,143436.72978514992
23373,166148.242220872
26607,144736.71389678557
35313,98509.98541191246
45343,154053.43052000768
143974,260505.1031265915
17091,88954.70633313942
60832,71589.08120955157
31913,224603.32322226648
140150,133448.99182385224
128538,102370.21835533211
113871,233145.82712094224
27488,219504.44905021734
49452,103454.90614348825
32474,347936.8832552839
79719,177951.0860866039
67293,123077.34767261514
142854,231334.07139649097
52704,302075.54624182906
78718,101839.23926455146
7431,142219.77792847282
123902,115885.875046523
82893,75298.5777309814
70573,71735.33124437273
62137,261822.66950126883
8498,171886.06747323027
39358,170052.0068331778
62633,175121.04279376162
23330,164948.95909357036
5482,190561.92913572918
18005,82521.77024241701
64513,64037.31470560977
124306,270959.370930438
10352,89156.57143968652
74463,46672.69531834622
33256,309550.852090023
22702,59027.06480834051
123336,109251.15417500157
8066,210460.32096655498
27836,128543.94048918449
53010,147571.45884503002
199,212808.52593818025
131117,147697.34326011146
124412,121799.51924803545
51327,134020.42730316642
134245,113523.76525840955
72856,453394.9112324051
140617,208508.47638489137
24780,61640.00246343964
76455,186767.45342082603
141766,480575.6287823842
114119,449828.2464279485
53286,327379.8522135116
61312,197159.28838051145
36216,241771.48950321128
12776,64706.01205305337
64487,241329.28741609666
117836,90985.08583749324
47571,111497.90664215483
136972,182340.43827745583
48876,379356.25750240905
113858,192335.07354050135
39125,69202.11464790028
67620,136573.61090156768
31653,83052.10459608774
112700,97675.96046807474
144091,127486.40053757525
11142,76810.41849838453
65335,282743.8420802995
111043,174931.64866280457
128018,236858.23225328277
120585,240096.5905736714
17317,109649.80811619076
74681,176639.78343942057
43781,236330.41294602456
125626,178084.78809881915
4050,115707.25011749253
8106,403331.01279236504
52450,267894.25938295096
131112,258087.3155233113
37721,302084.64592509647
68167,110383.96846480086
126194,143214.45469984328
32993,75433.44342548616
123279,129071.15008604297
120035,320502.22676654445
119630,59207.77349760452
120065,168660.04861717505
25088,262122.3756252624
58511,324204.8889126345
13472,123303.36227875977
112561,387060.2083379874
133143,201080.17886508594
5197,104304.92680810373
15661,445192.50358025247
36010,96425.13774341912
58618,184721.81760315437
128651,305742.83835277805
59025,62566.56601027881
124447,129875.5344033207
58068,108021.92830192955
118307,80360.7475083791
132385,84153.57532115035
16186,131602.39679799863
17800,227802.45655791223
5395,174972.81580661258
132922,171498.37071924002
78051,242955.98749897897
125448,134719.82743529096
11548,34911.87878772563
137899,271798.94011769054
118773,197492.17715604164
30652,196939.51264155246
117858,245427.68274939203
13214,79207.59171039073
64176,436399.8964938414
111335,102249.47117212185
56719,178149.26753605006
116059,145313.93109343355
81922,200770.0004088733
127058,197005.32379285275
113357,90314.85323491039
146813,224647.72099782358
133852,129295.87076062005
14970,352862.3679292937
20373,265432.45555199217
113215,129991.82936260238
11687,201672.31370894046
135891,113273.79822321847
145000,157967.33161069266
49007,107378.31181853698
56188,127394.8625454694
33298,205782.6881603744
144948,483258.61279576545
114220,100312.39524768644
14967,144556.37720061725
20390,119086.9363022435
8879,133778.54479304646
7695,166197.43733868975
120787,140521.03519452468
11167,192911.2059617216
110987,147479.85018634034
28037,217752.8803398009
142365,134655.84601254092
11603,75278.54038506301
38440,75992.99331436885
112512,327782.6069579917
17000,220122.31547249938
73837,153162.67507977056
36189,204160.21428307274
129610,186900.34304066905
82835,87938.83119190784
4463,93493.33433980953
147145,74903.35779785884
132840,397967.4329523343
30776,331537.54060761945
73646,195134.4940269881
45014,149128.6415509744
42981,72806.85681495219
41936,187780.27918550282
33781,55861.89716726023
59717,124347.68596138092
889,48124.8938709309
74290,109986.78290675876
40350,283283.3503108056
18713,396685.2828263709
43920,92073.51031881938
75899,88534.47463703675
25841,147660.60503613873
28721,45156.29121127378
9076,86708.39268872584
45094,490633.2565433864
144207,257622.09112902783
117893,156005.20149715542
133953,230004.6833915845
45926,205169.93485149217
8012,137285.36821497162
69928,79588.33336500908
79996,100788.41819978345
23315,163732.70676055775
116444,205493.93727206573
41948,97507.98628384461
28508,107385.74642553437
34275,73465.90391927469
10409,170808.5199686102
29765,175915.05261158623
123509,210252.41430753848
14940,131239.8975416096
34984,158019.2639173132
146036,221050.88963062095
138463,163452.65162803023
18533,137950.21552776545
119308,127579.11035279359
1551,422462.6495537307
135220,247930.2987325947
117326,212506.41727429428
34532,147492.00626885807
63892,195324.78357252557
42582,77781.45863972824
145660,100276.5962625512
24485,392082.1391033452
143972,176795.67898433888
22805,60980.62322555796
141345,115494.78376484432
19752,502294.76003838924
72656,145157.8157613021
35430,78484.80939740266
12491,167458.34982629857
58242,203528.03409121884
60332,123560.5096006339
112196,168162.8223222935
130133,129878.36499765793
147138,218431.1564310274
143689,57308.309372124866
52176,168893.33379361618
22588,111056.01833903731
131761,144263.13106547372
51381,386725.27125975105
59352,205567.3130024987
73159,129521.42728667567
10669,264348.98820235976
137054,309448.8506397643
121933,240153.74870466348
146150,171597.53653078066
128005,156716.5064917694
9127,109237.02614929446
141974,106207.56249982587
132612,254941.12071066134
17457,151834.5100153151
2109,189539.81849608308
25644,63344.32826935503
141212,253381.59878559702
52978,474388.5628889655
798,399743.9217224993
12220,177756.7829543768
33099,120656.67650300288
136409,333553.37372019107
35928,152661.5743863569
57593,164659.8047900348
112944,146608.5399842772
112157,68425.39042746642
66333,143548.47828106218
3745,374438.6373863935
74665,401895.5403513245
45420,184182.20557957148
133516,218417.5975568822
41258,108496.160310581
124566,225669.4629483547
42955,119794.98637636036
120462,385489.8848870766
125213,205353.44565206056
129247,106841.68317945104
64729,117444.58231238996
35101,107528.47201014115
129951,153546.04535357782
69103,97491.88960751092
17699,95034.86433279605
126267,328285.0123107402
75470,161527.45665764797
57370,131559.30307274417
132284,273299.9298744524
59953,58763.84043618884
72914,114439.9862469887
81806,80485.16264109459
50310,139978.88838823634
18234,374920.4817448892
115960,136269.3362575377
72615,172921.54841459382
47926,258758.1610064224
47768,98333.44507161202
141238,154417.79559685956
37214,60923.81525937516
43664,124054.81960838009
141836,117929.32851594174
25214,82589.33779308716
76795,178508.91191135056
79734,62673.87441168073
67024,310478.1268375645
64732,145139.49968406453
39245,314732.1294166577
18747,387495.21921979607
3783,351882.98497942556
132463,161486.7975768513
112947,218312.42524207692
80256,121501.90341680424
116028,129749.0494910361
57957,250504.92533596512
17390,228178.26813378767
9432,480046.834011451
2231,105753.89197657409
134234,109999.57271509361
138920,46678.51196071181
130000,147453.54062393954
118716,432874.896728539
6689,62668.22295692695
127011,199587.12752175273
34440,608859.0476971606
38873,155231.5320972464
65040,186472.29053787235
143951,63940.91164627377
126519,102856.63754297943
113737,74347.82126442972
23679,294105.66686435236
21276,155716.09060894916
16506,64129.89412798836
51801,237629.97866115754
24592,101377.84073085288
116304,99166.16168345054
136643,171044.21081914793
58766,204458.6556955275
141341,175365.93566295548
139590,167300.78385541163
13368,99455.89921655996
56967,79641.1780746432
50676,77655.68036010508
137396,60238.66052122718
127157,217574.7084316184
1606,192438.43560476723
55990,251086.7065970841
46090,64693.304839340795
29335,360717.2770089511
142651,295560.75352142495
74092,316821.4116587633
35809,239553.454856223
130640,166145.05150725847
2728,157006.9959426485
113406,248573.33717940951
2949,131666.33302236834
130576,168608.6263517904
20286,297367.8566919915
4001,181089.3402038575
137297,250772.79385101324
35975,254910.14709500526
52891,67070.58248492476
236,243807.87426947354
129956,59106.859705759955
79779,139551.96621200527
129447,34775.6152877689
19058,107761.56592324772
63902,247621.39650393729
7987,176263.31720703302
17377,173577.3145828232
75572,457746.39482831187
14903,151747.47036829917
47864,270426.10249808774
42929,176789.73407931835
121775,92384.83617428454
73844,167583.87575201513
137267,193982.51862180524
68621,59602.54541365377
28761,121550.1320297108
38447,228324.64150828094
72562,101651.90912611167
15120,186367.13567984465
130025,194973.91741518863
136901,276812.43955431157
31801,263598.69648689555
74627,298771.7610255275
143602,145372.67599134226
18735,130257.83656543712
70879,512951.12007256865
56758,208799.6120705112
37292,329951.36624655186
42101,349928.30344770366
31763,132275.74541511375
68195,206744.15277520227
47960,71336.90651826822
160,309194.9766553544
6664,60179.699402460246
82702,254426.0981584644
41344,268034.84443804465
111604,143289.1116503593
34651,68653.91254831322
35786,68211.6714282483
123193,207327.28559880427
77534,149328.09340282538
21003,333021.41234437726
75291,154344.03097167582
14788,255599.8601000243
38942,62412.0571110359
80716,95851.52835224092
38855,211210.12283672323
55882,183087.75731130788
16466,177323.10251149352
224,62155.83628943197
23924,248734.27452192214
43013,118098.9580219007
33806,65805.31802603646
147036,184911.07905103394
18419,77397.44995285469
126048,425874.69922151807
80963,177475.929270457
51600,243686.68263285316
141254,250832.86751971708
14069,228627.12434859225
30693,189414.53595332077
11801,132225.4552369788
119577,345264.68657680915
59694,106458.90972372226
42165,379979.3086825283
4617,500147.41500437655
118944,53705.59175729441
51344,221032.82176769892
76723,479349.9430001355
113290,139270.17550202293
12636,176106.25922710734
16643,147337.944640619
32415,35784.790748040934
127486,181409.69816457963
80750,65696.54648112101
131958,313591.2567462529
2249,374326.90263359365
18793,196379.25732714403
10202,70244.74480687086
49471,130508.45155306156
27589,107307.32655818024
17631,135901.17355575587
33082,180949.99565708335
43888,421192.59503267915
131950,273690.5094092313
76265,213653.838564053
133939,108788.98303736362
15446,164748.74818151724
132522,151426.424700724
111038,185035.64148287
42527,212591.20434377962
59041,96607.73370749743
83184,358199.95414266724
72804,75596.16865942771
14159,340892.04013815575
31923,193269.2994268766
128447,145385.0041908414
14439,74191.13413202093
20205,103401.55508274151
45840,91596.29474693447
52777,74818.68818834383
56656,437827.92928006826
139617,89670.48078170183
2850,185396.9392964163
127987,341255.3102778571
134733,545297.5063314185
120503,349389.8988655156
29830,50950.57547279382
69075,326749.70405662153
113019,136806.38307684142
25664,75451.280758198
27871,173384.67534517078
47254,256358.1798418019
28343,175146.9851122428
38428,102148.42046083978
4166,140031.85931859334
55776,125807.8910829846
6261,292927.56168268895
6213,180706.11269055156
6306,144419.89549586765
40705,138974.61958211675
125519,85793.60567383413
13001,172896.48157437088
76074,190360.25216381717
52619,176122.24280784628
20539,43077.03434559461
7944,82207.3143187617
145018,153723.59560776863
27407,106407.43631196962
42878,251666.2830110552
68558,506399.475928501
142850,60283.1037478713
33558,176573.16350553348
147016,167084.29301990083
146284,378789.68058890814
34035,43098.67792465344
122324,270515.0130790094
33187,78379.64731367416
60480,169512.16254114645
82334,376314.6515023117
71472,163907.31362175988
20116,252048.4315624312
56371,100679.70956978608
78380,169853.95629372733
76548,280400.63988211844
28388,293156.1586346212
134395,63533.48017747896
2206,189937.6258295508
127719,78593.3070551613
123696,120536.42617290378
76755,226339.41289420583
42840,276648.40345396823
133346,126070.39591654942
28777,175732.4250073392
120900,321063.075093811
64239,165142.78329008582
59358,100725.24800818434
131310,189601.33707463532
113987,63142.06038873218
17008,86683.51843200251
137031,155698.46870651285
4204,42924.59712029985
146170,105340.9512111593
15195,111281.51453958222
64298,128677.30017448225
63988,175598.3591322762
112002,386703.10356097965
30517,418283.51924254943
142728,253282.58636340336
48924,222460.28920546186
50863,261815.97466590098
75650,340389.5375221743
66678,138490.05773226832
42964,149682.82000514984
7674,134993.5433651671
2588,108660.09181077432
146337,152853.14037274828
7315,255653.19236137316
57759,33985.96529862355
49749,77192.28117014322
42173,101931.89797528574
118987,535403.9093441062
46040,368677.15022562013
37559,110372.20824837088
32735,49404.12672637186
77996,147679.19004060043
53814,217829.06079693037
141421,270674.42762675224
129819,97105.4712355189
71461,287820.56912067626
125727,151169.9383386305
52537,147906.04500877718
35102,112745.85790359849
6975,63543.81863219761
34375,114378.72988457898
52486,178361.55408835766
126785,306270.51043037616
131541,58343.53237856357
46749,105941.93073493909
74689,97535.70702740984
24653,73219.35071861162
9748,233889.5451746987
69780,103569.7870339077
41721,244101.7380253354
46170,199063.36346172943
34286,51221.4068976359
25111,204381.89154751552
27507,321052.9881783562
142972,332288.19526155
50502,117936.4955259448
62587,108407.08253285984
23709,193965.3225836413
24046,146801.22380255262
11997,120230.99786018889
141032,79885.24210567024
115376,103435.51439941104
69802,302364.80419150606
60395,224428.48062259407
34481,397414.6764736994
59972,161178.72810565826
5889,188983.75744701037
1045,360264.03042791603
79784,126640.10354271968
65758,99380.28188307576
82769,218337.37146880367
16010,240597.73958833807
23326,83123.13446439034
139811,148711.26854894374
74589,218417.5975568822
139386,122547.03659074765
38659,136209.21884550195
60842,80974.25358173263
62801,207177.3446131904
13838,127540.33780355507
75255,377482.36120493716
136190,62840.85436823675
24475,286739.6308295794
77188,259341.14258291075
29973,558382.4523898546
54910,157780.92838204626
62706,160890.4106338788
132533,437443.64340869244
29055,125319.7203553422
52929,126466.36048791066
60452,158962.48418083566
119859,482642.20006334595
12544,100087.47304983824
134800,85832.81361969319
20686,251406.1430127314
61367,124953.6859341452
52114,111893.12825257417
38996,115096.91384369879
134404,287042.6240451259
134660,299692.2834876277
19409,92488.59260829467
75297,254349.2228831501
56353,140001.9629128157
51275,77905.7340090263
30247,309675.29965447437
33888,187853.9006990499
31853,105569.16482246597
68813,95625.5738384818
117554,99786.28076816612
46521,263300.23267227225
63420,132597.8271427915
33310,117471.74067796531
146250,174066.44570599875
28174,182709.50210635038
67012,226657.7241669339
14577,126929.34096063531
59379,151614.51822818266
119602,93510.09897556293
7248,286426.859046292
20323,174541.1633655662
71088,89581.89717139941
37762,100666.98898532464
25596,229647.63406658068
135211,141289.95743202115
126025,181173.50033139295
62532,140785.3616949723
26726,437849.0096235658
29027,123563.26295225476
121807,153101.2125686247
15013,214670.18318702077
53670,86929.56705312707
22845,195378.4468664212
54288,199801.41951121116
13003,258344.2001892138
3669,103433.58765951451
42806,192823.9001239408
34840,229278.74149720144
136557,184384.24106130083
80799,229922.58231264103
20484,138439.96077462044
33894,147494.91252929013
15956,94903.03676396633
114704,312751.7949101111
138031,112032.063024228
136487,85586.99584743932
27721,72924.37468089571
143485,178032.54990429082
8311,125519.69393147471
71215,225748.06954311524
23676,114374.0443117788
145084,358214.85162831185
54113,210139.46246705888
119606,308863.59093486867
20701,433080.68062561005
119707,51364.18654318333
130895,52419.99890995532
65023,495047.1576878244
145323,224111.44172922574
26691,142543.02592268822
17342,263223.9149054071
138573,127563.28592565638
122492,178665.2526347929
63329,289762.46846568707
36219,205581.4405298893
114321,183507.6592943431
57577,300349.0596460261
27364,137196.80259813849
129109,282541.267630844
37297,62590.17766614149
65080,144203.21899138662
19285,181489.4629575033
39173,85074.20838728159
56280,330466.24950528797
37972,131943.722621827
70546,116596.82420015195
4207,207039.29169411905
49666,41686.97818032358
73117,108914.33168201728
80117,200787.69208457443
31239,78346.68598501204
8420,127870.61474052438
14407,172077.5103306973
64862,146332.74751881993
59945,112736.4904623767
146951,221467.77232297463
115056,400407.3243510512
41568,191439.0950267568
138593,176234.51700449095
130144,117186.34007900869
82802,110656.6590678785
123941,401357.45911158866
33622,449666.6165506361
8306,201106.8902738493
136137,71935.24134386539
120956,218881.92629995584
7926,102068.82409816768
110236,150170.27293383898
54521,94951.23712628786
38529,221958.7268767062
34952,145562.0700831255
122272,192613.6460790923
2960,420165.0381224889
126351,170384.12935276292
146015,55766.71758745327
113294,242945.2826863111
10458,256922.1828786865
60971,124049.72972278704
123855,107204.29058670535
47883,113392.15430128927
32120,142601.38965239597
20531,122951.77880999424
64769,196406.42460132792
62258,144516.10327526391
34582,127973.61718501398
113677,316930.8000124527
124206,49155.88017132465
6634,92974.10814002805
47224,216235.44589808042
75898,54191.66242642212
6199,133536.5149754693
51209,183703.79069465015
114345,281326.8916326312
66245,98263.96313190338
24299,219608.02380241745
13128,176029.41361177556
127942,398491.0982022007
44741,147877.89380125003
16132,309022.24120658054
135208,94666.56271119736
61390,156948.77008430433
2695,176263.48062308173
22542,93495.48788814776
74646,192784.20417506003
34954,116210.90136729943
137217,409825.3477376902
33330,99851.17941348022
40736,81572.7327796989
14618,493346.47768386034
18149,98306.11412013916
45515,259723.05025780603
125056,172475.46452971135
117320,103194.51192888818
132259,307422.61377476505
28048,93206.00306090395
6903,247372.20358635293
116103,216290.63471433514
59739,81852.45185679202
39901,166741.7932648062
53323,121033.51177529377
133408,164343.68791914085
53048,418880.7937407799
81927,90029.10790447061
18180,198515.43891735724
27191,239005.80471085967
9580,92550.80651790902
146838,277304.0982888328
77528,85301.9653225175
75863,447691.40960754175
69004,178675.76811829832
25903,289485.1294641279
23781,247423.86679078426
128394,229884.3069543534
18488,174665.58373697865
139295,41557.44650483444
74192,296878.30139144126
123633,45490.09876203883
36958,110726.59739268238
67444,93571.32742293939
14040,157590.87198517285
144467,86489.38335030769
126116,267069.50938308134
6095,286625.67734407884
54904,139518.5017644327
25936,146669.67368232014
66394,252988.91930500022
147188,59118.03730232385
17206,123677.45096404906
29460,223537.4683036452
62920,175853.52236746886
57212,90953.12790037843
65540,87310.52255270905
141394,228240.1422365209
124810,233336.441771914
38236,237295.0142128133
14948,214388.57772478848
11481,70984.29311291249
27685,160822.06238312626
120253,238121.07681473068
61180,218962.4346538966
68197,313036.527817652
48874,151942.45641245708
75174,74035.56192581246
46742,151665.5579404478
47916,93913.88673637327
37584,173936.18725342973
69306,80446.14842933298
116850,93316.93227352752
72779,133213.81773354928
16197,223775.87458363388
130203,86618.33044839768
39707,128043.34871137448
25593,82865.32386155744
113923,282571.0149327575
19055,320457.23083317344
145643,33607.63756115979
124826,228799.19401256356
44135,177895.45412511996
59563,182505.91264339106
113466,175445.9524211183
16420,195239.76225727217
76772,100784.74146472872
38567,290081.250196504
67416,105295.21507908491
40899,403244.4226741932
61813,203836.4858902754
34270,302141.36406967207
76022,243986.24900330958
16576,208118.2739531311
126217,247079.96214416437
71508,57027.47774206337
6600,87853.03456958209
64472,142828.56525518902
122684,88818.71756740278
75887,116793.23006274053
72224,144409.53492740815
81749,102710.75744562683
18598,96169.6865827204
48608,84054.80298494136
63767,434466.6803932224
124413,99316.88997254052
17450,106992.74161219003
34008,191124.0193436499
3266,112448.33267275903
719,328095.2343787133
61664,343641.6752382796
35556,111666.49134057302
47574,104659.28376604075
68952,216871.5449970765
127094,106846.41186688855
142926,199125.06434480206
12148,54181.21519033886
78999,135828.2825248869
48584,277553.58117388457
9455,96754.72341966156
17638,77706.15280363659
131356,194107.64033757616
141266,207321.8127777562
80595,152846.79849814973
28217,133353.59216167915
16018,111681.63354900602
125259,36350.47618445629
146714,155865.29025314294
123594,142267.86475721642
74806,166914.12419131745
12961,139203.54641510802
60650,57227.41450093986
130518,131182.50356623868
115244,272171.97180809
58009,229920.98405386345
75997,163654.70269724252
64959,167588.44333421337
123093,507698.0860821166
120782,111012.6728263086
2721,249320.4706128324
66269,227384.53438873152
146164,238688.88043843114
8181,107450.49772689329
12625,153876.11977693145
139648,241613.51039591414
123311,120313.39890742596
44880,104170.31559559546
62896,618217.3071058202
141024,183787.64434924416
119258,169258.53256752028
143092,217838.77097364372
74703,154251.372756387
26361,124886.18660368529
121394,363283.94169255043
143330,408211.20016336604
7858,98651.22652306675
50897,100285.65066411796
51574,118430.77551910967
51734,117482.74554996213
137574,100088.9226189951
24711,73276.07210954161
27020,290023.3973701161
131090,98029.10922588396
111878,89916.76161104519
126469,132202.03415899686
123030,247738.62935678335
126433,234853.21367821278
132617,138970.94602542356
41018,211300.0132785561
7484,254770.60075182986
15448,96419.0210140561
123082,102489.82898541444
33101,228623.8496234928
127413,509934.31137500773
131833,73517.80116710378
19219,147595.6291123248
141438,215915.97927234482
128742,185886.25015736814
126699,126373.75368115027
10745,84652.20684957223
63986,77018.58301456648
6937,136711.284303918
44725,67548.62186544224
113354,172566.89908706493
16928,309040.81764313846
132544,166576.80318304035
18210,156701.74260347706
26923,104709.52525526224
15055,258338.00484122528
47511,109438.96075453483
56840,125043.87837685752
135178,78137.80801973352
135623,40891.478048099554
142775,105498.52577786778
142130,75019.27661621783
114571,306948.70402622904
47395,138528.72165057156
16309,243599.4071637736
41037,156601.9182548886
70567,186464.67123282948
23356,153547.82216113436
78504,128613.55978714043
30252,117456.14015847741
78950,168991.70325367013
122167,524299.3550717136
8337,124738.58451263621
8020,329687.35186886817
26707,170687.32116974462
11374,240522.42002281372
50057,72330.68105226028
112185,76186.84172202945
54843,115649.5357803572
26190,132372.71075097425
41435,144859.38167441086
127494,238508.00207009917
125908,125935.05758419153
121019,70642.53460555073
62793,178272.98221780828
4814,66738.75973469138
125876,113979.08783476695
47244,243315.2312132616
126769,203274.61534514712
139474,56124.04233418817
18518,74630.44590435269
39305,209694.1319468097
132449,119360.64170868858
61136,249191.4293911928
58297,192719.63467251757
33252,118079.69571601163
127688,167432.52526405948
131688,47145.63200731469
116126,84153.34297789968
127797,421938.689292824
142567,67469.51307431601
43625,195934.63024950886
43773,185210.57429163708
38864,126748.46249668082
35321,76314.83686691406
116474,111530.02428961112
115574,217108.7087379471
65053,134239.7471623657
61060,83434.72043509204
69608,249630.18875569035
54041,572136.138847105
131603,166139.55358794512
75852,74859.93761717767
121715,181235.44680059375
136696,99100.03375887204
60409,224202.65311101987
53268,311130.2806412346
52143,207343.9135423649
134283,53968.85635399238
16025,86327.28689979966
37225,173989.677386116
17211,267307.708495543
50133,82680.75631881323
24031,73184.71562382918
45809,122127.03652594282
54781,805607.0524273417
48353,211883.23231372863
67159,238888.54409475706
133765,151509.32727925075
35973,243722.50508801744
120984,157814.69787858345
55276,423127.37983343884
17722,186324.31289009665
41645,230712.75563309266
134061,254231.07108983654
123653,355990.60413491516
35220,149221.76378270116
16819,367235.1272042128
79744,78627.11201051585
24973,169777.73160869215
60791,206074.02577505625
133007,135503.6315195947
132707,250437.99952806416
144378,150351.98023325411
145406,97081.990645968
4599,207848.7127442758
131309,98885.3141006711
81919,47311.48564086442
141434,117762.46148427107
39418,228291.07532913552
64569,192771.00524052425
50708,452731.8517691277
135142,445306.48406236095
146441,104026.947095745
81980,143039.28312000097
43126,76820.07464184807
49965,280928.22006194305
65829,139344.66013308443
5525,404793.4622903446
140084,132302.01607209851
112805,261581.30057336413
20127,434604.9948306067
131842,123424.87000866016
74510,322904.0968861992
62095,193014.66944656722
120258,178918.54072146543
140326,168235.88139996532
75780,85130.02847507894
18340,234689.23224220175
57022,280283.25149853923
27312,122917.59217590759
112796,81399.7989771107
69781,123958.7800118353
35188,210556.08450765623
68882,155293.84726390796
140160,88404.01611521954
11397,217574.04515955248
64878,144601.45648542003
136448,138331.98438556536
79232,65683.39891606836
134912,345632.967533057
142341,108235.69677727629
135152,338480.4148854235
58518,142493.31191962294
121714,87480.81127309971
113349,119889.33677344784
143590,90712.76735145236
133601,135793.6675756168
134393,64524.69043058196
11334,114538.74216829671
74099,60640.44606564702
17539,144357.73156033695
20964,128941.78170389344
124435,94949.1531174503
146882,63722.45896998927
1862,241379.1576071101
58041,324512.58183128055
21812,342039.46748293
3618,162609.5456660455
72312,319877.98235599406
58622,282103.3293437481
27561,141825.92162903817
11403,143567.65847780806
121938,163202.24651115737
20953,105525.62522489409
141141,103535.37292240716
144084,99119.08099926743
19378,128901.44801422421
38239,96174.49023775196
17696,192945.61849565717
132101,100020.10657621734
57813,79241.80865037034
64293,123749.81723977522
63616,45585.991124676846
43543,137615.87899190682
110803,165089.3696292777
55143,101655.95396762324
20651,440738.21684386436
78073,202472.27083712313
142708,170033.1401627029
113996,82888.40665942471
64135,134526.37355320988
74024,178789.159044789
40938,121374.22936623104
123453,506419.15974334115
50334,165270.42121989347
33869,131196.68013874814
122957,100027.31452242636
68385,270808.99811657163
141223,119624.38279914627
135186,158263.43511818777
67871,135823.29541997655
130342,187361.78340712623
142686,82404.20537978549
144949,112828.78637632128
24754,130446.93996704872
16369,139547.9324827314
125239,129819.68306756002
143537,81491.33825055664
121786,63638.57043015265
136389,96952.6457886103
117501,82772.87745637666
127479,413268.3455453972
143913,252952.50930530118
39804,112856.93947604131
141792,322843.94412359496
133757,331897.5969051508
20506,199422.04558984144
47286,153196.70311220127
81338,223958.28703891922
74966,128766.33517211996
33075,175402.07868240433
4283,107794.24003726753
26456,84385.08748297609
52096,241069.07632640743
116932,107554.40349761986
79617,71000.01883059811
44159,273644.6059008391
76106,177064.11668995483
76803,72069.38942574216
11346,265650.0528908147
24185,119080.70789640753
26766,68085.43878636227
124321,70945.53800475763
24358,168816.87114014063
132881,172454.3415453892
46766,162192.5469888717
71208,388133.966039029
59878,74776.83634237597
23687,262540.1435085989
124713,405919.7048129971
117269,153720.4875908917
83194,128897.40327144676
68487,100007.74281070843
36615,93516.87864876425
132582,177526.64970111806
18648,131625.15161277464
75501,233507.61894869982
32344,241139.0389098081
57921,162102.95421806676
15416,72249.33701525418
1062,125624.40310349065
10189,138669.28849423744
70077,341368.43644843134
37452,141711.2567833245
18196,137505.93635855406
113999,198531.48416869176
17966,128858.64675108728
112662,50843.97155091459
34573,191363.0399456381
77595,79336.02624016657
33560,37261.171087083174
125661,120230.56101638937
38049,134640.839864356
68625,135573.53531912054
43111,262432.7752675256
116532,171364.27795116353
77926,169535.6954012206
32160,183376.13585613173
144626,78441.38662401946
77985,147827.00830948935
144886,167708.3610919076
75067,120191.25085821307
60213,178465.0573226159
120373,154483.45044904045
23705,113260.64439912575
61617,49742.50211439735
34403,53404.59089507602
138197,57277.361247187655
70271,123070.36344935543
124795,108537.37510304381
36721,118660.47801503421
110689,209535.60332042805
64094,105572.33791688358
38730,157444.35750890762
137866,323387.62779208866
115885,187605.42737332717
38237,338335.9949579691
129098,80451.9148424517
11409,216871.7912010639
67306,225627.79970065394
24654,68282.88678853816
40924,193792.17181011272
57930,87997.83178578381
2147,143179.0433687732
141509,124561.16934151121
78693,226277.74409913324
15162,162251.13754510088
126046,138708.63302579278
63166,241701.36681992759
19129,194919.5750720781
118453,198816.92607814466
120008,61016.93009172859
146367,181780.98613269744
41314,59175.62373887743
13816,225283.2057414521
49958,186599.9025671545
128744,145158.69871484506
44782,195308.91682051215
17957,157114.73362950012
25356,199189.01161951182
3066,309180.88856547815
18878,354930.4034294338
131543,252879.2955244321
69752,178431.7158890109
25569,243337.5894196276
1498,102315.43157622538
118727,50979.61689654731
123328,44620.20823749909
37957,144746.43710625876
136795,180366.41492644238
124571,69066.70927859393
136629,171295.7443453221
42560,231708.12296696097
64431,289600.7544641279
110635,149597.6118543905
8157,199459.50776025953
42687,239021.7674700641
67994,115117.92533540569
127594,208121.13740968934
55833,152883.3388348944
4723,225872.89918068465
12524,181627.1700082064
14360,83841.44701988154
132851,116065.93277230547
52289,131528.20406212565
64688,190946.8296563822
71118,131475.46320645182
139397,105799.31365769933
45433,65600.1199621873
147019,170207.055301484
68185,103816.75325646452
63691,100411.41281754705
143721,356096.37594302633
121477,110274.07381501087
141209,161409.15435876913
129938,60778.91486193221
127504,75578.4964000686
127117,145215.11297654768
41207,227123.02015979786
6126,229991.4535971381
130201,327620.4706460339
26878,110135.10989761306
35721,184051.24316214293
129001,71443.33965537148
129228,322654.57161292754
132402,256649.68565570784
47678,102799.27891990963
35121,221439.5915185162
143075,235442.21529921403
75879,97810.85207287167
110237,303938.1620079436
129257,258386.26457553866
461,99525.09880053072
13360,265402.06999585574
132268,154827.21987945383
4742,156029.89763802828
74279,103523.29764563995
80903,77746.83990373665
121485,216665.06459869578
4487,190146.2272084894
2856,74948.16235793952
4297,264777.1061542499
12351,92851.8079588607
125773,290975.0440500994
70677,134913.68963339817
113612,262022.76936057897
146893,170318.33879713574
52210,132235.75707717164
46145,80799.83702343503
22802,188958.15068585135
55346,156394.51089794128
20097,265020.2314340506
11100,83963.99785605643
41783,148687.7030884055
139693,168377.73857081484
33928,144963.96317498412
122119,98913.6892079722
133147,132940.41143098773
15983,174035.97620729418
134473,297465.8501085627
72204,343184.23144625436
73964,391473.07383723836
17550,284559.50909880945
80637,78971.94207453
118851,64040.06309625188
52452,98457.17207448094
920,177124.60752687266
41326,70962.14800940844
42051,154078.26007200548
135691,321292.26758374396
136930,235391.75460109315
27395,175288.90741959892
42609,342382.92229749716
142582,324377.4075327269
12521,418048.66036676744
137371,450041.0538173696
17828,145535.18992726417
61703,193323.53754170032
129216,203987.89225764328
33513,188074.14429700078
39259,133732.05897943716
10428,436649.0357313137
42745,65189.34823098054
140601,105622.7191294904
131085,130936.05598555272
52532,491351.64937436907
76801,95956.7293728975
23949,166184.8491282509
17936,108272.47346277928
72292,77551.07508680249
13415,91296.10951343885
65618,391564.8608521277
126961,245585.1827349197
54251,176476.90181168343
53238,80746.15011927125
132122,298609.2997192536
36949,87198.1701914857
64154,137193.9038769427
116561,52275.00239013403
115232,175010.30311252366
16086,215829.76674630842
42904,235851.48227109524
53374,273350.036291357
67348,316709.3814906818
75959,241499.89312125783
38060,315226.356763946
67256,271724.2561916652
82377,82853.35351941912
7933,252298.85371893548
48079,152482.16846909528
132730,76874.49309531649
142918,261987.5956600833
136685,151188.73632080678
37391,63172.886577588346
33176,121121.26394284595
12197,183183.278916732
126085,317576.6407976525
27341,99929.77143153847
27083,167803.730903186
23314,287681.6521811279
19163,98401.28758128153
15274,128312.16465922359
139093,162540.72000188104
147182,103440.99245323091
13417,130201.259382903
136115,114114.41672346983
33170,254491.3921769918
129402,231879.40673973196
5132,127964.84696562703
33281,131630.8747489376
122632,233150.7513651976
140112,453200.0726761934
47372,83536.16779187402
144211,261755.65757528116
128514,269860.5550122767
20335,243654.2584152824
17101,214216.06039057588
71106,328125.2484734731
51388,261210.6631213541
80192,205650.7321410908
46893,98333.06397903922
35757,137866.90871067814
5056,46270.52605124834
40095,267213.92758363043
127662,125435.23410518625
31620,228264.58830383458
40615,117590.98329103191
30009,85216.5946877605
385,145076.71449764818
130310,62740.25828342016
541,94915.49322876247
28851,116800.4535722039
76424,84897.1661014735
66081,187925.69149594125
9243,61018.89737059146
124007,236384.12347020232
52026,78919.93049795581
140655,139024.66905700334
26290,110758.18477909444
134551,139558.53847176203
114933,163633.3550730304
115961,207900.16063270648
32492,103835.79135088509
128508,181191.9963807506
147162,86980.82181936485
125440,139931.88361863903
17872,97811.16406649565
54841,118261.88657192502
66722,212734.05576568964
48250,98860.14539932103
55153,88954.78108306165
30655,116981.63314548809
111155,253340.7055011858
6170,65126.74484824553
64759,63159.172414111395
117523,151878.86511976933
26652,164513.11859439674
33462,102171.52467512537
54016,303988.9906921078
36215,152494.73009962408
30496,272530.6792308217
146234,216841.32704179804
53842,270506.2652267622
127390,121400.22394411472
39222,106667.60285537128
29906,157365.57735817973
123218,293780.4241871248
26980,152847.66671854138
63429,262514.9301104802
131315,437621.4681781961
133122,115282.30331624442
115095,378016.12450909405
43728,58323.446805138556
144261,175066.1606994339
78811,241716.93715584165
131241,117200.9579457059
116401,128843.56394337214
111158,173571.41587344953
118839,212187.61576998857
70611,320965.1976872154
111527,683382.8194797544
32380,95798.89733672354
9870,454436.328303461
17718,206783.52744945354
111778,132472.69878431977
113301,143873.3998977698
52030,45915.12411339701
28240,103283.36469406969
75888,165157.96413363807
17534,235542.51304155847
12337,193620.1786148711
6891,363005.9803078565
71680,146289.70231475806
125493,139942.36057879147
69993,129706.17364582393
75261,135180.10729107057
1990,147590.5275095854
120817,96133.64822726186
50435,123038.93837744725
33410,149523.35205178615
17737,55168.98370976804
146135,241530.2471556395
62064,112617.99455388194
55196,262688.3081891489
114871,123410.18208825725
30433,135166.50293245388
24615,120000.29021863156
56052,124317.94740734664
63607,183322.78304300006
119913,59636.86061489224
20528,95875.91970151635
50299,66020.79139128045
112353,196003.207778346
8863,74469.53675533818
146117,130065.24450940137
143348,84461.92116842562
139794,139109.43653773225
133703,104983.65649296384
2887,193149.9687630508
63526,201574.123620749
74921,182478.40919917607
50318,439381.88890503586
20096,340418.72512954264
12354,267926.2417119166
28622,176833.904978157
81081,251887.142622907
78281,108870.4324166151
34718,241802.43586713844
28628,152228.54147107853
62952,76054.47249234587
2344,268149.6631073196
79470,242596.6683674566
58964,279469.26808033773
82751,124025.67845736406
116020,115525.24394602265
136371,215158.61960750417
145850,82532.22892293375
122533,121168.53303221098
59408,104988.26397717612
28950,243590.01770812034
32288,172846.13221482586
52137,275430.33620394615
25806,80467.04465434188
30060,111909.86266951711
46664,61964.04375102838
79499,74599.9473795612
44672,227449.71329498783
142493,269711.6526378417
53864,291992.0396318373
56592,109025.34028393519
2977,210728.71369888165
24271,141560.3028214762
146751,176760.35507992332
113268,251406.9717301532
76406,101385.23560476891
144302,134528.79788479352
9146,137383.66324075585
56565,144516.10327526391
139961,265501.4039902478
52250,605217.0294430763
136047,217827.1503679686
138014,223678.091630506
123233,47453.91540122001
74253,441324.81036901416
43133,113847.80755175007
17016,158612.35489638668
57019,147991.273092279
71152,154685.19808252895
22381,168510.16401703615
112920,140613.3267810889
18213,130820.81733606945
118703,457529.1091268555
33731,95340.59799301668
64645,311876.5073557079
122406,137010.978852158
51711,106937.62328325456
61926,138612.76417729084
117164,311203.51605650637
65619,236820.07178524855
24105,295792.29816134885
113950,321960.1007950118
145152,293166.5096711657
56326,368792.80520103744
25734,228296.0104005264
6233,181265.60233003297
14768,108195.69118823715
12534,182264.75151809203
130332,213664.93859057993
4434,199316.33201862348
28206,449954.2771514353
116987,438957.7262404793
57262,322185.0220549801
130292,228720.89728020973
5232,286258.9084986856
135940,90380.72284168765
79364,169375.250182021
145025,209102.13755855238
1100,205751.50908618444
41208,96842.7525500025
116292,170806.03214210225
63292,130470.0061210267
140908,105583.84382299561
53115,84460.05376952115
142885,82755.57310439926
74154,151850.698064193
138233,202547.9163896141
25068,135817.08966875216
125464,79678.82128625354
131476,142984.77119143135
31906,420356.2769982179
74217,248717.98768267455
112101,172357.60154883107
4378,112942.80019118942
21222,221965.95542476466
125031,335169.62881978543
142647,46499.73914961284
118153,106015.90864955225
145889,198811.95485940328
115286,139376.89874470374
135523,215740.25150512138
50769,50893.85541788455
124949,129164.44083244007
123926,578514.1444002459
43891,162292.93483245853
24901,118066.2827748892
132303,62050.55634508729
135325,142997.48179936263
123405,174129.058622998
66363,136080.70204964295
7782,645932.0774898875
4354,453963.28557644394
131501,252294.73859997315
4369,102174.24043752576
14047,69386.56592635292
39777,209998.0659238219
49479,165669.59289247578
140425,167174.80067582463
114171,178516.66694663014
863,144502.11251728563
11807,68958.67080602609
143498,157062.09012527083
41971,94884.40087430833
47925,111864.666991028
137878,155685.7779207903
66891,127098.21217818194
45995,122783.36490774665
73895,211766.9103807534
126033,219049.88491236238
22416,175130.57471700083
82041,201287.40364589548
132074,110221.00436559494
69870,152312.37276424828
29608,236976.71597830864
66581,101550.62700680249
9832,112404.15486300903
142189,106342.76310078977
11278,97168.47581666861
134375,151035.9101048548
71658,201233.76387335526
73073,151097.69826302002
111353,115118.29914165888
19351,113308.456730734
48976,65158.30913516997
32055,107293.94577075494
35628,164259.30492189922
126027,45119.9458499376
29264,123154.3932459097
38714,124669.3372722255
45876,230520.10330776224
475,168063.97258984737
7284,84189.76556010847
133444,108049.4384439781
58403,136648.20300334296
75304,584544.6823290033
4996,118800.38832724889
111193,532434.6193404903
6294,109115.9801796961
5383,251276.53620263835
126045,123453.06913739216
6890,511697.7377628923
141007,340524.3367805677
4151,121779.45459347736
4633,117977.38205885718
3372,260455.3450565107
144609,85379.26772487783
138252,138169.5484778171
136674,112911.17933445821
38542,130961.68491967482
145379,123398.38296487459
144780,248335.1358346797
132496,197013.79578632867
18481,103061.55662504662
15091,292047.7783458192
39698,179007.69868219836
41365,125631.94203870517
4516,76955.28307565818
61306,360267.5316444627
119179,85584.87058052068
66760,97972.5127769232
69111,87516.3925866658
14242,201119.8281127041
117868,166132.4432656124
125762,173816.1619464601
55157,197363.85896139522
22731,89053.34506417967
2743,202861.1081333388
112750,112084.28035498396
50801,144540.97091781787
43525,328482.6779194113
35322,121908.84048400632
62496,55635.87911261377
26540,403875.5236775861
2445,220271.43057464744
79233,55039.185204547546
15331,341142.2430074925
54975,102797.423355215
51072,242714.59480953912
66936,153616.22241780628
31854,252681.78995195858
15747,166301.9151344953
69692,90398.50886220146
134527,281192.05682512914
122382,417556.7824437468
24985,229792.99995372872
72349,236470.2328519511
113336,266749.5130372009
141052,88673.63676520332
65669,372468.7870874552
42461,116576.90957705812
65827,107349.36465689709
38553,152841.3367601924
52438,81313.37711510627
113629,118441.35940795337
66197,148244.4093968692
41917,152899.76604791137
78048,176112.65283136387
57666,238131.23495695225
124691,132654.21475126792
42265,270240.6785264611
119211,36974.32054838284
21409,124626.45184789375
1313,143018.55363782984
15339,134049.18134168477
81863,385796.89571823203
12247,159536.04469260585
81356,78029.89168189831
78598,149993.72997026407
72280,289600.7544641279
119752,127173.3472079451
29664,251745.72727673687
122298,166268.93410726116
3248,141408.32982276008
65555,134040.56054579845
132801,81420.0547355359
20857,354069.2072416899
44777,140152.03386217705
34244,87089.21151864863
67329,37072.237200432224
6866,81819.76948811952
6246,301720.66720736044
20404,128673.02486561099
27788,141677.7645230734
128212,86307.44209280799
4735,296711.3437398199
13928,187396.83915094624
131918,699978.1733183628
133913,82226.10821010746
29716,98945.11752795654
38149,289638.12737291056
135271,78488.70833549192
69640,197169.20580414365
123929,131664.33088985414
54864,120515.99295737018
769,159231.63913239367
146442,106538.07132439534
132215,91523.2027207099
115745,47215.544903482754
131673,50970.08468824551
13467,145162.32825851554
59674,87336.2905544612
14557,107371.57149408427
142032,98773.4369526905
11290,120887.4726862339
58855,205702.46163329587
142522,84384.9691422657
37278,54305.14467138266
82506,179594.35968990042
9722,120881.16681330366
30085,261352.9889574055
146005,307590.78546530823
65337,67253.65962028626
139991,302899.237827452
143299,764461.4032219421
39600,205246.40677424986
127689,85122.08267925953
12539,292314.507348104
76044,280072.6393015331
52633,309442.5671337005
28295,101641.22160267991
76159,229467.63803879218
6958,159277.38480644496
73364,150956.22536430537
78925,141873.59684627625
48937,212509.06588935788
43450,156110.51562924334
27316,74683.94757390807
22565,127407.28633460437
42390,173033.19975573008
129952,168490.54471019434
57302,264673.1917964147
112413,176313.62534677787
82699,93676.8866322107
126644,152939.0059279188
2263,228081.59349460306
129292,120587.96384284808
59405,162920.01115577001
66966,71410.7854834189
134927,158376.36840343138
23700,95818.97524849483
118860,96677.29632012497
1803,290203.0477464584
15109,140942.1882935222
116179,178777.01114687778
9264,153929.1673127326
110367,215139.74141239614
9106,140685.20247375482
129032,481353.15092411835
133099,170514.49219583094
122666,215451.012744807
23848,75551.70513884957
36878,70795.01707847379
39262,140281.00032729312
120105,154037.07801284635
16602,246591.53045957972
140933,104116.11578514015
143035,201551.7385343768
124060,155788.56881233124
37574,178681.24032697154
138186,98381.29775548243
139091,208655.97307767812
79935,220713.2837210985
68870,366129.21224431565
78524,372706.78976849024
26386,86430.07588799228
41386,118382.00515023907
115282,215477.51350990433
44233,217782.68326926758
5128,228973.3584498737
123781,442993.0067770099
57573,248552.1575841554
113940,136686.80156469345
61332,336797.01169003616
15347,314102.78317459195
76105,128929.06217425119
43259,129433.6894340917
37171,92248.80760239589
125618,169536.69395844114
26813,115693.52788473421
140881,398795.5614694753
2213,108179.02543113845
11249,120250.58691951
110953,210526.06855347505
35766,157748.72281027993
50319,76133.14147434899
64580,58476.93404177702
71533,128390.0208628734
127840,67617.39469120199
56379,108662.4306099934
13857,181545.12520403648
123330,52391.63589567364
147170,250813.1941723404
126056,80217.95332297357
131528,457585.6951690395
55959,131128.82691795175
40636,142250.9466875505
40020,166865.2147883317
76056,181971.83948377008
24335,157757.8285817721
134729,306298.0659982171
16984,211507.11172547424
66639,243539.53504473073
52546,85963.97014930153
25,225248.69680670742
120370,213167.61325446627
122104,255561.10367512365
139903,136916.03913111784
49323,235848.2637289628
35935,187394.96061675722
137635,160345.64242755776
44126,281244.4437980549
137722,204748.5550240004
38720,459754.05950745486
143837,222209.36003514015
146697,229000.28149048597
112273,101497.75142621208
49592,140411.50245785498
31955,183101.67879156908
46086,102065.63979458217
118630,74720.4193848896
15349,104868.2868803122
124683,44294.27432995063
130922,186029.74460276664
68285,115917.27304649074
111289,89535.22918274743
17535,256169.89883032485
80474,57023.72472354044
136199,52507.39885735007
16173,248711.7705627128
42178,258664.62960835046
118939,79046.0136022957
145807,240687.48057829804
143702,285973.9053123427
66468,275052.1158788295
37242,84201.45982984468
40408,211763.62698186695
142729,169363.53986042307
69175,135011.86648944073
74102,94801.24742916606
77680,214688.13065904786
83069,256821.1144972177
32786,59760.660990874014
144380,504034.0275149547
133067,272252.9084961761
140776,313856.16793621896
46400,229738.61170918035
55651,129310.41240050254
49247,258301.046790493
140202,62470.934800220886
116434,137664.85131324592
71970,107347.04589111889
50725,228465.2393774402
46033,167814.18464907104
66925,166447.0126059272
113327,96125.54705900067
13662,241460.04018421922
66456,67857.55208302086
58476,174167.75121047007
130574,113387.59531886873
114621,558727.8601267865
54607,95919.38555531882
119948,71239.0662427736
127861,217187.20924699365
16684,68332.93776019002
73744,111902.36523730078
119869,79951.58098293115
127611,195863.79505304003
37113,229980.14414373413
846,117579.44380673287
123975,343683.5898506253
78622,130297.61064239332
58544,163188.92840947362
61584,94533.47170007262
126804,66238.21176236478
27843,260055.2280545949
53210,358035.0070059612
119201,125739.07618836887
33864,127975.17804015055
26491,141908.48448488142
17681,258699.22179747402
131996,64638.459100745094
74131,191078.689813836
75678,134911.28424258187
79432,167895.9603882351
64234,183684.9800638397
110376,124628.73726875827
54966,268589.70442973165
63658,179041.8406355306
4093,414191.2126479697
116377,155249.7785152815
44906,273496.42037828785
138586,212459.02995404272
112028,91246.24212256623
69719,63607.05079100495
6967,259755.3127954979
76201,114775.58875482916
20208,114467.23707875494
59912,185538.17625952602
143315,273449.02067008516
69991,204580.23439895175
18748,102340.2825299935
2649,212371.85774975727
69820,274635.37173645175
124473,149992.66017668124
51329,315203.1393377416
62119,126755.33017803753
2912,119116.6703274831
32969,49691.04152618434
18823,192661.50318443635
141555,160190.97248790204
44976,173775.91337123507
6871,150692.62545608706
48907,59499.54909603654
7286,148505.76831452738
142780,87071.4925834881
30038,57350.59037221529
126957,144972.2776573686
78460,92877.34165269873
67573,355077.8639145292
13866,232690.15658483462
626,218240.43019971697
144799,125048.10986842799
14745,117488.43913312367
33371,91270.17314664026
117278,131641.76612728433
48682,58215.60733617651
125171,137315.9925354604
3029,205035.1998901891
53507,161106.3535563012
43297,124784.20790784486
10315,183271.09621336087
112374,84903.64124786628
75411,124090.68427068139
54011,138038.8354605583
113605,134444.64304391196
76620,240393.77342793223
32742,204264.1336739104
65461,123611.25115285991
21793,279689.63489887083
39505,152923.82112207677
77786,167917.21007424852
20077,42610.67823116852
74104,177167.98130991118
117177,98901.39336028385
128965,232501.76549067209
7116,76348.50331454577
56449,81504.59071024728
49600,201232.9314343136
20557,90226.43626174802
41215,73159.33716235244
50678,393011.5280926273
146670,231400.44584655497
46747,183508.3445952661
31534,261880.97714623477
18645,191120.5308871866
125838,110117.18940766374
55885,66346.09813307143
116073,143235.71420337478
8828,155401.89101604576
130402,75504.57185153205
17538,259104.8607550487
70797,575529.3780532794
129906,501088.59315867594
23912,80389.27141183043
61835,178356.5666986871
15240,83341.43041495676
41234,227015.3409243159
37464,317831.1425020561
7051,235220.5472031944
20360,373885.4111756416
65488,303759.44698238285
63917,232547.06347805273
38198,137096.28012613012
36434,132532.11919240124
127452,89890.95665489083
53265,81254.61084026865
119918,161218.16686610074
18634,299442.9853802597
80641,277265.81232467527
23100,108124.30333009825
19879,277664.69175600866
141859,137049.3410570434
140113,80388.46404576335
63648,94671.75991746414
139281,253131.95510777156
77895,338943.03355954937
60458,103764.60396040758
18875,274676.12373915873
140686,76808.10043761918
72088,87358.0239349882
67465,101253.85313649982
141264,162414.45643011102
146717,96394.15937072049
51375,83770.67708179457
143783,111632.70594750742
118622,346437.57280675456
117418,172608.74438363238
58243,171101.62173628472
119942,521248.28594671475
114067,110932.25486572762
30373,109659.34372522336
72659,106661.29369333957
55015,113126.12940664272
66297,185386.32756774127
134425,358752.168319358
139139,200531.49278019246
50281,246852.714839347
144655,161463.76104881163
130090,209343.47434812773
9716,278813.7659344371
146608,138924.30905889795
5352,198772.12403453008
115695,504451.404766825
127401,106718.16084523925
61850,298956.66549844795
125529,109444.66581420237
27731,149430.93421391537
25774,429750.59541058785
131190,254813.28044742884
74511,95134.35387605744
119052,145001.20954322972
110426,419630.81927381083
5357,105972.75759448597
8244,207117.8149494246
46757,125388.98248779101
81267,447698.90233855403
18651,273589.54674008634
8706,99703.20096329569
133736,206019.56303466426
115213,182096.40426773456
68703,113293.30741022184
143384,145969.11964753037
119841,123490.14197646893
120320,110366.90456037287
82964,241667.74800948089
18029,148845.68898276062
67345,106344.4180025715
49977,326270.3336469434
58548,139739.4899401006
115151,95417.56149270179
122834,129586.09332163379
112107,424979.3175968742
62961,326415.72315323807
60885,145550.8087450725
117588,187655.80139632354
143377,191788.73087306085
7043,47209.70173624667
146383,115598.07782574874
7803,305761.4908619151
73079,147224.29011194216
42354,65785.31904000835
52245,58770.63145523763
9069,90704.00421508255
112536,269485.68503063015
139747,36871.393002854245
18920,135116.27723553363
26761,431543.7332093463
66644,111038.94343963524
18490,573867.5206305843
134509,48931.65209734367
72494,124029.4948978267
72557,181450.79715841392
4243,241555.8241774753
15769,66158.7241490542
123534,109052.7183375594
139325,176247.34089651308
7497,192041.3155262831
81212,119100.49590768552
44378,256976.3628456245
22652,169604.93425837706
146377,42928.41640767169
120427,125600.47456182315
12913,130854.04821278344
145960,115413.67707823112
66440,252092.74046397803
29047,94107.13649407834
81762,316362.58861539443
137332,87668.18082450706
