_id,price
20886,68040.94
117465,137084.36
125220,500739.0
77683,144800.02
77672,254312.25
60719,81576.58
15330,173481.31
31409,260766.36
63045,221678.69
81343,469198.2
2152,142105.17
9788,167366.78
131440,224975.72
127143,239090.77
60964,172047.19
11897,71895.25
28349,114024.38
129800,110047.99
81782,182894.92
3998,104682.21
64497,250271.72
76529,142970.5
51041,218539.69
55378,213703.95
52411,128977.56
122116,159887.14
131,261948.62
135109,90283.4
48013,351577.8
28327,149214.27
58077,158429.17
18876,352866.4
143327,214265.84
125842,192524.62
65781,62864.824
80430,44038.754
132205,234823.39
2416,102432.16
119702,123001.03
1772,242687.95
78641,292851.22
66304,119490.47
4247,239541.78
24308,105246.55
61599,158660.31
118050,47179.133
118277,263315.0
27390,99130.31
29103,161017.75
137207,104512.67
20877,86952.65
128650,310499.94
4179,230841.64
73892,57727.023
43961,172021.39
17915,184665.89
62000,162756.02
130592,245372.27
115347,295813.34
12651,135434.4
137671,264552.16
110726,390716.44
113287,85839.25
62979,157824.03
124783,67497.67
1456,326003.5
79544,90988.42
72577,106181.0
114247,114742.52
43508,52019.59
9338,76035.22
41767,235328.47
1714,91602.31
81526,81422.36
20024,222780.23
76305,194983.19
118710,174870.1
22270,208199.72
144919,143797.89
116429,247944.36
44360,293614.7
124920,120634.43
144566,144485.05
141662,161352.62
118888,233340.02
17739,82904.25
112825,89543.984
33302,262877.84
132955,115434.31
65666,315754.53
135088,232079.83
143170,119860.266
81953,142602.86
31689,121000.16
72768,217243.48
13599,184378.45
40876,158197.6
15794,151093.27
52118,271385.53
79149,35219.66
56808,122890.7
48801,89809.73
9502,270605.28
4846,104379.48
136647,154617.31
43618,105554.64
139136,330663.12
22401,88489.3
52705,157305.81
52220,67097.46
10912,81448.36
24403,345974.88
55494,169542.97
77273,110808.03
26023,349991.22
52481,153216.45
67193,498457.34
20033,180425.88
41597,65793.31
38096,149806.12
39602,209771.6
144617,450250.1
27642,134000.92
70817,265817.47
64049,190110.1
3184,143514.53
82178,181284.0
130494,367738.75
62905,188634.78
18536,120366.92
68781,87422.83
32035,163549.66
75749,111362.54
44580,67525.3
140094,254782.47
45231,188784.47
134569,102696.57
49807,130950.73
8185,132935.88
10900,104987.22
38388,206635.1
38330,94179.234
141479,160539.94
63614,60885.02
70981,351599.3
59302,131555.02
113312,299441.3
83121,167236.8
36,107518.76
2551,86585.51
21698,274440.88
68419,180372.92
147172,181397.53
133464,158124.36
128110,307273.75
124937,143921.2
118294,150012.73
59759,176471.75
80782,124525.28
69674,389453.38
10778,66109.2
27530,116237.805
140123,88291.32
125765,107871.06
12045,155447.53
124968,289722.34
4618,268969.3
46626,209604.48
79683,55838.81
116391,136678.08
120920,343129.2
11351,239401.1
5827,68717.46
62405,191984.0
5257,106286.84
65876,107859.1
111004,144807.58
20962,240799.22
67021,308450.72
37547,87955.95
12672,88840.67
129803,166906.95
125295,292493.2
114069,86503.97
16852,156964.14
4876,111500.49
62617,176407.7
118775,69211.05
136603,114304.516
113712,127521.93
62954,114670.13
40685,169427.5
23616,141046.53
26883,149520.53
114428,104191.36
44796,109625.05
10423,192190.7
120869,326907.8
16473,109725.67
83106,132160.3
25827,113205.055
125938,204153.11
49612,164306.53
20053,167511.23
128485,263068.1
68229,139028.6
135405,183013.47
52394,220758.27
22945,178167.31
131894,103919.42
56024,268824.47
3605,303017.72
123135,111188.02
59270,101220.02
11790,54472.39
135659,98181.58
123498,120182.76
66593,49883.746
139497,84340.37
3972,461609.5
112914,62758.023
113314,140247.78
146922,100599.86
49939,182373.69
146684,89790.68
69182,393408.56
70756,128412.734
30089,118797.49
129662,222053.98
133107,56397.85
125839,95441.88
3871,103351.56
124995,329343.97
61284,70348.74
55551,471625.66
145942,160078.78
111141,224317.19
146056,161135.84
39819,259102.7
1816,54755.586
49659,89547.125
142410,134973.58
15601,584016.5
41743,293232.72
135166,362695.06
124755,163675.3
42254,151306.33
46072,101701.46
48596,428102.3
129111,137238.89
132111,235905.6
4377,128185.69
33656,403571.22
59941,125644.99
140097,101458.85
140407,236382.6
49392,382983.34
4406,236989.58
37707,165747.88
48014,113167.586
126355,168439.67
60569,389597.34
59065,441991.3
18348,181467.05
64703,152558.66
127728,262575.97
13881,73066.24
35544,307037.28
10005,86710.69
75843,110910.79
45168,49763.574
129078,72990.46
52970,108064.42
76277,164605.27
23695,98738.49
64151,210809.58
77515,259270.7
34866,179850.72
5174,210100.66
43098,120048.445
56587,202561.67
127908,75349.14
52093,183344.88
145456,212999.34
24352,377446.4
57277,361149.0
120276,148447.61
121344,149988.72
138042,59138.008
61960,173857.47
126112,233046.25
5009,169954.38
45735,74385.3
61730,113850.53
71377,88678.125
62178,143645.75
3264,333306.72
146589,271081.9
132129,251542.94
142925,113093.18
124202,160483.81
71448,446233.84
80038,250083.66
14301,111976.94
43286,154506.14
139066,213014.23
26551,126048.1
22193,187405.7
39112,186304.95
60097,188314.36
65478,185579.23
2811,156447.3
80108,316093.9
110676,68963.54
76630,140372.67
42917,123404.63
113474,88220.81
10609,204438.4
116277,33522.78
29806,72211.93
59083,196616.77
147151,164135.45
81819,100176.12
144312,147988.72
42967,116530.95
47944,180541.44
140837,77393.555
32837,77956.68
143148,534634.8
41846,137954.42
55854,134093.31
135777,490051.66
115944,110417.96
9170,108495.125
29218,170523.56
10875,74665.484
13908,174227.34
16109,183199.58
16631,142232.8
135715,287514.66
65171,62712.98
147111,300632.28
13396,154600.39
46262,75434.414
82746,392785.34
82088,180216.83
137230,250663.27
121843,141098.16
13372,148970.12
9614,157275.06
46905,193631.72
138088,143082.31
132164,104899.79
40182,95956.09
35634,516754.25
64799,157625.17
141215,169381.77
129332,101150.52
45312,223045.14
124878,103434.52
75277,511687.47
42901,161853.34
5906,146596.36
16740,136583.9
63075,185334.73
23341,125325.22
49396,148381.06
16295,117947.86
140448,81382.984
129443,154802.75
45766,64261.707
114930,193571.23
117193,275770.3
80491,130843.15
69318,239161.34
33742,90119.69
124193,161671.2
133054,194207.42
43828,202035.27
47247,162032.28
46331,84442.05
46020,211171.08
17593,183886.97
36620,131928.33
66488,104134.625
24230,165921.08
133630,115129.84
119597,146613.62
129037,167088.78
59409,134901.69
41189,78486.65
36592,70455.586
62708,86559.1
131352,98994.984
47751,270870.53
22372,179178.89
11119,121944.59
128983,85749.21
20677,217161.19
77325,315727.88
18796,121423.27
73647,128930.445
121103,178171.77
8906,275893.78
142210,164586.11
141126,114688.65
53878,112650.33
17125,77687.64
18750,391926.5
1656,219702.6
124712,82587.27
29905,92861.2
35478,139829.9
38724,327243.53
53539,98533.805
51379,63328.61
67049,174886.64
114418,172042.5
130874,143130.81
45317,81664.82
110390,111673.85
48,101123.33
81080,50115.76
118653,213268.34
3398,156855.53
13610,281465.94
30349,102648.6
45487,301352.62
113862,143209.3
41987,73114.15
41101,242361.92
119074,46436.68
44217,241018.67
134252,294513.53
116579,179136.84
17787,229013.86
120524,255868.23
128818,179290.83
72813,373676.0
15059,299055.25
69134,93557.87
77629,203288.27
124554,50005.28
82521,125456.914
19868,170160.02
41722,123680.305
10637,174772.14
12926,83313.3
64771,296031.12
121887,107235.69
26611,174920.2
138076,112502.98
44693,111660.27
130162,78775.11
59435,167280.75
61345,221924.55
122540,120193.42
19264,168152.36
74663,442184.75
14297,100099.664
62490,123758.15
69709,112237.01
28260,110134.8
57197,199002.61
37302,185735.92
67682,159079.08
135289,88307.125
81261,182453.92
49231,298877.9
71701,352247.62
28440,107771.52
5767,184325.11
21383,157691.83
51892,346915.72
135204,160170.77
138006,141603.2
129950,55231.703
77489,192299.17
19178,154523.62
110454,313405.47
64282,204345.66
144695,98188.266
56078,117865.945
117390,115185.3
40798,127716.58
72434,250132.6
45863,225122.84
130167,123642.09
82923,271076.53
134598,223724.56
51080,177900.73
43439,341758.16
46427,62049.418
1234,167985.02
43131,271439.12
68388,83388.94
119161,122650.625
38406,164840.73
47753,207203.02
37246,158802.73
9384,140319.64
134906,253885.05
74961,306853.28
59666,222521.55
82908,482641.9
37457,120884.8
17859,213773.3
63533,88354.18
81824,279374.5
65859,312025.34
33019,125642.14
45993,252252.14
139731,46661.55
81748,196132.25
50867,460525.25
22526,116747.22
128765,92590.984
141870,38402.258
73163,176270.34
112650,118065.31
125628,131964.58
25435,428347.4
64272,147335.02
56851,96756.98
18794,567197.5
80292,91711.23
124152,59051.96
134746,143664.22
73221,205017.44
130737,158900.44
17115,83225.9
31606,157207.3
28524,152241.3
50387,159451.78
145662,585193.25
127416,191759.58
73848,153737.11
124424,92560.18
2860,248532.62
139983,288049.4
121383,193559.73
23220,242339.02
56873,290682.72
72427,122564.43
31591,86711.0
32900,131285.73
63951,363231.25
138828,189871.17
111578,164148.28
118898,215180.2
63966,426647.8
125100,108440.11
75498,119916.28
125804,126626.945
64908,139646.73
47688,449526.7
540,422458.62
82905,199538.61
43431,242756.98
144239,413201.1
35951,83843.98
32830,185019.2
53556,180272.58
145448,135911.67
16195,193537.53
79303,271407.75
80455,276332.28
40865,105631.68
51504,43761.62
27005,141616.03
130670,164667.75
13188,87780.555
56163,118584.56
20808,136034.8
23678,596763.0
82463,275211.62
30574,147252.03
64706,131296.55
23362,168618.62
33343,383834.03
75002,142850.27
51101,108156.01
145934,34224.305
120223,213779.06
78078,237764.3
68827,176727.6
64102,174132.72
10388,200338.94
79749,103362.77
37652,83969.68
68421,132446.05
67509,48703.957
25908,225922.23
40377,91394.9
8222,336050.4
135044,200509.6
132382,320328.6
112147,396907.84
141670,445548.4
129004,199915.98
56790,181647.0
60441,90669.71
135345,178099.67
12373,95058.28
8648,632906.9
135962,177698.31
16050,164136.56
76276,207423.1
121791,447857.7
57413,121933.055
123487,233472.31
35472,106922.8
9531,145038.27
54673,50311.605
11581,77795.79
26658,55414.875
71580,236267.34
77098,193701.61
26509,163054.67
62850,198637.62
28470,107574.36
133297,157109.12
45439,121315.2
26050,154573.83
60174,171757.56
15068,346711.34
15578,158270.48
15431,102259.125
17252,75873.78
43275,234204.05
1848,268276.4
144391,114024.95
6685,95551.484
43586,157526.38
10649,144320.08
132596,157740.69
28621,105550.945
123756,269186.9
13917,99596.07
5364,322610.0
10655,225544.39
143066,60940.527
6216,140663.31
131633,526088.8
257,96698.15
81304,180955.69
122221,96497.6
80726,141566.05
43341,274838.47
133083,88690.125
139881,103455.3
59714,271239.3
61138,187839.84
22215,458003.28
24800,132540.08
14415,202286.8
70505,92988.77
38760,186829.64
55627,386719.62
20195,107906.51
138667,222380.06
80566,198382.1
115144,84345.78
8689,88825.68
598,185721.14
37965,93564.65
133024,83322.03
137721,159289.14
110874,298664.9
70038,49496.758
35911,155789.45
72663,120981.71
110950,181716.22
25351,144721.5
144896,60972.215
7694,126154.71
111675,283277.34
9112,324212.3
48428,150168.6
133347,83043.28
132196,199292.44
53591,146983.92
18532,74673.055
119857,201851.12
77232,181672.39
47774,219058.64
14273,131753.06
33669,84397.85
43281,224770.44
47356,193388.98
56396,155478.52
128056,105538.85
112360,229056.48
59485,143816.8
43188,153982.9
139579,100100.6
126083,257057.19
118674,300252.66
20795,118207.266
50951,184227.4
38617,118212.95
41801,141330.34
138238,116842.77
15859,63297.78
77089,59683.504
135751,88020.88
125465,66153.8
110324,304543.72
12164,137616.6
27271,112159.445
7379,107522.39
76737,92591.02
138425,113852.03
38582,278215.38
81928,108946.94
111657,91277.68
20530,328702.62
77760,125550.56
130464,225141.95
17881,106601.516
55437,307430.4
131320,407315.97
118256,160687.12
21630,94645.51
119880,98137.6
30840,225978.08
143103,90415.5
64659,130053.984
111420,103345.86
137714,142440.95
63398,109168.08
56422,183182.95
64764,296076.94
134532,249952.56
132151,191189.22
54736,102833.375
10384,536842.9
57556,161737.17
25131,220392.44
125394,161678.73
13408,96679.055
28138,188694.6
142829,88967.59
73935,67310.516
60721,314983.97
20923,132287.39
117573,136809.6
128093,81129.5
12855,151471.53
42983,254100.14
48941,71545.945
120768,145559.34
52165,65349.336
124697,177612.0
82210,184958.28
2812,300161.0
137948,109824.66
30814,193116.55
33257,385707.47
16662,228358.83
138431,213718.9
77120,202680.42
12734,285159.9
57455,186844.52
23181,199306.28
121329,126755.66
32593,106038.38
2487,566043.75
140955,91939.82
140748,284347.9
123503,79930.98
50662,191963.42
17086,205908.64
79892,88155.03
16501,196641.69
138304,226178.58
36705,306117.4
12558,275313.16
81852,330521.34
119501,194776.05
71201,126080.32
144586,235658.58
71440,190167.62
130862,405717.4
120198,217747.1
137348,510713.8
68547,155589.27
134627,56242.125
133739,159362.6
40307,115042.89
141808,220173.11
110972,156968.14
120770,90053.766
15425,90206.79
58096,156850.14
4805,197287.0
122440,107285.8
58156,193580.77
34298,48989.36
23923,119894.625
82108,290270.78
8571,53371.363
69682,75069.98
115748,88850.21
12202,110668.766
48633,496623.0
20970,110317.984
61856,416293.3
146120,125280.23
121020,365177.4
122570,347232.34
59702,115741.75
39349,133799.52
17608,392306.6
140489,263024.47
9554,443447.03
70031,74419.62
74186,47706.312
25932,129391.89
3380,702268.1
135909,61357.824
136721,250770.22
61069,384327.1
51108,187926.27
78792,279607.94
54903,152153.61
116266,80472.91
78106,140492.55
9217,103046.51
69222,194374.86
20427,141766.81
74126,209577.19
48381,147868.48
42260,163963.53
128104,217376.83
50087,206706.2
14624,242743.89
141023,92426.18
135025,59529.004
504,135156.97
134602,100808.1
61235,139088.62
80302,313562.1
69241,262223.47
74819,144992.75
35767,52267.914
20679,141174.17
58259,168615.53
73097,251052.39
49863,118019.48
80646,75659.71
126336,179081.88
127968,73818.81
6460,188592.72
35775,120156.33
20957,367970.84
32143,42661.625
61093,123960.76
12679,185045.56
16092,180754.17
18102,305684.2
30132,283964.94
132664,196701.7
54951,101195.38
33862,83420.9
74654,201486.58
111721,171317.9
12928,271122.88
42851,299480.34
35119,278053.06
8351,201500.19
128055,180525.12
138508,66682.96
54058,196508.12
126930,79356.17
113183,196098.22
44843,204015.05
125151,51156.0
144614,141097.55
18303,87608.0
40582,134592.61
55394,474866.72
129885,76095.13
13892,196764.78
123084,388262.06
123282,73752.1
35449,263971.94
124011,56042.836
125232,120511.08
39470,291838.56
44740,66047.33
8103,89782.125
81532,56286.38
52628,377314.1
65537,157813.06
80481,205722.03
72329,185605.5
18773,129282.836
39690,76782.164
21445,220976.67
18515,179515.9
142614,114898.29
79929,113901.68
126385,255484.22
37162,199276.67
55410,60333.477
75883,49029.848
68353,180239.55
137308,153465.78
13344,119641.99
52690,121780.38
56564,320843.72
118762,112294.42
139647,154108.81
19474,336069.56
76043,72592.22
71870,158313.42
72688,88667.8
34462,91430.56
18003,102252.23
49779,226140.78
32175,140971.2
40099,106572.13
32059,67389.37
125269,175608.67
73985,64396.97
28267,117660.086
28464,102199.64
120046,124309.21
11280,98502.62
8096,253690.27
74329,303999.66
133623,135673.17
36839,153256.02
115184,245191.05
137320,53184.543
23607,54326.848
77364,119267.33
17669,91380.63
117691,130902.77
140695,246797.36
115259,146269.81
40119,94301.98
33226,143862.48
79015,121729.9
29832,129112.79
31970,84938.2
138642,265840.38
2842,198969.08
74575,240185.05
77802,278944.2
63702,90312.19
20403,148270.52
123004,227424.84
62136,129989.625
63930,199574.62
59182,260474.44
40129,114123.32
110621,74688.25
9242,167841.53
54401,155406.23
4512,385546.84
48378,94188.984
74455,121930.664
78647,103831.45
140399,261408.11
31951,169462.69
56728,121444.41
3106,138485.67
79890,184883.05
21050,170217.16
61479,185367.73
40616,413646.5
35189,114647.266
111696,570566.44
132831,100950.414
78137,275548.56
53968,277137.25
123849,248606.19
126328,160382.77
73695,92822.13
48576,117977.8
38027,140242.81
81323,197970.72
112239,65349.633
110469,81252.9
127648,178766.75
40954,136006.33
117807,76050.555
146796,88843.46
77870,48578.355
126162,120944.57
52182,212792.08
31011,185676.03
18977,200222.7
125958,350440.12
81737,193915.9
30768,66342.234
15481,115598.695
41887,164070.86
50953,246871.16
130356,105971.375
145741,128790.14
20629,345433.56
128332,137119.64
32501,49984.17
55408,161659.47
31364,109521.11
29967,94381.734
110476,112213.24
134744,76693.97
14537,227301.73
135699,186968.11
124874,141371.72
64779,96050.91
128576,210786.9
128610,119126.57
63748,101592.21
138748,333307.53
6617,68661.19
131624,145693.73
4961,362236.28
128452,75939.51
5221,132173.31
30659,107858.7
47498,165606.69
3399,200894.2
69419,130230.47
43470,77838.12
40178,156467.1
139807,150264.88
120973,330336.84
5636,218068.83
65720,232192.27
39256,115969.88
62520,123487.22
139905,111140.19
17353,213844.44
1574,271863.2
122304,263386.4
48669,179658.7
70186,87838.92
68324,131316.6
25723,137007.75
126379,113499.89
20258,106592.98
14246,120438.11
43873,142397.89
111826,251451.4
13659,217408.06
130744,47350.434
62404,185855.47
489,149947.8
65145,336206.47
132135,186521.12
124407,338378.25
34603,109040.92
74749,148739.14
57994,156808.44
73947,66567.23
53008,109282.09
111483,75728.29
76488,195045.3
28234,147043.06
19878,586405.06
6772,31375.486
14106,77133.58
22308,179297.95
76104,238521.92
14055,148742.86
146211,87270.63
17604,155286.69
139500,114502.32
134945,103404.17
145037,253490.28
119643,152918.98
139245,67747.875
125173,109835.25
134689,103302.55
69464,176394.38
124263,193325.72
41115,79914.516
142314,152180.97
16008,134750.89
39372,206532.19
56666,113762.22
29641,123864.516
120945,253576.97
34841,171715.94
120312,150064.72
56704,253132.69
56609,245505.0
15310,110864.72
114623,104988.4
47157,131064.04
115683,102626.28
30494,228288.3
139442,230247.78
124866,116075.77
52097,127863.59
48944,135205.17
40767,133479.97
45659,167038.08
1099,125402.164
57987,47888.52
120961,306938.06
17464,325624.34
116623,84139.49
66750,382287.34
65242,237579.11
64749,82663.68
115914,180823.28
4090,216086.06
4004,105790.945
74078,216625.97
115041,139697.73
143814,74072.17
121181,108683.24
30746,172067.72
124463,123989.336
43220,251324.27
74181,158601.39
71416,47236.93
6129,130521.69
31669,169672.06
3942,119869.51
22861,190283.4
135709,321789.6
26810,158045.25
5943,158915.19
53678,67127.73
118376,544947.0
77813,226707.89
36762,293591.2
19866,143536.78
5236,123838.38
41359,227734.22
141149,124690.86
42819,155140.58
128658,377960.9
45544,225882.02
43995,92192.66
34004,59167.598
112467,120033.01
129884,202419.77
2414,159346.5
71079,209786.0
115573,228791.38
39692,125666.04
128331,164793.06
128789,112532.91
120335,232804.12
131493,269317.88
27258,189234.8
119935,189654.2
58065,128823.12
45195,136177.61
124097,187811.62
126751,252348.08
36795,198879.92
43254,306630.5
60563,135680.45
47942,321065.75
60564,249558.52
3148,156544.81
41957,290835.72
111941,236312.52
26271,123997.07
125130,456623.44
55585,105528.22
41751,133130.36
12165,260430.36
59002,77717.805
8308,106827.836
130769,46660.7
124988,204071.75
19422,239357.5
123384,115051.15
57475,182345.02
40900,691436.94
146060,295079.03
57508,183703.94
4032,437343.75
48112,112757.9
139393,163619.72
52830,221079.73
61702,144327.73
18404,56582.36
114358,158734.3
35874,113850.14
3114,80799.14
15306,223630.86
12561,87238.586
146828,95494.41
27830,224621.3
73526,46753.066
60576,181317.47
58080,85995.05
125426,330556.3
8035,111480.82
76852,63545.562
64516,153899.55
2737,138703.31
55897,72623.65
75778,247362.16
65643,142562.61
33076,247465.3
130615,237732.58
50196,64583.367
33618,142338.52
69429,198127.64
141826,118565.84
71464,59023.46
62839,120034.0
146019,98961.87
40250,160896.38
27453,109036.21
124365,199771.53
73684,465426.22
29329,496692.56
118226,172015.02
59321,90574.51
22328,43162.21
143028,173507.2
110808,33509.047
129124,95085.21
70665,318180.8
111670,268447.56
80626,216410.42
66787,138414.97
29590,95065.7
125249,129102.23
13942,148933.52
118699,130622.17
11139,161870.38
52300,76708.984
119686,132051.11
33632,256982.86
129123,178820.94
113233,122685.305
75965,125863.03
125046,63218.35
138346,146986.03
116737,124523.0
61010,86375.96
144081,310666.03
51245,98138.28
63158,72693.57
62686,161212.06
146652,193723.58
42057,110123.61
133431,131090.14
112453,324863.62
125168,414490.06
75337,300975.84
13281,44630.902
7734,88600.5
113059,102057.695
131531,130381.664
29488,426869.97
141530,139148.73
32816,130567.766
25500,119335.164
135670,166956.23
247,325186.78
18759,150404.28
7383,76707.06
10489,117920.195
125048,98047.125
7575,308126.25
127765,118538.97
67789,111555.6
82728,237873.03
142230,175115.52
5999,339746.9
63819,169816.52
15697,75619.44
137801,370472.4
1212,165755.66
117386,206960.72
7045,98006.22
33151,124791.234
5412,225776.48
14252,63607.742
42394,168123.25
1946,90464.04
126246,75670.555
19807,237066.61
112380,195022.73
11003,293460.66
141055,123641.484
14997,145247.1
125175,116468.73
45217,323101.4
133244,316605.56
77473,114983.945
15907,491573.3
35519,207471.27
10391,177847.56
39327,163556.86
6570,84958.92
15187,88916.62
6627,32367.105
121907,110418.11
73293,183551.4
69060,220070.61
131670,257777.86
123468,84768.46
114248,168235.34
132765,138885.58
51902,177095.44
34144,235531.3
141291,78250.25
29429,117374.01
129835,79310.24
121777,39308.125
13893,109348.92
7627,113238.234
73459,120956.03
36070,115877.42
132194,149950.92
49820,237907.84
139621,107933.53
2647,202990.98
18919,150869.44
74515,48152.652
55065,104449.55
42997,310310.25
75532,137922.14
115023,82950.695
17037,121383.95
79587,161065.6
115130,57135.176
82940,260477.83
6899,200223.78
22791,154716.47
17318,285552.06
16592,71857.016
140920,245933.6
70627,469509.8
77781,223871.06
118486,149404.45
69745,133154.23
140831,113782.94
16585,164401.17
4919,99552.76
40620,109433.18
15715,147600.45
57204,310957.28
116464,774428.0
124967,122800.43
8115,227217.02
77724,101306.89
134034,127171.43
133455,178025.05
2847,63267.363
135401,140236.72
43987,211400.06
44198,124159.54
56962,581574.2
77976,269900.72
43518,176938.61
7418,128486.984
144402,197167.33
130052,84622.1
23768,112562.0
25902,364035.97
44134,207022.98
17288,461059.1
24238,34468.13
69574,193266.28
115227,107978.93
82117,264202.34
73616,140183.3
113844,127309.12
44370,176305.03
26917,79398.54
73529,99829.945
40755,230633.55
45736,48382.332
40070,104222.59
16563,73520.19
18282,230534.19
57707,118866.54
119476,117403.17
75715,128027.69
14712,128064.69
29381,104873.34
140322,67903.445
4822,282617.34
15266,169150.84
61971,205032.22
66336,142772.78
139578,308865.56
140360,61657.586
62955,73000.414
14100,80185.57
49576,104932.836
139320,144462.28
42395,235809.55
20558,83475.62
140211,158955.53
77507,137805.44
83159,43439.84
13698,359919.28
14955,130659.51
72019,133058.3
12348,117921.65
60059,137602.6
19924,207651.78
59453,142740.9
41512,86914.95
70537,208038.73
63894,132328.36
3558,142925.53
51116,347249.4
27287,108500.41
47980,203934.66
319,216751.17
20678,86956.88
37612,151540.92
36983,127637.5
22842,248382.47
50771,54905.574
123906,161413.69
138366,216174.58
54130,118001.71
65986,142087.42
72555,302320.97
124540,130839.31
61688,244104.8
71666,271774.12
13120,80915.27
133612,210133.94
41660,163487.78
127198,185024.58
43657,185883.56
80925,256532.2
61956,141020.31
111588,191563.73
20215,433120.34
19040,130847.89
135462,63218.35
51850,141063.45
48966,228325.0
133438,257905.14
25362,84883.49
27107,165082.36
51939,217736.22
145175,226580.81
145897,327269.78
131971,338079.0
26930,221303.62
24053,227515.77
28704,121908.3
139165,211754.7
6720,85533.195
123464,334383.75
77787,181810.31
41235,81903.71
118657,105062.23
52047,130476.36
75642,148410.94
51363,146379.0
24439,430943.94
80773,86552.555
41931,144080.88
24297,132602.72
44052,128553.59
56626,129433.98
2297,222008.55
31631,275045.44
43985,110042.83
132811,120262.32
66307,145508.06
142207,158909.88
141101,80629.62
42352,298256.44
58378,283364.47
19222,129241.67
20031,129221.05
49545,171474.69
13903,265585.53
78605,256486.05
75358,96247.13
18413,357079.0
23103,84023.53
34749,452111.94
14330,102460.47
25156,299421.75
62346,275490.28
18655,151152.67
142175,184030.55
114804,243813.3
125772,129926.055
127182,188707.95
46720,190346.95
70127,196131.45
4013,170320.38
137756,107072.664
58022,104366.266
71761,95898.13
73783,327795.3
127107,373981.38
125186,388987.53
80603,110306.23
1868,101015.016
47608,130164.195
137469,319391.22
54206,62513.133
147136,79550.38
22207,99228.73
122246,446041.4
143202,77637.48
46542,157235.88
133481,172766.22
23055,93480.45
50762,81472.984
111680,150549.86
144013,117210.055
17894,121421.55
61446,156002.3
26492,129392.625
74271,243833.06
113909,362756.56
18214,379413.4
139508,70813.17
138778,128650.15
16850,125672.77
113055,53548.785
114758,101147.2
123206,197494.25
17458,116372.41
77455,167391.77
126337,67880.55
10394,157865.34
59540,245344.61
72590,508480.9
140163,186707.86
8425,192334.38
82943,106093.41
112595,178109.62
49491,127760.016
10036,52699.594
115655,104573.56
114114,241702.27
125470,78397.03
144324,117148.69
12505,173047.6
61990,63103.492
126687,118072.55
125392,250184.55
112286,53703.59
31608,92011.4
67856,111403.37
43233,168448.52
48217,131347.55
38768,48507.5
65717,225816.02
127511,82517.516
80717,81667.016
33220,332968.53
53310,102944.22
22836,59390.766
76805,195233.66
146281,146426.06
133339,229914.45
34044,121946.75
10749,78498.84
66854,113099.74
41154,81223.3
25661,68036.42
68445,135035.27
68405,215429.27
34635,84954.84
80658,103528.94
8484,93236.22
77421,99926.484
137411,467175.0
77344,84359.85
125783,151113.19
31025,250748.61
129028,362247.5
12898,216237.08
78695,137941.58
139464,147251.19
63218,158184.72
27280,227465.66
118335,141499.3
122782,36908.594
38779,135221.14
126104,110962.664
132412,117176.92
45958,123185.875
27536,121817.74
41460,173134.88
139711,253639.08
142299,143448.62
111484,52446.395
6189,164404.14
39841,284318.66
49199,95874.14
122123,80620.555
67488,160715.03
6661,54609.836
33271,174485.56
113050,177976.0
134578,198078.39
137446,312738.12
43203,199266.81
34844,163528.86
45551,268057.25
29243,152985.95
115546,205141.3
45308,84168.47
65238,145545.11
44922,101817.75
8130,225724.73
65651,233991.7
66702,316562.5
13651,256438.53
31681,94660.65
122292,330784.34
130408,152790.5
36971,169257.23
2165,282282.34
10865,448713.3
10235,292353.97
59139,121081.836
66450,131383.03
27210,167250.47
42335,180243.97
29977,306831.16
65224,121462.86
72335,181295.98
143159,69261.41
119307,67356.75
55369,174315.47
67752,301355.88
130969,170501.3
31022,199197.11
10374,292416.03
17479,286516.03
137340,172194.38
8161,153470.1
25913,143547.11
144918,119226.58
11432,86389.45
126537,188759.94
126807,119298.695
48777,224276.72
122411,165701.77
18405,73151.82
21165,289054.16
52991,276709.66
65084,88535.05
56985,144086.75
119382,147261.28
141830,198930.14
26998,127847.54
132658,59167.992
36447,103694.414
10494,172664.36
58049,118857.63
131935,151725.39
36153,234113.38
35258,430876.97
139990,128525.59
65968,222026.7
17588,151308.28
17744,200412.02
122488,231609.45
136085,165465.69
21172,289861.97
18806,146819.36
47179,253950.42
43008,259714.72
136530,82946.94
118007,46024.39
142871,146409.47
56169,123482.086
82445,69151.984
124052,309981.4
12987,86205.77
145454,274741.44
145423,44286.164
43769,167401.66
57285,111445.125
21859,116444.54
15062,156387.44
141327,111493.17
13178,99976.39
124736,159489.08
112211,451533.4
145146,171415.19
15324,202039.31
60021,197125.72
144458,123553.734
113197,106461.97
54029,107233.68
37649,68318.48
119434,303588.66
21018,179957.31
132147,178711.52
69334,330099.03
37342,98195.55
37507,274566.75
68483,244283.69
44883,187765.86
67936,162470.81
31332,177598.86
127475,98316.04
57249,125071.74
20730,142496.23
44617,128393.734
38349,176914.52
113908,147476.45
142948,83960.28
140308,239587.67
125871,301622.8
125105,289009.12
73019,264650.75
58589,177742.14
124008,141995.64
19528,461321.25
81496,104810.266
37895,117375.65
137605,90422.984
146596,69938.195
34897,72863.75
20361,105357.46
76676,190621.72
145336,344640.6
38928,124483.22
131447,288656.22
133409,188842.88
133692,191158.88
73470,131734.5
136228,124369.62
66704,93888.14
46023,84620.72
43876,219197.88
142699,242793.81
79416,44615.316
67117,143667.38
61155,187513.28
136124,237370.02
14395,206743.39
141124,169276.56
135970,125215.27
15694,157340.78
79898,216990.7
60801,142903.3
68474,44730.125
27270,109730.74
21002,86922.24
36248,229692.89
118187,127500.86
37114,122784.266
138442,161379.1
76304,200312.1
17133,100655.21
35384,113689.12
82828,61695.46
52841,185753.03
137333,119651.3
135506,233372.78
3354,75992.68
75510,42622.633
7810,199289.6
44890,219092.33
26343,86094.57
48349,110635.03
20167,100010.21
20609,192411.36
114904,319377.75
4872,146230.81
67064,123045.79
15118,108992.49
45284,188165.47
63415,145109.03
18044,172327.1
74039,105288.15
130756,35194.86
193,105728.234
39307,130449.7
48289,159880.95
48350,300581.47
6202,112834.195
69638,126433.85
45505,110853.44
18928,190085.55
78276,125354.266
19035,312943.97
35742,375193.7
146757,85357.37
70770,237460.42
11371,217311.33
29347,108010.29
74876,94624.77
78782,330703.16
75330,84168.49
125513,146053.1
34157,207489.75
56087,214632.48
54120,183711.92
139745,147667.02
133733,131667.3
41458,199725.86
9204,88640.27
50536,95785.05
137882,151699.95
136090,106860.21
34934,182712.6
75440,104013.82
19551,85021.84
8943,83111.586
130902,127389.51
6000,184475.81
11325,300112.25
44521,269099.62
35355,65104.434
68434,81975.39
50924,223636.61
22966,136344.9
72832,119226.45
141745,123075.586
136253,215902.47
9916,104845.58
122576,82280.22
17599,407194.06
10347,317551.2
5810,114947.75
77037,133406.1
29919,91146.34
73735,186840.55
137393,62188.08
80948,78537.52
77709,294556.62
33286,216844.36
118547,45778.234
59701,146193.08
15951,230909.67
121681,168162.92
67308,113361.25
64343,207499.3
121380,105224.2
46311,246117.16
30656,72821.9
128390,355574.75
139587,142559.52
76679,160017.08
68691,75164.57
16108,98234.6
5167,138573.72
10713,283591.1
125197,308772.53
5414,124714.57
146074,83999.64
38895,47300.41
78725,313231.97
21856,100745.12
10334,148929.56
37521,200777.1
66932,193745.1
116493,263487.5
146698,244166.48
2784,71026.14
21,157451.48
24988,121938.555
131601,113831.4
135392,77312.37
75940,321936.44
72828,180886.03
46000,288390.3
127008,138579.73
67985,116327.734
140033,89149.305
43902,254365.3
146766,241788.05
58742,80550.23
61667,209101.88
14740,102591.87
14825,362267.22
142773,105476.94
37944,124428.695
28985,98781.59
125161,138267.19
111495,241790.56
123317,126809.875
7906,199578.45
32768,122656.016
111579,237423.03
129318,218642.9
53740,36402.176
12377,139701.89
80140,88902.086
51459,340451.75
134317,127206.45
133388,186831.44
1226,182320.97
42472,143315.38
124194,149391.56
132560,170296.06
69920,86016.13
18334,155396.11
121951,162746.92
74124,85536.02
77418,144723.22
80765,182642.97
143511,235746.5
122811,32374.545
47683,85659.15
83148,240290.44
12082,96364.1
123872,132240.98
125569,80896.09
132878,98399.5
74380,54578.574
30512,166277.31
146595,166536.25
126763,142302.72
82552,269978.94
59047,134756.6
117869,195897.1
45725,110252.49
45083,74001.445
59204,79959.19
25537,58500.758
51099,123549.88
115639,149547.62
5075,167894.8
111345,156998.92
34301,146770.42
26769,141463.77
75176,91713.805
142784,258436.0
82524,137702.53
80767,233708.23
145990,275936.25
49218,70673.39
115568,127232.23
135515,119136.6
11610,55996.64
1258,514652.75
6620,58288.133
75142,105353.33
54363,43802.29
142636,182844.92
130573,63826.684
61429,168146.77
115881,209649.3
18009,241046.89
19937,194596.97
62368,83412.74
20694,241478.03
56440,99803.984
118868,51694.62
75073,84962.96
78418,106567.48
54192,631542.2
119196,178593.45
124363,205350.11
48392,66058.586
77477,135937.7
110409,115164.58
64372,89055.42
13342,271206.62
30529,429706.5
73733,136433.72
40779,191579.11
1345,128260.36
121135,96763.47
126451,305565.56
63011,278910.5
120801,324149.4
60025,83126.984
130805,126151.336
49912,175253.72
121112,173621.38
43373,226800.06
71084,344135.75
41295,142927.58
19208,43001.992
36255,260271.89
129705,173443.73
60533,268577.22
10592,692999.1
144374,169085.8
63051,63537.88
18657,117216.36
45,139634.56
67492,157503.94
127292,145099.34
14709,253457.14
77982,73750.49
64509,374905.88
136078,106503.336
48371,182732.66
131526,175999.19
80243,349501.75
112719,66064.83
26166,164391.58
25870,133055.23
121554,58685.65
11996,56478.703
16246,244067.16
115761,103695.6
11006,256433.3
31824,303790.7
54406,123266.88
17335,408217.66
115584,252350.08
8182,82597.43
136210,91092.555
140029,107593.984
58457,164347.2
64718,152541.17
74225,137016.38
125947,93004.4
51993,207271.25
146863,59001.0
14202,138657.58
14878,50470.332
111450,113526.71
142483,372551.7
126315,202991.92
961,114484.45
28171,124488.984
53535,146215.69
61949,111339.41
13542,276392.03
32561,183641.55
485,84078.87
139079,135557.11
82503,187676.02
22942,111275.9
50697,501953.62
25238,118145.59
33995,61144.836
139236,119439.71
16199,103333.766
1693,144214.69
141563,289302.5
66609,135321.92
137186,169499.98
29708,105294.43
120099,229235.94
52870,167346.98
19791,146280.33
140019,253816.33
73839,268394.7
126043,157248.8
11718,216452.97
141301,671843.2
127612,213973.25
125008,216194.73
31533,393502.28
57798,64445.07
63204,182826.05
20715,124453.766
119693,154398.27
111237,166546.8
73749,271902.9
23738,258544.22
67195,163266.03
33148,193662.36
57445,108934.33
1106,200540.42
16311,93051.69
66890,219156.92
146274,200307.72
51676,98297.805
18732,599442.4
63089,197547.3
17748,138457.83
14073,454765.47
61296,162412.7
119651,106670.42
141271,135533.44
41747,134195.03
138682,102500.836
4937,202130.34
126685,250967.2
40639,155575.3
146381,117070.66
12311,242879.11
22576,93790.27
56334,87364.125
113030,117502.59
52569,156947.73
134931,92618.31
70992,273732.8
140576,82892.52
15459,218632.03
15371,121284.38
25508,275567.4
9490,187986.92
12437,72457.84
142180,63105.195
13965,199511.0
19907,216977.89
18359,151482.2
4980,120284.14
37868,616746.7
136584,151017.17
116004,102809.484
134824,137970.33
47861,69166.875
136918,234141.28
130102,507102.47
145440,310271.94
142448,137751.17
141257,165304.6
32597,98057.484
117001,395527.56
74826,85623.125
46474,184673.73
130579,154870.4
52090,128033.79
39584,110359.48
42462,119797.3
7079,136600.61
145131,130135.55
37200,76281.59
34957,373764.28
137702,64294.92
120181,111641.04
122163,243207.97
138250,558028.56
61888,252093.95
74803,396252.16
130353,260495.16
76340,139455.2
116742,112991.625
74544,180245.25
53889,178646.81
114227,184295.36
4731,158422.75
126107,495433.12
140815,81196.56
33484,241471.2
10679,124234.055
3438,306683.47
139214,151059.67
9835,120703.43
139757,240729.69
124005,115804.21
124630,182393.11
40423,105677.91
140144,229393.2
111060,224618.14
117364,120048.31
73755,139857.4
77270,280000.03
119703,86834.875
26850,141063.88
72185,142834.7
43006,138278.44
49400,264783.78
47251,148888.36
77132,103761.45
13014,446664.47
50808,229233.66
139907,95661.95
120203,120118.12
144020,296583.38
139738,116454.21
1972,47051.8
68548,106267.734
128482,129241.73
114079,149901.75
18224,118262.7
7017,91490.83
135621,87242.01
7026,274458.53
325,402498.9
114828,247456.11
113577,50624.402
30367,88649.8
74710,95188.49
41457,173923.62
82673,232085.94
42918,85030.48
4803,111362.95
50264,162125.02
70141,92652.164
112461,115537.25
114761,83606.58
132902,527899.5
138863,354930.03
26877,293660.4
121530,114886.16
7128,450737.6
8487,81780.77
50786,163010.31
147035,92825.96
71969,249362.7
42294,290974.34
39904,305879.97
55360,540480.6
45383,464208.22
80652,58402.715
118815,136988.3
43090,310498.3
50554,122839.26
57,176749.53
57129,99398.9
116752,233931.56
133214,277687.06
39840,172265.78
46360,276772.28
23056,129370.13
10405,166688.38
44352,232175.5
18760,82974.5
133871,110955.49
38712,102261.695
115304,275809.6
44865,333075.72
21765,212969.9
53627,85454.39
133110,134631.67
130799,242569.33
67612,177487.92
146809,276511.16
113985,189231.36
56468,351745.97
1706,175815.94
143408,96192.42
68372,216510.55
29380,106148.62
27606,108717.125
72080,341862.62
19316,366911.3
75348,104836.38
124309,170291.67
134327,168017.88
80966,537886.25
2049,109915.17
123455,145340.61
57975,108405.984
38571,153735.25
74464,59391.688
145264,285365.84
13450,224997.47
138989,95941.766
24393,189181.64
15028,220793.52
138202,202555.4
53020,66644.73
139825,376109.22
77906,169683.98
18706,65293.504
61766,307730.66
119815,559990.06
32663,92842.805
140693,82347.305
20148,208462.7
15550,231232.78
145359,72985.56
118564,249820.45
16125,72607.34
128464,89912.46
64633,83552.15
3666,257516.39
141151,112171.93
46053,505630.7
44848,119034.66
33980,166396.12
139179,62560.93
56006,264860.75
46685,185901.1
82907,197428.1
122616,128055.82
116106,185195.73
43213,144565.17
18362,262042.97
11288,79074.85
120310,352656.25
130268,98199.3
68200,373405.53
10832,103668.27
6140,74982.555
122483,67587.56
859,250689.11
59723,404788.2
25374,118529.586
141118,144591.56
146571,103743.78
39519,132452.19
141204,198265.03
35986,37930.477
143325,147731.42
133974,84673.79
52585,448492.88
41273,78783.06
62984,315467.53
4664,123828.336
35888,76152.02
58893,166381.9
142637,307266.5
68192,99616.34
61158,111693.85
15659,161436.0
76524,111365.79
36334,43734.184
66496,53024.418
133059,288014.88
146292,127825.414
115284,157018.27
141471,117005.66
2995,142166.94
70867,129525.72
46194,370015.2
115901,220467.16
131519,168623.95
24934,78440.08
40652,193291.14
10302,219024.11
112124,74432.734
115933,258573.2
67140,238220.92
127865,150463.84
2274,100989.42
79556,212770.7
124302,214980.02
74185,265444.8
40934,190505.0
121230,144048.02
137481,157443.08
51845,169365.39
126679,326466.62
124828,154826.58
112652,166674.16
42681,117486.5
72822,282168.34
73391,110931.68
143821,228039.8
854,169411.06
39642,216667.6
121349,63012.902
110601,99795.65
71273,183778.1
110357,245618.42
117806,150870.92
50060,218720.05
45167,227962.6
82752,125954.97
124775,164659.88
64106,50370.965
129150,92525.61
142577,521127.84
132913,312968.9
67846,81458.57
47557,119131.98
29154,218186.53
16069,155427.28
111555,93272.336
52966,118495.984
38867,156240.94
67835,126960.39
29619,238933.2
35771,424889.12
59313,78216.31
6946,238486.02
14550,332814.03
74619,92096.984
2175,478968.3
133926,111752.96
13668,97849.84
80771,150268.11
16495,289211.8
116345,139982.45
39838,133100.4
11547,51230.367
134612,210257.2
58966,105179.5
111855,113617.91
130442,138573.95
129934,234755.31
58853,280234.84
59981,189130.5
28118,95939.72
48328,159424.22
40411,198691.78
135669,202018.23
75793,46285.95
20200,62888.63
117703,124472.51
15506,112625.32
36395,144992.6
114097,239756.17
51823,334131.1
139239,63771.08
8330,296081.06
12049,96715.11
143162,113765.51
140422,371096.72
10795,116510.375
129764,77593.51
63925,165395.84
55144,142264.3
30842,181422.27
58528,162732.25
25893,222646.34
43702,88467.234
129137,78064.55
61655,223793.81
24379,100764.08
61472,193551.27
36644,242974.7
65004,149649.98
32578,51647.812
33555,174256.06
14614,192638.3
46596,39009.605
111582,155769.67
35447,92279.04
139488,209492.36
47653,51018.88
4102,84438.24
141000,151852.97
41104,40453.375
115725,240989.88
6060,211208.95
75609,162352.64
114730,66624.18
67536,88297.67
143638,144273.03
14174,211310.02
50815,81776.055
61354,119073.15
72469,174346.03
14776,193050.94
33890,101830.14
35926,182404.0
25766,260000.36
122188,100892.47
73943,408088.7
12191,186230.48
71841,214801.53
60481,189102.9
135015,110445.22
74958,195024.1
113173,101238.07
12013,92176.66
20161,110334.18
130080,281710.38
131298,336252.9
144661,211223.64
144888,301439.75
128021,155028.84
74002,63538.242
81866,111284.68
67385,77789.8
25219,102638.24
4327,330954.44
139836,49782.47
68282,108481.2
78539,188034.11
67468,165731.23
144785,151330.31
112663,60568.71
59607,189900.9
124490,432008.12
52755,52543.164
26487,211453.06
53838,149852.34
68488,154096.84
78145,134504.94
113082,175366.19
21005,164761.33
138572,195936.78
19686,128174.984
35953,266002.75
48434,83348.13
5165,413410.97
41870,180520.72
5318,147682.66
118757,106261.67
69741,191217.78
131856,431531.0
46876,117766.61
127867,112461.266
79802,128764.625
12192,255918.84
76318,211142.7
27687,313408.9
78286,270194.72
4282,245727.12
57081,232851.66
17596,369122.72
80496,197820.78
9294,169969.64
75974,173500.16
3242,292418.28
116433,285203.75
17072,112148.016
65296,159546.7
134140,212728.23
6157,189133.8
18562,152075.84
24293,265981.84
56479,134263.28
116287,42221.605
245,234358.16
57049,207321.05
130443,126429.87
41331,255097.95
31680,261200.66
52161,82791.69
43208,338146.5
46617,172794.34
65184,99644.73
66981,342998.3
114139,175131.69
121932,187580.14
72775,155484.88
80145,107446.72
117079,90170.27
134295,140952.95
75125,158965.48
131608,177173.9
56139,207461.28
137088,219340.72
35309,83969.49
111827,368666.4
80078,213014.61
139766,194841.78
55550,114494.164
69989,191802.58
74814,458698.84
22673,139930.38
64589,123819.14
6343,66381.43
52763,102201.484
59156,138202.25
35954,175826.23
143884,77055.586
125652,289246.6
127269,396598.66
74266,311089.25
13991,81931.28
30146,135816.3
46640,91934.05
15622,290918.4
112284,165884.53
63735,88002.69
126319,245659.83
44694,50058.355
133944,143731.97
126008,170497.33
37752,102431.64
79516,90360.04
23255,160394.67
75331,229133.31
62387,70581.266
2063,94252.18
69910,148025.33
1017,130254.55
52431,172192.89
24442,395245.28
122052,107755.945
144021,143900.56
17136,258335.81
60274,109352.5
55984,203020.67
118605,208791.95
74454,133450.27
68360,166675.16
60619,64618.51
62294,210897.2
15704,104878.63
44837,150012.25
34167,112780.33
138679,156727.48
113252,138237.69
116029,109654.34
114929,229124.1
32208,97178.914
18220,96081.84
141669,301780.1
56518,361050.28
71809,270536.1
1896,107712.09
1237,219961.08
56894,309645.97
51841,144964.5
7171,109485.69
118696,128114.31
51681,159418.19
114385,150547.61
146870,128356.18
16822,103806.734
110337,219901.81
11319,131677.66
53220,471364.34
56846,120423.01
29516,146880.28
4981,142856.61
70577,70563.445
75483,355250.72
12163,176201.84
12962,233477.02
49154,213975.39
52231,64200.355
120058,275350.94
79013,82309.18
15972,131902.27
45200,109793.375
117847,78565.375
135148,71364.91
137010,122733.7
5983,272770.88
27126,114523.54
8482,87926.88
136401,87354.76
77340,232070.1
9441,230158.95
44447,340908.94
60087,355877.78
16727,154012.2
22044,120769.12
42831,179369.47
62321,236865.52
50715,354197.94
112502,97585.625
59849,75082.91
16048,105847.46
58933,117575.57
19615,74162.24
20520,136782.2
21693,180102.56
63358,71422.65
24368,345956.1
128966,77934.09
54457,113042.29
139460,631229.44
34248,106397.82
142371,274015.66
22717,145081.6
147155,93190.84
75829,113150.68
38799,238958.52
126391,137104.17
1748,239720.83
135825,249059.23
80523,111230.164
60597,65976.73
73186,272317.12
144892,481470.44
29600,174952.7
18275,33033.73
12338,104255.46
37986,111146.63
147070,118133.72
79641,106902.63
112456,277846.0
41395,269470.28
146165,83410.984
47947,329796.5
135818,123217.12
5946,146218.42
119607,97784.89
46557,82959.984
22766,76191.95
113750,158798.88
82569,160533.36
14111,210360.72
111639,163590.56
137129,94225.63
143424,107542.77
40609,63666.914
77935,119525.31
132666,114815.41
42176,697514.06
47456,134931.05
142322,76090.766
124685,211807.92
61553,284668.9
21218,99401.54
31698,249837.61
143263,219800.55
34418,134624.67
73880,105499.54
146338,108843.31
67919,180557.48
48592,105918.22
111820,97196.36
8520,178184.25
50494,263874.66
27159,179960.72
143286,157392.95
134307,75988.45
144755,251815.9
62209,286160.5
18640,440124.78
69510,96911.47
79056,651669.06
1757,249081.94
8557,206703.97
143029,147078.39
83171,178330.64
132181,155124.56
16911,147894.25
136987,194710.14
57332,71506.48
7337,249043.38
61770,703831.44
74169,329066.94
76012,168042.34
33536,121064.664
19108,219028.0
47335,73418.66
15054,77557.28
81779,231147.27
138040,317086.0
120340,151352.1
51371,171641.31
63010,166219.86
72868,117432.445
33812,49474.836
118238,294130.66
23463,225985.58
75213,83726.836
12904,103127.31
14373,94020.63
133168,182156.48
32702,48003.527
6083,98683.16
50465,64992.67
128374,275769.2
46203,203709.2
4630,234622.77
49158,75818.5
143186,143705.28
112582,260449.95
124009,135781.33
130537,57511.93
32567,216219.11
61322,291648.88
141015,84313.38
41294,72669.99
35613,87104.914
34354,174276.28
69978,170709.8
6567,179721.75
23070,57683.285
125779,217447.39
51663,168970.92
141464,126698.12
53424,169244.5
128129,146003.81
12958,136097.28
70987,218630.88
139818,138642.95
82698,52240.855
119047,127690.9
77839,151921.2
67817,185923.72
28004,113937.59
76494,117891.71
755,168292.44
57094,229270.23
79561,73343.75
9229,132515.19
8603,205395.7
117147,38379.96
141074,229252.53
37460,143049.52
80377,186488.3
63181,73511.16
44388,351533.75
40583,111459.18
71573,90571.984
136691,117480.97
118631,123610.45
60030,124373.97
20451,84694.44
138651,108361.73
128559,111245.28
125417,184754.72
34213,56992.715
7130,107246.66
2307,490029.22
82599,91165.19
20893,139382.02
144715,145649.36
35044,100533.58
41361,270218.28
73322,125226.67
10996,76503.28
25971,156818.86
65572,147844.67
144174,120397.26
68917,136203.06
21734,252655.5
39920,59699.09
135167,225622.05
7380,133630.42
81997,151567.92
44465,129536.62
7731,148852.55
59328,110175.01
40540,159055.83
122333,100464.32
142226,416997.2
113337,283545.06
135050,188098.66
43001,190904.33
15606,82684.375
26759,253546.84
28988,261758.75
75982,78956.1
69494,60851.945
10057,122035.164
79306,116036.46
71231,239713.12
55312,306532.25
145026,188240.27
117854,316075.12
22523,253625.16
142381,110073.56
60936,67876.39
36942,99994.12
58842,144618.6
23515,150795.4
18208,240823.94
29565,103094.766
61904,95144.64
76989,56903.715
23482,213628.19
1657,221370.31
127947,149667.17
59185,83171.516
48006,66939.1
71541,141578.84
20979,126715.83
43661,181856.1
117357,139407.66
42435,218384.0
77502,79128.49
114685,66403.96
33367,236840.81
71381,221308.47
122562,347653.94
27199,218871.25
16304,81817.67
63049,64308.293
81318,104531.03
62374,143641.19
125133,74670.4
26067,236636.28
114151,109655.15
143235,33606.67
74197,165001.97
57156,195796.92
122293,73638.914
58778,366990.4
79800,105931.54
68801,119140.945
36726,45855.887
143866,143869.9
131375,69649.89
4952,95390.16
20952,126541.78
22566,187027.8
144114,125238.19
138139,74596.65
24634,109829.48
141891,257454.62
18270,94579.086
126768,57838.8
6353,182858.67
16166,129806.734
58857,163597.47
128218,105501.57
118253,308829.28
62454,117651.55
119089,74351.99
49478,314273.3
6823,119754.4
125761,226689.16
115803,331352.56
7191,247220.72
126667,97449.234
37534,178180.48
118494,74431.375
65370,99270.47
30805,282027.22
23107,98549.81
35163,51917.973
22114,177188.48
35741,197022.95
52039,252029.52
81915,648830.2
15950,360383.4
76270,267287.1
20971,297351.44
42404,123873.45
81772,259715.62
123566,96554.79
14538,115350.96
28933,107737.12
6054,92492.805
119314,86319.016
115919,109970.195
121632,101483.016
69656,126898.41
30984,61522.19
6403,261086.45
139377,70323.305
18276,205592.73
128330,117208.7
6825,116350.79
146280,547063.75
139683,43893.59
7083,298811.72
67241,149353.39
69200,148879.23
50239,141570.39
121571,97412.23
47860,192177.2
40548,149383.14
114404,201816.81
68349,95916.516
124135,359559.75
134566,145522.88
129614,236258.47
51254,47307.887
73385,141911.12
51976,365092.28
58174,243467.31
72201,138705.02
116490,135537.9
51858,209240.52
128923,65399.797
9983,108365.875
55702,421328.66
77809,120105.88
80246,576815.7
61875,322338.84
79735,61566.82
57900,108639.62
14019,87878.74
31352,91196.484
17819,109979.48
80367,97043.836
5018,192658.12
20569,158298.58
2594,94146.234
6635,50195.16
80991,156185.02
141587,95997.88
69633,43524.31
32354,125148.49
52390,385626.7
433,115595.14
59952,117391.83
118511,287071.8
8593,165232.81
75960,136644.44
7959,219931.08
145162,281928.94
127749,123711.79
31761,98393.44
77395,235878.0
81956,122330.49
144210,258677.06
129221,209866.64
67233,205987.77
58303,179009.1
44696,84122.14
141965,153039.78
15193,73355.94
14199,144028.52
63046,190147.92
138856,100847.74
123800,218267.58
40664,149253.98
15143,112142.08
127439,451978.34
14103,201456.92
111059,143808.38
74477,201990.94
74942,228227.66
142277,191547.4
6489,317188.47
17388,162221.53
12901,105072.29
80985,163622.23
59885,88511.76
5311,101968.18
123175,179006.11
46859,74665.586
16479,252278.33
74623,73842.73
31798,83016.766
82856,322884.44
1419,114264.87
123077,480191.06
121201,78926.37
29738,89763.48
57895,142494.06
129358,168299.45
82362,176461.7
115412,166335.06
53875,308055.62
82826,586912.1
134796,169972.12
25602,118410.1
21821,55581.902
137499,161712.98
132448,128321.44
146044,286710.7
32480,161700.9
19941,263179.94
116526,126436.42
136843,305333.22
62159,60631.043
38068,68589.664
31374,317887.34
25564,315411.72
40793,95765.04
7615,530967.1
135729,129806.734
66461,90632.96
110350,263822.3
116452,103395.875
126111,143576.77
32514,267420.2
25621,293477.06
1642,239074.45
62446,126002.53
24307,236441.02
145596,166980.75
139144,196319.62
33437,128051.055
32624,70853.25
131174,151727.4
36651,276617.78
21254,90434.875
132998,226736.53
143991,159671.42
73111,151543.69
37655,140308.97
145494,107977.11
27414,103276.47
69673,127577.46
10923,119965.43
31803,204533.36
44955,115120.305
12286,113179.32
124694,521199.47
120222,184845.27
146517,221008.97
39244,167435.06
115450,84347.7
1005,112114.55
28779,168235.33
145754,228648.5
8811,155862.33
44379,467994.5
54997,167933.36
49235,181626.5
116716,96506.164
114186,79025.06
38036,139189.66
133729,130095.88
138169,164427.62
34176,135365.83
52311,268253.22
131876,215008.08
56460,176576.78
76065,112718.336
60276,136820.0
25228,66288.63
122424,316821.34
114885,351334.62
21144,255139.89
135151,152671.7
112989,43006.258
59716,396201.28
24811,130219.51
5024,54443.875
29790,85002.76
12488,157650.8
76949,153902.25
65842,387080.1
143915,102478.984
142422,66855.54
37453,95449.3
47846,150860.97
2365,75726.516
27374,185604.78
139971,66714.805
7978,155987.27
129081,64345.715
135210,95108.266
117604,324864.5
80298,129612.99
17905,221757.33
53531,116564.38
11836,80491.65
44635,99299.89
71803,269015.8
13588,224612.42
76941,181676.05
126130,115213.8
71177,184389.86
67070,199952.05
1477,105382.54
60615,70112.41
74630,133707.42
20358,150438.2
4046,212944.12
37476,81912.74
12001,40642.242
120073,240348.73
1220,163098.38
16070,327244.22
67769,202719.08
70529,96721.65
115623,167208.34
21706,103038.66
73738,145561.19
113586,72482.24
72339,309499.7
20742,94265.25
142118,99840.05
38360,198674.94
24546,523212.9
111241,79634.35
59145,287383.3
12568,323771.25
34158,164007.23
140036,195336.88
25049,581286.94
125063,207547.98
128516,176197.31
82604,186172.8
121318,85166.39
62090,42698.273
139547,252213.22
17031,116290.164
117436,179775.38
37396,95245.44
31877,231954.84
125534,85356.26
68795,270637.97
144712,169173.12
54538,316417.4
42466,78479.266
79835,119210.57
14681,130165.39
136025,106814.64
29978,339650.28
81795,627285.7
53530,110511.41
66137,90109.07
13295,98739.055
7700,414476.44
129265,224666.06
15906,146155.73
113559,54269.79
115889,112721.28
14226,132506.64
20268,184367.17
13755,187901.33
39627,163266.1
38705,199365.42
50985,121565.484
131929,76930.836
110954,78361.5
6968,77806.96
42740,168968.89
15734,119388.484
126569,116421.36
2767,152744.34
5774,113429.5
57689,112007.82
80737,162992.98
16140,93787.83
125936,148740.3
24513,302826.1
123824,108234.055
134615,312252.22
41062,439630.75
120307,196157.14
72247,110213.49
113747,88726.14
34561,223822.95
42214,80074.44
19455,144764.55
54261,245447.47
53278,134169.75
1755,177320.67
125917,90782.77
52119,227877.06
127201,188500.95
59868,104690.29
144646,114571.6
20331,84507.8
120694,317424.1
60292,113654.43
111983,158279.81
37505,148345.92
27428,375851.4
128876,78123.06
1114,87620.02
60998,220373.94
128176,152801.12
19989,134214.86
10481,269269.9
62287,62121.99
44951,123601.88
76435,262186.94
136549,402458.9
21438,135031.83
126006,254295.56
34675,104688.52
25440,241794.98
70909,111448.73
119821,117996.26
3930,350030.7
76999,191333.02
45410,95338.195
43225,206334.94
126150,133000.64
60697,107655.33
30793,330363.25
48234,90069.62
54265,397256.12
29881,68230.15
138218,170897.48
34800,285850.25
113009,202352.06
136692,99663.914
37675,141278.48
65443,127362.62
121334,151451.14
112342,199705.84
24446,119617.23
128528,174141.11
72984,79008.15
142353,64999.52
131510,232689.23
29762,351973.5
46116,67321.69
14616,281724.28
74407,150667.2
11943,54194.727
27444,282240.3
71070,202632.2
122487,56727.344
16766,295925.78
42678,207934.66
16377,129002.44
15056,187594.56
28659,211364.9
68935,124747.69
4602,247087.17
14736,306096.22
25823,97689.88
38309,291794.75
113273,105011.99
79296,67858.98
133880,289758.38
77873,126523.484
225,134651.66
37257,135298.44
56747,89726.164
4848,195333.23
119129,105274.586
73676,98988.02
120136,83882.93
122386,158981.55
58375,100662.44
112833,89606.01
116069,154139.22
20767,138398.4
59721,66519.086
126999,144125.08
48317,284873.94
675,222067.06
123005,152727.61
5458,96465.99
135660,174307.55
20233,254129.92
124489,108405.78
136129,265552.8
80888,322146.16
129175,232517.3
55838,297395.1
73150,292923.62
60867,69806.64
121735,100100.45
43473,88238.766
119205,301299.84
54000,85214.65
75813,118617.305
68409,101824.09
54791,175653.0
61973,298084.2
137795,208788.44
119190,263826.3
26937,126372.67
15966,534768.75
81525,153548.5
26943,172328.53
142443,56276.67
34492,83465.17
38900,89862.266
67315,73010.02
54201,449266.2
47184,182506.16
12762,150774.06
63823,148633.55
11372,465660.8
54484,65045.246
42610,98598.516
35465,71745.766
52751,427653.72
43407,657368.25
79059,109682.35
45132,189110.5
58177,86823.49
27467,76321.92
60780,153753.38
45514,75939.875
33123,242124.3
144964,145325.8
126073,461221.8
144229,102618.36
63788,102692.75
125960,155840.03
130390,220967.81
134712,380035.44
116852,163319.0
74796,93199.35
65268,359422.4
116440,223750.12
5692,288932.38
61937,241496.55
46616,148897.67
8163,201659.81
54993,154522.34
7916,290364.25
30042,139297.16
59486,76034.39
38564,305544.88
64850,311735.94
76076,196817.95
13087,260134.67
39788,78001.79
8647,487351.44
118262,162789.52
53921,125517.88
112283,74341.12
8031,126670.63
26372,160993.2
73290,127494.58
43698,121463.28
132441,143742.62
73715,194896.78
33452,601641.75
3162,53451.55
63120,157606.89
71772,101987.09
141166,93932.445
26436,103674.04
65981,213003.34
56804,129454.08
52476,100963.4
43080,282180.5
39951,70825.9
19800,191502.84
24589,250366.9
29083,146897.9
32272,222488.23
125143,115447.44
35405,68869.01
65980,43417.71
34245,79275.54
44977,76248.75
7220,132254.73
138446,666776.8
120529,178565.23
76020,115251.62
20938,114745.234
135144,123048.3
131781,164182.25
67130,161037.94
139549,231764.81
131557,90625.984
47629,426896.0
18134,194373.66
24585,122661.89
114850,81521.1
16064,256030.02
73325,196683.03
131589,270779.44
29544,86809.21
19322,239085.77
51352,154545.31
71053,415634.1
59697,123889.766
14422,96943.195
42331,127596.64
27241,311211.38
141098,397082.6
145686,281630.66
55942,137135.84
29120,130445.26
142620,92499.04
28080,169619.42
72186,73562.91
34333,313912.72
29197,129888.8
41381,173701.83
13219,213182.81
141174,148443.61
144444,95539.78
122122,160701.73
22453,122808.38
133914,268266.97
66660,66535.92
45254,140647.4
80143,160420.47
145318,306189.03
130225,217960.69
134362,96956.18
1934,160749.98
130613,364335.25
69889,65104.312
61673,122260.3
124778,29518.791
32859,208898.38
144249,536681.9
138419,178652.75
141627,124662.12
48644,355025.0
2999,143908.88
48466,146929.7
9969,112382.7
5258,342259.78
138117,161944.5
45436,196153.12
43202,127250.02
66956,446060.2
19201,120012.31
80663,144254.48
44186,226508.72
80869,48209.2
125328,109015.49
136708,321222.66
11355,664514.56
29378,259864.33
122778,190457.52
119988,96901.8
114635,259688.53
119144,116883.0
126061,85437.75
110382,65329.492
123922,216372.06
37012,79172.95
19701,70022.53
48908,176595.52
115664,98593.23
64337,164260.52
41449,185066.61
134966,83733.75
29034,341059.62
6333,116882.695
1264,151710.25
64278,247628.95
137833,220706.67
15994,274054.56
26549,145724.45
3011,49371.992
72573,154179.88
33149,230537.44
57176,151499.12
15108,127126.59
51350,55315.258
12300,186224.39
33675,175701.5
78861,85190.26
132368,80991.74
8408,348436.1
40869,133489.66
77861,188692.8
33582,172085.88
112921,82999.99
25498,139118.14
124850,264246.97
32621,45069.633
70082,252970.7
42166,372044.62
123440,272948.3
58685,163962.6
78609,109731.71
25924,42684.113
42044,104922.55
115014,88847.44
112641,155256.94
39531,162285.67
79726,31385.34
19903,213297.75
74768,200964.22
74870,379687.06
20038,81296.64
42849,227328.61
128486,144403.6
62892,199572.12
25863,58350.1
60092,267716.97
25423,115047.47
10497,115336.58
5313,351898.22
30123,114138.86
20211,259882.52
111009,314343.94
71078,111333.59
76189,85098.37
24540,330184.44
124917,162142.0
61984,172526.75
135726,286621.3
129457,109882.66
126474,351849.84
46169,46634.406
62174,136618.88
128431,42812.67
112482,286087.16
120720,210409.47
6632,83493.04
11318,220198.14
113074,141222.72
146368,226668.83
132059,86445.05
12493,137381.92
115590,198664.16
33901,234247.28
112891,131977.05
28739,31450.043
49498,250880.55
11680,172018.17
66242,151585.45
55983,129795.67
111021,132862.5
7848,270269.12
64321,136077.69
23216,84143.625
121458,115505.05
119458,148584.1
81839,74177.94
25177,140548.73
62538,258094.31
51,221380.73
132386,216241.72
23108,134117.28
16906,84326.01
41464,235755.47
23792,89683.33
79604,274515.47
116491,188451.12
31434,77071.57
47838,85694.17
49951,120169.29
144837,135861.58
128699,153713.27
21867,488388.38
146964,96088.94
70630,122734.61
140997,106286.9
38306,87310.52
59109,175960.89
20437,206048.33
54637,170793.9
71735,228701.16
74400,53495.777
126546,75657.42
81837,53220.05
24192,55597.746
145124,231012.9
113385,136416.69
71886,102991.695
32147,72687.88
56120,113803.68
111736,174878.25
60865,123587.06
44712,147616.27
12141,56599.1
60512,183431.92
69974,463478.5
15699,173798.03
123897,314476.44
29581,107440.98
136592,104217.96
74913,153474.88
13101,199411.94
120369,158561.86
33106,80443.23
49125,88106.85
42264,47302.49
135789,242111.0
64412,194194.1
26754,524450.75
140889,330884.9
40806,169147.98
80479,50291.582
73487,323424.8
112052,69571.1
39315,348686.38
69871,704650.44
50930,210697.78
54240,79721.64
117763,194273.61
61704,312194.4
47778,70493.336
11908,47102.938
57122,120445.766
52361,228780.94
11578,91357.85
115115,112254.64
132588,134064.88
72249,82906.22
16483,127075.97
143580,263015.84
134778,236545.2
75303,127028.7
132459,186933.33
20752,283295.56
29285,110199.72
45650,235683.88
68599,127582.06
35107,71744.734
76595,217206.47
140818,199752.25
67301,175524.88
138536,180420.28
2323,349140.8
51872,97696.81
20935,233872.42
5295,187212.97
44603,105473.62
3995,86759.58
20709,56731.62
116280,182385.45
32750,169097.83
3237,112054.42
58052,302596.34
13681,208003.67
52551,146544.94
145057,362885.25
16416,262139.22
48374,79620.04
73951,122246.93
37456,182676.73
6930,180161.06
128098,175077.31
11954,39515.703
59571,87118.89
120259,202171.05
2830,117733.01
77160,120966.07
126339,315722.75
133112,149515.58
9888,113940.67
130693,244354.55
112126,159186.27
124559,111994.74
25736,128529.17
64846,107496.02
2787,107543.484
138352,212883.48
12659,183326.86
17769,201675.5
56111,262790.34
16541,59150.586
7343,267394.84
52018,163537.05
72268,142898.53
129649,122756.55
136682,316296.62
11771,46314.387
7907,392001.97
127884,146946.86
127763,84124.84
143691,165013.48
118474,138551.44
127171,191049.58
47407,237132.81
19094,246046.62
71186,142806.98
123491,212483.25
79945,129233.34
17591,156461.69
55201,388808.34
76282,203551.88
5223,131684.2
26633,335648.9
5856,146003.64
21231,119511.38
77240,141119.9
15462,341285.44
140396,280547.5
65727,170360.17
36166,208292.55
77483,266369.47
137014,171755.08
1059,207733.39
120563,141826.45
75856,83205.734
7342,58276.285
80415,43276.86
135685,160900.92
61591,176338.66
146726,117208.21
118121,90373.73
147038,157345.67
129607,280654.38
73563,56320.25
15808,70031.65
71708,150327.53
80962,114833.83
132040,184095.4
13806,185433.27
29718,113286.79
131245,268105.12
111514,62688.426
129380,97180.52
144693,253466.0
7891,325379.6
67569,278648.38
125656,537187.94
132694,218366.67
123984,230949.81
11255,344435.22
80563,54631.49
133320,171110.05
20172,96350.734
34862,181616.94
132742,113540.28
139814,245386.34
24252,91228.766
55519,46631.453
42925,286693.9
52951,78479.836
35228,384538.75
52299,77133.58
144320,144668.56
11283,116890.23
58827,368132.7
128143,223341.02
31061,108090.02
13122,59530.445
25727,518130.72
146058,81198.805
141559,262960.97
33481,147147.17
60029,123524.9
70737,113769.58
44178,152314.42
115108,96547.73
1817,138708.06
80612,127376.12
79495,114775.83
50283,561618.1
41481,72778.52
36577,113078.6
111552,127863.52
3950,218400.77
142833,72130.16
144775,142609.66
73732,105579.63
40093,126193.31
8321,454755.8
7457,83390.96
31002,342739.78
43620,110096.55
115839,104922.734
12188,77829.97
75366,385983.62
138980,92898.76
64465,148408.89
53562,132177.17
93,206340.8
31901,290091.75
31696,241545.9
38711,125987.28
122718,157178.55
3581,85846.24
50565,176604.3
66101,60237.316
9752,237181.39
118680,286992.38
23007,115366.54
123791,73753.99
19395,121192.016
14989,122847.19
54330,105343.67
80354,138580.64
11577,95680.03
73011,60293.977
146240,161206.34
48923,252048.42
20603,122212.31
132218,169709.27
132932,75742.67
57245,247923.48
43287,204399.58
2309,105489.9
20079,124260.79
67645,127742.484
7450,95464.46
6001,97241.95
73504,121306.664
29941,312065.1
26204,162082.03
135355,110616.15
126634,64767.574
58667,249499.1
74163,243577.52
128150,145971.53
28931,145153.95
24732,355182.78
128408,182978.22
74011,109395.58
122431,165626.88
147125,419817.75
144520,47291.31
147108,134579.86
121821,96355.99
18319,188090.62
75511,110294.7
123845,82831.734
63198,89596.92
17817,134273.62
65645,254631.23
38757,127767.99
18776,365957.72
48735,125397.98
77430,458799.0
8089,148531.69
145296,187939.0
124721,228318.05
13548,123788.59
2604,174344.6
50962,183608.62
120407,87034.984
143175,93432.63
41121,234611.1
32879,112484.164
77097,143279.05
839,105265.41
136461,49493.402
124143,164890.94
72952,108226.48
19894,283504.56
71621,200669.42
122504,110415.66
67851,76057.54
36689,201310.2
7938,191948.97
19545,44921.887
79524,122652.39
75320,106790.086
83190,79373.914
37666,235972.16
20120,228527.6
69193,400348.0
71042,144571.33
127501,131153.36
126938,113849.02
120874,212015.9
17453,247317.4
67940,190155.28
23686,222590.25
60797,94034.43
112257,331670.47
55514,106568.79
137465,83533.12
72367,299791.38
5266,171437.94
132839,79270.53
142548,167234.61
75509,207246.5
17947,110561.48
41301,81700.94
126904,174047.72
63763,88218.305
8301,184668.11
70729,39455.62
43892,508396.22
136131,360847.38
82150,137394.73
80605,91383.266
76167,89968.05
59143,276984.06
64835,250613.86
146206,167969.44
138957,120042.98
121999,109082.63
79229,63935.027
140338,146038.2
18937,351416.25
72151,331330.75
68844,55730.508
122390,87604.28
1571,364855.38
120854,51616.402
3275,225319.22
25158,81107.41
48886,175730.06
59598,183315.61
37924,39309.89
70951,258583.22
113606,121423.79
65586,118550.93
63452,64558.695
71670,126518.195
126022,403097.03
120170,139267.33
76498,315110.34
11095,113736.51
20788,90346.805
56770,347035.47
141348,76379.99
125718,39957.066
130446,112240.64
128235,112126.5
18110,82440.72
61182,163515.66
20606,298178.5
17440,208241.78
36185,96319.516
10783,101460.0
22568,112364.26
45960,114517.28
55965,80205.11
5067,105490.305
24470,135124.1
131232,353849.47
75014,225637.95
65756,307109.62
137562,125016.63
38572,235822.25
137978,209817.61
34814,84275.17
13551,134961.17
71379,152889.39
132655,163480.97
76373,162183.22
65096,271839.7
9096,113019.07
118704,168262.02
120123,183179.14
34406,119104.375
75878,91681.87
135564,152257.6
36978,356745.0
33964,168846.31
141185,109519.66
53955,323329.28
123681,260431.67
43840,293876.5
111673,173521.78
143703,102280.11
64490,103772.08
130440,136156.75
131678,62911.27
135269,218772.27
130166,121330.08
37416,67027.59
135591,108307.07
124324,202381.2
120738,51977.9
3303,282904.9
80300,94808.234
143848,86649.22
14036,234927.7
73931,324372.5
111739,164026.25
36376,64515.477
54685,68644.2
137086,196121.95
73033,153211.62
39572,141757.45
122281,322406.78
2150,174907.31
145262,260738.88
133562,89757.89
17452,140964.48
62947,64543.953
73404,190782.72
20301,116599.336
113479,270154.56
37518,178037.86
41398,168581.38
146478,37905.914
39212,64099.746
127748,197427.2
78284,239812.5
54143,91459.61
82672,78615.35
15188,472696.56
110646,124350.64
38082,161917.44
79034,141223.36
115994,399502.62
15150,136596.61
53574,67446.59
6832,224974.39
9024,72670.445
137273,193340.47
43104,227093.27
81040,70859.42
14305,134893.31
67137,143311.39
117601,157650.88
128850,71196.17
32934,71291.65
114453,187310.89
39989,76769.195
131959,243208.22
52185,99239.12
65130,334294.66
143720,77123.414
40970,144476.12
25775,71687.18
5039,140810.88
61824,133665.73
75676,197145.45
79766,97778.64
57062,237868.39
22773,114494.56
45190,283945.0
4904,80776.94
7715,125075.336
130079,87474.266
72503,169394.2
50473,198481.86
54808,104882.71
144474,311893.1
10547,158530.5
38505,162269.1
58654,111097.12
50666,254749.33
29390,157698.1
3298,270571.84
77061,196295.48
40007,272469.5
116668,88261.15
80463,105980.266
67560,55268.023
4194,285855.22
140370,83909.07
145233,124413.68
18170,164796.83
28896,167251.62
124663,92239.086
137688,346634.44
79383,278117.78
61920,158839.84
114073,339056.75
29249,159763.44
8427,96817.56
579,104268.695
71055,148063.39
128024,145449.38
27067,123859.23
142208,151236.6
13560,123603.48
145239,81739.23
36799,77838.93
19967,83820.69
139068,441185.12
77134,71357.016
117415,131095.11
48899,37765.715
15540,72258.73
64917,45892.098
23248,137818.48
130773,169870.0
67800,87533.62
55863,102436.94
52832,164606.89
28255,249682.03
37271,175490.98
51089,104411.836
45181,263496.66
37921,162843.66
131229,303761.03
110827,84831.54
117172,222545.05
68378,140101.19
4006,121422.86
31267,113114.555
124187,111784.95
37717,156844.48
37726,80553.195
16762,111775.15
78063,211670.73
132886,68637.58
55376,114009.49
140874,498455.5
13676,250651.0
135609,165397.66
80438,109348.02
5597,122895.69
136250,124305.99
19521,120087.44
43697,176762.11
55421,59381.266
140172,219941.47
25583,131363.45
58271,236334.38
37191,226856.55
129018,122544.23
135244,242477.3
140526,535400.3
127604,283706.72
37255,63637.312
10594,259850.16
21979,75636.41
72426,168287.84
43135,123757.57
64909,326264.44
15238,221324.7
62818,130637.83
16153,185403.1
16594,154145.52
47997,119857.53
2382,164694.98
41436,226110.19
37595,341375.44
142998,123953.03
35790,425368.06
31350,249797.8
132627,116382.84
134474,187991.64
69484,99831.664
79904,313912.78
16122,96630.55
45261,171590.3
117437,99612.516
128279,206074.31
44226,200401.81
9207,53204.895
6483,226904.9
70270,147560.66
123525,204924.77
80091,280619.28
116670,145224.53
136148,453054.94
74986,295450.97
12701,409664.78
20468,129655.28
113793,201379.53
145244,98047.63
136007,560216.0
15202,35670.35
38080,139148.61
38331,160579.44
66615,220754.62
50496,170575.67
57415,248586.44
145510,178081.3
73856,91204.49
115704,127404.55
81835,221086.98
119604,145396.75
26819,207416.81
19970,109171.85
78432,245771.36
51530,170390.88
143976,107118.01
49980,214813.44
58109,136224.17
59439,79985.67
38862,108301.086
33182,179255.47
41257,416355.25
48913,200352.45
68860,327819.0
118338,443447.28
45971,268737.25
40195,79350.29
66555,72791.664
27562,111739.56
27632,182488.28
142822,183272.84
35118,138158.92
8216,107526.7
131446,313164.38
2773,174383.42
136967,269822.28
25487,61627.086
10077,295487.44
124390,495005.6
139915,121009.14
119996,375234.47
143663,82512.48
123261,138823.92
135773,152958.97
141959,86556.07
10477,108682.81
65612,125465.41
138876,152842.11
68215,132054.33
6409,254231.44
135382,153922.33
24730,154556.27
770,294728.94
65913,244018.7
25061,180198.11
7189,202908.48
53490,38268.01
43982,188672.2
78872,73091.57
34417,189303.31
140636,246927.02
129650,251353.16
41671,250272.66
49761,178825.72
16356,103043.19
70124,173974.75
121997,399147.53
25345,71262.625
134902,245146.34
48355,158038.47
133316,128285.52
72393,167291.58
53085,59315.227
144974,231836.34
63715,139791.23
114992,122396.516
127959,246111.66
68313,183821.14
63637,375731.9
52507,138608.95
65581,301421.75
61928,67070.29
34568,184863.08
63985,175651.2
27372,226917.52
131870,117964.08
81286,143121.88
72960,355591.6
19920,235475.48
16546,134194.28
4711,194826.48
71243,166482.5
13642,789058.1
17975,312601.66
10456,567624.1
19192,139153.25
52694,273525.62
75892,96329.02
19820,355879.53
119549,334960.12
31808,95090.08
22748,99082.19
50717,237721.03
61976,185973.53
16586,224245.72
25540,103844.15
132713,261244.05
123014,395295.25
30958,207725.38
52074,218618.23
80330,126651.89
18770,323496.66
75870,249320.56
67110,120956.03
30371,326475.03
130350,227695.47
77904,157015.94
111427,296362.53
128277,115476.016
117182,372203.7
1448,119005.3
142117,64856.258
44213,174245.45
124347,134010.47
140870,210729.4
28185,146156.52
41809,77768.72
24843,78717.4
8080,181852.39
49541,503369.5
63845,129788.92
63172,244239.64
35755,121819.05
139761,40303.004
22387,138940.16
124343,93299.37
56897,88611.164
20555,177068.39
39151,128565.81
132283,573339.8
35555,80991.49
20257,266303.9
125502,56570.49
69744,173310.48
74763,151146.31
128275,109500.43
123928,77516.31
37395,263693.62
48500,145749.61
121622,264967.2
125359,210106.27
11608,69838.94
5629,136691.92
42738,185235.86
18756,199712.12
7368,106269.18
142072,239057.28
41750,291667.75
75338,79316.64
57397,101279.94
54649,127338.9
41943,151635.55
51403,61632.14
25525,128360.09
133798,204796.1
74195,179569.22
48518,178356.83
52787,207998.73
30972,134100.9
50799,296032.0
80284,175384.61
139128,209057.84
77338,260194.47
9905,127255.98
122381,384529.6
51607,246849.25
11872,59505.387
123369,161993.45
124617,333563.1
56841,261447.0
31447,643575.1
66575,109189.63
115696,86676.64
34860,155702.02
1275,285371.78
14766,182320.1
3451,194855.86
143819,119236.04
67903,70775.45
75502,209996.12
13414,239191.19
39596,250719.06
133755,142213.25
41993,80678.27
13,138799.62
132289,125044.38
138796,170927.53
58721,169869.47
70170,95944.03
113486,256497.73
136551,156289.2
63481,94320.09
13855,185294.88
74198,247699.64
140705,354869.62
19896,79123.67
33268,238330.89
137694,123792.21
52469,165665.78
83183,91321.85
147112,86860.66
61845,364056.88
36291,62398.33
32148,136878.45
74118,159052.17
41804,138975.25
39513,189201.06
40932,253538.73
117199,243521.53
13613,236480.02
74893,108346.43
63151,41117.953
142942,155755.47
4262,159679.72
146936,54416.285
145738,183001.27
135532,90905.61
68840,113648.695
16222,76571.24
50778,354874.66
30138,302681.16
27416,195936.39
48495,110684.805
25803,73289.125
56655,302008.84
131200,243579.7
141794,161665.48
73822,548109.4
76288,230782.75
133255,205331.56
19374,148033.55
78862,113328.36
82383,70521.52
22685,48584.395
19765,120443.42
59106,176576.7
32822,77486.76
144495,222142.33
51753,258888.52
144939,50013.89
144504,128831.02
121743,295425.7
47445,102846.08
16381,180518.8
133286,82292.53
75535,161112.39
115174,98765.586
142725,49675.797
58540,97846.71
3567,226572.84
132640,294060.03
114876,120389.34
59008,71342.43
47793,410312.38
78203,202820.22
52775,158276.44
36005,115100.99
22171,235449.08
142884,231556.33
41758,105544.71
56391,26032.154
113599,246524.81
14915,166674.36
11946,75809.445
80296,140959.61
67154,124147.88
34432,113117.82
123137,575589.0
33109,133484.3
110243,251788.8
143400,378777.84
144629,245433.44
39953,42979.25
54897,243924.6
37360,275427.06
19010,53663.105
146172,61083.906
82759,287447.3
130417,117439.98
47362,196762.3
56027,259054.16
2440,160050.92
62928,86123.55
7219,124057.664
18187,269833.66
44333,284374.5
75220,96071.305
75031,156403.8
70146,335437.0
17347,71133.64
135415,180641.1
15029,209355.5
1206,199629.62
67910,95409.664
2276,427042.72
58148,116559.016
45182,198726.86
10558,85442.27
343,296232.88
112779,179973.36
39618,161347.53
18145,351793.47
111047,224485.36
74359,149906.72
82848,88246.42
125370,100803.695
19360,51980.297
78415,253416.73
46690,91894.125
133422,110360.36
20021,136367.44
68787,100767.57
79401,242566.47
140687,294019.12
132148,125017.03
134253,113665.2
144186,120239.7
140948,162333.69
71154,86391.266
9785,323396.78
125096,255721.3
46651,357685.4
126144,117837.23
123431,51469.812
139736,87182.914
17492,149353.27
131073,281371.38
116924,149188.23
131866,169169.62
6762,128108.49
32884,58932.87
129245,225085.62
4659,234470.0
16452,168799.69
130297,123460.17
144135,115755.766
36893,415374.34
14664,118629.25
81879,131496.78
27455,245326.55
60081,174066.25
4812,137545.73
28840,138721.89
75022,142161.34
72793,137762.97
76378,131857.34
118340,95157.13
41310,79981.49
54320,78409.0
1173,208114.98
528,416751.28
132774,99916.51
59574,84475.0
73460,142350.77
50441,275284.25
13876,251852.11
69235,104226.266
52051,84073.33
33341,107767.86
27131,178542.42
125260,254955.84
121036,122256.45
62912,316134.5
19113,92763.97
38723,174118.28
49343,113886.62
146107,119758.14
58603,109584.586
37514,214456.45
144040,165775.83
70950,127217.14
121748,129152.37
58939,123550.72
34034,237401.56
79357,276922.84
39752,182107.19
35768,115741.64
41242,141807.31
15486,221354.36
14033,228518.86
58296,178797.72
15522,223263.81
116387,111677.914
54995,167449.84
2294,152805.03
3103,250064.75
52756,72078.914
42706,117513.09
146463,105332.37
117188,441125.84
143784,212911.48
34804,151528.39
140573,176662.69
42010,116025.56
70276,129723.016
32233,191469.83
56494,93780.31
133676,375829.06
6909,250138.38
137306,490409.9
39288,380274.12
17641,170970.98
17243,128121.87
80878,90352.06
57680,263596.12
135447,411984.72
61585,83235.46
76330,237193.92
48467,188871.53
51590,181194.19
44460,104639.1
82577,175133.81
41513,145423.27
203,193586.73
111616,113020.805
48021,156534.36
1805,91966.26
36193,183782.81
13089,55441.87
82019,103886.89
137858,164282.3
55822,125749.35
14265,203038.64
61485,114925.63
6718,86934.08
126632,128728.836
50326,113358.17
69844,112683.84
71283,211743.89
62048,185741.81
124579,121227.51
15786,369525.03
140887,102233.14
32988,109144.86
62345,131425.34
14623,163692.5
57741,140628.92
137136,265347.38
67651,507927.94
31406,146475.98
132536,121147.72
137432,487364.12
59877,100702.93
14303,221238.92
31027,185833.81
24365,164403.16
134470,122755.84
45367,244626.95
15954,237266.78
125516,148675.47
82701,627387.8
114859,92143.66
12483,142168.28
131618,136920.97
117426,138594.48
39620,50121.773
40336,233754.67
82279,74036.336
76383,109319.21
77550,122620.63
15391,210191.53
142564,105032.766
73566,208241.66
15514,261113.98
56207,518651.88
17834,71217.664
118829,138686.7
24354,140396.16
136068,256479.95
30294,130651.84
51900,81154.15
11243,72871.52
8344,161776.11
48716,110603.09
116090,180815.06
133822,168200.33
48757,94084.375
19153,171204.36
134346,71386.62
121609,56205.13
132374,326131.3
37949,68415.305
15641,115245.05
27062,108134.875
44495,283970.66
20181,468654.75
113808,86435.69
26401,37695.406
48536,420199.6
137705,159742.55
127489,93368.766
136775,116511.55
136433,331373.62
51069,277941.4
80921,177303.17
137691,189091.39
9497,208359.97
136349,128214.29
119970,118201.805
46180,166622.55
123981,165195.17
48360,121305.25
123979,47729.902
45138,182053.22
8818,81968.414
128701,162564.08
15170,425270.1
127071,178306.02
23069,183448.34
42077,202434.98
137825,308958.8
143857,316199.5
12372,57633.895
20461,180624.39
15934,92110.664
126250,180211.28
128988,345078.47
58695,208052.8
48097,162746.88
53835,128938.54
146693,120169.48
47443,269413.6
78807,144160.61
39463,107451.695
17191,248501.44
83092,94199.34
142845,145848.11
5780,123790.54
11330,84214.055
53133,259949.47
18514,514917.12
20212,412589.44
82411,161302.84
73644,249949.8
57694,205544.17
59451,125070.72
32400,98942.16
6944,294965.22
31978,260646.64
27749,119365.19
45870,151787.2
82380,69794.48
3446,146582.95
9477,131162.88
130991,202698.42
46375,278233.78
80700,147345.8
118134,279875.66
70152,202691.16
136738,49371.418
4815,202196.16
5922,116146.1
129276,151744.98
49085,243400.0
113748,135724.52
142514,31762.941
23044,128989.03
67854,103028.195
36048,218142.02
128153,415436.4
117880,161054.14
132944,83745.04
140950,193100.17
6530,73301.195
113597,542734.5
38683,181559.08
69921,174609.03
13394,166706.06
62139,261226.36
3305,109761.11
47561,138648.6
27201,133999.28
390,94164.47
133357,133831.3
14209,225602.5
20197,79959.03
52774,319753.53
146065,190469.44
48370,216644.2
24298,98634.33
68310,131885.81
143532,82957.89
110816,128299.45
13273,165723.25
67362,140034.38
51317,90870.19
57153,148052.2
72901,188164.11
69204,172238.28
58563,163469.81
134597,91326.39
145558,200913.42
50408,134032.02
18062,146496.45
123552,144616.75
64437,140840.67
65377,94358.39
136915,240688.1
300,113209.02
23479,90663.24
147174,120933.08
59783,247360.83
12661,202981.36
60620,65823.94
20438,185574.33
20443,83297.9
29077,88853.08
34040,128190.03
136110,118290.17
82780,175373.42
66011,66254.48
133627,85470.3
143852,187224.34
140170,263986.0
32123,91242.81
67201,159123.4
64730,78179.99
34325,176635.11
54439,130122.93
2533,82550.1
138435,91752.28
34442,82579.87
80054,127270.75
22699,78680.37
54461,266154.8
38215,353141.06
42748,64028.676
122273,127073.86
45101,212277.0
73979,97764.5
31024,235160.8
112654,202055.36
147106,511062.62
62822,164894.5
66937,64721.65
126639,128073.12
74188,53121.3
142874,202208.28
52664,124946.484
9505,387593.5
42476,162438.84
68797,71451.77
14494,177583.56
3254,221925.61
127138,354902.38
75706,262070.12
20965,115195.055
18368,135289.69
146299,151181.86
137299,42728.035
39078,71872.36
112657,114499.94
57271,548610.3
51420,229271.73
46339,96006.625
139902,216426.73
29655,128018.03
110392,80782.17
14868,88764.24
141356,205443.61
26417,86334.1
28478,136987.22
135586,153461.58
8180,245488.16
140898,138557.9
77991,224417.95
77692,83326.484
62310,337065.56
28392,194240.77
113560,62842.875
116988,112225.836
73140,318076.4
36438,195488.69
73707,129079.7
44306,248042.06
119558,58973.47
82948,130769.055
22384,95506.53
14417,165629.27
76469,173708.34
81974,135918.88
54507,143878.42
120069,136907.48
132410,275217.25
36120,175516.98
27637,117681.03
144618,304752.66
17655,255555.11
66934,114568.09
32176,85868.66
137811,582191.06
134904,237162.94
4693,103238.74
50308,79983.66
61985,94192.55
117925,103213.93
124946,144721.47
20698,272079.22
17207,122833.91
28972,196283.53
45091,179026.62
18378,109124.52
74540,102686.33
66241,131808.53
2451,163891.28
41253,275483.53
69094,257763.25
54924,223099.27
25240,266316.7
137889,71867.055
115091,229963.88
29836,116794.89
77720,170271.73
131863,107745.18
48407,154539.69
80149,170980.4
19898,120450.69
14731,159101.12
123914,82221.14
142053,296799.78
82934,141625.44
145053,101683.47
126958,95994.09
3007,268759.6
22483,147293.77
117359,64732.15
51175,75076.52
4768,115714.4
10883,95155.99
11917,120934.41
46743,88874.984
43290,149661.38
112632,77744.336
40378,47854.953
133740,170158.52
52274,189085.0
120727,159557.22
9791,182127.11
129127,121819.914
137475,150579.11
146569,409430.56
67291,65786.9
78964,172166.77
45612,157402.33
134567,251317.14
2997,68409.06
60313,115127.945
113288,78099.98
57662,274370.28
22006,428113.94
15784,104559.85
57034,345159.7
44638,271899.1
144691,397618.03
23166,162320.39
5111,74750.87
76765,119019.54
62011,126355.27
77404,86365.9
57974,174872.02
39669,411904.75
6022,69832.13
62037,186794.64
28543,281378.78
132759,99872.83
27468,67311.51
18595,191135.39
127578,221669.92
145966,228455.78
119056,116108.41
45413,290411.03
137269,372799.25
54933,217322.69
22837,244484.94
75004,261424.39
127049,422374.22
44836,83331.51
80664,204597.36
128103,214934.44
143905,226860.06
31015,289308.5
39524,106992.5
19103,42500.527
5327,652914.8
118044,63323.04
117931,341888.56
36860,405356.7
144913,73318.76
50217,144192.19
20764,193344.1
47312,85835.74
62141,180279.25
55961,200000.34
42995,191195.31
33548,209189.31
115863,41278.535
10220,314026.0
115972,252966.86
6686,40636.914
6585,73962.26
112163,198170.52
82954,113707.89
115475,38411.332
145040,45570.297
120783,105786.72
50582,81644.766
112403,232142.61
70728,111433.305
139454,155356.42
114221,123167.19
19861,125331.51
54606,184665.94
19199,226596.28
127169,148458.95
76326,263014.88
41571,80726.18
63989,102351.44
147020,284636.3
18036,103702.12
8078,346725.56
36037,214500.17
73367,134541.95
129343,153141.08
19213,132517.95
144889,45523.316
8084,148182.83
36220,177694.3
56345,474798.78
116007,105745.28
120289,212214.73
3728,109919.66
35229,135399.81
64142,234396.81
74745,201563.06
70402,55520.223
41128,84442.06
52896,73905.016
68170,103747.62
34264,312052.97
46113,181756.73
61048,287547.3
140405,71489.39
133682,38956.305
69404,112661.18
121925,122852.39
2504,85019.875
24108,154119.0
124772,64194.2
30248,286978.88
20259,216662.9
30854,531188.3
13671,85915.45
143841,192833.75
34655,112131.09
111886,172990.8
10219,109266.23
61739,184292.33
79097,140945.16
11675,199147.11
12515,62116.473
17051,166460.52
137836,171285.88
16898,122122.41
3775,268454.34
7866,132768.27
4356,322633.78
146770,130451.76
3986,190229.1
3296,83397.28
113661,105297.875
132750,128954.82
42595,143371.69
44142,164574.67
55499,215961.98
147191,46638.73
128441,122560.13
128917,109238.7
61631,213226.4
110751,302616.97
53717,246269.52
73885,67973.445
143690,296209.25
8781,102162.26
141045,115021.81
80943,189735.67
64883,266273.0
36271,53041.35
112151,85673.195
56285,174653.61
964,428831.22
123166,135394.64
76733,140188.45
137528,314115.25
62610,233122.83
37445,184805.69
73831,139942.89
125360,222317.1
17314,85895.17
121140,53826.12
140476,224251.19
132117,189012.81
145213,58339.992
141112,70270.84
59659,182869.95
116460,730312.75
128697,133763.25
11853,45680.72
123345,160501.81
61112,89422.55
20476,285470.2
127352,60269.812
69813,106875.3
51509,69013.09
17324,90085.805
79736,121784.05
129625,208952.5
11202,262406.66
26577,316117.25
47397,138439.97
18814,30398.46
242,104400.74
76371,300717.22
7784,77750.66
56477,219218.38
57416,120534.39
43447,143181.12
118384,124759.3
72817,209737.89
122343,77191.96
2610,143836.9
24457,356089.88
124704,78810.94
17082,441587.56
45556,151966.92
40796,144069.52
44268,274874.9
11829,54206.586
123245,156764.12
2265,210328.19
49537,55027.094
137786,231273.52
21500,332858.72
119767,281964.2
140882,263363.28
122810,151985.17
28110,112942.984
137550,198526.39
27122,313721.22
142539,341219.78
27588,257433.19
73456,190079.05
52440,115547.516
113079,328540.3
23652,403511.84
64900,121051.984
65979,62844.133
45476,69682.6
2041,73983.8
52077,299727.2
136182,70739.11
139896,245207.95
82030,146724.17
71862,130373.0
37363,72130.37
77569,101712.46
16844,309892.1
82332,304860.28
48628,231064.02
74171,122729.64
16016,263989.75
110626,156202.78
131256,498868.75
43528,89003.88
124168,114942.75
10223,215040.92
82795,561282.2
38493,146766.48
128785,92562.28
22035,239528.48
118419,127385.0
138871,291898.6
131925,52370.234
32871,101007.84
129023,171935.05
45435,226285.83
112541,133545.17
26245,38331.438
50259,140214.06
56526,73691.016
11772,46533.77
125122,44292.5
31843,83944.03
59202,178721.78
111051,171848.53
47550,151683.44
21585,244765.44
10360,88000.63
8355,333918.6
74730,335166.5
64782,213628.84
33938,130333.055
65218,144015.88
131097,199778.94
63708,142336.05
62607,136190.38
67728,198492.39
17431,127181.68
59091,130634.97
42373,453000.06
61253,357911.38
77519,285260.2
139953,86542.54
6619,61707.562
7972,82137.195
10134,236315.25
10183,123140.3
114267,98446.695
13404,289384.47
71353,143701.38
36054,138734.94
132322,287209.38
127845,119603.4
126830,223485.45
110321,147480.95
81896,208465.73
112602,330384.03
28945,196617.5
122205,242591.05
30823,298176.22
49103,78727.48
125318,96116.92
15757,56391.59
46541,85669.38
146496,244294.48
59943,65697.625
17648,137183.36
61966,148155.55
21091,157823.58
26202,197412.55
115673,114224.46
8302,86984.87
145342,113347.08
143652,73108.695
46819,255636.67
10495,265927.72
2889,163597.61
82053,226695.47
134459,124916.836
132528,252485.25
129871,148637.8
23614,117173.03
50944,110516.89
142772,288148.16
138204,154548.81
59344,154498.2
143451,99964.555
34430,44546.082
32798,107049.86
15288,147839.7
63489,89852.06
145429,524189.44
119878,92342.02
25246,210838.33
73381,206787.05
128667,229013.86
131581,82260.92
78669,39690.074
32877,284287.16
8610,157495.61
18888,70689.016
39456,463294.44
146774,304756.7
113249,75711.38
129726,174646.95
129162,93914.336
136005,256915.64
14411,79864.14
53362,64660.996
57972,149708.86
61640,77258.164
7035,142051.73
16696,155414.52
44680,86415.92
135431,189405.14
58431,168166.56
66268,57045.824
134501,120498.68
112220,135183.8
68096,85184.66
78494,226888.83
139296,58255.2
47479,158082.23
23357,159167.55
10915,115615.45
13636,278632.06
56510,128211.49
50818,116501.18
51764,82343.7
46413,62811.297
40618,79949.38
13182,143853.56
126727,158253.4
112568,98187.23
63380,595503.0
63174,89208.11
41124,221909.48
121032,115627.02
43192,238742.52
79481,70509.1
30188,240433.86
30676,74796.28
46154,262718.1
45801,47069.395
1236,120941.88
133490,271387.53
113402,90563.91
132660,115121.77
41075,65603.64
57240,42181.69
25833,98765.875
75569,223882.69
14063,93111.55
115101,253035.83
43320,268612.34
135309,68804.41
128996,85331.445
83166,105001.484
73468,104701.516
43929,138340.06
57814,45481.566
20017,157280.89
11386,55447.68
118610,169401.89
46493,152754.83
28216,120973.79
69269,145696.66
76711,267233.0
120022,98320.75
130178,130361.28
115635,253155.25
116564,200337.3
36454,256203.14
46525,88909.61
48296,101007.17
121442,205338.58
127966,145917.52
77303,177847.58
35432,345299.0
5806,196204.94
45187,184680.94
31342,83202.88
15278,43978.43
142489,280843.88
50657,136777.75
69341,182960.92
18660,305830.6
40630,230948.28
138210,136774.7
26069,76073.29
114028,226911.23
144425,269247.4
116006,207240.05
144814,214884.61
56122,259144.6
115261,86327.36
135236,81675.98
43856,151007.14
131196,178258.86
57891,82694.89
78328,119777.375
125912,141095.02
2467,250011.23
22226,184002.72
28003,96382.81
21283,187384.56
23328,167200.23
122711,77154.79
139571,113829.39
127733,309415.1
63495,375627.44
55727,380053.4
64006,292653.3
110871,171213.98
35846,234026.83
111795,147280.16
57967,169988.62
120044,76101.11
73399,151390.17
38796,181290.48
55445,42385.375
1933,135826.75
36995,91357.7
47513,133192.61
29605,125678.97
29723,317461.75
128035,116199.234
146840,204855.58
117871,177511.86
122604,360605.56
147077,152270.3
82388,46135.12
9413,145017.45
22980,79720.82
61992,138098.4
122295,145411.11
50756,230122.77
33614,187347.86
35014,237156.97
32145,259086.94
35401,263851.28
57624,140071.14
30974,309965.62
141347,188588.53
72971,162561.19
52583,285567.03
21141,343222.72
82638,197273.23
64323,237641.47
132492,121518.555
120890,442528.56
19475,370141.84
78264,104989.95
132783,133092.7
71338,204235.23
59157,49430.168
22161,168737.19
60647,50803.92
131458,125592.74
128904,109529.14
31067,83688.555
65750,340102.56
24209,157357.22
137636,210875.38
32250,83351.7
32481,168421.67
3131,208721.81
135784,106670.92
48458,139620.52
68244,89074.76
64192,158414.11
15894,201247.4
13657,97758.85
70154,142503.0
13496,260935.56
52506,183775.22
120747,244732.2
111849,129225.74
117246,188469.97
19471,245634.97
127490,198537.77
142449,228511.56
18588,111365.57
79353,140666.25
23656,97917.18
80297,550748.6
35205,334187.12
138621,159058.17
61510,99695.64
126367,116294.7
67214,124287.41
71158,142636.25
112739,237968.73
52498,409767.56
27529,119378.88
137056,123183.71
118301,105206.695
131075,82173.99
112040,274654.72
56734,279404.0
111925,166982.95
17710,495966.94
81248,117640.97
3082,177165.84
125265,221665.6
32070,89294.54
129504,163430.3
140039,105955.266
51348,81502.18
72342,113414.02
60792,91049.23
58938,188280.62
115464,148920.22
54824,143057.22
14916,181789.53
73169,171537.98
127079,167238.22
10020,166946.72
42980,134623.5
121105,165757.9
19733,35387.07
46323,78704.09
136742,65661.234
35750,274848.03
67679,274629.44
68585,209878.25
112547,203683.45
32729,78262.8
77998,159930.02
52540,105820.625
136033,125959.13
15161,169445.97
138996,160468.88
76506,88160.414
129498,153385.98
48852,112609.33
40594,175197.03
77407,101487.67
72604,624088.25
25280,233192.95
73925,144104.81
52815,279802.97
131883,279048.1
23360,130764.13
114312,101436.07
82046,194601.44
48508,196852.56
137624,112716.586
73957,350106.06
69549,120495.555
67020,286188.2
132650,84071.05
42052,187293.66
11535,109812.055
144381,145921.92
50597,260250.84
60864,154336.42
79315,66528.03
110450,118175.07
138819,169884.81
126979,178438.55
23352,310848.47
40844,92865.18
135307,110241.59
63083,119602.05
67735,244040.97
142479,131294.16
42906,237990.8
143277,126800.48
140333,99388.34
141267,468150.97
70382,98660.164
135005,104022.97
75590,148246.23
73198,494475.94
119164,36842.816
70932,347681.28
41584,115558.97
38235,206649.1
76366,147696.64
63787,140872.8
9999,50490.562
3737,216382.62
14194,124958.92
286,540086.5
71610,208747.83
4007,149980.94
141273,247437.62
67614,99341.98
21072,55656.84
122916,186460.56
7190,72286.24
137876,71228.63
137316,84574.66
64287,57661.82
82644,348152.88
58554,112666.03
52894,206108.38
115633,164739.44
65309,100027.4
138650,63190.95
115468,221440.64
111040,200144.81
42751,62534.695
61552,145680.36
26354,143633.55
121812,76824.766
132050,202261.1
141358,207723.34
117719,121001.27
133827,72563.36
132586,129489.13
50287,94995.484
43767,77674.93
50378,82712.73
24865,197794.03
25930,102683.9
61031,207699.03
135418,166439.28
115583,103126.664
62810,96659.48
25791,83493.914
32313,108215.42
27815,515215.2
39465,82654.52
72289,108564.18
9147,172605.34
4319,73359.57
137608,150102.22
50576,75563.04
146778,242629.8
137312,107496.58
72509,115337.13
48671,113605.17
58737,58543.49
21293,93007.71
31889,141262.45
35802,118123.54
141309,120907.695
124066,75800.71
136375,101506.85
78742,102864.27
52235,230935.03
60451,363358.56
46753,257166.25
76481,151462.64
139284,241745.31
123611,257162.98
138334,423724.53
146088,115266.29
10597,203406.52
50118,186177.34
122572,224301.83
142685,502009.16
122549,192290.6
34029,226409.27
34583,303793.72
14299,167702.84
37582,103556.1
71002,139004.0
62396,299697.4
113527,100834.42
50397,43794.516
72981,147088.9
112847,167464.89
113676,142224.14
64684,344444.97
116636,154576.53
15703,130724.44
71493,159746.02
78312,149189.17
55526,122215.68
64211,97357.66
9552,97823.2
32416,84344.586
112019,275074.88
16959,370944.28
10118,275620.12
36869,102775.336
40249,156257.56
48951,107258.63
56530,101965.95
13887,86125.266
80978,103912.81
65110,111931.25
128386,241496.72
141844,84891.4
35985,46271.152
30612,234919.3
129962,93952.95
20574,173689.48
39768,177006.48
131642,137251.58
43642,337936.72
110897,298820.84
1885,135642.31
136368,236119.98
110830,75193.48
81739,77637.35
116741,179779.48
123679,58573.273
82688,348274.94
115924,573574.2
127258,159505.67
14703,272461.2
129440,118239.4
38854,214035.95
137490,159421.45
137477,187030.61
60095,136611.81
112105,251403.17
51205,121382.62
7058,132623.66
120878,220938.03
2489,120131.08
45330,108319.55
3040,99812.836
130338,150862.05
80403,149881.11
144382,471331.34
35908,140109.45
142292,174035.1
48797,261666.73
78753,179213.08
38594,272662.34
50919,449025.25
111271,145949.88
59452,291857.78
128082,279043.12
36085,151824.7
112893,99713.03
49068,265749.1
68390,314626.56
17284,282375.53
73331,422889.2
79012,103380.66
125751,173654.44
76398,142739.34
3993,263170.5
15328,186876.27
129771,113464.164
129336,145690.61
57089,142561.23
69940,128356.09
31476,76415.234
142295,80350.78
7588,145289.94
124732,115013.445
124269,390438.94
8263,81964.8
20147,122495.8
112495,215748.56
44811,590003.56
51285,162887.9
115406,46231.656
16617,97817.65
22068,297059.06
20980,273406.25
136444,210738.47
135205,137736.98
12863,286497.16
56212,127615.65
4686,102199.64
27553,176748.86
130422,90200.26
32244,287623.78
2144,74634.42
76766,223359.22
137157,124388.06
137227,75152.95
78521,659966.7
142473,292080.25
132057,145032.86
117060,141689.47
3260,297482.0
5118,111994.04
127877,73409.41
62179,230822.31
130575,100624.836
145259,67011.99
66980,150032.77
51535,250499.25
67967,181926.08
135154,131609.53
117609,77582.734
135277,217662.64
14606,370849.16
144109,79893.07
141765,170271.44
64219,131683.11
73284,83697.49
146913,114654.44
43843,106360.73
112571,111624.02
79449,104530.01
54794,152457.27
112298,117076.64
132736,68712.445
17690,225878.52
20083,164690.23
130460,212806.12
38536,115775.03
19960,286040.8
113746,119125.984
138221,231849.78
35978,226781.78
15060,96523.74
81284,113389.16
45099,84382.65
18774,180635.73
59373,176081.69
55384,135464.78
145849,149763.66
210,136218.77
73661,84054.695
64558,69424.51
111615,126593.23
140381,215316.06
2853,290519.84
4142,386929.47
6111,148207.81
137815,106722.78
13672,82886.65
145430,125207.91
51450,114945.86
21038,142936.94
45998,142069.1
68572,356851.5
30963,276473.16
56594,104021.03
3663,549079.75
134413,177073.53
21479,182238.53
64781,135651.42
60933,85651.1
131032,260529.73
11599,57938.35
124776,60452.613
43339,183812.4
61175,111372.71
126487,129785.266
83191,161761.16
15973,237820.0
45631,271057.2
117969,100135.06
144847,244242.69
34552,181224.56
65864,62586.133
77326,104770.91
25972,107044.56
39749,226151.64
79276,150736.03
75858,82416.4
58830,207755.05
59371,147892.95
37927,132766.45
68990,208297.23
67320,342373.38
12086,327024.88
58581,180831.8
23664,133455.56
39869,163222.17
61651,229892.84
31102,218907.75
61326,227565.92
120097,156441.14
25520,158968.31
19758,165225.69
19093,82508.19
65155,321692.6
59819,289297.9
43795,120824.47
15317,449803.03
68966,207913.64
29647,207699.03
62448,114645.65
126114,196866.34
118884,118082.85
17768,319892.78
19137,433536.06
33710,140553.88
19753,87199.6
28575,190286.86
17839,75530.74
128716,72553.54
43748,140167.36
126429,116941.555
143999,109877.68
142296,130586.57
120171,150165.36
146665,62122.76
133713,130816.72
61147,278475.62
123086,185047.55
51579,132456.75
70784,96937.46
67327,387725.16
120756,111147.58
114573,91822.49
74892,265645.16
12773,436033.66
115073,304504.25
37520,241871.6
114448,783814.06
19579,175191.05
31936,392948.06
65951,184195.3
28499,154209.38
37727,78555.984
9054,56639.95
139827,283714.38
43734,52582.29
44006,141946.89
6797,117958.64
20155,108179.81
142996,484797.06
78470,153512.42
129900,236717.1
59089,155118.55
2358,301928.97
26902,60956.32
16985,473004.16
15303,118735.984
138939,74107.24
31097,63800.355
136514,143662.38
131179,245072.47
13430,187119.61
48316,145641.89
121905,173099.72
10013,91536.48
142609,145781.4
10893,132155.25
111226,60306.492
16935,105008.6
82160,50494.234
22853,423910.5
48061,124065.96
75039,197160.95
51325,130525.62
43515,214474.7
52922,71549.23
120902,319904.34
127713,141286.67
72815,73463.414
13133,155302.12
71905,187427.75
125730,110413.76
37015,148656.67
3680,147767.95
82255,91180.03
70705,86310.164
123927,194805.16
138005,346131.5
34554,107468.45
6783,116484.19
69057,204917.61
147072,71532.38
31633,206332.52
45321,270495.6
6209,95448.5
14753,130746.945
123850,150354.39
71565,58941.637
40635,557129.6
57748,213028.12
26699,47925.79
38243,129158.41
64174,104800.59
56425,169323.36
65848,300732.72
8741,141624.42
63529,199159.89
141160,97340.51
33550,82608.87
47494,261073.67
36775,123764.99
37145,156709.6
28061,137427.5
65784,251651.38
50207,99514.55
72730,171351.38
66677,296834.03
112535,84906.56
17481,258998.73
72725,82823.984
13334,141000.6
13761,131081.7
18982,363559.0
140077,58975.473
5159,73824.19
39865,149186.88
138115,92219.81
80777,270396.12
47206,80626.086
5653,115915.8
21694,283448.12
46934,211567.66
918,105843.06
71496,246394.88
71663,238050.25
37971,144668.19
70052,328929.0
3225,99060.77
132937,107590.4
2424,157186.36
139875,62267.59
65522,203551.16
118058,229791.16
144500,114506.94
63098,400780.3
18468,88581.56
74717,100193.016
134262,115993.77
25639,345892.8
114662,273276.03
60706,150598.8
6265,113042.59
119581,78668.05
60767,181051.89
74885,138035.55
34663,151700.06
21122,192215.31
24232,137384.95
144713,349047.03
77235,377437.03
9843,252532.84
19320,153166.58
147005,58760.984
138743,176128.64
59619,350876.3
127693,256108.7
12133,71291.805
4754,152019.08
26448,95496.234
134686,190480.67
61035,169946.5
49280,83439.875
14482,222227.02
44821,94650.086
52629,120845.555
70412,118324.63
36826,127278.625
23085,158970.28
112802,327868.84
9770,75747.984
76448,105608.36
83133,130750.6
29838,294264.4
25132,170449.1
67399,141804.95
60553,283339.22
11785,55271.35
80434,74050.68
128856,278141.94
52808,151515.34
71771,151646.34
75857,456917.0
81760,80675.64
29376,81506.42
130552,146851.08
57359,114551.02
44082,40385.875
6505,225485.25
17461,231334.83
39586,131212.08
41027,222506.22
45357,418860.47
66480,339787.2
120753,143815.19
27528,116677.65
71679,118527.97
66521,140371.14
74926,87529.11
58741,114308.62
49299,544060.3
72908,92175.24
20990,128584.39
78662,100775.12
131992,174504.97
131215,97477.664
80708,155279.27
6509,147219.77
72904,503943.88
142951,145028.33
82947,130744.53
113997,82942.84
45337,140066.7
133461,129010.99
17118,87039.62
132334,228413.19
39165,76872.38
121723,186880.78
40352,99660.125
134303,251746.7
61091,153486.97
118719,112410.586
138396,198813.34
32506,83663.086
113688,165838.6
29996,124265.58
133840,122003.03
13641,308366.5
136378,153147.56
70923,175411.56
138951,121894.96
130908,79552.77
35889,100239.62
4556,80841.45
127999,104925.81
143012,195173.66
13871,231630.05
136393,135622.1
50228,314106.88
111421,182818.33
39816,251565.73
3276,124013.01
33554,366879.03
73309,99510.18
45264,150775.1
1528,396910.06
138627,114542.85
29937,246134.69
69377,71692.055
121717,291671.16
62868,105375.49
113196,126021.7
115288,135031.95
46646,99053.58
133341,369828.53
55878,105162.625
140068,251790.9
116319,153604.4
26527,405106.94
121779,126481.19
17986,63297.984
142099,62445.43
58326,63740.59
115001,103376.36
131057,250963.69
121104,245549.06
38721,172716.84
39849,215124.77
134691,329867.84
20327,341270.53
42344,210220.34
1327,106320.31
141594,99498.72
129138,107301.54
72274,351649.9
9735,98226.37
55403,179058.34
11918,59519.918
46583,240800.3
79052,302372.03
115030,142813.39
33720,179088.58
31691,100003.02
29940,195141.23
25671,116241.336
48995,208019.95
13148,145712.56
79523,275693.06
29873,78491.33
127197,58745.44
37313,154156.81
47478,227201.02
41586,230045.11
69136,113456.984
61162,174505.89
53360,84012.164
20117,282945.84
63754,124644.016
50454,226067.88
45610,97244.586
27235,101398.53
28094,102913.56
48295,158690.1
113149,74438.24
115384,151418.9
80165,83896.42
80802,88634.91
59227,86844.05
19334,197448.1
23534,163490.38
2094,64128.273
66901,90519.23
118981,103621.75
13977,295999.03
18203,105155.83
8466,128638.375
135743,100840.54
17351,169137.9
81855,97912.26
64002,322433.75
37093,114574.4
136518,115829.11
62734,76872.766
66270,195206.27
142525,99808.88
140219,176972.1
136995,143618.05
5791,133003.64
144486,128312.45
140562,158943.89
19519,172897.03
34978,166938.05
125202,465240.56
142293,103675.63
5860,167729.12
59602,287093.47
7207,67783.43
144732,302402.72
127625,59615.395
119478,200427.52
12976,287204.16
54305,464676.6
15020,101576.78
38255,113108.8
135197,158791.42
121552,100431.59
63626,84796.1
119357,194661.44
39061,169625.88
127412,168236.9
123242,102396.99
140375,38031.957
132899,513824.78
20177,327937.66
56340,96987.22
135175,74438.12
205,150332.64
24547,142058.42
46551,210833.08
128147,75741.945
123912,67898.1
65970,82048.125
70246,94111.2
119480,256964.58
33006,135421.45
39058,285081.72
119060,60053.848
119180,83723.85
56348,117178.99
65914,135915.44
80588,107299.79
18265,74992.48
19200,230098.98
78458,165612.31
6589,48012.848
25218,83492.41
145679,253213.53
16811,624944.5
123643,335013.66
57340,261973.45
3199,108638.266
6427,136686.67
1960,167628.27
52184,167390.28
36947,79604.18
147163,210368.2
25025,316398.78
50971,100361.2
44477,126035.98
140343,212683.83
60682,60577.375
63895,97572.766
11417,158783.69
38190,52643.125
18504,168924.8
26774,300897.34
47385,258502.97
62175,109264.016
136417,64341.836
2420,69240.05
70178,357166.1
33359,127221.19
39543,92100.94
4211,136606.72
117432,132682.83
9132,132633.17
21439,205914.77
24022,112369.32
130185,224647.92
119444,128987.07
50894,163281.52
52381,77032.57
121991,188877.27
9995,176630.11
117491,120281.95
143594,169570.92
75761,491684.9
24962,104178.11
112375,103446.4
72736,152029.27
116877,146143.52
80678,239836.97
49172,379245.34
29487,143520.77
40901,107538.555
134263,127837.99
47732,221836.95
10385,122302.13
139427,99200.6
133361,139383.72
72929,318269.06
8226,194629.05
24331,198059.2
82055,577945.2
135327,128394.03
2354,143418.06
16102,156184.12
35306,149682.69
76644,265445.03
72778,175579.03
125975,148875.84
36424,423099.44
138271,186117.42
75413,88129.44
26999,658626.1
121014,209743.95
22821,158566.77
23450,367585.8
133018,253635.55
6300,95702.23
45994,403833.8
146419,116908.18
23038,108441.12
17290,201236.03
43303,369702.53
120882,86485.08
123409,145688.6
141849,119620.69
112788,168673.95
114566,481424.3
48828,273360.9
83147,119130.23
7095,320237.9
55731,265086.53
25282,127010.91
7807,132129.06
30150,215033.56
139315,290417.16
147102,52371.098
58279,89841.125
62244,174536.67
144770,273318.6
115322,275875.25
20801,143663.9
122958,71018.69
128938,239032.23
77350,556117.25
29709,131141.89
136986,259239.02
57646,145615.19
14029,73126.805
60178,277046.62
115474,73127.31
64162,105564.85
23670,71310.98
5307,260027.66
140256,102931.1
7761,72676.31
40059,117872.27
51942,74386.42
123446,127383.664
43377,149671.86
10596,72935.31
255,171722.12
20826,88164.484
1292,130907.16
12029,196455.02
31694,148726.08
1125,268174.9
80118,186937.5
114330,243679.36
5993,99579.09
59363,129800.57
43128,58987.26
14519,146867.98
48161,265070.34
118574,112849.945
124163,292538.7
52492,88910.48
13111,79665.16
19331,187335.05
45932,150259.31
140119,312155.2
25441,157379.66
19081,81294.984
73332,297891.62
65900,74017.23
41851,175976.44
29594,89572.125
133258,166331.25
126064,52808.78
126044,272026.34
40366,157013.4
55187,37372.812
133782,115176.83
143228,215370.9
137538,235637.98
115895,142940.27
30757,450543.12
121677,139541.94
41239,127056.11
47973,122692.945
45637,236480.1
47341,104928.85
125894,288954.53
137803,150718.61
63577,178196.58
111318,197952.69
119595,124332.766
34078,247524.36
139127,129001.94
122566,209182.89
14513,120088.99
117709,96734.836
127250,39468.19
136701,124783.39
12193,208208.81
135189,128643.97
110314,143659.9
63960,133923.3
119224,171715.22
20464,285408.7
17629,72870.08
72570,115472.305
55350,82539.0
64093,259949.47
55629,188243.55
129418,167875.9
76734,268540.53
77821,219404.55
61052,137703.5
891,181625.45
111521,77665.46
50689,280403.53
62060,211599.58
46698,77024.61
57465,112133.93
39503,151062.52
61662,50847.656
132634,125209.28
50555,126798.48
126307,257264.7
14097,214633.56
144615,311091.56
27269,179280.16
10415,137356.22
75774,104828.44
67181,84550.85
33369,382641.53
115377,227898.22
133890,123172.805
65871,200014.31
77697,63055.516
34580,69714.86
120957,146926.36
7067,291790.12
38545,139421.8
115426,91268.5
112084,183169.12
126827,309175.44
141800,80482.06
82833,197549.92
111502,142827.36
20794,131801.05
139600,181534.58
56839,101825.74
124737,106226.27
45065,160628.47
76358,109284.24
127426,128240.8
68212,46360.11
14779,89620.89
5332,116699.25
12917,108614.164
46149,114554.945
82308,263764.38
61050,108767.586
82339,365688.88
145368,475594.2
50361,80905.53
3731,140712.47
50289,114811.69
48258,221247.14
28070,262351.47
51898,212715.14
123999,116757.68
8694,239844.81
76678,133389.97
76478,110954.69
115363,139961.84
144030,68775.766
111407,108570.25
65611,326944.5
138787,140325.1
112687,66511.74
16367,213202.69
116828,162066.89
124893,226669.83
44311,108502.31
73994,164214.52
122368,113522.836
73893,46208.523
124267,230401.81
37994,88910.01
34159,100141.85
16383,234653.33
15640,106146.21
72150,512707.97
77419,142174.11
138162,103290.93
114124,360125.6
12592,139951.55
13016,218699.89
1689,29201.031
2177,283136.78
45440,116800.72
51975,527709.4
77649,177539.98
72502,82963.28
26369,236860.2
130887,149997.19
81499,84697.15
134213,165223.08
65024,327537.72
13818,165686.4
140871,299787.94
115915,230833.78
137210,568295.06
113490,232171.98
138808,167747.1
80010,144717.52
66680,124571.234
50909,321103.94
136100,313326.75
143639,147503.45
78637,117225.09
126598,144558.56
143633,286083.7
50795,159691.9
40701,122717.79
40920,246931.33
129540,84117.35
32306,155589.62
20745,249334.16
70743,134650.78
54988,319217.75
47934,483374.34
14235,171795.73
129002,76108.664
143529,105207.336
64391,213887.9
117489,140716.66
78558,186643.42
6004,200941.17
61467,110252.37
143153,197196.81
33439,141018.47
112621,88202.03
27554,98356.766
113578,57279.51
74021,124503.51
35713,160091.28
76407,175685.92
121060,309109.88
33259,114832.71
62274,242517.08
111794,186925.31
48152,154460.72
20716,454493.12
35931,133097.05
14682,289961.6
111674,437910.84
53104,202185.67
45215,108681.57
49034,111823.14
76724,109243.836
120119,264545.3
45245,189995.67
144340,270828.4
41377,188886.39
131015,131007.414
31727,261858.53
54416,85677.17
63115,278346.72
147120,113691.375
80288,83550.86
124999,167963.31
145493,116863.2
41922,108383.57
54185,346929.8
143561,316051.44
139622,119516.125
114001,145378.48
142696,98997.44
28338,82565.336
7436,113403.195
113785,151007.73
124062,289112.06
118371,127454.695
125923,208610.4
122536,93800.164
143747,186103.9
57981,109133.13
27613,88482.13
120814,78954.17
79453,142864.36
12861,434837.34
137113,109143.45
34042,229380.05
82790,518589.62
74488,204344.2
18304,332239.47
5356,68290.305
39484,69084.74
114433,61007.22
10027,154520.38
115020,243598.5
47996,156403.83
10212,180885.77
140777,146380.33
63328,444072.1
112013,82946.195
145011,90916.664
34847,81900.57
118994,386558.38
37516,201722.0
48845,169650.02
122417,180111.23
81777,94615.375
21189,162719.86
64547,73753.22
44601,112587.49
122593,124863.375
133331,409817.66
134199,206407.88
19616,188854.88
117919,173432.88
125224,121114.66
140196,183351.81
120398,94588.89
39026,213527.39
59776,235136.98
128287,182603.06
126929,146667.1
27982,158464.77
146051,81795.99
49453,137119.45
33283,182570.69
115113,123587.2
48804,360610.0
133943,238979.66
139134,50013.96
38054,130316.89
59271,204602.73
133277,128359.47
73258,202292.53
130923,124934.766
7955,130539.555
26451,354461.66
14674,93809.13
5115,78917.99
77278,181889.8
77980,86453.11
55462,89316.375
1267,100205.195
67008,232193.7
14440,185097.5
65030,185838.28
50882,119202.6
136637,91294.49
16394,155886.55
35639,112215.414
10021,84977.25
67670,142469.08
44861,219682.16
35824,210125.1
16561,286704.12
115868,221133.22
27162,326087.62
80511,158576.36
50157,99737.99
123085,214021.58
40379,161169.16
63857,320180.62
133029,249038.44
67911,108817.14
37266,111833.03
138301,120254.07
16837,106077.58
57352,71796.38
28706,217462.12
141168,182772.69
6724,112473.59
72535,97267.336
112721,143989.4
53891,158148.31
17509,119899.625
136399,131526.8
51910,173056.62
2088,81274.414
60356,58578.11
39282,136183.81
143838,198554.05
123859,204491.75
112870,606086.44
138752,90449.38
7855,330170.88
146296,260379.36
127773,79744.43
54205,255132.7
33485,146586.39
30617,102491.42
44295,269771.84
143475,138223.42
52111,141813.36
126370,228601.61
144393,362442.88
32150,265643.12
139039,253035.0
5359,72187.2
50834,86863.625
129086,186585.14
74348,293973.6
121243,164697.9
46258,275640.75
57934,87126.38
30014,191463.58
117303,103925.3
63199,188278.19
24304,116026.484
6476,103508.68
8782,270577.3
5755,253662.92
145975,135515.14
508,80961.77
143350,92397.77
59541,113268.08
123365,89494.484
8087,82765.61
12182,220075.48
24964,264769.78
69485,243797.7
71012,328423.28
26507,134880.8
27051,353757.22
143643,105047.75
119667,141013.84
39808,176918.14
6447,129893.516
22976,139673.0
142642,161861.83
133313,146555.47
46481,67851.36
6688,38663.477
125675,199720.84
77928,184906.12
65402,68345.87
11426,140611.4
19590,156731.61
29854,100936.25
26126,159893.11
20713,127646.85
133153,237746.02
138926,189394.75
38559,285039.44
81510,76100.97
14386,169076.6
27538,149954.42
64026,40790.152
59048,397072.75
5290,216575.67
39252,98087.63
125267,110141.55
76004,288702.56
8335,193205.62
41805,156103.17
126933,126273.18
4641,274192.66
24868,150132.5
40545,233431.69
116133,231556.1
122391,135577.17
146826,149422.67
113687,431207.97
45334,144612.38
45242,163045.45
45442,122404.33
54511,206054.92
75743,98844.734
69246,136722.95
127644,148082.52
72876,143328.78
39534,223941.08
118615,88969.836
58700,195364.64
145766,146216.22
44498,177284.83
143345,143262.61
131338,364105.94
139151,119639.0
69190,147839.94
7240,160229.16
65419,76212.875
75893,65701.46
7020,130340.03
78354,99072.93
136937,146777.11
15915,182257.56
16960,102172.18
24472,274745.03
115492,240938.17
146709,75653.13
137892,84565.484
38875,128446.71
37937,102339.48
125300,141938.62
131462,675081.56
45409,128667.37
52189,192609.89
1732,197338.86
71918,459049.4
68166,271132.03
2081,87783.33
113792,150090.33
69468,172848.64
36317,80929.77
141051,152103.17
116778,53936.715
141850,222849.53
33048,40905.23
75461,143659.0
28017,75506.32
122202,86750.36
23247,152115.0
6074,98417.555
28398,129541.0
42666,213403.75
68250,185576.92
71240,101459.19
120294,165592.42
66707,92024.13
42744,99605.53
138905,224996.5
4985,465803.6
118607,287445.8
140379,130236.35
3475,209031.55
40785,187309.89
134248,140353.72
127789,62087.004
6435,509848.4
9134,89627.836
8680,172680.72
82679,88178.21
41617,219367.8
62259,81639.74
63107,82255.87
140992,240577.2
70507,103119.78
111389,163498.22
116747,85277.695
19981,317487.53
49308,499527.44
16966,303268.38
24482,70420.38
47999,185141.44
65381,169727.6
33673,464208.22
141508,161034.8
67286,224077.7
128626,135743.25
74875,379316.62
120207,80731.305
8676,78224.6
20983,134817.89
71763,147973.39
19779,202421.66
117777,186222.08
1326,87126.82
794,83832.32
15323,177839.89
14675,201419.61
44473,140785.0
76174,95535.63
139224,120756.58
698,127902.164
70941,261156.67
14245,124481.63
62197,309170.62
142555,80522.08
56321,144688.75
77368,125437.516
29796,110854.914
23669,431387.6
17725,197835.45
76713,228885.73
133642,72410.586
57426,197556.33
118308,224700.0
112133,102062.97
20816,74056.74
71495,97032.9
80592,112816.24
18283,308554.8
1048,106512.17
130926,188692.34
132864,160227.33
52710,262836.56
18578,94605.41
57058,165374.0
4072,227430.47
80817,183922.31
38485,138786.67
142554,286347.84
9325,72606.31
42828,158150.94
143810,78582.45
28842,230601.58
63078,109118.75
21493,121862.43
9543,123006.62
4111,124542.68
21269,178750.14
130245,326343.94
145732,162679.97
59635,95160.46
13036,127493.2
60536,65554.15
46603,136910.98
48351,177569.27
113696,59968.656
13463,93461.13
4254,234111.83
125438,178166.47
48446,123457.02
73973,414399.0
111793,178164.78
66669,263855.72
47929,188494.16
59974,122729.92
124262,474880.2
117831,173108.78
21128,81971.375
54479,691117.0
111343,150426.5
39210,127997.93
75021,148913.17
72398,92827.83
14925,108220.2
119738,161780.48
15737,482057.03
60086,65263.15
16396,178171.3
53392,171065.2
146016,61226.703
57494,157299.33
5182,58536.47
61880,497864.6
29865,497634.6
122856,409199.0
66339,118553.51
135349,279455.56
36918,234579.62
139759,251651.2
44982,139814.4
28427,115295.79
139166,241573.64
35817,347582.53
79363,148120.39
59024,235651.92
116630,59805.855
16626,92257.85
74994,180195.16
28225,236774.53
42622,580662.56
26464,41455.98
64409,65337.812
138909,143983.23
14672,219145.92
22113,177922.19
80355,195288.67
82678,229067.66
78835,217408.06
114899,236079.83
127093,134343.42
65382,175372.72
30141,122093.85
50887,236299.88
74486,216942.16
24068,203192.48
63808,104054.1
19505,213640.77
123139,325611.16
49430,440602.72
64115,120573.66
25260,213676.28
72364,118760.93
28512,47955.37
120154,87571.516
142338,130792.41
12841,171426.94
14863,188348.73
127039,169885.98
12862,216294.69
131993,236904.25
42888,317983.28
71691,115290.85
16406,272723.88
125054,306919.28
18913,285644.22
80621,127006.63
58472,183300.16
39400,140641.44
73789,188608.72
137504,81822.336
72418,123553.19
5459,258721.4
143226,92599.25
78800,545079.0
80333,192506.23
45978,578244.6
122771,88992.484
144094,387175.94
118346,377455.06
68367,93711.09
3751,138574.28
80012,52467.285
129314,143078.36
7328,288096.75
140762,162103.61
37845,91101.07
14049,207086.06
139036,335613.1
58542,214602.56
145442,240038.86
132436,116578.42
74347,190345.28
120595,75569.125
141371,157882.84
79622,199309.47
81718,109827.375
143755,149295.78
119225,57429.703
81701,144029.31
10951,88995.75
130872,109612.51
16900,218165.31
118200,93202.17
70942,104724.29
82682,127058.86
72762,408108.16
116005,174560.39
80040,83186.54
54179,207947.39
122625,114862.67
41119,116728.62
46120,96994.04
39535,94260.88
55411,89595.74
121305,163363.83
26285,148385.86
139714,330744.94
14266,135951.39
44864,111942.05
117350,322576.97
58366,119330.3
46218,121939.82
126089,163313.34
125962,143269.89
139077,194559.08
81988,132360.89
50860,59304.906
135237,125060.9
45318,247657.55
57673,149188.88
13834,199677.2
66689,94863.234
61690,81421.13
48534,476911.2
14213,170119.95
122159,265204.28
141469,89636.54
21655,227966.62
17720,164533.83
31661,296564.22
63924,194753.16
125071,144640.12
70509,94966.07
50534,44346.355
54204,186160.16
40853,628751.1
134647,165378.48
42037,114480.27
18867,144812.61
124157,315220.06
135364,151935.39
133000,169354.39
81812,556975.3
115296,292182.94
4513,279429.8
21515,138228.39
68280,192684.77
123551,127228.99
15873,398815.22
652,185131.42
30376,303962.38
23213,625489.94
10709,273263.3
62604,167197.95
57850,38237.766
17646,203461.66
140241,452271.16
25398,91236.51
5926,50717.902
128446,255072.95
10184,193570.06
65208,128790.81
30478,117218.41
133879,124268.0
5561,400115.75
19145,128661.766
62941,124227.79
78015,196650.12
34787,146148.12
45267,207213.1
6913,132156.83
53312,209603.3
12100,103193.6
130859,555373.4
42441,80900.45
74869,296185.2
144540,86486.17
130237,291930.34
39421,201691.19
8940,86486.25
82409,79668.34
49836,272668.7
134664,265634.53
50895,333032.1
43634,260947.72
62739,90229.34
27116,155803.53
68525,196122.16
127880,131383.28
115558,295829.38
126036,190601.05
136379,75634.14
122539,104682.58
140867,118711.77
64271,194963.3
70724,114198.555
12914,318526.78
121566,114563.37
135809,192171.25
13961,188982.14
82189,197470.6
66049,214530.34
146694,65786.375
139064,148302.89
131150,132745.19
79770,273715.47
2683,158247.27
6156,73535.6
4730,134812.38
64654,110114.29
140279,164742.78
9370,167292.16
50643,138891.12
141837,241156.52
37060,350096.1
141782,242256.83
62611,325204.06
134212,355646.2
131291,88124.414
17490,200706.61
132599,169277.23
70459,129654.11
115772,162660.86
11559,69282.07
58189,265496.47
145885,144911.98
45353,232570.44
56157,379376.12
53440,152684.89
29515,104273.0
49707,144693.5
82533,343376.03
114638,200027.4
6073,79057.39
44309,255117.36
2987,223090.28
20537,227327.48
22745,107480.5
12113,45194.12
49566,236554.14
114884,232510.83
125787,372378.12
116211,37435.043
62385,66886.47
59397,173409.48
34727,290165.3
144299,161484.72
68030,75536.97
141435,150341.33
5489,59965.504
17150,149016.83
67423,332607.3
120434,80025.984
114470,142010.98
120932,373627.28
74207,193519.86
120609,84009.52
62629,187186.75
13640,81466.53
72875,129042.14
73948,90021.164
113113,183037.9
138144,178175.16
16809,485228.53
7228,63715.477
139473,180755.31
38162,143484.53
20433,88218.53
29730,140308.02
18690,818298.8
145529,148632.8
63504,129354.0
49047,127986.39
29501,81714.02
112118,107173.19
55420,137609.23
80881,167186.72
70924,141062.28
143863,141150.56
82840,182761.94
43686,254178.44
23186,61377.457
75625,124874.79
50102,94679.67
3518,167642.53
11237,87927.94
128735,169927.97
16259,238130.58
20493,241389.9
56737,103013.9
132379,39493.68
75928,198060.06
58490,166550.31
19932,127525.55
33079,123516.68
13240,324387.97
144827,127568.125
62821,99583.25
57073,104577.086
119054,119647.14
33891,168477.78
124379,143316.83
10457,70398.8
51451,88871.36
54089,212028.31
114172,438081.12
73045,109936.28
118838,99002.3
39224,219961.08
114007,78341.62
2918,101165.81
142929,237061.98
50063,118222.95
75001,146169.97
51078,100272.0
128982,114509.625
8027,148487.1
69704,194707.58
62879,246008.69
136824,79319.63
141436,127235.57
66465,477420.16
77189,203317.66
78566,122084.7
118904,278320.03
39133,300110.16
126251,283097.5
24422,196356.94
82378,104122.66
44486,133209.02
19867,152851.36
81051,75246.945
17929,386840.66
47514,128311.82
21464,103915.02
64190,183434.77
14491,274609.0
52335,98124.31
39923,238604.25
7386,138503.02
138769,421285.22
125768,152965.58
21134,102359.85
886,333989.3
52326,236845.27
11986,120121.016
7279,153260.1
8061,215043.73
80911,250323.05
48581,154266.27
125546,82544.64
10833,247634.9
134581,172720.12
130903,114988.45
49272,272519.1
46109,118058.58
136672,212645.2
54022,88650.37
65087,356015.1
22408,103266.89
112897,162266.61
58868,466518.66
33249,88573.2
133223,143888.06
46822,49397.254
47866,229374.66
37130,357150.38
25066,99024.6
121282,111349.07
115705,139612.69
18741,90479.18
73864,332390.34
47470,88384.16
121354,341855.38
30291,331198.3
119721,466047.72
13005,169552.84
32946,286340.34
132976,127341.984
113175,356324.97
66321,127033.93
71726,213210.27
21010,103749.98
41082,70139.07
11213,387194.28
42433,206414.8
125361,310375.78
140378,179476.39
82803,419907.16
46928,136108.36
114284,97925.81
58941,267622.5
21106,302909.56
136482,110679.945
110328,126118.03
17618,157503.06
66436,128506.74
124186,264924.1
5683,69063.38
9099,80709.96
1064,438260.22
40328,154223.16
50372,186671.61
57641,231281.81
119589,302560.56
67993,265376.94
7010,199191.73
77758,289161.62
54321,96155.766
10410,216706.38
52972,159467.42
15812,163636.31
27535,105165.0
140603,144409.08
17057,129446.55
122832,191980.06
114168,106429.68
14191,183976.92
30749,145873.06
126483,139024.36
28548,132243.45
27265,87832.09
112999,133508.94
41937,194324.69
79977,233184.5
125709,171866.66
45224,175536.75
44077,81799.41
82853,34517.844
73389,100335.77
24464,253808.95
135423,339947.78
121117,156733.8
65197,198421.06
74643,139535.58
130177,82225.2
14190,75944.08
121192,401177.75
56726,88420.65
27425,238127.83
114239,438003.2
60834,123365.54
141647,247422.66
60485,103573.11
12168,248253.66
135741,244966.58
17670,236139.6
19164,104636.766
141889,169524.19
42885,216397.75
58677,148089.6
63140,288105.88
48129,250918.4
36063,102624.42
77332,124302.09
75639,140177.64
63381,112191.43
43869,321484.06
49210,177667.48
143777,289484.94
145218,176731.0
79079,235861.22
110767,192669.4
1197,143625.42
69733,73535.64
112294,57263.938
137205,139492.16
59552,152865.12
26957,145792.31
36473,120363.125
128995,241110.78
69877,174013.45
45626,295464.06
35088,571335.9
143061,197643.5
132977,129141.91
74468,141599.33
49259,171144.0
18841,42327.863
73156,93948.82
25295,227080.25
68904,376763.56
65198,105889.336
60497,231308.19
113104,135133.39
59462,154775.4
112733,79351.63
130790,256390.0
17948,163904.36
50107,356426.34
20641,136441.25
128376,141411.28
67727,311990.12
51568,299788.44
128788,131210.52
80567,87416.086
44950,86046.33
138916,318187.12
5309,77416.664
81195,124854.46
137599,316965.44
129362,108477.09
117000,245804.78
117186,282401.34
18301,69589.734
27886,150731.95
55855,113658.35
49528,103070.31
55189,70090.63
62462,94512.08
113296,282310.4
40467,199931.47
59214,155706.77
130425,155941.86
49394,139955.08
18755,95753.59
114258,133637.98
119542,408681.75
78471,203412.53
61733,103101.055
127467,151145.73
80531,311959.12
139933,223882.12
56566,120115.78
128382,147975.33
77184,195901.84
68505,125182.69
3830,93597.04
21450,229297.48
69168,84115.91
46315,174979.1
135267,104920.37
46625,52101.844
142191,147320.31
82973,104055.35
63069,69498.55
5485,133213.6
144523,454325.06
141353,355737.38
57786,50480.97
80073,158601.19
112529,121569.85
141547,225645.94
9126,186089.56
122843,445573.6
129465,155514.02
111632,126267.67
65552,206502.19
11495,71909.99
76848,52448.234
78724,85567.4
133938,230560.27
144702,131566.4
110606,280943.22
17765,102432.234
55431,181538.2
119341,311211.7
114614,289490.25
64763,236584.77
73121,482513.56
39909,176711.95
130618,81274.08
31161,172997.36
21157,96166.57
68716,106962.41
117840,567751.4
71125,186678.67
80868,67308.836
135048,99113.01
55622,218920.08
142258,97435.14
25147,116485.65
145300,94819.73
77882,171713.6
147004,258881.38
38153,305232.78
39506,141859.0
41961,242354.23
52565,172044.1
34874,111355.56
9365,82832.82
30493,204247.5
17313,268343.0
2107,68370.75
20481,171881.67
143556,122428.48
51474,107074.52
35800,99719.664
40283,148747.73
22792,157642.39
25417,221886.75
141042,287940.97
34588,63860.574
18972,380432.97
52160,131822.81
70557,110228.9
60134,175805.1
74047,524447.4
33972,91869.12
10262,107536.234
76272,133595.94
78087,133797.72
34901,174278.42
17055,266084.9
17391,192782.3
54085,609014.06
131244,81494.68
114557,200457.55
80036,98086.47
12478,252534.23
68407,224344.78
39382,114838.81
82959,193738.89
28373,45664.117
83077,249590.9
125082,276047.03
55987,111298.23
43383,129144.59
130792,527885.8
11024,182908.95
140590,275620.56
62771,108470.87
60465,124367.14
73516,83366.11
71786,95695.96
146645,204691.48
10031,42067.88
30214,184058.36
5262,128433.34
81854,164628.75
26654,247446.22
56349,299560.06
119028,365207.16
117645,60356.08
130058,112210.91
14636,166789.27
122518,72162.836
44291,157338.66
33961,99407.91
144864,259259.42
37088,234665.83
133330,212296.12
29637,144706.17
25396,243776.77
141910,175940.89
40570,96722.95
18737,304812.94
118675,98368.54
973,174278.22
134488,371539.0
118171,134611.78
122758,99662.96
139316,54191.293
73888,225922.14
16076,150638.48
45641,157849.53
128787,181653.3
31811,155406.2
29467,250498.12
4418,243325.42
63615,59232.664
128247,98451.41
138266,207202.94
27349,176721.75
33404,74275.23
113513,134315.56
80687,248185.78
126075,261262.67
131923,65219.156
54059,69529.14
70396,83663.46
3769,359560.16
118887,154929.25
110746,178115.2
24849,84487.61
73024,79619.23
3419,70702.72
14729,63665.68
33645,81752.03
65093,145024.31
123029,360368.38
80923,119568.84
141127,61212.258
48490,422201.6
68455,324130.0
112737,719815.94
50066,709062.6
23728,141541.33
60995,187858.42
62207,126034.07
133979,552273.2
40526,196897.36
46533,190792.7
117438,209450.2
34673,89384.414
140171,184110.55
126545,102591.836
12803,187952.56
22391,233024.97
78640,118817.64
73087,269573.7
119275,94077.29
55279,133689.81
43712,270469.1
125920,119858.46
140346,359782.06
44633,62734.977
7146,134308.31
82157,59667.83
38089,95856.61
146545,152315.55
39987,105604.914
68155,97949.03
82043,187260.8
17891,95975.16
66523,281115.25
33974,154779.4
126568,54420.53
136357,156396.9
8297,221817.3
14773,190285.1
141641,99982.97
55726,245883.72
110763,359610.94
4696,116209.38
44579,85069.26
62295,134728.8
30430,308919.2
20595,177422.81
9898,196029.66
27140,125955.336
111411,159828.08
50492,115495.21
56917,98582.734
130851,129786.445
38856,166289.84
56333,77938.984
24466,141951.03
114965,117056.17
1269,541055.06
144748,78119.79
22018,86001.445
142533,224080.1
34596,179452.27
4326,257148.78
27359,291132.7
76113,117731.93
55751,71520.65
55080,420674.56
43289,77606.51
66125,181548.34
30002,263538.7
121128,136139.16
112441,128267.97
51669,123348.734
130843,81474.11
139576,122297.08
58601,131513.42
10343,85839.125
12500,357638.0
46559,151668.67
63088,108961.02
49497,123982.47
133167,107266.47
40708,143212.38
69818,180366.22
76258,125134.85
12798,266988.44
19828,182523.8
48502,311060.84
141990,243336.81
74259,46519.684
141993,237171.05
1686,252136.42
134933,117392.32
18227,174914.52
53773,113574.71
15478,158234.66
30657,93388.9
137686,388367.94
116077,219991.64
35756,112643.11
19871,250624.1
11206,112763.21
70871,80304.66
69743,130122.93
123163,259592.97
62951,68226.234
141485,94860.125
121147,102273.305
15093,216699.66
73690,104434.32
137241,69329.05
141388,432285.34
146835,424868.6
18001,111715.72
12746,99821.164
120168,202839.98
133976,205162.5
71431,174620.39
16901,200997.88
140361,127765.33
55125,319830.62
12965,177377.67
134246,203480.75
73568,164929.94
834,86906.94
8966,90180.32
56012,35030.6
52525,140906.73
120647,175040.4
79503,68776.16
41858,347796.3
20278,121107.24
10575,237021.45
54064,77070.016
58785,175471.98
127312,198503.0
16067,213342.62
5748,124075.38
114180,319120.94
111025,107726.51
145179,512410.88
124464,103007.195
123301,73661.52
25190,260092.17
44313,40181.176
47757,72791.016
43049,115690.5
60727,134805.52
1218,121045.52
4101,283292.12
57060,138491.73
16843,165604.9
141543,107337.39
118848,240752.36
116311,223556.22
118786,88637.07
580,218985.53
61476,354619.38
39213,138094.72
28599,51581.844
128731,167802.2
142921,330274.28
125860,160924.72
143233,106697.625
32056,217619.67
43329,353627.0
133565,57960.457
27434,231829.7
118554,131318.17
42484,232992.16
132214,138502.1
123456,156386.73
129583,56316.18
17023,309389.88
146251,116064.69
40673,125453.37
65446,115187.31
52401,262916.7
23453,169962.42
22954,107474.32
80839,81923.26
46839,133799.81
5299,109484.03
116352,37764.957
38002,157535.69
27863,64517.492
3794,127476.32
140866,119864.65
37568,224297.75
31398,194770.39
4002,270416.4
28125,118942.984
73754,243484.66
145753,259146.9
38226,173668.6
119303,171326.72
43688,288095.38
42752,236352.95
69238,88854.125
28490,85861.62
135866,214220.77
123334,259943.27
47922,210999.97
18817,95285.06
1189,461895.0
31378,65905.31
132399,131811.3
128688,335268.12
12754,165335.61
19436,170388.12
141011,119457.91
51839,400405.44
49810,138925.16
48236,258661.28
20811,202373.88
18379,128490.055
23631,202029.89
68036,96233.086
40986,102013.34
125596,150102.61
123698,66222.23
78554,85982.1
118532,117520.586
112997,138503.03
5781,171857.39
68507,101161.78
33698,238449.03
119029,97332.52
53510,308834.88
22758,458385.72
26762,141939.61
26209,223486.56
818,187284.06
110341,91143.02
114233,144148.47
48822,152512.69
53780,218402.44
114005,140994.83
126141,287907.8
68375,354316.28
111388,193469.31
132639,71472.555
135648,253871.05
18620,83210.055
814,110256.49
117684,510609.88
142290,186546.08
50394,180800.64
18117,271753.88
65763,211271.95
143305,113765.11
75441,259895.33
66448,126281.07
82691,319771.9
140342,180412.11
5892,100533.664
45451,228079.42
26884,180328.34
138406,205845.52
132888,50462.42
63726,78863.49
59349,107228.61
6788,38054.312
145565,156469.72
146002,109382.37
70209,99423.836
82115,140995.28
21114,182825.62
34613,61718.39
111609,103716.72
55543,207482.34
73160,95433.4
129908,207054.89
4967,202845.17
120797,102867.49
82974,89932.67
130149,120055.336
140470,163856.34
82237,105740.4
119481,261915.42
31571,342369.34
111687,282952.75
811,94504.36
38580,164493.42
5654,112752.79
38850,243293.66
23082,282603.03
142907,242804.22
142852,483976.3
71038,259284.75
15929,263595.22
15413,184862.95
113563,163588.6
25750,276625.66
140735,230074.72
134333,284657.7
113924,452883.62
72363,136408.12
130560,83011.23
68948,220998.89
3801,270751.84
117492,109158.46
66988,98414.96
121391,158670.2
125322,287016.4
113396,177488.06
25445,158414.45
140780,219196.64
142550,159043.08
2336,148434.77
118907,154171.1
142497,115814.08
68843,62906.49
22795,363682.2
4532,137398.16
56580,97081.17
142426,103337.67
142778,141789.31
28034,62417.836
33821,60840.57
112479,78014.02
3051,106289.38
122924,238863.16
67960,87762.51
76433,137235.25
71538,86065.055
116849,77201.87
51571,405890.9
19198,173566.88
23639,415595.3
116633,96446.71
144456,200577.67
46348,132736.69
60093,58983.215
142532,140467.52
67252,86259.766
26542,287773.84
122755,281591.97
34463,280165.56
3345,495436.34
81743,142204.8
30886,208157.72
68570,142037.0
117581,376397.03
4457,179387.5
24966,594409.56
115935,245525.66
46663,443512.22
129195,81982.055
37614,261468.02
49331,183082.27
43301,98921.63
75145,225672.9
82400,130100.49
16060,88933.43
17220,286659.44
33258,178223.1
50707,333002.28
134035,239626.1
8383,67253.35
117758,290879.94
51380,259478.95
76364,169770.05
133015,109632.586
39428,206597.67
80525,337236.84
19184,335502.97
71807,119269.8
139770,164265.67
74852,92636.586
14511,327294.06
111160,164762.55
149,345852.75
52904,95763.9
73125,104470.65
28164,264293.38
35906,106473.71
7104,97621.88
33802,43840.492
82167,66633.47
27631,349613.28
3221,257434.86
118220,173355.47
68957,133529.4
132680,158588.08
69092,164548.88
8534,96305.39
33222,189884.86
132635,130122.625
143184,155993.75
146055,124424.516
124886,680882.9
52670,179167.19
122316,155020.56
67590,154845.56
46392,208756.97
20114,179983.19
126815,107498.38
55573,194509.45
127163,198697.95
2547,264699.62
81883,97841.23
28794,112179.086
124868,74952.25
57499,199448.36
76986,315131.9
136264,159060.0
110710,47472.68
80940,116713.555
3791,328289.8
38323,42029.797
28702,641281.2
121139,205615.95
67711,147056.47
50539,35957.285
48994,83371.305
6949,152364.6
115208,206881.84
59930,165876.55
3072,68389.75
65872,523563.7
57318,114779.18
9152,362769.7
27295,226875.67
22347,166756.78
72482,245308.28
131047,214581.4
29649,288615.5
9270,260599.05
14570,146739.58
123350,402537.34
49496,145067.95
78691,141934.78
138270,54214.566
58520,182639.58
119175,123106.98
32324,360318.84
79137,189995.67
59640,86490.22
62608,129515.445
22647,50795.37
64795,306509.22
69860,285073.2
32265,170212.6
127236,70322.19
129220,265768.1
115791,219343.92
127140,97162.63
74289,309749.47
27085,164538.61
125753,91391.336
62890,367088.78
80656,293306.25
132250,106374.39
10746,185682.69
139546,41656.566
123528,115776.42
5923,82911.414
59160,247659.4
72216,463057.6
122009,179532.12
6031,355287.22
1233,273436.12
111546,279247.94
82667,218295.34
139447,162025.56
61771,121936.11
128657,105978.27
119522,209240.02
30558,94169.4
18179,82968.26
11499,71738.914
72699,318087.84
12698,98291.62
140894,310268.25
127881,128077.71
40819,126038.97
15455,187761.08
116324,196413.58
79001,342174.9
49054,100860.56
3113,203709.7
115448,67117.945
69361,85070.85
2312,74483.29
70436,71114.97
120202,216814.2
143891,63536.535
123847,105960.54
63911,497430.34
145114,516546.94
26303,198671.86
40952,184102.84
65252,89463.67
66274,140427.25
144284,66946.55
77207,122894.18
77948,297715.25
121481,260374.83
33139,168581.73
64062,141834.1
67061,311136.8
6133,225989.48
119900,262405.8
3392,113273.23
42938,126811.47
58355,72860.914
142156,58610.004
82823,137738.97
21116,156369.77
40668,170169.94
114474,237193.62
33366,160868.61
118819,314537.88
62415,250504.66
49648,308255.66
70406,37268.4
16264,49168.727
74988,101159.234
26318,150165.9
55282,81829.68
45265,285018.88
129048,370970.34
68607,145986.0
29673,212591.66
146196,218718.83
11353,93342.01
23436,163755.48
52331,242786.83
68448,146797.8
132223,209806.47
44759,172150.11
146737,259014.23
48489,252622.2
111183,154707.12
54345,69259.39
128549,238732.14
75254,154521.72
26206,109226.13
24679,243209.06
140622,238022.62
119017,118397.84
133590,199874.08
16664,202139.47
20370,106473.57
20802,291923.2
69767,344245.1
80808,107853.66
23235,113177.72
64785,256197.92
80207,182504.39
44564,83647.984
26763,151075.23
67652,285396.2
70914,205361.83
81861,191758.33
138674,72113.93
79886,155200.52
113814,65061.035
76171,613653.44
24396,127082.586
70351,238741.0
130757,563080.44
2824,273872.97
123630,46637.89
58949,166113.16
54586,68366.445
39939,172311.48
68519,213527.39
28678,143737.23
63803,125207.62
70071,166361.08
63647,138246.62
135153,104811.71
19405,151544.1
9661,166076.23
11165,313549.44
25702,34220.152
34470,591922.5
117130,135314.44
50857,63761.22
59729,87347.125
128575,67790.75
63825,522999.5
117507,109397.48
81704,210509.98
68562,294896.8
30455,389990.38
20292,138049.28
31077,218276.64
123349,114985.664
117560,521471.3
26995,190116.03
143727,129969.76
68666,113691.336
54469,111320.16
13727,269684.5
218,196261.58
135492,247181.44
140828,167472.4
43556,100740.73
1414,145482.97
126514,138890.3
114852,213550.66
18216,190195.6
111901,130587.93
35654,139503.6
141748,98003.82
77899,456190.75
134582,110194.34
115442,91687.1
52549,110532.586
129776,141728.23
138420,85005.85
73621,207601.06
81758,172481.72
44089,95460.14
31523,89621.68
120395,173901.23
28677,160353.8
115831,540149.1
133556,85293.88
10006,96013.375
134378,190022.55
39204,97347.69
19876,407756.47
20051,125431.63
146999,137473.66
128066,114405.17
17404,110999.64
128232,138756.98
77252,255818.52
24008,373705.84
54613,105400.06
6443,189114.4
4643,255082.02
11366,202171.27
130387,354105.66
7724,253852.73
17837,195864.14
137530,199995.48
60694,75258.97
28935,166107.08
33874,84534.96
37907,240405.45
76247,757182.06
44711,121181.58
118245,338977.3
31939,81062.07
75599,117448.266
14715,314181.44
80024,75197.53
56832,190840.48
40863,86366.97
14913,307642.1
73064,185603.52
22589,371848.7
21268,114386.99
52216,179989.36
140299,99249.21
16840,316107.3
17226,111128.43
68459,231281.36
66022,77615.11
11669,423748.44
146692,339556.53
59655,144876.8
110396,68862.125
141556,100862.03
249,124843.58
111683,124759.734
118484,217643.11
119818,113949.72
65523,238445.19
71846,334942.12
57690,232322.03
72500,165958.08
13423,102380.16
132787,108716.16
53598,123917.086
19793,259834.17
3946,101123.33
79787,79282.89
79799,60320.78
128430,63266.83
68993,295065.44
138688,238399.56
18988,174802.5
122859,163892.9
19209,46809.605
146588,248348.6
144142,139959.8
4506,120612.8
118998,102691.11
63383,156030.22
44048,134213.1
12851,159985.77
79359,142527.7
117866,203419.36
51704,110906.85
22949,124687.914
11552,67472.35
63074,140625.75
33467,90628.42
24672,181862.06
73883,103479.1
125191,150443.31
133108,58614.664
14645,230481.97
140832,93587.57
141263,131541.48
145642,223024.75
15620,146536.48
34858,69266.055
18842,100519.555
16164,85925.016
125391,207368.56
28568,141739.38
17403,112685.25
131147,184343.97
51536,111911.36
47596,36699.758
20984,120586.734
142617,296428.53
40271,124034.945
8149,176556.45
17066,218951.7
112478,146064.52
49187,223794.25
64875,107684.15
63308,386754.25
515,157913.58
140657,116112.2
48256,138339.08
145022,91410.56
138192,183226.67
65571,85851.984
133300,101686.86
122436,250752.53
78088,258196.33
8994,93691.734
51349,293354.22
63932,125398.125
47641,301621.97
30260,144522.97
70747,370680.2
60862,117565.72
26555,132472.8
410,223882.83
25327,133018.88
56521,232737.11
71983,43333.332
111570,177325.39
81329,121050.64
5932,157611.69
114347,164294.45
52790,442159.75
140905,335597.22
10328,94072.74
82613,299868.7
13821,103043.164
112629,162672.6
19173,85770.21
59059,408910.75
35849,192778.2
120879,488749.38
111473,260813.81
65256,84138.09
137360,292018.1
72945,308641.84
120964,66762.33
56171,184436.81
142042,142451.98
5408,134280.3
14795,109356.75
51857,112299.36
4796,128086.445
139904,166178.55
41965,112640.33
124616,184906.02
133945,102213.4
16141,233485.2
13250,88111.23
4657,260195.69
12010,118142.586
140287,203861.28
112146,280796.8
137131,109513.89
131000,324080.2
81810,83015.04
56740,166137.45
140067,207319.55
143173,49036.04
37932,116722.45
66283,82507.6
145911,379283.34
121385,114144.02
69321,138901.98
146741,239969.22
82815,182602.61
127913,118786.625
142969,64881.598
36848,263416.2
31706,128831.05
14680,114091.86
33579,198635.5
26323,337851.3
122543,84219.68
131587,186195.84
126816,123219.58
65817,132640.34
67912,141403.98
74721,204726.1
79067,150791.34
12479,79495.06
79395,109860.77
146860,68602.65
13498,157411.6
21746,125607.66
64637,97159.57
12656,103452.95
61750,214090.75
130830,390080.53
53623,141037.14
61202,110483.11
70296,160681.03
32440,83773.46
121931,195897.27
61941,127863.63
24753,368660.84
9633,135584.38
19883,97196.56
138015,253551.27
35614,323648.1
143351,115977.11
13292,149047.73
50542,108489.59
111090,168025.6
17533,148201.75
58914,49683.754
21828,189778.25
9767,53310.7
45548,208298.0
111741,318807.0
59241,143600.78
82145,97306.13
114961,482982.56
36866,82262.39
10217,71688.516
532,92974.08
28380,125881.79
82188,295580.5
20422,198349.14
79697,246222.23
18084,72609.63
16476,191671.44
132494,242999.36
141306,119167.336
129813,39619.91
127800,189878.27
129536,102426.555
69247,90235.766
140525,715188.7
63517,70562.734
33237,382099.4
54587,312424.8
131848,71289.61
16267,162364.8
25941,140271.0
28729,122163.61
123385,191353.14
129942,43947.29
79777,620302.8
36092,347079.84
16528,104327.734
13878,88143.17
20080,312645.7
19483,126253.24
39937,188891.98
79505,86916.93
33866,80593.336
51871,78407.24
48880,122002.86
42719,69243.3
65789,76292.516
133369,156402.94
65185,184723.88
6552,122062.5
29898,220157.64
32351,60256.656
75914,124773.74
82693,172138.28
39023,348243.25
115489,315288.5
75691,266000.9
21818,245908.66
72359,223980.56
56702,157096.62
118854,198627.14
75394,173987.92
72684,217245.48
127458,329403.1
782,146312.4
75981,263889.97
758,95806.33
130536,104052.97
7092,274645.44
17261,165186.84
32132,181802.42
41760,276862.62
113638,46427.895
2694,218298.69
137885,225918.95
61265,189718.61
12797,362039.53
55025,136936.33
50498,144760.88
16423,109372.77
111519,180419.6
74151,529947.44
55364,110051.99
74574,125685.01
119510,153595.3
60703,173620.23
77474,287954.47
30827,320800.1
39746,136260.45
138229,416230.5
103,102999.36
121819,116987.31
134959,88398.59
62691,108340.17
24222,305173.12
78829,63370.453
136288,112469.53
35469,115319.52
41808,184640.83
80693,206407.17
122059,254436.11
145727,330823.12
6654,96596.84
135356,95391.36
68794,103846.01
41797,216362.5
9587,118805.234
61817,176943.14
73523,141919.7
38324,481744.8
130624,145810.4
79743,47250.695
78913,118455.195
30539,414999.47
33823,75611.0
7530,56000.215
5450,130409.336
115848,67862.02
35897,141469.5
50679,444227.0
4990,124524.96
75704,60005.137
54533,274560.88
76573,745866.94
11484,59733.555
136866,97291.19
25606,143915.56
16813,125533.94
27904,258553.12
33426,170555.42
142382,120517.95
12537,197109.2
52308,169719.66
57541,142987.36
36813,94706.99
25860,99800.234
140145,68838.875
20921,151071.4
136907,122368.92
59987,259273.44
40936,212499.33
56447,269296.8
36088,72473.5
14341,129433.85
136641,142491.0
130085,121390.66
145600,154934.81
3314,76583.39
128338,313327.3
139005,113026.21
112459,74425.26
59960,257596.22
82787,120507.266
122039,274195.4
70885,98402.12
23918,91356.12
129191,225140.75
137814,33909.707
124774,98984.23
114882,270751.66
5138,158708.75
28237,122170.54
55104,148455.88
120859,138541.55
125159,174466.02
34975,45522.375
51803,157215.92
5053,298727.7
126668,126989.43
42994,290159.25
61679,143979.7
75149,140636.55
7355,99959.81
14229,75486.76
75059,141683.2
123721,323066.53
143591,248758.95
66146,40405.47
40138,90808.445
111830,123018.58
116191,222686.75
37875,601101.7
28126,348208.9
19376,160683.84
8800,96933.46
1162,182846.89
12129,84854.77
34704,248837.81
121205,116150.984
111783,86796.33
18956,156044.66
119430,292349.47
54018,85814.83
61846,75868.1
66190,80908.53
17682,317990.7
132222,132591.61
13562,838946.5
56129,132475.69
140812,176145.05
16318,152443.39
49164,74983.016
42336,188653.83
34438,273236.16
143705,205419.48
140726,437613.0
130713,79154.98
143083,140957.97
31847,317388.66
64919,122559.125
58590,129785.02
4873,147641.69
124077,152295.1
29385,113086.555
145560,125177.77
123564,255947.38
9945,119833.03
113886,594140.25
16993,194214.48
10351,87598.46
82697,53808.668
24184,238608.31
4971,134113.47
15911,100930.55
53708,143022.84
10697,553769.2
74694,103124.51
72825,187552.98
142737,273948.22
114192,60803.02
79308,232823.34
17296,140963.33
66501,390311.78
27965,108582.97
41487,142651.25
122744,125190.07
16322,144420.42
44218,86344.99
24049,189762.94
38871,139116.78
140351,151608.98
118414,141716.98
10581,57019.746
47094,117969.84
59954,268196.12
680,129684.484
63779,256172.69
6928,72366.57
24818,100338.46
55286,75510.33
63879,113065.77
7494,119911.04
48639,221590.08
147066,108513.734
11416,170755.12
76564,103497.8
41832,92725.16
66661,82533.24
125288,301963.7
124629,76029.45
62472,140257.2
122200,163879.81
12204,535741.25
118730,184908.28
48611,94936.35
31328,155469.6
51339,215680.36
14754,216601.08
53918,79981.914
62774,226538.97
3140,413541.0
44636,178001.12
113755,83153.18
24928,47617.004
23376,271747.75
10439,157267.58
13115,69093.55
58844,114129.28
82796,163637.53
132909,366724.44
21617,451313.12
137976,159001.86
1375,140908.0
128511,270488.28
124890,74029.39
28925,181427.95
25019,175733.66
62306,108398.13
51557,258340.28
49401,212570.12
34531,37835.67
39908,148211.88
56970,191449.56
120938,397704.47
15705,131341.16
134697,108502.26
79279,192494.64
110478,115314.79
28652,116458.53
70744,140188.33
126142,222422.05
112092,71813.22
15147,365352.97
62988,243298.81
43908,206048.48
15248,209419.27
15133,165105.75
140644,222908.03
142904,263723.25
126766,157673.81
59094,70233.32
71551,277395.28
33315,162193.08
81668,204766.56
49736,131424.0
134104,124700.555
43375,140663.25
12234,108355.01
142531,125870.516
129514,78211.47
138826,118896.7
134534,212054.77
133035,152379.06
15695,120782.51
60747,114448.49
32975,331210.94
126010,94141.43
129438,68349.25
37533,315576.5
33686,330065.25
71879,70767.13
112996,110028.84
69477,146246.31
50840,134710.62
75865,68277.49
130432,186269.97
58612,74780.6
43031,169731.78
34798,331636.47
142714,70922.2
137611,184002.16
39650,84075.57
18387,139329.06
123307,176582.38
116228,663705.4
40654,228754.75
146067,108967.26
45503,164856.3
71699,402760.7
130513,143003.23
141482,242783.88
45446,326360.25
7654,179268.95
37696,284374.06
20565,71333.73
4234,201576.66
62711,164072.31
19710,145068.2
70217,207607.69
54122,382872.28
48599,75367.78
22700,266063.06
139923,62054.383
123514,147594.25
18352,235969.53
124765,56385.6
71272,233582.94
28735,91065.1
24037,185164.02
147006,90203.336
118421,392278.7
49610,201351.6
78413,127618.484
26003,425313.2
19468,126077.836
15937,102605.17
127646,536822.0
77561,25487.99
120213,238554.52
41081,68719.1
4287,204722.61
15562,250934.69
146457,355772.78
133200,157290.16
9014,284426.47
50986,68909.44
80132,233552.22
81316,188102.36
118826,89317.54
79324,143593.67
111986,272514.72
132824,123588.336
5978,134231.39
32359,140907.64
20919,73478.05
10729,128086.39
57483,88573.2
70528,86554.2
14132,183398.48
41701,223585.14
8258,344344.25
40033,162113.14
5398,88857.97
69783,46139.613
45854,242811.39
61644,155381.17
55471,386146.03
13125,117278.73
76046,313824.3
23367,127291.85
17779,98360.9
127772,138399.55
81215,147773.39
11486,49261.68
46718,104578.63
47835,203917.94
79586,148848.25
117461,104798.4
34185,117705.3
46518,225154.31
131257,365883.62
26348,681789.3
43280,269982.25
35024,421581.3
14633,401898.72
33416,576605.94
45370,243178.94
136317,90892.18
125491,59012.285
6708,87292.79
20519,115170.086
64452,277425.5
67473,345220.06
59785,223453.38
740,278216.22
145050,156330.67
112625,372756.56
49599,103092.3
1001,126812.9
69680,119849.375
128396,110393.52
123044,151427.53
9738,97829.89
81155,275704.1
146407,247510.23
30777,413560.88
81358,59197.74
18449,76496.3
118111,397756.88
10400,230983.6
54728,65347.72
129493,284786.97
137049,106849.3
133698,133559.11
147054,212143.48
68638,153660.73
129320,206818.06
55450,78242.805
30838,144773.14
17642,94555.414
78798,103155.664
14952,81547.516
57222,154215.61
48617,286714.56
20229,261857.05
23001,496774.25
18391,104122.35
47046,163854.36
21916,146455.88
81114,119089.77
5286,68585.31
1279,277003.84
129636,289072.4
16035,393922.25
62238,362950.34
43889,609767.94
9991,161148.11
63354,253701.1
116420,203476.2
128229,358638.8
79659,212216.89
80309,111978.836
140557,133353.25
146609,98126.0
124803,390577.25
8845,237460.2
126508,104033.734
59634,301712.75
82036,96988.39
388,298542.1
131960,324862.12
138754,110490.43
17171,263534.44
134661,141490.5
16130,401535.28
125631,103208.44
20304,90503.64
123413,214070.78
130591,318800.16
72160,83383.55
42084,124796.234
32935,169087.92
143258,115563.97
52668,82052.664
27728,77565.625
63537,79494.65
11018,143732.7
132037,70873.42
39029,335206.53
71511,59505.61
63215,179622.95
29567,122182.125
118144,316481.44
110793,178542.34
63003,251956.14
54552,202749.23
65483,118881.84
132251,347610.7
121245,147306.36
77115,84304.12
56682,126076.82
5030,212544.94
81712,334067.7
20692,118618.63
66703,99611.625
50782,131785.34
26182,154622.23
25173,737472.44
57155,149310.06
67226,123063.95
39419,79574.98
50505,172304.31
13916,241764.52
113026,298367.78
13451,149345.86
11000,144567.06
125575,154640.0
71781,219401.12
121829,127362.19
21463,94594.64
134690,247290.72
38477,72675.625
58237,150768.45
133146,543191.1
114093,147416.14
12069,196908.95
124705,189601.34
13970,79930.75
20440,245328.34
31493,76197.84
2765,594104.0
145076,98863.805
5218,196585.2
80482,114234.164
118306,213317.25
20632,188153.67
34977,139100.11
43646,83295.02
3976,336566.22
20287,85221.95
32767,174683.75
77951,524694.1
122248,151338.83
113372,75820.13
74614,74556.41
37459,184247.66
136149,164626.4
123229,292781.62
76262,70711.17
121801,187374.58
2624,368157.88
14277,108995.43
40396,220748.84
3971,344782.06
65010,137317.2
117602,257529.95
60876,266324.47
127073,67098.77
28549,186332.31
70196,227491.11
113655,190030.6
74073,158155.02
137532,162517.98
68017,160686.69
70241,119816.95
2834,103566.055
58352,120517.62
82031,185465.92
404,598709.1
17478,184028.7
17217,260508.8
126920,67618.89
26608,206712.4
46498,142263.67
127630,132354.8
39688,125604.87
54354,144890.55
6402,163433.22
63964,258911.3
16475,418864.03
19289,287057.53
9620,123518.77
131917,119978.65
117712,211057.23
71017,79883.58
124501,89840.836
47566,158803.69
30125,117392.484
43692,201235.33
128510,284116.6
66132,85261.66
11551,32770.156
124048,96192.1
118099,163015.69
4012,89141.68
81771,193279.61
40859,147088.17
73862,144280.92
46637,350423.38
28920,107846.29
65321,119824.6
15989,142260.67
127786,290647.28
33801,89739.38
136262,71996.61
32613,165912.95
57720,140947.55
79790,39747.227
62599,174099.73
137855,430080.6
3190,461952.2
30760,186721.31
64933,139671.02
52613,141745.6
122784,121144.76
144855,192179.88
112858,123164.586
20320,80858.43
1508,655868.0
47177,118410.82
137774,113334.29
64998,312262.2
41474,155382.58
124632,172206.42
59278,111493.1
122060,670560.75
47191,209043.5
79378,270145.38
71747,142021.12
140382,96501.75
31887,72383.21
51588,165470.2
141113,182621.12
142802,88414.75
36678,200071.56
1296,117324.59
132275,134086.58
61714,157801.3
141954,225051.53
49601,229137.22
25782,74417.73
13358,99150.0
27323,148011.84
137094,74346.63
43871,181313.5
143488,204332.39
80969,107134.164
29418,194282.5
69160,125804.73
41117,175707.66
49636,255446.9
12952,529627.8
127215,130680.86
65291,98280.31
143860,125619.38
38948,173446.95
51125,215601.17
63552,179816.92
115956,61041.285
115219,86806.57
110665,50654.3
78650,138852.39
62730,100285.17
65357,122379.96
40560,130406.35
144233,293781.28
125749,190243.44
9376,280280.22
38118,366737.06
14374,137517.7
8135,254875.38
34850,198897.11
122692,104667.93
57512,109518.91
52977,234592.6
15888,205115.25
127540,133268.73
63317,164896.33
73488,319359.5
45179,121913.65
59044,153958.78
20052,96907.14
79108,147857.56
139889,166433.72
61935,106355.484
133696,243192.83
46614,201160.92
8273,114578.77
9364,109795.164
118954,160553.19
63848,374261.6
146794,121869.08
123848,192949.67
378,133725.75
116796,54714.836
3174,306086.06
127691,370875.75
52971,120642.305
44687,210296.52
22419,107687.39
81685,90444.6
7376,178204.72
142345,101841.61
41421,213644.03
136304,125713.52
66177,75482.64
59423,175985.7
73005,111954.82
145329,57073.723
10401,238856.33
17030,279282.22
19412,101979.25
43125,82643.95
122117,54179.8
146162,310754.75
64787,415787.44
76689,99566.086
137854,138361.92
76180,170514.25
62194,166234.47
131555,127031.32
38446,310206.1
9998,115367.22
46556,101504.55
40417,254755.25
5256,174545.02
113970,93548.01
80515,77368.1
7527,128374.89
132387,541796.06
8108,198366.1
65286,156170.92
67114,188930.28
41613,478873.38
136230,357949.8
75727,112703.805
32795,98746.75
143554,60014.707
130891,93728.38
76134,77581.06
42449,87679.695
54445,229891.75
10589,140832.48
145695,159419.19
41360,151339.3
113365,187486.33
62151,175766.23
24226,216710.0
38811,342197.44
68101,502643.9
82500,151179.3
18556,87188.6
122873,126067.04
118457,151645.83
39020,115686.86
125712,142058.95
136512,230494.67
69772,140987.56
128634,273149.84
139395,173674.17
141184,176743.44
65415,121614.85
140532,161806.42
141738,168433.78
142811,145927.11
68392,140347.2
12611,334969.78
30439,142666.28
6652,61432.395
63559,184079.66
133197,128779.97
128914,79410.445
145892,133476.42
14960,354201.28
4942,181274.14
30873,137629.67
29752,117802.7
3822,416772.94
27446,209880.69
121512,650705.4
53924,115894.1
67126,56283.914
10974,169516.16
128906,193329.89
57585,99075.65
65824,363569.8
19576,191080.17
65616,180702.44
14149,234907.72
22256,72738.77
51881,218151.75
78822,60040.418
64970,185348.11
34149,180579.55
128123,40544.844
27597,170820.02
68588,246429.4
22377,178641.22
116594,172529.78
64003,49601.727
332,101783.234
56011,63093.195
47302,104749.71
66409,234155.02
8801,229271.4
121515,197650.8
144628,149150.05
146462,104695.73
138118,101974.24
136744,130285.42
11867,54493.043
115374,366613.8
7840,102681.39
115064,107628.47
68986,349185.12
139095,154683.84
4280,201641.83
64316,172526.78
76067,312200.66
49,333941.56
81311,239651.16
57458,91284.266
129718,165603.28
14631,374097.06
132158,167336.8
41426,133272.31
71829,59828.137
52564,210790.56
123089,177202.45
52228,50730.816
121026,183192.77
57467,102432.195
73317,174141.14
17998,188226.52
62410,149144.52
119338,67569.695
61080,111616.625
57598,148120.64
42833,366017.06
83095,96915.61
74709,168482.16
131855,300387.4
20584,201945.16
11556,55362.723
50655,143440.08
19154,84433.01
111468,322137.34
130943,50461.617
68040,143287.03
37889,180569.05
41774,454620.72
132316,98066.19
74811,29525.14
23926,78479.16
135452,113561.336
73402,89071.22
79093,90351.6
24638,149252.17
48030,135177.42
42838,112788.28
111486,229055.38
65836,133882.89
19292,181658.94
44167,270295.12
65770,357124.06
131610,188799.84
53705,130270.04
142938,214299.78
53629,114202.78
38376,179723.9
144724,81265.08
111403,149457.27
50232,75613.81
77087,316425.28
13405,314704.97
12697,114543.016
127184,242461.58
123550,110034.85
69721,46690.758
77645,132849.7
15294,125355.586
25934,84259.1
113279,108676.96
144004,116804.4
19997,738912.25
53566,223709.16
110302,187937.56
146859,171822.47
67781,85118.89
5987,115168.76
16379,259696.95
117687,507826.38
133363,205216.44
133405,295747.34
75101,81173.055
31093,237565.3
48979,60443.24
44784,91600.29
137962,167488.67
81538,88505.86
115175,116460.57
111324,340643.97
45685,65393.22
1444,81880.055
31615,139600.03
36061,255231.22
43025,233323.73
128088,120284.83
113880,76402.45
48263,148509.4
54094,210534.17
118249,279930.94
110496,147813.17
11332,93973.305
48274,127284.27
141882,119300.98
20956,239962.22
18974,304256.6
20455,203477.66
125567,139329.2
13954,893640.3
20699,268793.06
36169,272330.03
27881,197188.44
31069,109554.18
137425,206224.83
46159,263536.88
281,175094.05
32609,102831.62
116208,102651.67
66185,466849.06
129698,198374.77
15450,216027.72
61473,153317.58
117571,135652.62
44056,213255.11
120937,253216.14
51296,395622.22
138755,140268.7
16359,199209.6
47436,259914.48
120480,68677.82
43365,203186.36
6117,89730.48
79803,340159.78
8764,269782.47
18853,135004.86
145705,534375.7
36699,108853.95
39271,200275.48
19072,85471.47
143748,191521.66
12785,127964.92
35352,163503.33
43471,133799.81
14594,81897.805
137356,150435.64
30796,381107.06
66348,211664.27
54598,73376.58
113803,205908.34
78855,308528.94
79582,141106.67
132143,126883.24
40913,197812.7
138615,153442.97
129907,139910.27
127216,177259.38
81998,246469.44
12973,258025.81
27795,95010.37
16759,170882.84
8220,171596.1
133280,446726.72
117986,63958.27
28454,93662.586
46192,145529.05
123539,272034.25
132261,223387.19
17738,199684.7
54968,247437.22
127276,278029.44
1324,180857.25
116844,138371.69
144993,464562.62
58147,194921.84
5773,123689.1
82146,112800.695
143164,98151.35
64420,104782.6
47517,96610.195
127396,255986.72
19397,106143.26
58371,663087.5
114396,145320.53
16516,104957.66
28596,304835.5
118122,278924.5
136920,269241.28
2572,165993.38
8081,216035.58
5328,421285.22
75043,107152.625
139264,54818.02
31432,510154.1
77238,120056.18
81886,179481.27
142335,137602.98
61633,170060.0
44891,109920.836
78945,172645.8
78183,146598.03
113235,413920.5
24601,175268.97
123607,106541.195
77937,218736.94
47858,250034.6
62768,302479.3
113958,518877.3
58579,183976.64
13830,157523.77
17408,160793.44
1806,119653.98
22984,276504.5
126190,517135.66
46077,112376.07
118458,37159.656
116370,57183.95
129713,170424.38
124911,181508.4
23253,220794.3
44214,90653.31
53516,120403.45
20696,90351.89
126688,80867.445
139328,333135.06
38059,219382.83
12475,63133.754
23205,165829.12
80477,69858.65
17011,106364.56
56259,455268.78
63596,391471.72
71030,131029.23
118174,123565.43
121591,302148.75
23099,79287.3
130612,225390.52
70957,223936.56
39673,267786.03
20509,221970.73
66571,264566.22
59291,145298.8
56159,311463.44
7335,257063.56
32883,108661.195
140237,44477.285
27244,225861.64
28277,82516.54
40112,78289.32
36659,275004.03
136373,108504.98
64999,147167.5
140207,121326.71
36109,238235.19
27251,81691.945
120007,58343.156
39794,411489.06
74783,124785.83
3185,366522.72
123661,177957.34
63180,386842.12
23363,73894.02
20010,249955.08
127218,194364.62
45537,188449.92
130487,85110.88
8265,99870.73
110539,84920.96
78734,153131.44
81082,112860.28
138404,139523.8
49483,677897.3
33885,79910.78
114479,221246.2
68579,177852.78
21730,159653.33
27867,125294.81
23398,251702.83
43071,141599.2
1852,78019.74
131937,151042.95
110841,208193.9
130842,162211.78
135948,199009.36
112472,239908.16
12673,256998.42
16833,250955.58
138290,222710.53
58280,111988.06
37470,198010.81
39566,64743.42
70043,107689.68
68565,88279.75
125782,479360.28
128698,144295.27
70320,151706.86
49285,170465.56
26678,255600.62
1018,92455.13
9444,279152.2
138100,251658.45
41651,165578.34
65124,198489.92
124,126231.484
83017,311114.66
16331,255700.39
38929,364754.38
140439,247273.42
55458,323348.62
67563,187855.33
16167,102961.68
120569,458302.78
27727,186124.86
54037,261345.5
83048,276849.62
7381,127663.234
45538,177729.3
139994,39089.195
26179,322289.3
38755,299041.78
137486,131545.27
140403,132477.8
71302,211730.62
25447,121766.484
75336,152308.77
128111,297248.6
146304,272946.1
65627,242579.98
80796,99943.46
73766,88830.81
63128,140138.19
37724,184750.83
63403,77626.13
113819,143893.97
133844,99008.71
894,73968.03
114766,76954.13
23366,165289.92
6067,299855.2
36053,112689.99
41290,134729.77
11083,172343.03
44175,145142.36
124474,110270.92
3642,148061.89
116551,110866.61
128694,208351.08
19671,96223.336
3857,214616.03
134465,190479.23
72671,119239.44
8698,170617.2
997,177994.77
72963,158033.31
21944,499903.16
41211,273686.1
10154,125406.336
144185,97603.836
17084,145642.7
57755,170887.78
60949,86832.71
146293,253445.61
19044,539157.2
62024,134209.83
56557,132735.14
7129,101884.06
121196,81473.51
74433,72391.3
81208,83590.53
119421,218509.33
6622,36633.926
20027,88802.39
140481,246444.42
26177,366179.1
53279,241437.8
11999,80962.914
146050,317509.2
124527,142730.22
16865,102501.945
37011,243119.16
77961,93068.164
135140,199231.9
43539,82371.8
25677,188717.8
72275,130832.68
42271,130086.81
130226,724304.5
2132,110890.95
141574,187648.52
132885,31764.062
38084,48567.316
44792,188907.94
64847,130581.36
125099,52916.336
55178,99562.875
126600,88340.39
23152,449662.6
31826,223770.52
123368,108216.664
145199,197109.1
18157,96349.305
292,145049.38
123141,71058.86
134992,130962.945
111891,146977.86
13165,116882.51
143142,62493.902
121316,222393.36
65395,237055.36
12872,151081.88
69133,190079.73
81035,213682.12
130351,199172.8
52973,168240.53
112059,73393.555
116983,255829.22
116249,215519.66
49099,140683.14
130272,241236.81
66520,89100.81
33660,198075.03
9627,296936.16
9797,399571.28
139773,147002.56
75450,214411.52
15491,92395.62
47656,254974.05
145854,56353.082
79714,87634.42
17294,202731.9
62834,303999.8
13079,117809.94
48254,125539.94
75630,49252.84
140869,212919.1
12598,169712.8
137542,153098.33
122765,132163.55
118970,349416.22
30018,141871.25
112169,90094.72
131371,47747.24
50371,74690.805
136320,165380.72
48323,63242.76
21340,113660.02
142724,74858.59
54578,304554.72
43047,254360.31
46431,137117.06
8638,126797.1
118878,195021.8
48866,186150.48
12496,431114.34
135177,134265.53
13800,111418.26
9815,409653.84
63858,122847.04
60636,48248.297
49538,215718.34
5990,110280.38
131507,137777.25
121558,89131.195
54027,90394.5
42509,88980.57
81738,116758.41
27324,198933.34
139215,123039.7
518,159237.44
20656,138144.48
60069,119584.88
2014,210243.86
60910,79161.35
16927,79348.76
48438,74975.97
140820,327430.6
131482,228713.83
74480,82242.2
78115,136507.77
15165,213092.89
53344,158985.73
51427,79947.664
35217,138520.08
137002,252717.97
15624,137172.42
65465,190856.55
77842,246629.02
16853,248655.64
115875,170548.31
120498,103718.58
113762,230312.55
146075,352930.7
56705,195206.89
21940,484615.7
110745,199097.52
140218,63053.64
130376,224406.4
45271,417257.47
72531,83959.734
14563,339062.84
44611,130676.27
74928,71559.586
59955,103868.17
142404,181651.75
130968,257523.78
74344,117621.09
63776,205007.78
52479,140174.56
29562,123017.09
79361,101322.26
81265,131723.55
119588,145103.88
16203,376075.72
62861,150687.9
64100,98940.85
36254,152929.3
2118,86706.52
21985,112556.71
16869,164152.53
60588,91939.7
139832,283361.84
72543,111728.63
58670,232375.0
49668,199522.98
8900,63722.26
48616,200807.69
35871,118195.36
141331,243236.12
125775,157790.56
19789,174258.64
34281,309249.28
114805,191254.9
26552,385889.53
32643,55688.375
82609,111198.7
35968,171262.39
145333,126391.92
48624,164246.31
134887,60463.785
118664,128343.04
15363,42897.902
110276,408800.22
20428,157779.11
9506,222104.55
24007,189248.11
142530,241065.5
51923,176687.0
48610,158427.22
113986,130764.27
35930,160474.9
111899,137537.23
127972,173401.95
24813,88817.7
80442,80428.734
5239,174935.03
119250,104466.445
64796,190089.72
66832,69502.31
113695,65725.53
80007,120967.18
83205,62811.246
139859,115273.39
24953,164829.7
48479,213088.02
17719,112663.06
64512,192730.34
126778,93279.375
131868,268644.22
13532,525768.1
117596,99752.44
51818,233133.97
116726,102157.48
54893,164256.11
72769,364838.34
137122,41540.844
73896,92052.32
6651,49012.94
19869,315914.94
547,201768.0
39196,121090.73
33529,99754.984
140315,430023.3
35895,122548.95
15158,184458.11
137788,276808.44
48406,91181.44
34648,161822.17
136287,144403.6
126718,211007.0
116190,315970.34
76215,255009.0
24180,88972.28
126195,231286.12
40784,452814.2
8006,71109.766
138917,219141.64
37481,333318.47
19097,121098.266
38442,319958.9
13836,67071.89
53634,119499.59
51262,91147.266
132698,233602.88
146727,77286.94
136980,416130.38
40562,182226.55
145842,102357.6
48068,256510.47
73623,123516.07
113037,363580.6
33971,244493.83
13854,180475.66
42030,236466.34
64381,124050.24
121910,193579.64
16675,75523.23
30340,159724.3
953,179014.16
34392,90902.055
16497,148462.95
2531,508428.97
49133,466761.6
4498,130127.3
43818,178176.17
66810,240276.03
71427,525021.7
45554,238241.38
42991,95678.39
58943,163955.39
64189,111781.75
73726,143656.81
40800,209498.03
32866,190288.1
54115,50611.008
43520,179394.8
138392,130073.45
32215,77829.91
7298,46918.914
389,88184.94
34902,163929.53
144968,190562.02
43113,100002.734
7833,128485.27
79880,169140.42
15555,172797.75
32920,287508.72
32167,130045.17
32034,158602.97
71370,79387.3
72014,56173.117
80806,207176.0
129848,103681.63
133521,458384.2
70205,174362.25
44012,271164.1
45690,78738.52
20736,50568.094
25802,169027.62
143010,342851.4
32017,156623.08
23954,213739.66
16708,79460.85
62823,94090.586
82314,341387.62
134221,218569.77
140508,177527.94
12662,462235.75
126809,189444.11
60560,276360.8
79591,255901.33
67952,196527.39
111375,76241.086
140654,273329.56
120033,260730.69
21074,89460.086
77999,221813.61
23795,370514.62
29472,59843.703
73992,101372.26
30095,228955.88
125306,85577.51
67337,325595.25
6128,162794.64
76066,61413.652
20246,98294.93
70252,294286.47
68783,112558.0
136760,61421.03
32986,48826.13
7845,296640.0
29823,61599.633
145190,356796.1
27,199670.1
28993,158930.89
119814,163245.2
145568,182269.81
56376,370126.72
77851,162106.16
134078,184761.81
136322,104207.61
133889,88146.02
25409,209318.72
135801,153750.88
43858,220433.48
125766,79602.92
44225,350490.22
25130,152803.39
120863,172663.3
57463,132333.45
18831,174562.03
46985,141728.83
137500,79451.56
146329,396747.38
61098,76561.664
62190,171646.95
114506,304302.7
112387,115031.39
35254,315769.78
38901,163472.8
56060,157564.56
15872,351273.53
19658,121683.55
18940,330886.2
6268,129778.33
118330,107541.64
139797,232434.47
35390,137302.4
137527,207411.23
39233,105075.984
16787,108929.01
82231,84534.4
136924,234693.92
115221,241539.2
138053,161105.12
53665,238246.97
36229,127541.266
42576,202442.25
142272,239899.33
60467,142521.2
27903,207637.84
43832,510341.3
81342,105601.65
142453,384386.97
144538,148101.02
79930,220319.89
140976,352176.22
77986,195387.39
27136,125117.82
58045,79127.125
78444,144638.8
21725,137367.67
21068,75252.06
60370,138828.16
50605,504288.1
136256,127528.26
115439,100815.695
16272,192880.44
75434,437351.28
130074,133836.02
60483,471246.66
17529,327326.5
67795,145896.58
7370,169669.14
139477,134323.56
77157,222991.34
121727,162353.12
37324,226598.77
11609,74841.85
60431,211693.02
33721,99615.3
130824,88824.445
2940,328427.06
63907,166607.14
130281,99779.23
64007,118502.61
48743,203248.97
67472,159813.27
34291,64015.58
113244,98711.37
74176,129070.03
126309,246139.6
23644,122850.47
21129,267912.5
119188,204131.34
66588,146362.92
70393,222467.62
56096,466323.53
144343,159907.27
43293,624418.4
20682,165139.27
136084,100011.84
81917,226305.8
66351,180995.81
132047,93212.984
6879,67863.31
17946,155497.19
138931,102433.86
117043,237243.16
145303,100407.94
110604,231299.06
78516,123749.76
146312,548331.25
47537,76698.79
12209,89149.055
124862,361247.72
53483,289957.53
55800,531473.8
118227,321424.56
146286,233629.33
22103,302131.06
117856,214587.33
61203,161179.48
64790,339594.16
25103,138460.89
20729,499628.78
45085,256593.06
124059,181001.33
28306,379138.84
29861,99305.57
45447,209923.69
57053,99691.805
110576,151846.05
145728,121912.15
137778,178028.38
23334,93999.12
35567,128761.414
65907,137033.08
19033,111772.016
114860,216815.02
136012,240474.0
128944,191651.7
61458,71133.49
29894,373188.25
41473,304570.94
125991,166664.48
41504,275922.22
16443,186408.55
125689,133656.9
41276,255606.14
69861,217211.06
23988,343476.53
8447,335704.0
50031,98693.016
26336,254339.14
145148,355908.3
24854,202050.45
51179,296205.4
135172,62658.33
125110,294486.97
114422,144943.69
34547,177382.0
116851,156571.31
66398,142505.22
18168,169200.39
24567,138330.66
28551,153443.28
69273,173305.31
27457,209673.23
12943,288952.03
44483,96477.97
57732,99328.414
27129,178472.78
66813,233315.9
124900,83042.016
120226,274450.25
751,460320.53
40960,172728.73
55633,217994.67
79349,122077.41
30211,128687.89
81885,77978.44
59758,96669.18
55829,107681.055
55082,377801.16
8371,118377.59
45835,287902.47
71885,117439.63
56796,208432.48
139122,117353.26
141376,180792.38
145867,298967.38
119228,168777.56
68941,130556.89
21110,107666.59
133861,102950.25
36198,184828.19
140957,149014.45
24078,182029.19
119121,222228.9
21777,155573.66
114542,184759.33
8671,105362.31
131732,40676.05
139972,107771.8
76227,165180.19
62440,134347.72
35698,222236.36
146705,646034.4
8105,392038.75
79402,227688.44
53397,133638.17
1683,230807.53
57564,124903.58
137389,182362.69
122622,120837.91
27066,183772.2
1887,56882.19
140297,130311.74
6715,155295.27
46208,266316.7
10726,228016.47
70481,317354.88
123727,102721.93
120122,86503.46
73736,177472.31
74772,303454.2
44427,142721.05
54065,72492.47
142592,125123.5
13822,349102.38
34597,98640.97
26446,119765.35
677,138204.77
67108,82132.664
30802,164044.73
19948,200527.39
57903,76213.09
144761,122034.77
29613,174680.69
70500,140073.08
57279,160022.83
34265,81185.33
139105,284829.03
57055,130279.31
111858,231233.5
137441,81432.93
23919,120074.8
275,169107.08
25186,81102.31
18201,209680.25
115122,64851.055
56604,188723.31
66740,166544.42
57484,156713.94
67080,700853.0
129378,150984.2
9757,167701.81
44606,104201.83
42989,47271.68
15298,163565.22
18790,130030.87
32780,133482.89
70207,127508.375
45045,83414.96
71466,48279.695
78667,49646.43
146133,63795.9
143646,262080.2
25180,135967.83
49256,95068.06
44209,111364.23
130311,268969.94
27547,76230.06
15702,47466.45
134672,182540.45
16024,207805.19
22392,159269.25
3459,394439.44
120841,113103.23
19063,221710.5
44496,106393.27
139292,124027.44
129405,94866.445
62304,161949.69
110939,44079.637
12878,221244.02
44317,141669.62
111031,251196.22
129892,112374.96
18144,143133.61
115636,124654.81
10403,273014.53
55590,485441.12
8607,63989.695
35420,100993.734
39459,110767.5
143669,144815.55
136607,83195.05
112484,102817.58
121509,550251.3
139969,148930.67
15176,106928.12
82854,39571.406
3960,124345.484
128329,217228.36
22442,104517.11
36933,236186.03
12183,116988.06
138759,111305.914
33711,113532.72
299,118464.375
142834,263343.1
19175,45731.094
19068,143017.0
146657,284538.53
139041,169131.89
36222,254633.23
57886,193757.6
113423,211314.05
12225,296147.72
140759,97479.55
66546,113626.695
48597,223605.25
49503,84028.555
138598,81091.35
63827,210490.7
80094,373752.78
137292,258153.48
22832,111691.84
130314,114069.19
76316,109188.06
68271,141809.53
145530,131521.55
70787,162237.66
81874,134672.11
54296,131584.69
140782,111320.73
16659,397108.88
126293,259075.38
16535,225473.81
20567,134666.9
51251,97175.91
63958,199257.97
136134,118477.56
122294,92810.94
72081,80805.02
47480,282793.94
110711,687647.1
116481,134521.62
73751,361780.72
8326,73623.34
128413,307779.44
5073,298649.22
139713,295801.94
4674,152958.48
13762,244870.83
135099,88733.7
132001,126684.58
9109,135388.19
73228,124853.945
138802,206798.92
78010,189830.61
40916,152658.48
65301,81759.36
33526,125733.805
120208,112845.266
112506,73467.99
35883,97900.6
9283,136040.16
32014,175133.94
17398,170357.33
142209,295308.3
141862,247003.22
130906,110691.734
2244,290109.66
131167,198226.03
143042,125996.08
18554,79186.22
13349,177511.94
7242,143344.75
72513,209489.4
46214,229085.53
20202,308825.34
32881,223191.73
5047,227885.6
120711,133269.45
57901,185528.98
136572,534060.8
132847,87557.125
116153,209816.38
33628,110535.25
3437,342188.12
119102,52781.27
41022,164073.02
59984,85335.67
64697,42211.625
38613,151938.88
30795,487981.0
67464,231389.45
52083,163898.08
45287,96066.61
69585,80644.99
34451,160427.22
113184,275228.16
49029,268340.62
74660,296862.44
35473,90399.47
64259,181650.88
41369,412773.53
30136,218700.7
124576,39000.953
57064,83837.75
20260,378776.78
76921,132204.6
36776,299047.9
62917,89899.2
71826,257728.77
48925,59673.273
5917,116606.55
44365,92411.79
137468,191947.36
134182,139807.98
114456,121445.88
63347,91845.58
47050,40762.098
134878,209035.75
11478,77013.61
58179,109064.85
71692,191154.19
80345,50359.42
14050,154694.9
56848,238876.25
137992,69606.695
132842,176806.05
8304,104767.66
114834,106249.69
35002,277049.4
65819,331330.97
116583,146405.58
14241,193342.7
115807,341889.8
30949,59265.523
110988,121339.164
35594,250709.12
123315,157707.94
127148,115715.39
50356,244592.64
48302,81576.88
18215,86949.91
116667,143993.86
112688,610064.06
67510,116908.85
51321,353483.66
143553,51934.727
44820,94325.71
138140,228403.03
133776,102353.586
139852,359871.72
133065,165440.44
23873,159937.17
145407,106954.72
129852,111452.03
122133,186363.9
3120,668488.0
38554,318584.47
2173,485159.34
145628,145142.12
121813,196529.4
4524,91484.766
32420,103440.94
121516,59686.137
137284,224979.56
54874,134520.23
75124,79871.336
16489,143379.17
13506,129817.73
6424,275780.4
75782,146025.78
73482,310892.5
27548,156113.38
33066,191231.67
124170,123346.2
46584,296989.62
137524,144692.92
111221,53860.004
48573,136485.39
2644,370352.97
126883,81206.1
66785,87791.375
20471,142647.61
130097,144335.11
82363,106617.266
45535,190966.61
41910,178617.31
76850,45492.547
14225,117067.67
65769,469705.94
19972,173639.11
124223,35458.24
64074,144667.55
126067,290786.38
133998,111088.37
144915,235871.89
68768,135113.36
54124,196971.88
66729,100107.34
146806,375430.78
39130,161364.89
36228,68164.47
112905,239717.03
22826,591129.44
73761,107866.11
29226,79940.17
127088,46098.96
130289,165765.02
146342,90576.45
82049,224696.12
113646,167333.06
125345,195727.47
129731,154296.0
8202,114839.24
114280,98603.2
13712,273289.16
17992,177301.39
16083,201821.97
28424,360337.9
138889,244663.33
35956,184866.2
131459,109456.26
133042,371521.62
132358,72346.0
79022,56503.758
9103,251602.67
50822,554489.0
144524,180565.4
23275,99226.81
55424,209987.61
35402,128121.87
123489,190839.69
114679,134202.23
136635,122968.2
3146,145726.44
714,139096.61
11969,44468.79
130637,142145.47
68395,73657.55
1225,257383.75
623,196091.25
68489,348355.2
62246,272748.66
12801,74409.625
119241,60956.508
22548,207782.17
140535,184878.56
43145,276960.2
79511,139853.0
123134,167542.38
74371,227885.55
66969,158930.58
21226,335655.03
57469,161614.4
144848,159366.47
82011,98525.17
44174,117214.31
7424,552169.8
132858,88530.664
42773,81128.695
37557,311507.7
74048,296080.38
122710,259365.95
12694,88475.98
51095,375494.22
74149,237935.88
135453,137292.88
74291,175582.39
11293,99889.56
122143,311157.22
78139,143340.34
68731,65929.65
22841,203131.11
31512,169236.05
29719,630009.6
136808,84943.31
48781,248831.6
37806,327676.84
67050,401854.78
142735,113783.516
79557,132006.42
45303,365935.78
131919,79283.6
20624,200644.97
72598,561335.75
4910,229948.62
139906,208481.28
143831,133368.23
63547,86958.79
78561,280336.3
34628,118071.44
34719,185458.03
51610,331925.25
42371,235396.92
132760,236556.55
129453,146129.83
18211,90670.39
116038,90182.66
23370,68321.85
5527,106259.85
67628,82902.836
11053,276870.88
144305,165120.75
115287,403864.1
50089,71273.58
80240,64754.605
503,225713.19
13355,241923.23
25098,228621.6
121314,94145.15
67229,87150.95
125172,92460.97
5883,121708.336
112207,315394.0
120408,62778.52
20835,122555.38
5117,132692.78
23135,296910.5
122642,194842.14
28803,123834.12
115180,244608.86
143613,87351.04
142254,187423.92
144604,105895.055
46178,127035.71
16239,57934.465
34423,92593.42
143136,403372.5
125113,100485.18
42321,121430.39
128642,337683.7
49484,487940.6
64229,110069.81
53534,534890.75
111477,51311.91
62453,77366.836
131457,121198.74
142821,231615.73
38277,483469.1
54428,105604.87
122606,141228.23
48582,106837.9
18260,69104.56
44854,136061.06
122728,235062.11
51319,191269.95
133391,162502.12
61774,341750.88
133600,177003.66
43981,241587.7
53644,143197.86
123391,127246.02
21061,84063.79
76122,318313.9
132577,137479.23
125659,48272.52
32157,232411.98
60205,119946.695
736,104651.64
33925,110154.445
73323,157490.11
69701,122197.26
10266,86531.81
55176,360633.84
21854,120292.58
124906,134696.25
7841,79162.23
38418,137353.94
139011,234042.05
62397,86829.14
146003,59236.93
126915,106519.56
111763,39407.08
59105,140985.8
73244,518049.0
82199,234801.94
55302,283745.8
74792,257971.47
111817,291319.38
83082,323085.75
3191,81374.79
22281,34247.316
15541,701254.56
136344,120462.87
47460,195419.55
130244,115932.74
31746,107289.24
51654,177564.64
16512,121406.17
130146,95442.48
125018,205956.2
147022,284627.97
26180,147952.06
70172,79650.7
56453,99753.79
44206,204882.88
8499,108092.48
115891,153568.56
132875,232378.84
52568,100266.93
82350,389049.47
14027,83005.46
64624,141439.06
143516,240128.17
65587,141184.34
127036,112495.55
137870,133461.39
114149,414566.12
5429,82990.3
69886,54020.7
77557,129750.51
141108,136443.42
116251,169416.47
39211,192726.38
123631,69451.63
30326,183664.4
51876,133955.39
144647,80595.29
119087,91484.27
28393,275811.12
140122,117421.56
6369,72798.31
42053,114430.32
29537,121571.08
34634,174704.8
71586,111015.25
135856,184185.1
63344,278678.3
31903,131122.84
37056,180292.02
132594,50275.234
144742,47675.754
56816,93039.19
13486,131794.05
75439,90344.33
70535,215604.27
134646,155308.55
82668,102700.234
62157,224469.0
60578,121191.8
37620,187536.25
9443,158148.16
121461,304256.38
11254,261143.72
122713,72461.09
124699,64896.39
110250,668722.3
70809,203360.31
113293,91935.98
61451,78002.34
134641,72888.44
40861,184667.97
127536,147836.77
17134,171474.92
49983,280666.53
22406,143074.7
77153,164621.8
23104,118222.586
133632,388630.03
60968,286025.56
19076,217599.56
116238,234644.62
37388,227625.55
75589,130369.66
59028,114432.66
56859,219754.44
139048,147164.03
125684,298333.94
136499,463328.3
3482,79839.01
111593,175012.95
14154,103235.9
126794,139005.77
138003,232112.2
128553,183989.06
73270,265812.0
142916,176065.7
7339,147656.6
27768,75616.69
6438,147384.95
32137,126841.45
145639,228233.14
42718,161316.9
81796,250411.47
43700,109892.195
20590,130879.63
64177,135707.14
78268,121752.336
64800,136799.16
76235,122886.945
123536,73700.36
142392,184429.67
78280,49783.047
66864,154543.45
24571,176236.77
46166,218676.34
126970,117076.64
27619,78332.99
82029,141689.81
59834,83597.24
140424,89643.15
141751,123388.58
52863,336216.16
17777,71388.26
130478,263437.03
129015,409474.53
75057,98882.26
7109,406936.1
25636,108452.03
34003,65703.875
49462,100558.95
120793,101701.68
65767,109307.94
60918,61118.574
52675,189019.56
44942,141875.86
49642,250064.64
137077,232660.7
80746,146796.95
55818,178913.03
67398,82689.29
26698,205892.23
52478,237379.78
10339,124780.61
13746,356464.7
43374,85714.625
111358,163982.28
130555,119032.67
27814,118952.82
142311,117827.125
62155,98336.84
31490,80139.64
28627,144145.11
15503,89909.86
53624,155011.02
145604,92908.86
61213,46457.836
18041,461174.6
121857,163431.53
23989,248564.47
1208,116430.18
80373,149806.44
1550,111470.234
39416,186739.38
7552,164006.94
36237,249846.55
45057,125028.67
56803,95242.87
52813,259564.0
134384,91706.1
20159,89773.42
138955,135169.62
119149,386924.8
10296,223792.16
6108,96326.69
77260,234298.98
76248,85386.19
7360,194176.25
57229,160275.31
69007,172713.33
34050,473713.38
37185,84700.33
56862,286426.22
55374,106768.09
44504,124471.3
138251,197070.97
6381,312835.78
49587,105856.87
37693,430504.66
48566,119856.39
17560,384832.2
146307,152472.64
18896,196159.28
145058,164394.47
11086,327015.5
76617,143225.38
146985,158315.5
133204,209799.1
146747,140158.81
135058,95817.99
80251,104090.86
113105,145593.11
77428,79419.74
121781,465055.94
43597,129793.8
54573,464552.12
16566,239772.17
118225,87901.42
139846,66188.82
70566,264772.22
10927,148689.69
128250,75449.84
135086,218549.53
117808,131920.56
114384,135759.9
122906,191630.02
28214,110100.7
19591,102972.875
3621,143904.95
56972,145125.64
49087,80895.625
80677,53658.72
28775,152809.94
19991,255018.2
26597,79066.42
75190,160838.38
117152,186403.27
1847,566526.44
121886,189878.27
142853,93211.625
66973,185427.89
12146,87447.125
114409,90390.3
10782,77840.4
11949,43918.746
6833,109085.28
66907,212252.14
40102,240642.28
120572,551772.2
122347,149328.39
72493,131649.05
133116,85606.64
112971,359070.8
74668,322183.84
82820,358455.03
29100,147362.06
6516,57200.617
83102,61744.38
65246,75215.41
75395,190728.86
71690,142024.17
144221,182211.48
6948,94233.88
129096,153302.23
16349,349322.53
16963,100022.516
141513,60899.715
134170,145680.05
16441,243204.52
15043,105947.43
75453,189197.81
4270,281134.28
17849,118520.03
40965,266832.6
113783,95742.086
136111,201756.38
54318,105445.62
37506,109477.26
19473,223708.31
138606,138224.56
40192,74325.13
81069,210308.62
144972,84215.75
113110,149136.27
65693,81780.734
25635,109870.41
138633,153018.12
137838,95619.414
4212,334089.47
144971,241766.31
142328,83696.02
80721,268261.56
132905,131694.64
110750,163804.44
119669,448546.9
69347,159126.62
118360,168616.48
110838,111678.445
51162,245906.33
24263,269217.94
146791,106700.234
28844,138506.8
72966,308393.9
40075,159164.36
77053,238465.8
38625,137311.66
49384,302157.47
19730,100451.62
164,179830.25
18462,116251.66
45839,59542.94
36938,94633.68
75443,100180.41
53145,240716.77
111757,118041.35
47625,132847.05
2745,444131.3
132900,112575.37
36050,279742.47
113739,232916.31
69912,64881.36
2553,299661.4
11596,33804.668
82928,180124.33
144756,232545.94
24619,74955.53
78959,174334.23
118448,163516.78
119067,131387.25
22971,129406.97
111612,220953.02
83196,110336.22
82063,92195.516
114875,379728.03
46623,211906.56
10601,358596.34
27335,222478.5
140841,152060.86
43053,102739.72
14721,178229.39
133960,168063.55
125600,28416.535
33750,55138.156
43038,135169.75
129918,192997.34
77017,284203.7
47183,120224.55
139428,89645.695
11373,71052.836
57199,173155.05
133778,173031.34
34767,82877.984
146555,102138.03
6070,247638.08
75705,168720.34
140792,123742.72
34150,225646.7
75128,274066.62
18865,181005.23
11091,175969.45
145005,48837.54
60729,180681.8
132538,117294.05
51227,226334.33
117124,107117.336
46500,94524.125
49291,240206.61
72539,72018.91
7698,97511.5
138367,95195.695
6150,149666.67
136639,157490.61
42862,66646.1
62573,126324.516
54919,134938.62
24188,104806.9
115608,128205.52
140111,186088.38
55204,157644.36
53396,76704.8
15597,99297.83
63236,100254.17
45755,25383.676
136566,225585.0
35625,133178.97
24663,214952.19
139623,82753.63
60815,323986.03
15239,123619.63
116650,108936.11
123792,110039.92
123782,140705.84
56170,96621.336
145290,203884.52
136971,137404.08
38570,158947.3
9228,77892.56
14085,368495.66
18701,96521.336
4066,363759.9
115850,101224.586
38912,192727.14
123834,109614.68
54931,79451.0
125840,102295.734
129506,121025.805
40980,259378.62
128459,404283.6
135790,42243.23
65954,224673.92
32590,100627.14
82417,253716.2
121937,146215.12
74310,115119.43
5037,207842.61
3918,71704.695
64503,88078.29
39474,344691.1
12321,318237.56
124144,95132.05
83,85133.484
42880,167055.52
50471,97476.73
43653,176583.9
38969,164428.86
81990,468737.03
43433,94197.72
61659,144135.7
70333,165545.94
50517,97011.7
123278,117952.78
18715,277727.06
57815,41577.98
74175,98150.47
38517,414544.66
140303,129550.26
117346,120969.805
50071,344403.88
35520,341790.38
1644,239859.23
61424,312787.3
80739,193599.42
38412,126944.89
10908,172555.69
115578,102704.22
10129,162719.88
43214,316793.94
70697,150163.67
69843,81662.2
18611,162410.75
137846,432634.47
32329,78360.164
45576,227670.19
115962,234681.72
79310,376350.97
1247,313240.28
127344,147526.48
32125,171310.1
53352,142805.88
40520,86414.586
18165,166397.52
129397,144139.47
64518,216606.64
59951,95569.79
1030,173929.81
39582,416470.06
113267,237177.23
52063,280612.78
33285,139487.2
59963,125855.66
133774,275695.62
54571,103492.51
19930,154055.2
16171,289704.88
83142,126724.08
43841,138772.94
16027,125309.05
131814,376396.1
138715,105986.89
146681,292880.75
52306,92442.83
63307,142835.53
124288,126489.2
8269,94454.73
39974,189619.33
117004,503949.25
139620,117424.836
22891,142987.25
34923,120710.36
27706,149685.38
71860,117880.98
62261,78224.93
53589,310739.9
124249,239150.11
132870,152933.03
127455,85166.34
142081,207417.31
70211,327889.25
130410,91621.36
130534,95644.28
30831,169574.73
29900,370155.25
65998,99261.87
146784,67947.14
26388,211904.98
140179,173608.81
116620,308712.9
141524,105151.88
114729,165547.7
77517,192798.39
38992,157404.77
79463,52144.965
11148,170085.1
125078,38686.793
44362,77147.88
44466,74947.03
34622,204547.17
20185,95121.54
50681,396736.12
57749,261039.05
16779,72838.22
134854,85905.42
40923,290184.22
81497,194053.34
140634,133320.66
46286,135647.1
118313,184776.62
121375,110185.11
17704,92009.28
50884,144588.25
9517,65979.52
127929,86841.32
145927,194144.47
68581,64094.254
132137,166825.92
75835,71069.65
112297,46300.32
65566,95474.8
115712,159050.92
79741,43761.62
60571,176703.9
40018,156924.33
143901,64350.484
125594,206659.4
8913,305981.53
2980,218216.53
58598,326711.56
71731,134194.42
69761,67061.18
121678,54926.066
34951,135468.39
63789,59079.04
11817,82930.8
64953,177863.86
110855,146790.98
133667,97721.805
51742,100453.47
73928,57389.26
79273,216020.89
146053,168366.28
9157,110718.69
22909,129171.96
33364,175431.12
43010,90479.305
46535,284002.06
110383,364568.03
35136,121698.25
76410,53987.72
33723,123423.1
142297,126201.19
37638,106449.72
141601,229317.94
4131,145929.86
36900,188341.8
25638,161542.36
46114,110138.84
38700,127446.18
143414,132995.34
16948,187984.2
75465,248935.72
42535,240947.53
16825,253425.58
126172,347583.56
33480,141875.86
20136,558345.8
30835,170397.62
50504,80345.82
41984,87421.81
137984,153910.08
4572,107628.87
71008,532953.6
127659,80360.984
146723,257007.05
130772,70703.15
17511,170419.56
129261,131726.06
111921,114892.13
8065,96981.695
114781,132018.11
131333,106440.19
140321,265099.84
77536,72973.68
136737,123990.94
15024,184915.78
44877,172211.34
51278,72444.12
17959,103763.99
116132,150453.61
79193,49989.45
53040,110692.086
138402,78910.695
21991,739713.25
131537,105448.02
138320,247927.6
20279,85480.89
62134,285528.75
32586,300428.22
81968,60732.32
135850,144816.84
113675,105355.266
59049,126457.5
116645,99450.266
118995,316869.78
121806,136134.23
125831,214994.6
11500,62727.29
40757,82807.8
1538,135143.66
68265,58779.668
25793,74112.234
41871,303828.88
6769,93269.51
40164,174646.9
34560,106301.805
115012,213705.67
52344,138376.83
75838,51310.836
53996,77699.89
53354,149113.02
135390,138123.66
141455,188020.16
146907,131636.94
21215,249627.72
108,230316.2
41976,130206.83
116996,119680.95
81079,124844.73
111600,101696.78
21827,88122.336
62866,261917.19
16471,78059.46
118444,176409.47
41607,269491.72
41167,62654.613
146011,247234.44
51687,116153.21
52284,146915.67
39595,355733.4
18970,551799.75
24056,40136.793
20346,156664.1
117700,193453.95
136107,131075.08
14230,135217.56
118861,109388.984
4288,156200.38
51218,246375.19
126909,157261.62
56792,315756.38
16503,119621.336
117286,111177.58
126917,109448.55
130192,172788.08
49454,447738.3
138849,268640.6
70144,228014.45
17367,97185.305
23608,45388.35
39157,88429.98
72710,517667.5
120085,204056.94
9717,231340.19
59128,446832.7
134914,138598.17
125957,97786.52
74940,242049.22
6924,418092.97
40314,92456.5
12096,139992.53
38182,212069.23
52976,105688.44
12915,253449.83
28228,342771.6
18137,217944.14
79501,100181.74
63844,283093.47
35177,207979.92
10654,135382.98
10191,110540.82
128061,194845.14
146439,78917.375
117679,349537.47
123090,275024.56
57566,149342.03
123555,85574.875
57189,261004.1
2324,106545.805
25901,116359.42
16973,342268.12
67470,121995.53
73653,46782.18
699,92616.56
75600,150668.27
69668,235342.19
55964,79668.195
114189,149217.14
136871,117605.164
53120,226904.53
24296,254448.27
80759,121095.66
50891,150904.06
12751,184981.05
60133,206138.5
13183,152128.83
11650,220511.53
72043,136807.36
20583,247483.36
56335,205051.33
122841,101153.516
27144,98047.016
15598,108055.42
55770,135199.55
75266,139960.45
21823,228115.06
47843,261361.81
61798,131982.62
26516,138835.83
4395,114212.36
28355,307054.2
50871,176696.48
125934,123329.2
60360,141010.22
141799,596951.44
18512,142534.45
19279,190244.78
82039,68149.82
61527,91671.32
139038,182301.6
6019,274045.3
66400,285551.28
141774,74843.516
49449,131245.05
18738,132012.7
121281,101035.63
35374,165449.3
20951,194858.03
18107,91109.43
39657,125615.8
63862,145978.22
35821,151393.27
12199,220070.1
125862,127980.99
50572,83723.86
52692,112436.12
26904,327866.06
41636,215721.02
59501,330686.3
136990,148456.83
61732,118204.55
10104,437353.47
134440,136746.7
1967,111011.96
4673,87718.74
110483,131969.62
130173,104972.47
49332,238353.9
59181,173380.08
34103,135220.48
39706,187830.4
58644,330626.0
56350,157195.45
56575,99644.74
36089,186916.31
53733,228651.89
29463,186008.2
77909,257476.12
3687,146511.11
39373,96470.92
110728,79893.164
83008,185838.12
114146,250162.72
136205,128550.05
74557,199815.78
124441,127307.414
38632,565588.9
138797,171561.89
132827,305386.16
51000,174261.3
10151,185814.95
140176,327575.25
74726,92362.51
77718,385276.47
1407,219214.88
40843,80394.17
47389,119364.5
134374,48259.926
60344,109362.914
45741,60009.77
80344,54817.652
46384,127147.266
28657,119163.31
126070,81842.35
129511,234481.55
34112,189918.25
3932,161684.58
59900,138010.94
21054,354314.56
52305,313664.47
139555,286989.7
8691,190290.6
8529,283656.0
47147,104696.12
144682,186707.11
139272,100863.484
51556,137389.5
48065,283506.5
47034,103850.484
138872,126244.99
45682,253662.36
145630,142151.16
48162,189043.7
39978,103360.75
147060,187329.62
118552,170705.95
138323,98478.266
5085,102323.45
46800,165349.97
126068,97535.91
51112,523988.16
65641,79601.19
43907,454375.7
66556,106059.03
31916,150882.45
62045,135645.1
119736,331514.28
12752,166326.33
128460,245733.34
67075,236848.73
41517,124277.75
55484,55967.586
143190,106876.414
30059,90585.69
17282,420221.47
21938,215883.06
133279,164579.4
76872,64431.84
117505,143151.34
137751,95746.22
45052,233373.31
48301,203560.98
76091,303193.78
30812,430010.6
127280,168817.3
119075,73216.51
125841,341428.9
24755,110463.8
133538,79449.41
124120,154729.58
40925,142846.31
2,115123.86
29689,340825.9
13388,144107.81
114391,103151.68
129976,145076.08
129865,67519.28
119479,115486.875
112295,121086.11
14890,328093.1
26657,156633.78
146416,202961.7
81225,213906.33
75536,336567.88
9257,551581.8
143858,214310.4
70632,72404.29
34408,159960.67
143294,235641.58
32151,238337.33
116522,89003.04
14910,106513.95
145543,218866.5
67553,110686.91
112444,327154.0
77287,103888.17
116149,164757.44
38251,259703.58
32419,83547.04
140353,78028.914
71046,208624.92
59062,166506.66
127272,305155.7
73982,324156.12
126553,127013.85
70709,235375.77
24612,262406.7
42834,28086.297
115432,98823.055
13765,288709.6
18370,98369.86
140861,245190.39
123856,111639.96
48176,232472.05
47752,524933.8
20930,146500.95
39054,88423.26
144045,204905.53
16657,118302.38
70800,321785.7
122727,185505.6
78110,238597.53
73052,272724.47
36821,146984.17
76294,126539.875
61448,369489.0
59793,173695.19
14016,139458.84
124873,195754.1
76621,135288.06
146955,155502.36
59235,72643.47
137134,81552.125
29373,383689.44
17225,105090.59
68002,112648.57
43690,321537.53
130020,176777.64
67311,203011.64
62831,182192.73
37092,87823.11
117895,79383.266
16480,133436.69
60225,123328.055
267,325273.84
56107,137307.47
14070,146007.97
122757,239442.95
27301,131408.31
9850,102828.99
62075,203320.95
10617,149001.31
24941,121380.48
77154,149216.31
53952,299742.94
121898,194160.0
117342,111757.414
76496,383956.44
118113,244630.64
62528,237738.16
129870,303038.0
3798,160610.88
74129,134817.45
52133,251343.03
35338,375502.44
59281,171446.2
21864,74377.01
117565,121519.17
7934,189322.72
146034,69271.8
117579,296507.47
134292,176600.89
127217,180417.06
31438,104492.945
123359,610476.2
143876,134058.22
143172,276724.2
81823,89971.39
129303,247563.92
51963,156308.38
13753,158214.11
132638,217482.72
145664,92108.52
30530,135991.69
4350,191828.06
2215,105614.195
19167,150177.2
1705,111099.984
4303,671352.5
74507,484825.2
21240,95949.58
49286,292523.4
34960,83819.07
144621,604110.5
46022,148990.95
68718,204875.39
17272,333570.22
68770,91043.41
21575,116323.3
126353,145686.2
117053,168107.7
37934,168801.0
58256,182480.62
39086,124143.98
122114,168887.2
52601,186029.73
78808,274309.72
5818,38232.582
35939,298824.84
39532,164916.9
27267,93622.67
32451,160952.19
145395,273355.34
113388,209686.88
36614,109341.75
37749,129185.49
134053,52217.31
73677,222781.67
76324,105958.98
115644,107553.64
37261,332194.12
67897,60357.055
33951,264880.0
41885,116397.27
72727,283948.3
141316,260073.1
31486,142185.45
81491,69487.63
65891,339757.9
41628,250702.06
110588,61005.758
47416,144294.77
26138,167277.78
4713,153736.7
26700,349707.25
18599,50853.086
131335,98358.695
116648,380785.78
24981,119052.516
777,116485.03
867,154659.16
67461,162661.28
3228,444719.06
134220,83363.8
61757,279833.5
48445,70673.39
74160,164111.3
129356,170228.4
147184,146110.69
54382,728755.9
2333,278007.94
38763,539781.9
5433,159524.55
66473,171356.67
8822,120034.84
73363,166894.12
112254,169443.2
42172,109062.266
27741,269805.47
147094,126675.305
117569,148166.2
34175,107116.14
6575,255705.31
132034,170147.03
142394,163418.84
48325,158705.38
112713,163241.73
15057,69082.89
124808,136804.3
122162,127438.414
40694,291807.25
69018,152151.6
59857,88932.836
76442,283360.8
115604,198101.27
57238,207096.61
63975,292897.0
28980,219492.89
12795,240514.66
115862,85772.12
11041,241712.47
36286,77340.45
22641,166405.81
128822,273914.84
33321,105218.18
51217,131645.84
55032,239858.34
119281,117491.9
42630,309125.03
119024,69917.54
42540,349694.25
1514,121643.03
19754,291146.16
4789,197363.34
116459,254099.92
130477,258932.44
59754,168730.69
10595,114442.38
114708,106055.555
128379,158824.75
75776,164927.58
22410,118585.16
9412,203190.25
144684,238506.02
120180,266588.75
45386,174519.36
115136,107099.02
35396,219717.23
42707,65801.03
143805,105675.67
5055,112468.62
112313,88349.13
18601,99387.445
27708,62696.223
33083,150857.12
133390,557499.8
76590,203235.06
139985,81066.086
57227,115034.984
33702,76448.7
141346,110354.125
65794,63136.69
29999,120112.17
53808,384930.2
3094,287945.8
69174,155775.2
59577,266259.03
42149,101543.766
7444,78439.83
16669,101975.26
48456,122768.92
136485,299086.06
31614,138208.17
111660,63308.777
129022,178856.36
137438,159321.0
133060,90345.62
65354,155427.42
4063,74773.58
111953,156656.25
78298,306986.88
138174,312096.97
113674,156333.58
1744,220629.73
75188,292470.94
22727,173138.48
24154,118733.93
146303,125385.195
49253,217509.27
31481,274329.03
135363,82978.85
77494,108163.21
119563,83306.97
25317,128628.44
142280,202565.05
49802,125547.17
1727,103043.09
40719,98777.79
42624,253719.3
35749,84152.41
59882,264882.94
140547,222015.98
76788,196436.47
65306,242077.08
2722,190709.61
126436,112909.734
121742,103460.61
5259,179770.38
35083,282291.97
51605,177479.31
120011,54447.59
14221,152864.95
75541,89243.96
59520,159821.08
37979,65462.85
44029,426230.5
17202,195235.58
139995,189183.81
1670,141112.84
23606,214523.86
27477,93462.125
73910,178706.4
145958,85173.08
83175,209809.94
119612,170315.72
72686,218428.28
30520,206794.3
133780,228154.62
13554,78267.3
77589,266975.94
122063,99826.39
74758,136990.19
134798,145052.27
20479,247389.45
61303,315318.7
27812,264663.75
115424,146886.39
115767,232664.08
19548,101692.58
11750,59553.426
130068,215437.42
138374,309393.22
125203,128810.91
30337,139774.61
19453,369531.2
20639,174203.05
21939,66068.04
133779,121552.83
76219,286635.12
20704,217909.22
78353,65690.46
11921,58084.54
12802,78670.805
13899,152565.78
10441,109604.49
144582,128637.234
119361,207457.11
122999,514977.44
6700,71428.98
50095,181304.67
11187,138162.8
32832,122225.805
65576,102818.54
31613,113323.91
11554,35147.418
33841,101302.46
64940,104853.055
73409,102001.34
127647,238612.73
135129,147748.78
58638,159117.7
38004,230406.14
39523,236948.98
117010,82739.555
76310,576607.2
144198,132107.44
129179,130247.87
72643,54303.523
130938,136445.19
1287,278576.06
62965,84397.14
68763,230821.34
8002,166370.78
144556,120965.16
143375,148528.39
2394,133825.94
14832,306856.9
59804,277603.62
75203,217094.72
80458,233960.44
123665,62518.62
29740,197644.81
67718,190209.34
42134,142863.6
118409,121350.01
68929,109690.96
77829,147121.97
43464,118394.67
17600,401971.28
61989,124693.0
55938,207166.27
137758,134470.31
53480,158009.73
51399,211568.6
72619,285715.72
145857,400483.97
71056,93759.125
112686,140644.89
16357,476495.75
133053,157380.08
57738,213324.86
77217,175464.72
69225,80254.93
38523,257630.8
1479,192363.48
113439,279475.72
61902,355436.97
111196,142162.8
21802,204807.44
71854,103421.58
11958,79747.08
130165,158777.22
33892,98873.91
43452,691169.1
69635,89832.99
125932,482441.03
40186,66527.45
128385,185050.19
24991,259405.66
11431,110292.69
13582,392469.2
132440,177630.62
57090,116936.805
76705,248398.2
72734,132294.98
136473,103317.53
71567,63133.883
146497,114385.97
21326,167721.4
33382,117678.445
119770,185806.03
59338,107932.836
114083,359218.1
145859,298596.12
137072,160973.16
33102,299421.94
39489,93046.51
43173,331224.22
22323,138658.89
146018,310123.16
140302,166451.45
17522,180758.84
74669,181906.62
11769,46641.08
21621,75236.59
4922,141694.42
3453,225153.12
24720,142167.83
71581,216101.48
54528,128832.42
111631,114579.37
138149,178403.69
122389,180750.9
55887,82905.555
7310,109643.8
128901,199382.64
44813,148260.36
145652,119287.39
4504,158120.4
31351,107719.484
16087,241033.44
119977,46403.473
135083,190926.17
115350,283579.1
64954,95133.28
74239,260777.94
127262,124698.086
116912,171425.06
22240,190921.66
44136,688029.94
44111,318539.6
70019,96100.234
49585,156412.7
61608,288620.0
51741,124684.89
23058,221693.34
14096,287657.75
6404,184378.78
55042,119100.5
5076,112104.79
53666,306709.06
113699,101675.63
135406,200308.78
142897,90299.63
13504,117689.07
42843,427125.5
13294,97465.375
127028,139618.77
114034,98955.234
58886,231166.53
137309,120070.46
77475,294224.88
27421,150358.66
119578,195535.17
25804,95251.27
111311,138285.84
71683,139316.0
11108,112972.3
141788,315279.0
15963,226797.14
24228,529316.94
70999,169742.2
112409,117036.6
113084,114905.82
21461,322254.72
2625,363439.97
74166,298027.7
45136,169328.22
125757,364816.62
57724,297971.88
113756,93180.266
16081,465000.12
4482,281523.72
110852,221665.1
132364,84139.26
29225,77932.234
70007,81322.51
139152,268593.2
121313,331735.34
31990,92658.74
129281,98488.78
76684,236848.33
70683,45561.176
33596,254865.62
130282,772243.7
49342,199952.98
72485,256606.77
27957,181229.23
75851,614586.06
80631,106335.57
132306,50580.465
35834,191235.98
73129,78564.49
35860,276226.78
125357,115183.31
7385,273096.06
127227,133067.62
112885,107717.38
15746,192218.78
34605,161547.88
75136,106351.26
112817,126566.97
61308,191087.4
113697,53123.723
55922,192087.17
135106,616478.1
67554,108946.29
142870,93577.37
29737,285030.1
70947,105928.445
46403,186245.0
126503,291533.75
20514,105660.055
8810,93077.945
23364,108075.15
17480,119162.5
4119,163334.73
135614,208727.22
1302,246553.73
140706,183196.62
113254,88050.73
31714,253802.67
59585,414474.38
142289,161097.94
11300,251297.53
27885,166651.7
72305,154762.94
60896,246675.95
129619,300024.4
62790,263372.47
30013,77245.55
79903,133825.27
51797,126507.82
33355,103255.51
80261,79615.36
126550,208348.31
12428,152369.61
121285,155566.52
50612,69753.484
69891,77991.39
29547,229207.1
135486,155714.22
121758,79699.77
33145,140976.19
37963,126077.38
60259,150955.03
55592,77572.695
68446,430566.75
78081,140162.52
72093,153027.27
12953,229211.89
72597,250393.67
59051,170609.56
117877,293449.47
1860,408799.03
32524,70754.01
73730,167577.2
51878,114110.43
60908,167523.06
80423,238502.62
38586,166677.92
129555,104066.8
81977,240997.83
2609,141389.11
54040,150500.98
77416,336380.22
77768,59721.977
53173,130122.93
17577,440044.62
64794,211191.36
71010,99407.32
126352,109272.28
26659,203501.3
18268,82027.24
73053,70415.76
112655,172563.47
11469,161757.78
80032,79022.61
41974,145836.52
64902,95146.54
113666,241321.89
3255,62940.52
13620,183838.34
136362,377621.16
11856,44761.793
4443,158915.31
35717,72497.484
61775,165179.69
41309,98752.18
34278,172380.67
16485,105001.766
24182,463552.12
117766,38015.88
142505,273319.3
53300,183222.56
145165,102180.45
8904,445127.6
133720,121987.875
50714,634141.06
115870,554662.5
32569,119664.1
139453,76127.26
59122,135040.55
120215,135688.27
136528,70794.47
124277,153484.72
68027,92217.9
58795,208297.16
52458,119986.055
122464,200811.33
7736,152971.55
114018,181068.34
112498,198759.34
42798,237076.58
53165,412238.5
23796,66053.78
9589,109576.95
136855,100922.3
29597,92128.55
48555,202059.69
120236,179264.97
24208,258031.25
112642,137993.67
58463,115995.16
113518,290598.72
34734,109356.64
134128,105753.42
7323,133269.69
137809,180475.47
29660,181308.86
48271,153413.78
65706,102958.44
27208,113596.95
28066,196675.4
124703,348552.0
110369,261468.89
126308,234036.28
130160,77631.11
127340,113925.836
143763,49684.87
64218,465324.16
131496,265068.22
1677,271620.38
54164,108731.71
115773,153015.02
34450,185048.69
1386,294659.62
78168,137354.34
111838,236981.77
80897,107172.09
140696,87127.945
8435,118001.27
28970,376756.5
122937,137074.52
119449,223795.73
82028,264016.06
123244,73713.93
62413,220750.92
111320,55051.95
14831,194400.8
28112,376424.88
114803,50698.84
39962,66930.6
23925,82612.68
32289,299888.1
110285,161288.78
116777,87830.164
52760,143651.58
61096,216916.03
56724,96911.92
127411,78945.945
64046,358920.1
58149,320799.6
30929,648976.75
121981,195431.03
132183,100160.56
76301,145813.02
81993,179290.81
138146,266994.5
13966,368549.47
4172,268958.16
144287,221634.77
123502,109148.83
48404,209681.84
79625,186173.23
130172,142806.73
6037,93616.42
7618,119944.84
52419,178440.6
56316,191749.19
118818,71668.31
26568,121754.055
27257,78069.33
117478,124388.05
30226,92545.82
111642,161563.62
57207,93971.47
14901,106289.12
60444,225747.42
18458,110576.01
14859,180688.61
121839,114721.016
124766,99269.9
66783,127137.38
57651,72963.16
124368,182113.4
114711,117509.17
37172,102344.35
141831,118164.17
111847,199059.42
144802,118034.266
132342,191477.38
351,185937.69
32266,65133.676
67451,104025.414
25888,303059.4
77666,94351.305
75270,156952.12
117874,315379.97
80400,149659.27
6441,266939.25
133047,44932.582
19260,241292.75
133813,104756.47
133936,122435.37
31021,343416.9
25808,135470.7
31845,125185.31
10754,343286.8
66227,132530.7
3544,174001.58
76036,162154.16
141386,86602.77
82550,53473.613
129628,114914.93
19611,222733.0
16565,255095.83
52240,154457.98
67219,146799.8
120813,106165.86
33586,577513.44
137169,191430.1
66984,99944.65
38902,148284.78
112664,200948.62
127750,80066.51
122335,49267.53
28273,139516.11
75827,135818.72
124919,152713.61
80468,91084.516
33992,198462.06
139288,115907.35
82220,194105.44
146418,109893.266
50825,90353.12
114195,451777.66
7925,124687.61
38443,83388.57
119141,128621.26
126480,121118.72
8839,69075.15
66692,67733.6
83167,170633.17
113124,208757.31
23480,375766.6
57916,148924.14
42934,369208.9
12567,240576.75
118751,174994.02
58950,125607.266
121792,149106.17
7813,201273.52
119986,242027.66
41930,166600.61
45540,229891.75
136570,526387.6
130044,244942.0
75467,163263.84
16209,224272.5
59133,129603.15
72546,319720.3
24402,122507.836
48658,138101.48
5846,109063.914
55716,65528.39
41911,262071.53
37349,213018.14
81341,241507.95
45361,260287.81
38468,283755.8
145810,145271.66
35067,83805.016
49717,79112.94
72517,284954.8
21922,219999.73
45737,60572.63
135879,138736.4
71491,78748.14
14034,70658.93
72559,101451.07
147116,142530.58
117149,78576.22
79706,119015.67
58891,196917.17
16235,248855.14
126997,134081.7
19341,79368.73
127026,211468.08
145977,98363.13
121432,45654.32
5951,238042.92
121498,73260.99
41817,222295.42
16113,167709.88
69295,99941.76
130653,108008.23
38911,104427.555
50390,75750.836
59355,121553.7
42479,257094.19
70056,147826.97
63922,159491.55
62398,87094.63
44640,84581.125
69098,262293.16
74224,136552.2
20026,139146.22
67564,80538.23
73373,107316.93
4221,252137.42
5081,98670.18
71722,108052.945
50243,127140.05
67951,102185.45
133222,110678.38
80860,100691.2
16088,66877.03
23498,545081.06
133819,111792.75
45996,166205.62
80470,325486.9
56954,99812.23
32744,135378.36
135256,349045.5
118909,154363.25
115945,362030.56
110798,84227.22
68135,65439.223
66944,122464.88
68849,264608.4
63477,89479.74
49316,96681.67
133387,180729.95
56292,38181.69
65217,91451.7
58817,399064.4
57333,145311.52
29475,50956.42
111147,171582.98
32102,49369.75
79162,110305.79
33067,143857.83
45385,157883.92
130107,184817.34
35637,105878.555
121153,136544.67
62177,141868.6
142108,66981.98
5268,80185.34
144569,179507.2
7852,155024.67
32600,160178.08
56136,115733.695
126329,181845.42
9714,169618.53
68288,118481.34
1007,202698.92
113976,428634.75
19815,166037.48
134399,89208.05
142906,155304.33
47066,99772.64
6033,123248.91
70512,70561.16
11561,78841.84
78629,192900.58
61762,258313.75
116250,126293.1
140230,188767.16
597,164661.5
46456,130169.14
73576,150785.69
43263,234451.52
64495,98026.26
80368,228314.67
67389,96949.73
74889,192433.34
133225,115025.31
141325,289910.8
49314,83398.7
32275,84284.516
727,95705.73
112950,88112.32
57928,77108.16
51840,89832.35
73068,323290.88
61259,472336.53
18799,77368.34
40412,267820.88
111755,253134.64
25722,237372.7
52576,61905.754
75976,93995.914
14041,125338.984
72508,86798.63
6276,293341.1
51732,179869.34
114736,93934.6
1492,117890.48
139171,133462.73
111437,125008.51
133304,217453.94
32778,151242.31
114253,75212.7
125358,88449.94
128003,145347.19
4839,78847.53
112258,244294.28
75907,118784.24
8980,69942.125
20761,86264.35
80069,76456.16
45777,55869.94
119747,310113.84
48089,234368.12
41214,186725.52
71001,230924.31
32872,54810.438
133794,235700.58
49159,88753.63
12705,82750.73
16754,294059.1
68969,129798.55
2848,181472.27
24000,404685.9
138835,191754.1
127524,88447.414
19957,260248.19
19057,107724.586
1083,303298.38
48513,408792.7
29131,78298.07
126758,51169.824
73861,127807.586
73926,99068.11
143167,311999.0
26968,242366.89
27214,94517.0
16223,234922.94
5633,71548.766
19888,114911.09
118469,105775.234
129368,209132.9
121581,136475.66
34249,159875.61
55678,107350.48
59933,146263.4
127002,175596.64
44962,97256.27
127127,97130.71
142084,85528.12
60033,292294.53
72442,89492.336
119710,109436.46
55820,278891.72
120291,161045.52
119705,25868.229
75077,214599.19
145221,241308.7
80087,91261.69
46767,243896.12
72314,195133.11
53253,85004.72
42174,169774.03
146258,116093.24
137466,85534.02
58955,76964.08
114388,151927.62
42584,249507.3
18946,290659.97
134138,192471.81
139130,268847.56
111091,126440.91
118373,89128.82
16611,219937.89
58439,178879.12
42500,219639.5
58121,116629.195
142752,98578.73
130070,229838.33
34309,453123.34
132943,462799.94
46891,168868.25
129238,355491.34
121248,141193.05
22380,179839.58
5235,164886.23
140791,129054.81
60289,94629.57
133175,173213.03
51142,43888.117
112103,163832.3
55595,91144.766
61840,140482.56
37269,142773.8
57989,418232.53
52373,130056.78
47401,141456.31
82125,251875.55
113393,138803.97
17312,203088.56
63990,121388.08
118117,188226.83
29850,135521.53
130348,95742.695
139383,208776.5
43394,197283.7
57180,59374.46
57006,534944.5
59750,106921.36
11951,109977.29
140665,247034.22
18136,68700.03
47983,176846.47
132439,59586.03
138249,111324.88
69821,276190.7
46224,42199.47
16751,112086.2
20319,182082.89
110873,47397.887
56328,126076.81
28414,73296.555
34783,108474.305
143479,116960.69
26416,82232.98
36554,309360.28
50466,180472.14
72993,229436.42
7685,317202.06
63927,115287.45
143060,195041.73
66493,260307.34
27173,154735.9
119496,352694.0
65983,228952.14
8541,84195.75
121542,215289.05
112383,85280.48
128579,491953.56
32572,161029.17
67014,193757.11
80763,138960.5
30708,581333.56
110329,92827.88
130963,114108.24
34491,45664.203
122397,71414.48
4863,170270.56
59962,81638.11
126651,172273.84
74405,91395.89
126316,152369.23
118824,135039.06
116301,134531.34
139743,219865.7
16682,521444.8
113573,294337.44
110909,148737.78
137278,181168.88
25781,75047.84
128301,67149.04
116033,126598.13
131273,166325.67
111730,81306.92
41321,192942.02
110769,151523.73
76607,572725.2
76213,184438.16
23554,135469.69
22897,93832.15
4258,345443.22
78912,174356.02
77398,181095.1
24343,163446.19
45772,48849.793
64614,142227.19
122398,396357.44
133872,158353.64
69240,233870.12
119629,57005.734
128468,153981.7
12287,378813.28
10393,343533.62
30093,135734.06
111629,65419.73
36550,326638.38
53428,147053.53
69254,333541.25
73972,70565.45
41719,132623.9
130320,295651.84
69107,115128.95
82622,99379.41
56944,52909.348
62030,84215.11
50936,176455.72
62937,274233.66
127307,144426.88
42132,198187.77
128209,159104.9
129725,367035.28
61097,56195.656
27884,85353.51
65752,83425.86
144387,103032.2
76567,117671.6
141187,213191.02
12591,140599.55
81346,148993.53
140467,161570.39
67002,464957.03
27541,160351.92
27785,119377.22
7414,260821.3
115940,166636.94
42673,95792.83
44658,221938.19
105,259017.5
75826,87009.95
40822,83165.88
33887,64828.547
24631,225132.55
123294,73180.42
10199,108972.12
43862,185625.19
140404,165184.27
131270,296893.4
73181,133038.6
67830,45501.195
124814,245609.11
70862,217559.2
140717,286311.56
62883,85346.016
48018,111195.37
133039,229996.81
119975,96522.31
43867,173717.94
76650,161577.84
60999,166784.89
41335,101884.23
113718,208356.95
8885,137725.55
146852,80892.13
897,338257.62
22415,93758.29
123602,85121.24
35022,166271.16
19669,44344.75
14590,205607.73
39981,120913.54
14687,159190.95
72258,129351.07
57653,162988.23
22911,243953.27
38265,242831.42
126132,168106.03
134205,110597.96
18511,171352.55
15666,177263.25
10498,114368.016
79094,193537.42
78146,125938.04
21187,201509.48
128933,224129.33
140328,189356.77
60012,321167.56
121973,225438.95
137160,128565.71
39027,129276.375
18649,210935.14
18425,80585.73
77472,127554.92
3212,143302.56
112473,106153.65
18771,133733.03
3846,194715.53
74938,118531.85
25473,238691.27
146872,413437.44
6864,95137.83
67395,181107.9
115328,65718.94
121625,369517.9
142571,244005.25
67378,179513.27
8019,118314.25
78157,96024.266
55197,277063.44
72178,209831.86
18686,221312.72
7578,409083.94
9759,120300.07
4335,136589.44
46054,125568.9
10829,433041.75
71188,285519.72
73918,151288.88
123128,105195.6
65785,200454.86
62746,204145.08
136245,99804.086
129652,285148.34
129846,250985.33
1730,93856.03
111613,113152.95
122638,132105.3
15947,110506.54
110283,155182.62
121590,137900.81
47710,149705.44
130647,76838.31
18257,183646.1
13670,79847.6
62638,114522.19
57119,127719.35
49431,191366.06
142941,360670.84
75306,267994.03
2712,83789.64
40180,69099.62
11933,69184.27
235,403638.0
33197,122652.76
40828,184165.23
36744,217255.23
73018,79618.35
47825,148170.83
41478,85498.81
16788,239913.88
59166,138778.36
132319,347149.94
140417,252934.2
29766,287890.47
61881,161741.47
138004,154052.95
65806,110621.03
73476,177874.3
140900,82670.05
144350,117806.734
3807,85902.01
57037,155567.39
20642,92734.05
74420,64463.14
117544,166570.77
8162,252163.89
117894,97935.88
4069,84094.875
31998,182152.34
136081,273731.12
64864,228262.39
14805,120353.42
69466,153338.2
22182,171780.1
37367,135144.12
122131,56469.906
115715,363934.3
23115,69473.7
29367,84573.25
127162,62717.15
1558,118054.43
144439,124849.85
78942,223076.16
25753,238738.31
119147,152678.45
66253,272483.3
67799,253885.31
111128,142443.5
34289,51994.004
56304,100979.2
43419,108196.28
144884,207857.48
3353,71261.22
63327,151466.58
23474,180705.8
79527,202837.61
30117,301139.9
28689,157941.72
3616,291387.25
121770,180917.98
146125,257031.78
26583,189145.03
76883,46571.54
49493,102201.266
121221,617612.6
53336,144109.4
130515,97816.555
58304,231803.95
124483,64433.6
68016,491457.22
35900,342253.78
4451,49332.312
130577,122057.91
39208,399748.56
12037,277835.28
65076,275267.8
62959,140363.47
41533,109524.836
57685,94946.19
55689,54608.113
132058,226586.53
74360,73434.81
75114,110281.92
145149,225552.7
122925,144143.3
74691,82375.56
44154,32477.06
55348,202553.5
67322,153243.6
123310,336085.06
59189,147320.92
48396,113516.15
7893,203169.36
54136,169523.19
45129,209287.02
24779,107881.11
58478,265176.5
46820,56693.008
65506,153504.23
16248,153723.22
136711,142035.27
79275,120441.164
2389,125110.12
137934,76270.88
7825,129379.0
72896,148861.89
49427,122872.97
31381,198206.39
62656,161143.73
19319,147539.12
69339,471695.88
10261,191656.36
134584,134617.25
58387,127838.836
3925,167132.08
143219,208313.61
111594,247364.66
55870,57178.348
143536,93472.766
28827,113120.055
28408,178485.45
76461,94848.64
136194,144244.3
119585,158873.05
12666,312199.88
38823,63922.51
68752,77526.62
128762,68396.48
44835,60580.12
18056,63671.887
130400,137508.73
135384,132150.88
22067,41070.34
75295,213669.19
24254,89936.22
74924,504309.25
145649,317222.62
113461,227828.69
43004,104702.38
27552,341784.12
11571,125349.46
56194,136897.52
140162,166261.34
135233,74162.81
852,135421.02
145608,209545.44
143179,343476.22
124832,100941.95
54867,119125.336
121888,249065.2
136220,259665.33
65615,95651.305
19368,311035.1
146195,197958.9
110593,186059.89
32507,190137.2
28056,263499.97
42842,175673.44
78700,229043.95
25460,396315.06
14369,143883.58
122579,122178.195
55923,475289.06
3240,293165.47
24468,564438.94
117358,114245.58
27152,245583.6
12724,87534.234
118327,285981.2
18156,93764.625
82777,349609.3
30190,130968.4
80180,189991.4
71749,287477.34
139231,105339.95
23323,141998.36
49296,114090.66
68545,198563.77
117328,57904.793
113416,62434.69
43132,321467.9
337,108710.805
29822,60999.094
39527,104134.64
134070,299598.72
115955,465176.06
121845,223920.1
31558,105036.92
53248,177255.56
48788,133998.22
23680,350959.12
45071,81153.26
144711,287521.56
110443,214704.8
22492,120054.59
72171,601799.94
142096,80759.79
56870,359655.4
123227,264724.62
72167,217876.53
74747,116285.24
55498,291801.0
34239,163007.11
128194,128845.26
71861,287164.2
73961,85536.02
49033,39441.465
135531,337718.66
132435,380375.84
22724,116486.03
7663,141836.98
1265,116170.47
58442,114720.46
12315,532535.2
53586,237757.02
19047,147041.2
78376,88851.71
139452,203627.64
51991,146243.83
134950,127958.83
36086,112445.78
10383,150677.47
124790,141498.88
37118,170614.8
9425,520643.28
137376,121310.95
123969,385734.72
17926,91158.77
38708,176863.6
17039,126013.48
120989,391658.16
3767,136788.8
55093,105183.32
78335,237401.62
60988,125003.375
142671,200465.44
29476,82644.56
59558,314411.56
74296,35079.914
52148,199355.84
78891,100525.11
127019,214522.47
12930,183256.0
70639,242508.69
8281,126043.805
116857,284447.3
4192,120336.38
68107,146955.17
37287,135437.42
126168,180369.92
142827,88381.125
42346,178336.12
134781,233323.69
30066,78650.05
79498,269151.88
128519,169746.28
47088,139129.16
69314,107985.13
15101,179056.36
48561,118885.13
71678,246694.33
127318,84724.305
122590,560917.25
13556,167484.1
13577,234941.64
15299,209613.84
33949,152441.11
26638,107111.96
79568,223779.53
80575,164605.66
12528,101507.19
34340,382904.9
74362,195689.11
45620,286926.53
52089,180343.05
26602,346628.47
75797,95373.31
137421,181038.75
58890,163645.7
18539,454583.9
17241,169182.2
111842,177966.23
48542,87247.04
130087,27585.396
4840,117602.73
136311,87676.484
134839,229184.42
64181,58029.598
116081,228422.52
16334,164476.22
52799,206406.89
1339,99795.234
46600,145713.83
73493,216517.44
32405,99499.41
25865,165862.9
11988,51277.902
2632,177252.33
116084,165848.39
112835,215788.86
139475,78332.15
128900,99661.305
137717,158642.73
27859,131777.78
20183,101509.875
136080,446347.44
42143,134531.97
45222,88232.56
125483,79649.055
26713,271398.72
77762,186319.12
39322,75702.21
144137,100459.25
359,226214.02
53211,345776.22
35892,105667.016
526,224547.25
120914,296263.47
116661,199359.97
118291,253867.53
138500,108498.17
126159,122831.8
82843,59486.402
111286,54452.8
15614,108530.13
127641,257657.84
73206,172605.94
36192,78275.37
140981,188092.61
47635,155941.47
11662,156532.44
74319,187648.3
63832,199278.14
141268,553746.5
28819,461648.66
143027,49513.51
60541,89857.67
114731,230409.28
37160,187246.84
24786,86732.16
131516,173076.75
123264,154941.52
34209,58244.492
80324,188608.72
19746,103954.164
56222,293894.12
115630,106765.336
58473,285163.0
50668,99582.805
31775,233329.38
70168,183480.31
8993,86225.695
33987,154407.39
14937,261070.38
32172,213127.77
128948,149746.42
62569,290093.5
121556,125329.57
29339,349709.75
11665,131781.61
113831,91127.51
111195,174514.14
24328,392204.8
52168,117644.86
23300,124687.14
119217,203844.64
27392,146751.62
16340,115246.05
37096,116115.46
120143,168073.62
2855,131540.11
79027,94702.78
139484,203086.88
62874,89400.664
12601,98304.38
24522,159406.66
7819,465185.28
79564,67928.555
45247,410826.4
42951,347893.47
60350,125314.7
856,76975.93
118318,58498.79
67349,77594.914
10037,53290.21
118219,238889.14
133049,85716.77
110805,113479.83
1294,257063.52
51248,188609.83
132500,178449.92
16998,265949.94
62191,257847.8
119041,109522.74
12155,55127.742
15225,203926.8
34372,227375.84
56598,93548.28
54472,117883.91
48680,174536.61
132732,85061.305
131938,105437.55
135803,86867.95
38818,123995.734
63459,62547.945
67141,196245.11
64060,92973.234
33696,171145.61
124109,136793.81
39761,176869.75
136270,161038.48
63361,132732.48
134231,43283.145
80446,126632.61
145374,139486.55
80272,239461.31
140660,91131.73
44559,255003.11
124787,244207.61
6091,361501.72
39787,55659.332
16873,203564.42
128700,128507.664
80218,53407.508
33009,165941.88
28697,115065.49
69774,80008.64
21649,145255.88
146371,418054.94
71695,137660.14
58823,180086.86
134997,125687.68
136266,98365.38
14752,65790.82
144361,171154.67
146004,122422.94
66833,94627.93
111537,143473.03
134589,61601.285
135690,104747.07
42198,72919.89
140574,129029.45
129480,109052.44
21498,173007.6
128517,237130.22
48770,136708.14
59264,108060.055
63041,151036.22
144535,29742.059
122450,86770.96
18017,84686.96
44220,158528.11
145266,218453.89
60308,233448.69
4576,86966.32
65290,133447.66
68711,208879.89
51394,303584.6
110899,141936.69
61388,144520.67
122068,94735.375
141654,207296.14
15584,88678.64
134580,274234.66
118271,187285.67
52766,98492.89
30937,105781.41
10911,246389.83
23372,137245.27
56322,490292.12
40888,218756.31
18828,69456.34
54522,295155.72
40780,83313.85
123332,68569.53
76061,375773.4
132014,72784.766
37553,201228.95
56798,108476.87
34932,183300.17
24372,434416.1
23268,88371.59
24504,175562.52
71009,94538.09
116523,64191.504
46292,124212.336
114244,147814.11
78075,459083.03
24441,253271.67
131728,54083.78
120146,185825.61
133100,120656.7
15070,78682.89
82657,67217.09
39013,179214.88
137718,136178.9
13008,155554.77
56360,102249.53
20947,214696.19
48321,492041.78
6573,156973.67
48016,296920.72
136813,180423.88
1886,49847.355
113498,139087.02
24463,52106.52
112224,154406.97
128755,162755.02
3560,173325.95
133860,179567.67
31965,198816.92
10914,258028.17
70840,273623.88
135878,174594.72
40642,178075.69
18207,79710.23
73530,114449.67
144635,309430.9
77353,547621.56
146847,164174.17
37144,249015.14
78762,180386.72
55879,35993.633
11695,151296.58
21887,57765.934
124544,154674.52
61656,254031.58
25799,115892.42
25938,177438.92
2184,83161.61
53567,155916.23
117896,163622.5
3281,144205.72
122216,192599.0
57158,364080.34
129,327970.53
20217,134297.83
51499,147682.52
136788,131279.1
2134,80680.836
43682,161027.73
124167,101761.24
137448,106784.66
124138,88494.78
131360,228588.25
50614,137847.94
53264,80920.24
59225,78949.01
14751,215448.42
592,92499.875
120218,163237.39
141982,111305.7
72519,475671.16
6574,142198.4
125976,327719.94
116315,325750.1
52409,317868.75
64380,185509.7
21180,392708.22
142816,187566.33
59337,92960.81
14650,102453.57
114973,136485.4
51004,163704.95
17740,98361.17
19013,154848.62
126222,194955.22
44422,222465.23
57647,169560.72
20783,500166.25
33381,97106.195
11616,113512.37
130344,301441.12
69797,203550.75
141337,131646.53
129479,132724.4
76052,98250.98
146605,202296.58
194,414233.88
142638,199912.22
116910,138853.23
118565,157808.14
128068,173737.12
10985,139974.3
79782,121766.66
45723,58626.76
141733,110285.79
9893,173772.9
22206,208730.67
10381,176698.64
117850,281898.62
51652,116247.266
135338,121590.64
19038,224468.22
26787,127668.17
15914,217463.56
3571,147213.84
34345,183092.47
132121,85087.48
136037,186737.22
122517,37370.57
54002,246356.78
36183,81950.47
12703,43078.05
122024,145280.34
40786,144753.61
74280,140185.84
73559,160642.19
7812,253920.97
121600,81565.76
80433,195011.44
61823,124845.08
70354,210790.34
124664,187735.11
35108,146565.88
132211,111406.63
64726,184937.17
13290,250941.62
125648,391433.53
122439,128971.67
83201,23702.512
30869,168564.52
43819,221142.4
41622,107475.2
138289,104247.445
112845,106260.35
9488,85005.26
14215,281215.3
47824,114318.34
61285,341045.0
5186,221182.45
134608,156737.78
47464,112976.336
3826,129121.39
25709,111575.33
15343,108856.34
45630,131593.36
18054,570419.56
57450,102111.4
115829,198074.61
82425,120340.81
121986,294616.16
30825,356236.44
67544,194277.11
142517,60704.65
12024,257931.44
60196,64874.684
112087,120192.46
8533,73593.46
63859,141729.16
25883,124440.11
145742,258293.08
77488,121202.484
46274,290202.4
70278,266121.6
82788,186336.05
134278,170827.05
80095,267390.47
61742,86201.3
51795,66018.055
25542,99910.64
62650,114130.21
119680,423297.1
36468,297413.34
59479,203587.03
39424,151191.19
142570,114735.2
73609,102328.734
69713,92414.53
112061,135783.45
14792,132239.47
365,139088.44
47773,96357.11
125079,140167.23
75257,158697.38
131099,84517.01
11038,117210.914
83053,211603.5
71311,102033.85
81821,107780.37
74536,101943.234
26588,92899.61
114414,136158.56
44027,268285.0
37344,185740.83
32490,99467.5
141838,224486.67
128692,198304.53
117680,156877.3
16800,381975.25
73288,108350.83
118521,154807.0
112007,103300.01
39483,80061.41
6224,163580.78
77552,142780.02
28885,136384.88
50445,140758.44
110386,130160.375
63121,76622.9
78952,196414.45
79944,208135.08
11580,69988.94
68387,69693.85
984,209846.77
118169,104700.875
15037,104501.55
82169,363269.97
34319,227758.92
27563,108199.555
59605,84849.59
20969,40964.066
135241,66867.516
4415,201219.25
110948,123359.41
127233,100941.77
49607,210558.14
44726,266363.44
2567,193761.81
24621,154220.02
48783,183429.89
110919,86643.84
15352,106339.11
20369,83634.234
64022,145331.94
119349,241464.34
115826,162888.02
140878,247702.9
41803,108116.75
20949,103729.36
39169,133606.27
113341,48409.78
13478,179227.9
143281,116418.125
77815,145526.12
76127,78325.51
28673,173934.83
55402,331539.53
68422,194632.73
17951,105961.3
28516,129208.92
127891,69018.32
39415,96109.31
129517,129545.4
122712,155039.42
79754,140565.95
58331,57614.395
78590,253856.28
79565,39894.344
55167,90326.14
1449,113122.75
125706,243420.88
12951,109836.305
69453,123999.04
14258,245693.39
15508,68666.3
111915,143911.94
57491,216862.06
29540,172571.03
79358,247824.62
132615,150726.27
29469,404036.38
25832,80883.25
79474,140392.61
48809,97502.32
62985,73906.9
123689,95779.59
14352,269362.9
15530,192082.12
114304,185627.52
48723,182749.89
112614,186083.53
138414,237670.53
4134,213922.95
127781,238494.86
60291,89382.99
131401,85277.12
51367,129902.62
68628,202817.53
35369,108674.69
28111,267022.66
18104,77565.13
82722,230876.39
18694,455234.56
142414,104825.76
59922,82510.805
559,276502.75
4755,103145.695
66112,136764.47
117218,152615.75
143789,181109.52
57142,110146.16
66210,279465.3
56988,150246.53
40132,165621.16
76741,383133.72
32090,149029.05
5575,111247.2
18589,146851.78
34437,247198.06
59794,49182.316
41744,109509.01
34732,184849.97
26650,60346.066
112216,85927.13
69127,92149.5
19283,184183.25
4460,281655.78
11945,59235.848
132616,174172.4
26410,217952.83
43590,439861.12
119203,173345.45
140749,259107.36
32368,187533.39
9487,104020.04
4675,196979.1
130092,226434.38
16252,234380.98
143622,143318.6
62935,110152.195
39153,155395.34
114374,251971.6
16712,142206.28
13872,386190.34
128219,197876.62
144472,89037.88
123197,115978.06
142440,108712.95
58760,288427.88
14274,115340.695
9021,86016.74
67196,53763.22
45614,103288.7
61621,172605.0
33059,65443.367
138766,75480.91
22907,172952.73
146373,156875.94
17524,282712.75
119130,92204.78
131977,86363.34
15958,176618.95
72783,254240.61
76593,128537.87
114426,337377.1
110359,315219.44
113994,149620.27
52857,167173.45
114980,261355.33
142604,170593.14
113171,270654.66
127529,158875.47
37524,227895.56
69163,141746.8
56884,97113.25
139936,124048.21
80535,110557.97
145330,158378.17
51090,425401.3
20552,203215.22
80837,143898.9
128503,244903.53
2543,165431.77
77354,253894.75
17373,315642.3
28323,90160.34
128132,230074.72
72505,175169.89
55277,77099.72
143132,213727.03
145104,116599.984
34629,129177.8
56503,109343.484
146323,158661.22
136864,251106.72
80640,222411.47
6231,92842.92
146638,230362.61
122132,100315.7
27176,97504.89
33766,90873.32
77142,272589.62
49935,186638.55
79050,100316.77
75250,103835.63
20289,145541.62
124355,98367.37
64481,271921.5
127951,38410.645
129074,87873.305
141087,215231.81
70935,171688.4
50224,229891.75
5587,86535.88
115085,91079.23
142913,112399.914
129880,103713.06
76260,268608.28
73794,275657.66
78266,173563.16
126594,201845.44
136127,293963.6
29888,366258.78
19760,323132.25
63337,281941.8
14705,248460.2
145093,92440.51
134266,243848.6
195,187481.61
127474,41152.098
111400,74757.74
125550,143307.53
2998,149071.3
68247,63233.06
18495,316936.38
64098,228903.58
83091,321768.06
16792,118585.266
146220,290338.7
137418,132359.34
145967,218249.05
111812,164464.66
40987,73346.68
128177,124922.12
47677,535316.3
38101,182731.34
74323,267274.06
30277,216574.64
56401,186850.1
70132,82054.47
131480,285118.47
29576,87902.62
116574,106022.14
137498,85948.125
37996,118867.96
111872,308634.88
41278,79564.67
118808,204143.05
25906,180113.33
72173,65530.164
114987,62334.88
119512,101959.51
186,169602.36
132213,176128.64
29648,162892.89
117755,255841.72
130739,60790.113
134930,72061.84
18221,155777.48
144227,350410.25
17731,182984.69
16781,650040.56
14627,275150.06
21509,124461.3
44454,265168.56
133869,77034.77
79827,154188.67
111805,123976.37
141410,133459.25
141969,159471.66
78412,193171.92
145068,398053.47
122597,44343.492
142364,167760.52
138859,59814.816
27132,379620.38
114897,216003.84
117594,235208.61
118189,106879.98
35484,319058.22
123546,93632.83
73903,155121.9
43110,184412.17
69881,64844.04
1568,198262.47
120429,112149.91
142512,80098.59
73287,289720.5
16462,161936.86
74133,94715.055
20507,106009.52
64762,254792.2
130364,152360.27
126549,76848.25
12021,51330.906
11097,76572.59
69302,161727.53
145495,213223.11
24344,129848.734
7278,202993.77
146742,72905.56
134972,143645.08
132648,161999.9
33128,226719.77
48398,245247.25
120671,114934.73
125441,138499.94
136934,148334.28
8196,248787.52
25657,299160.16
29394,263886.6
16106,224829.3
123761,129373.27
9114,243884.52
33893,385165.03
25946,306886.22
8892,104835.09
48064,239791.86
27360,255043.48
42506,135798.25
26703,103316.48
74336,308933.5
22441,98887.83
123930,91132.22
1113,218945.05
69437,191685.02
127060,241629.72
59696,144939.97
71568,62262.77
143016,205510.78
79613,63164.5
12195,197510.45
57403,118519.8
3991,246754.66
131794,251587.8
126563,109246.62
117242,87750.47
46107,319909.47
129363,202650.81
66366,165368.89
132131,99349.26
124731,98587.68
39143,221645.88
125316,167864.44
117838,335489.66
64232,110869.484
143407,58170.684
126004,153313.12
133564,153088.3
54328,101642.29
50045,88951.94
1625,150184.4
124391,49090.33
68031,221785.0
32915,128889.75
41476,200904.52
48455,200012.61
119356,545332.5
140278,191217.03
112045,102233.53
42222,205952.34
117369,186675.92
57063,112547.08
14949,462796.47
124154,178040.98
2359,194916.78
71808,97701.35
114944,145083.83
138853,213400.12
37262,329201.03
116166,201619.66
10221,86418.93
4462,119899.42
61442,104595.516
26566,142787.64
146559,175356.84
57170,119713.41
121654,247818.9
121203,99841.42
3467,122388.21
37141,193773.36
59206,91373.5
42145,283873.47
26851,111420.54
62161,178199.81
133690,172137.05
130151,165427.72
8250,279721.47
31155,134395.5
125273,320559.1
10980,122618.54
30716,180229.89
22457,404630.34
14904,93973.26
41354,170494.0
140205,198154.5
20781,122600.88
46402,400550.22
32726,67862.51
63022,168472.81
129917,78081.64
138537,314744.06
19745,70081.33
141893,103506.086
4834,166292.55
81060,96152.766
141261,361083.1
50811,111972.56
19186,113551.42
71881,138746.27
28404,168850.33
139920,62030.89
132163,108349.22
145311,174629.84
118697,157047.92
71782,238249.66
112070,218716.14
21808,206874.92
4833,128121.17
122785,82135.53
138384,175635.02
8493,104803.086
119591,89199.09
131255,93227.47
111969,109416.64
51204,161161.95
131622,176829.98
66139,70063.95
141370,244747.4
66741,157818.94
43536,253051.94
10022,123788.0
133932,64794.117
24255,182285.25
39826,81734.016
122045,115699.12
142584,82553.375
137342,94064.17
122275,94378.3
20708,105406.02
137063,205934.48
43747,157559.6
145938,110008.53
34649,152479.6
42128,292170.0
51952,220451.12
22839,101690.0
26193,114898.06
40122,111092.555
23574,46443.684
371,165973.38
111602,172872.75
112729,51050.03
128045,179633.56
51242,39292.535
48789,144330.05
35091,163853.33
22831,194362.97
11052,124255.25
146193,106453.73
71810,253769.6
115205,98352.6
131813,235892.02
143588,176574.69
117159,239185.34
119226,157576.12
5966,231012.69
117646,20647.86
66872,141668.55
3170,350992.9
8754,137975.72
34277,110212.47
2895,353845.62
21645,523981.16
110384,129340.69
78721,265537.56
110463,56884.12
120611,290524.7
61299,89137.45
40832,142817.0
24817,216529.39
20448,265231.1
16891,100961.98
14973,102322.805
53241,93437.516
112021,80079.15
56403,218967.05
138039,92116.266
126959,248320.33
54829,46529.066
45666,94834.72
75372,140599.27
38744,224518.34
125576,37573.46
117524,281600.53
136999,171829.03
60089,129908.695
77918,290583.8
129417,252759.02
50841,180062.31
83130,240428.77
77224,178835.2
129388,73553.22
122654,143760.05
82026,251499.19
17255,58252.062
82479,136950.27
6591,59752.062
80579,130931.58
43576,125337.125
69079,240598.7
9249,204971.86
140465,183700.62
114179,77958.84
69736,388620.1
11802,51526.273
39343,76795.89
61765,441289.88
141197,170691.48
136552,182509.17
42213,194616.97
67526,180453.77
60543,122956.3
73748,314369.84
139517,175695.94
30051,193087.52
17962,103442.97
140985,272006.4
114855,144659.14
132584,159903.1
20296,111062.07
45591,221561.06
19002,139364.52
131545,134306.84
81164,264607.2
115600,180052.88
143378,171253.33
140801,271722.78
35543,174804.52
125705,116651.54
42873,141985.39
68687,87143.95
14634,202614.53
39444,124246.32
16231,107352.484
82557,66215.33
70322,88928.76
65114,103711.72
1361,151996.08
142347,208959.06
172,165870.67
23978,166109.34
29134,204863.19
29654,87188.89
72142,597624.0
46547,342563.75
118528,116453.77
1883,84568.04
8396,116247.7
74903,80877.69
21339,446048.97
11032,87239.82
41270,296173.28
75700,176250.53
146480,651772.94
127024,198770.84
115746,197956.45
125574,145616.4
49292,83543.945
53553,198994.11
123581,302660.78
110253,155289.34
70629,109950.03
38170,107404.57
126673,167028.02
121589,86143.14
65952,162255.25
110693,149170.53
27004,67415.625
53565,260163.75
37529,156011.14
51384,120442.76
70771,93321.305
147069,60398.383
124547,210213.81
4600,271568.06
37351,252072.94
113776,469318.9
142646,125908.31
71600,139094.61
10718,123939.22
54465,70264.53
55487,157774.8
51082,179844.8
66296,102157.52
59927,66105.086
35843,79891.305
146844,123742.43
12484,98095.58
60181,319204.62
54645,81511.29
27405,169988.62
38453,140912.0
16438,163069.45
55440,368929.06
22882,125200.66
131632,115716.25
110465,96422.56
82194,128850.42
9861,180280.95
45828,316868.9
120952,212154.25
111461,153172.27
26947,238970.27
46711,52487.816
46303,140134.88
124387,322060.94
23650,145791.84
48678,200629.53
128054,99714.16
21798,399549.03
61067,261971.23
114102,268451.88
10344,181888.47
142330,101339.98
121095,216932.06
112300,74405.27
8029,212922.17
33924,285861.12
7957,162719.88
139585,67537.27
68569,143210.86
24626,134676.73
16036,145786.48
79365,46125.746
17237,61111.934
64359,242891.86
19217,126196.38
143517,81530.05
59707,292208.4
110777,43820.887
15033,133617.22
49237,153745.62
129300,410777.53
131451,99295.48
5421,238699.69
46517,209280.81
83055,132144.62
16126,197029.7
73149,499345.03
37135,191872.56
78842,176604.23
43805,290283.44
58194,125905.414
118432,78677.92
27662,121832.17
25551,79921.086
143292,158159.08
67528,90047.69
54250,226471.47
43284,193116.98
20245,201302.9
134662,178461.52
82773,57904.527
329,146428.53
128736,89320.914
1962,213292.64
29439,253519.88
64068,826000.8
51580,111954.875
11400,112798.3
132066,93051.39
9107,344558.06
58432,110231.02
19996,372340.28
61726,130100.266
124560,213329.19
44881,143775.12
141010,113795.336
115591,88055.39
142001,191532.34
119745,185956.66
37550,419147.94
11989,41424.55
31485,177706.64
15322,60138.22
131357,185873.2
174,315021.88
27153,191635.31
79601,169495.6
3586,170910.17
119216,171226.52
140769,172323.61
60250,103889.1
145528,221087.42
115575,228259.44
137923,287282.8
22864,256150.61
28399,362294.1
68649,206681.94
113042,157084.38
57061,318694.34
120439,71641.4
61696,162011.66
65978,59450.574
71832,458513.6
24728,116085.89
129449,109396.55
57601,63137.312
45474,187896.53
124094,98008.695
16148,190829.61
29551,499123.28
28006,109016.04
18862,160617.69
2626,429156.97
42421,172156.19
24775,90206.27
68531,94565.57
9605,139911.72
34343,94537.46
22172,87062.07
29299,140300.78
61810,95929.22
44099,268498.53
39760,174843.58
18772,130638.39
72439,103509.555
21676,314046.84
17343,280134.6
51750,137245.11
23039,254247.55
42237,251624.83
22708,155611.97
53024,196784.33
30603,108246.984
55166,615959.5
81036,315596.62
12857,183777.45
22878,419992.06
31123,131650.98
65186,153462.22
67068,140975.27
120576,97730.945
41203,168135.4
6511,201741.16
139879,111567.99
145004,175481.39
54907,194165.67
14124,150589.23
68246,55601.16
42969,118815.49
138033,120929.91
60788,303102.47
15975,114000.266
74939,75152.625
57410,100294.125
46333,79425.4
24848,87658.98
56915,132858.6
140605,150767.64
136941,393609.53
40096,338996.44
12783,155344.62
45597,465182.22
70231,107746.67
128260,81260.36
81842,103308.67
124472,252632.14
117804,148680.11
58244,52040.703
47586,184023.53
142781,84052.06
67281,181925.83
130549,226639.86
58922,135645.1
19231,38359.59
20227,296749.9
124854,115230.71
126774,296461.4
18992,136142.3
116295,102464.42
12814,108354.83
14456,162059.73
75963,170086.69
4993,102186.21
145720,91902.12
37283,202141.0
70984,85415.836
50230,410192.78
122682,109504.5
1454,202617.83
173,648257.75
114910,175654.92
135460,150160.73
128639,220113.39
47279,172265.86
41698,449525.28
139978,171507.92
11964,64473.414
37645,152919.05
72891,142553.9
63424,102416.42
39783,260059.19
23131,107060.35
12986,125460.44
124606,38768.617
6003,420062.7
32198,242522.36
55666,138880.86
31297,102520.766
139598,116924.02
28010,531599.4
4911,259077.77
3495,185629.2
68499,171932.95
6865,135477.67
127560,309271.25
58871,153815.4
45466,140144.28
145546,150455.78
67368,172654.62
75005,106542.805
38083,353375.94
48431,140028.44
23840,69948.23
27978,161468.5
10322,100071.164
22157,110167.15
136319,183236.6
38538,372322.84
14817,154264.17
123140,95041.74
41608,136661.39
145516,555432.0
13770,252964.0
69799,176160.17
37064,402507.06
15087,95396.31
68583,280991.66
60129,209514.25
111932,184446.03
4852,106557.305
136439,178363.22
133125,132908.19
10986,105454.95
67867,139257.47
34091,172639.28
111323,270741.06
32751,166072.3
33086,189191.39
81692,94743.555
1719,227425.0
57028,348630.7
8765,195120.16
10731,276829.88
59495,74289.625
52919,149733.0
5938,143781.14
39319,122124.19
35640,135401.16
77911,112726.43
33941,153509.89
65633,219562.44
18899,144065.86
32072,114028.055
44244,185922.55
32967,184881.6
124304,92752.234
112402,106181.9
119470,59899.812
68741,142961.73
64886,105914.93
23444,93658.04
17089,106483.8
120773,281975.7
63747,157861.36
55448,98286.32
71685,90406.3
52786,197287.78
115832,119608.46
145016,166370.52
29265,97946.164
133990,201457.88
39253,115647.98
141406,181021.38
57734,377219.5
61094,76468.0
16490,146341.89
118168,88810.7
4074,465295.12
76571,149942.69
38639,404882.12
120392,203453.98
54312,38589.145
124308,88785.42
41322,77457.87
7451,162043.67
68113,333592.53
28139,559031.7
37499,426183.8
15254,114733.09
112215,170465.33
73671,464738.97
147029,392173.12
83071,176434.88
39438,62464.773
138246,216971.4
127158,111055.64
14544,116089.914
120173,266334.56
5964,274660.34
42138,98139.766
72620,185307.72
60254,54522.254
71051,186177.02
42928,203547.98
136548,109383.26
142204,150589.86
114494,68608.95
9301,181560.72
28975,155926.06
26781,112409.19
10659,150315.92
47308,283202.1
132098,200419.17
114582,103181.75
141929,153361.8
130736,313592.34
65039,93892.93
63641,171638.22
83181,329045.16
39409,184299.58
31758,286657.28
117260,103138.16
126165,152268.34
20366,134806.42
128172,146805.08
10096,165498.17
13758,268069.66
497,156370.42
69100,357923.84
9800,325456.8
128285,133466.11
15979,296664.62
19798,84869.76
141128,219510.89
2166,146184.14
19968,113825.93
6142,158967.94
55960,180465.83
11450,147387.7
65170,127839.27
17993,271308.94
52798,173356.12
63047,53346.742
42286,88982.97
67630,156163.2
37301,143591.53
125072,164269.52
62697,64677.668
34925,315580.9
120552,120716.2
33325,270212.9
142147,59239.07
115898,117359.06
51221,190015.17
17890,135034.02
116310,167907.19
51044,193028.61
74396,169292.38
30973,386570.8
43612,216584.0
4724,104683.03
82896,309850.3
78708,177983.02
43198,180524.58
76348,168136.67
77466,290802.53
5422,159219.98
132629,105465.586
114085,111235.49
2611,94879.555
30794,446665.22
122822,88747.92
8639,243766.05
42544,220662.84
139448,126693.555
21311,101056.82
49165,113772.71
4811,154128.95
9485,353703.28
20916,245983.02
144085,139135.83
44022,107080.22
72591,67405.16
23655,116837.77
27391,242823.86
60777,76240.3
64741,43078.246
112485,367416.44
142602,109341.3
22440,96443.72
141473,124986.66
79585,222621.36
141144,110935.7
15142,89565.984
119523,327707.78
125044,62685.473
33699,107090.97
128479,277144.12
136313,121875.69
113320,144123.4
121210,236522.81
4941,94016.53
73352,79444.055
45919,180062.97
134067,99019.85
116327,97319.13
16237,178676.88
142622,606917.8
114081,338473.2
17810,121445.6
124722,365883.28
20089,102213.125
77431,190355.95
28479,81912.01
36642,94500.05
30980,307539.1
25081,330070.16
132365,97914.836
145874,117752.18
137019,44239.605
51334,86919.805
12016,56859.246
7760,233320.36
116927,147642.11
117586,95330.99
140270,79446.45
13055,189239.3
48595,142275.22
111684,187375.31
81669,217142.52
82434,73552.23
19951,160551.6
81820,141601.03
66509,114972.7
16992,158166.56
46377,96250.33
83188,113457.59
67837,187627.88
115067,94110.78
127393,39865.887
4832,102856.91
130833,304396.53
112967,418221.44
14760,176325.72
141807,156304.75
38965,122215.14
52215,103250.375
12582,146022.47
122860,203692.36
129796,264186.2
136500,225266.44
46239,159116.61
30369,102129.58
130709,316285.94
144577,253380.27
17013,310121.6
11516,80572.03
14212,224993.4
18444,146092.06
27594,214858.08
15740,153935.0
123943,120232.7
5105,144557.62
53143,198033.58
120159,233183.62
36836,214763.36
135723,282368.16
82916,88637.59
6382,116618.31
50225,249947.89
44651,100406.16
64291,291507.2
30115,171901.72
128558,149458.61
11453,103123.82
14244,154155.02
24680,103595.016
123125,154469.89
37239,126520.35
129435,96023.43
146076,261634.48
12747,145698.23
50433,149177.22
140408,86184.055
13167,282313.72
145533,143373.22
25384,88300.14
131987,87677.16
135980,107210.82
135942,218327.81
25169,92394.83
61564,74076.35
36701,134199.73
128776,80244.01
66406,115810.6
22735,160759.5
14508,172365.19
142164,66164.39
145747,257626.28
143726,154641.12
69189,91454.21
40918,129619.7
144130,61759.18
134030,298037.06
4734,103975.195
80199,167315.64
44179,247873.14
17781,177842.61
127495,378600.94
125821,248062.92
3352,220990.88
62752,130478.03
13105,68730.805
43638,358856.47
112014,85590.695
111685,139345.48
121151,111507.93
63149,134374.44
47604,102891.84
39863,293479.8
130696,185437.88
77357,44980.566
32316,239106.33
121619,95438.25
25163,123261.35
145072,150524.27
50058,73862.7
127438,88966.805
129009,128615.7
32552,133322.34
16991,135201.25
68814,95196.984
126596,144330.27
41582,153687.44
81705,295311.97
4289,131327.78
54630,211350.95
36910,92667.77
54426,177676.33
143958,240197.27
131008,158981.28
24123,76162.93
6674,51997.906
41638,264388.6
54263,152294.33
132255,128627.33
29357,149049.11
73217,204766.39
16658,84344.586
69833,131155.39
75645,180784.92
19080,119219.08
65856,248477.28
46880,142300.31
76154,102113.63
110514,46350.094
67801,146617.03
22246,126708.61
48475,376678.34
9465,87664.03
37613,328488.34
70403,63451.39
80941,338844.6
127010,242891.66
127513,114495.32
18159,183265.08
17612,148896.44
128272,159113.44
112442,89213.94
73302,140083.6
122434,64014.42
72773,158829.7
130098,138031.75
21277,147817.84
125602,250990.1
112329,212414.75
122983,129297.19
70969,169938.88
59778,246478.48
8747,111949.06
129361,180613.55
15660,208139.42
41952,98512.06
65943,106878.94
62813,94801.14
4306,258904.75
64983,272785.62
48338,111772.08
13998,98485.516
33008,215797.84
47475,225459.42
69145,126972.9
145246,168233.17
35548,137168.77
128207,235684.9
16590,205160.25
6761,69845.516
121863,65461.816
19133,303200.8
19361,331454.97
54095,252677.78
50402,313317.4
120701,315328.7
132931,300663.8
116290,231939.47
17939,130391.75
40349,97627.45
130730,86981.516
145926,180985.61
9915,263468.5
9113,218614.67
5534,251750.64
3337,327983.88
61108,172455.66
60520,115132.09
74237,182701.88
6077,195071.78
4118,26710.146
137291,203720.78
33595,98760.01
125278,157265.03
60807,110428.62
69942,178640.31
41785,103711.695
13665,68489.55
141120,311094.38
74115,37338.49
60042,246847.48
116776,55619.17
43086,101877.42
124458,236992.97
50245,257666.14
130556,110384.766
125510,138873.1
113972,105827.88
38859,136314.31
41815,149975.02
29852,92699.93
43623,154904.1
52677,151205.69
74967,204560.3
70554,323355.2
142537,136527.0
145238,175891.4
115752,104861.86
72536,140203.55
47233,136176.08
143938,362131.16
53702,178518.23
21066,123637.766
8808,80305.09
146184,163312.9
35733,108219.83
134269,214886.22
22133,65256.82
7849,335922.0
80661,337065.44
134288,164489.73
125828,217524.98
13398,171092.88
57558,100573.5
72288,82131.805
115769,67139.96
18673,249829.19
113428,160959.33
53121,232021.2
38099,379040.03
122611,176619.06
35918,177599.05
23,243202.62
43564,54281.094
134648,162957.11
30134,398193.34
144341,57439.2
43572,71903.72
14854,172533.98
122218,241871.52
146795,138880.42
141905,116495.62
6520,233990.75
43799,154205.45
126100,84009.27
19112,378736.03
142491,278822.62
137820,197705.52
112210,428749.9
48063,86972.63
57669,127445.195
68611,167589.72
114272,115234.516
111026,138058.03
82439,147987.55
15573,156620.27
6730,64484.63
79813,126932.48
56286,104453.88
139244,171208.4
16228,152142.1
123079,88894.09
77803,269349.4
116255,154654.55
19516,125343.49
33588,111651.25
116614,118644.59
110497,193579.19
58332,104074.445
33602,78917.69
115149,91861.88
113812,186434.36
26254,100045.0
123601,211568.69
81280,250683.45
58362,66275.32
18068,112632.34
58000,302261.44
37433,72924.08
127476,100612.92
128980,228397.75
77660,181482.33
11140,83129.29
54432,135072.05
12384,73705.125
80880,92445.48
125150,245922.27
60363,177383.69
18291,191053.1
66829,255004.89
40675,262218.75
18769,186414.69
47937,96629.54
132737,58146.76
34896,132575.45
76193,295934.94
27539,98317.36
74430,85948.84
72527,238328.12
17100,75203.33
81947,248371.86
63527,144129.42
137156,174167.58
126852,119301.55
26505,85566.83
13870,107302.12
43078,409398.7
143326,334273.47
44327,573352.2
9656,114008.805
68953,220368.88
49070,95554.914
126896,243248.73
12624,109724.86
112334,96598.46
15999,189640.69
115946,264898.16
14658,326279.0
117202,233944.3
73009,61384.78
35697,36634.406
12877,250191.81
143515,319663.34
123683,417079.84
51891,279639.94
4145,389352.0
124205,181921.94
26990,197159.9
46780,198670.89
136050,111205.734
65744,91145.69
33612,169131.28
31973,447265.03
62817,167362.69
114144,123653.336
79323,416385.75
27794,149995.52
123592,238244.81
17892,185083.72
17415,262851.2
42092,172534.78
76447,76982.49
55043,165089.28
81761,141162.36
135806,99200.47
119517,103200.08
41777,217352.39
75836,106670.57
49544,184751.14
59918,130736.74
71669,252053.33
120977,194499.94
5187,70974.22
47575,420857.06
79307,278652.16
29911,216910.92
130130,167690.44
2837,559543.5
80075,200043.38
135209,173352.08
36954,277885.0
8242,203421.72
28360,131480.05
69311,67988.84
15847,153973.0
43816,263673.22
124475,220891.03
142787,72090.12
140394,242928.27
120758,57839.06
22461,120244.8
68653,118466.53
20542,347428.7
13127,172976.05
121119,216667.66
54243,155694.2
50215,166530.8
5166,43073.9
57490,265059.16
13153,222514.58
31851,215307.17
40564,208342.77
118094,508717.22
13449,141733.11
48067,500411.12
127187,241176.39
142962,261764.86
33470,125179.83
29772,109551.336
18941,510928.66
52508,106774.24
1154,521633.1
137520,192671.38
6819,174843.62
134982,199452.23
71119,142014.23
75741,130045.99
111179,82344.49
28864,85107.266
124838,181004.8
52646,261081.88
112136,259614.45
78781,224638.27
138563,161936.31
129664,129698.95
3677,495538.62
140184,222208.67
137783,196023.53
144946,254805.1
138170,148083.62
146632,109151.3
63525,137853.05
19571,191517.69
82821,121923.29
26966,181796.52
126846,172394.02
133290,136264.64
70559,248963.33
137365,228651.02
58987,140674.11
17469,229949.53
38382,203432.58
146494,338719.16
82235,142889.52
140484,311674.97
14827,107831.69
80314,135504.47
28419,244139.47
77817,99200.58
69506,598972.75
20751,322224.34
65815,136060.02
125015,125723.625
130248,143893.22
36328,52888.945
73145,306316.6
31455,104465.02
37885,449819.5
16839,324319.34
9934,251434.27
119723,95401.234
19681,251119.47
51130,76281.945
34757,65914.95
71075,331725.34
134452,196849.0
29374,202384.08
132974,96697.086
50791,272314.47
61883,116056.42
121565,216621.7
1395,62451.508
133569,60142.91
47787,582208.25
117775,142876.56
54946,71387.87
24652,148741.89
135600,300625.1
45294,185442.84
55755,117659.81
113108,85563.14
25607,109251.09
119212,108402.91
52637,79998.93
144620,150841.92
28239,186187.67
128352,94227.97
51346,126480.336
37498,573433.1
20695,529661.3
37500,456049.0
121548,90316.56
35597,96640.516
13860,275971.25
49433,163605.39
24696,105865.984
111625,488540.56
69848,53482.145
24760,140065.55
126461,225062.03
45633,113833.94
66965,210716.23
41373,338742.72
67292,116879.34
38633,275783.62
13362,115266.13
138821,144236.31
68771,423621.38
113653,248159.5
115882,109901.26
123870,95828.35
112115,274728.38
50511,115601.055
29365,174212.8
55642,89156.336
140475,100897.21
50890,156955.72
48096,147754.02
146155,113537.07
23591,147014.19
14613,176448.22
25501,328339.75
28347,82499.83
52136,226774.95
62889,115100.32
15318,141419.45
30668,101232.63
33715,327825.06
117176,138948.03
80469,354258.9
45174,303176.12
41529,195858.6
78971,495990.25
36013,205195.47
144725,211722.61
112548,153150.98
141644,400274.5
123829,136251.0
34431,86391.76
65988,228973.83
130170,457197.8
142985,123020.99
39724,165892.48
27524,492890.28
31237,190664.89
59194,158265.11
25535,126735.92
26532,151486.27
76596,118492.55
134538,164013.72
74604,218150.23
111989,221099.05
62005,44250.645
138436,242271.64
57960,136669.88
127221,155624.53
64752,190823.6
71263,186765.86
19486,143755.22
129587,56900.7
82253,105269.86
28203,381240.66
73533,163968.0
63508,333787.72
138184,82228.984
54010,143855.03
5377,434393.9
112777,270506.28
70622,143419.28
46451,143418.06
76434,113860.64
76014,263460.47
67664,50161.355
10086,223476.4
38629,304176.78
19023,207865.56
6671,35250.434
124496,212957.8
63644,152034.45
4246,676462.4
70599,259681.08
33483,105974.87
125864,95234.69
147024,305743.8
125911,128079.484
136032,91486.99
22128,150305.44
3197,261180.19
124045,79593.66
110556,298339.12
65332,273353.53
71230,304365.3
131731,73988.836
138325,119657.695
11976,63932.316
131798,85166.24
13121,178076.38
43930,437922.0
142007,514997.66
120464,109260.99
142523,146745.16
32634,78364.42
2586,171465.2
76626,44631.934
19835,149472.94
139045,251651.66
61273,195111.56
43174,98744.02
4210,175423.94
80829,240939.72
34968,94577.22
118931,219896.89
71875,84310.99
138227,72452.734
133063,157627.05
29028,294991.47
130180,187921.62
1015,133063.8
15390,140850.45
71262,128569.23
145139,142308.83
144156,38606.324
140953,126588.625
35234,190608.27
34575,371544.38
139888,149458.06
127042,499862.8
44787,71512.15
13918,462516.9
64563,121622.75
142785,160826.02
140329,223416.5
6042,125356.516
144115,64355.734
43814,277971.97
46455,251563.98
45618,94221.43
59310,135597.62
131332,177628.58
80343,44187.105
6421,113825.03
133658,85898.89
20797,62063.223
20836,158656.64
34192,262231.47
82808,125499.46
23662,168727.53
8716,178779.48
12512,192958.14
46741,87605.375
11207,166026.44
80530,613735.1
51405,66222.34
57076,193231.97
144962,206467.95
38127,106912.875
119447,348793.75
140392,449796.0
5305,185210.17
143203,80487.16
28653,89054.54
42674,98501.305
133173,370433.72
122400,218990.7
73866,161055.88
22905,200756.9
67691,55298.637
17733,123243.766
24272,87164.234
142820,59073.46
26047,85137.57
145205,200628.52
6002,122479.27
145258,166811.55
33401,87923.016
134549,216076.67
127808,159367.5
733,459539.12
122199,340310.22
14177,444144.78
123531,227544.86
115954,122261.445
54585,151288.2
143387,128918.79
123982,71090.21
139356,63035.63
2970,85340.21
51577,591393.25
48497,192015.47
44698,97347.69
45586,215769.23
131988,101340.42
10172,47735.715
82121,128983.74
22509,228686.9
59222,70342.34
63094,198899.55
41720,71595.125
45097,155335.08
122462,201749.0
114395,103926.05
52318,124770.914
116840,148152.28
117978,170617.0
48565,156418.3
11808,44649.645
141972,175577.02
21261,235439.4
120710,376055.88
122857,121853.61
72752,154996.56
63728,125702.94
12218,93126.48
121774,83558.11
4944,116220.43
368,170840.42
114155,213538.16
5231,122376.79
28065,212240.5
112736,227384.6
43079,113664.625
24225,206051.9
133140,145658.97
128402,45918.63
32959,161073.55
63123,203401.92
63625,165657.0
135389,213026.61
131346,128287.29
42966,169373.83
72922,133937.42
125693,175407.84
46207,97549.81
145883,497915.22
131548,103142.04
119796,76456.19
68871,465867.78
142595,118355.53
51682,302161.78
31940,209788.1
28995,104129.54
137290,197176.05
20876,105546.97
55586,350106.06
111408,426669.44
33620,97641.22
133058,81579.01
130750,115193.64
56593,230346.77
44991,86229.664
16433,138595.44
19303,502457.1
10263,80915.06
69973,132126.64
143870,97859.56
57907,196888.56
30985,73771.79
81801,133339.31
62508,61364.137
13297,121223.87
136458,273884.75
144554,178014.19
123675,189878.27
4702,164757.3
110843,118760.96
43159,174266.38
139998,60680.65
142534,144965.39
21413,83820.24
29102,347306.66
18043,106733.13
16644,78455.71
68951,113751.66
3150,231575.02
15095,54089.68
144437,220198.27
33922,35717.246
45050,167194.11
128421,199560.5
71063,143980.02
138132,153714.02
10638,100216.84
140298,114505.336
18571,134045.27
128869,185807.28
128882,188600.78
75193,274716.38
132343,100081.06
64689,200427.28
6062,142551.28
44290,138299.61
121642,85072.02
76124,276699.0
121216,463903.94
49230,59193.652
52319,81024.35
131861,179739.03
53537,119146.195
18454,351425.62
82515,85358.59
48668,116397.06
131605,153251.02
52443,70117.1
141066,76387.89
137534,93614.4
52609,237132.11
110680,99394.47
75215,458700.03
77257,481680.66
7632,61943.832
135127,126031.49
146395,207740.3
18411,159386.62
48264,89562.82
38219,112445.414
122346,112390.43
73940,136553.72
50357,143689.47
4743,305356.34
141043,120623.766
31226,259570.2
142593,60729.53
45522,98215.32
56706,51286.332
121023,137583.47
59001,143474.9
143111,113272.12
57440,113982.24
20814,107156.52
55064,159965.16
27198,122646.64
146230,144046.3
138344,164464.83
51831,165349.88
135988,309748.2
120282,295089.06
55710,175603.77
77190,290086.0
10309,261726.81
11521,63310.145
36162,345704.9
54308,112700.945
117995,42355.35
131710,80191.09
128886,201722.8
142891,158643.19
18594,133371.3
124523,85050.53
60105,81827.4
12538,73333.195
130593,281521.84
111001,651611.94
16091,103855.89
33933,127735.72
17614,224513.45
42954,120028.2
125064,373458.5
131899,212612.28
128119,147769.12
32680,66656.43
50177,86945.95
136496,275585.78
51812,83335.74
139897,166271.55
25918,150273.08
67584,104932.94
38229,249156.19
76500,187267.03
143698,146907.67
14357,70199.336
74848,178882.97
137941,244963.62
43152,78680.08
4970,246961.61
13781,117125.66
73268,143540.36
124509,180686.75
54821,163288.64
132510,172547.19
112134,215080.77
70986,226654.84
121320,116753.88
58543,207755.81
16146,102449.266
7200,164955.05
75991,217704.83
114543,184960.95
62974,149706.53
78132,242740.39
5211,170692.2
38937,87470.77
82765,187166.17
134436,417375.28
144412,97684.22
133298,95601.41
26757,219419.28
13939,77623.4
47951,361072.1
43122,92800.31
7028,163908.9
72370,162925.6
141314,392244.72
146511,227516.52
5368,299242.03
113257,203537.8
141744,333870.03
137816,189412.1
13046,237494.08
132429,71331.516
71411,121907.42
44774,84104.43
135510,390716.44
137979,193464.75
121206,129749.664
27695,153487.14
37995,99270.086
146214,108956.46
122320,269587.72
6517,175876.64
30401,99905.99
138180,228290.73
116876,131627.5
132401,223742.7
142924,107122.516
142456,97325.28
136392,201333.14
131221,257992.0
132359,197564.55
71784,162406.88
120604,180506.55
45301,272660.94
67511,116602.61
17327,135528.7
136912,128676.086
25484,131064.836
134270,183847.16
78773,100104.42
45197,114116.65
66502,85894.59
64880,67434.91
3539,87728.33
25258,227972.17
140770,85716.13
121283,38087.363
50061,171497.9
17195,206087.5
69022,100864.37
73656,125609.01
51290,79022.61
133814,84059.08
117259,139990.36
32543,57827.2
16053,185722.44
71920,286571.38
59395,131523.78
1465,132797.3
64832,98079.26
126280,341664.94
36107,53440.918
111161,121517.52
136331,105104.445
125682,129307.02
4228,232373.73
119714,248336.75
139958,227737.3
140073,34033.086
119561,64318.07
56620,84187.14
139033,126029.42
41307,104113.85
79477,44529.133
9150,155095.73
54861,117157.46
29214,329398.4
132501,235942.89
111157,558948.0
18851,106172.04
121835,105227.43
133287,65390.867
127787,349977.7
137771,137936.44
127656,88666.64
117450,65711.97
38576,91855.11
51298,52073.184
136658,282627.56
16175,168936.75
12200,169723.77
46347,177199.33
112715,315059.28
134955,125365.83
40312,175758.31
8375,136942.08
39529,175746.61
74714,94516.27
121842,171413.39
123741,236005.9
134734,197541.94
21613,288228.66
76730,179267.27
130802,311827.44
132559,116920.56
59026,171832.53
80557,54128.914
43139,194668.78
131329,80135.04
140602,160179.95
113770,69813.68
58639,222216.31
111282,348272.5
76654,98132.56
143803,77052.48
31252,220009.56
12979,327032.44
78943,257020.58
51166,216325.28
16688,65033.477
77905,184981.8
116176,156096.66
135011,55279.637
31949,140152.19
29322,239920.83
68245,172490.56
63997,127973.55
57522,174015.98
137108,223612.61
117574,119608.53
33611,151462.77
29337,293604.22
140926,70406.73
112636,151837.72
59561,49083.88
121358,161323.28
11646,141472.34
58991,253738.28
135674,151086.34
126907,146474.7
66948,152737.12
46855,240001.3
4592,154511.66
44856,212040.61
21462,246948.44
70918,172739.78
111643,499773.97
56466,289612.8
53502,368241.06
137394,110573.06
146266,252820.55
124456,482676.1
14628,387410.72
12355,185328.84
46380,152738.03
65782,108596.414
16720,213323.44
118325,141247.38
129994,221948.14
67377,288737.47
53343,212598.89
45225,220076.1
59633,63750.33
143307,137922.42
29713,201641.14
41438,107641.77
117235,109275.53
76727,75746.78
118927,46497.445
130205,135003.38
40371,184529.56
25046,235646.84
20848,288031.53
68468,324750.2
133447,546203.2
66020,74386.42
111727,117919.98
60566,300314.7
64471,35306.637
37267,212998.98
60008,79132.33
137419,128063.25
142438,138712.72
74861,229862.22
55709,118239.38
75806,91453.0
124829,232406.3
79974,64561.66
10490,189795.19
13820,175923.12
120844,226391.4
25168,213742.34
11133,228916.86
81133,204891.98
2917,82233.45
76552,148318.56
117366,257444.23
68755,102762.29
34931,174810.64
127105,264537.62
134451,147718.89
127183,191499.47
35655,208358.4
18242,99852.26
40389,122848.98
44139,482290.72
583,137293.92
46265,184325.92
118509,248424.89
46108,155673.88
69144,46602.637
56628,141731.81
44129,338555.47
25083,148131.94
62495,174280.34
3765,143720.45
47420,119164.96
22534,137121.31
115076,354029.12
79460,88372.77
75148,63287.9
8183,75293.47
142558,157296.02
28753,116224.62
18708,381818.06
112776,143860.73
22847,279305.94
59027,167738.22
112229,278186.28
137046,210206.72
137125,188617.4
125624,179166.36
16215,85340.24
38350,273937.9
19100,300562.38
142542,143026.23
117768,141248.66
52489,170503.05
54447,112974.34
20976,70130.13
20870,143821.89
33658,49156.56
125897,342556.28
51646,157895.78
123481,73808.89
53214,338397.5
44421,139733.77
79979,79636.625
134834,106023.71
60573,380387.75
145824,155066.39
43651,160156.7
18177,126764.61
121233,80612.484
136125,196441.78
50535,53455.15
33671,78092.99
57722,335567.44
66712,241725.39
75897,111227.72
140834,95813.18
6831,279978.12
61337,141455.89
133154,327473.12
42846,131331.36
27410,261863.12
32895,102448.125
111440,156462.89
117236,91092.6
67766,45928.918
131659,186569.67
45405,160387.77
40961,130650.586
70263,159189.4
56708,133095.23
40522,99618.4
11613,81231.414
65008,66197.14
128188,232272.22
118558,262904.44
11156,122945.29
23442,224571.88
145735,377062.8
14727,77731.47
45961,127923.41
15454,183270.61
20030,271740.06
64576,282449.12
46659,105182.195
80162,104149.77
41668,152008.64
124885,319726.2
126520,153613.27
35740,185342.06
51011,392210.28
39994,82679.62
62953,53541.09
116086,57003.105
9914,187753.97
118983,199388.47
34945,188457.84
137881,127541.586
65094,271005.28
69257,96993.195
112871,212261.4
139611,189065.77
118487,104218.72
24139,101510.38
46566,186543.44
135527,101155.1
15532,255476.44
52714,124011.4
121074,82338.8
29972,139520.6
21015,255151.42
40344,87220.8
132901,138584.19
43096,262772.8
129638,149889.69
134,197559.88
133452,95862.8
126566,53954.54
19118,238942.81
76754,92116.445
34989,203495.1
56092,52844.96
41765,86500.18
13157,216004.03
67988,160434.86
28971,193803.55
111845,103627.375
126393,270744.0
111406,354450.03
65713,87618.36
69808,188375.5
10610,209360.88
35000,111399.97
51189,251976.45
131140,429468.4
122160,176186.81
69649,227515.77
52518,265997.5
134528,127866.16
50234,186689.53
81089,416302.25
58996,156064.22
65285,227662.75
145773,135818.66
22981,77025.73
76210,260613.1
75032,85816.9
111172,169870.27
122156,35239.566
75333,103602.48
4122,146384.72
49437,253993.52
79705,84483.21
2646,170309.36
35426,96558.66
13335,170761.88
41853,115132.82
117174,183218.14
47822,95265.164
122496,155054.55
61068,354493.6
145577,64206.0
8856,120299.63
4295,712346.1
4173,316427.3
78624,236840.58
18123,176581.81
52044,233967.25
42615,122789.24
138172,386644.7
14060,100199.516
129355,162280.7
116225,130289.43
44177,100605.11
42499,108207.46
40023,136966.7
31867,158741.17
29622,171598.36
138723,53299.2
117939,203265.78
36241,150211.22
119708,106796.195
121004,242845.19
115611,268322.7
61867,255834.39
20306,101086.59
125941,108800.02
126759,242640.11
129761,173010.34
115515,337104.9
133641,141700.7
124012,214601.16
111005,103537.86
120350,89482.805
145116,241359.83
68916,161219.0
70718,351996.06
80429,79426.79
20091,285537.75
45930,180639.25
77156,192206.94
63905,119162.28
41391,144180.83
139698,249896.39
144410,44176.49
115134,349839.6
14162,115163.445
50529,103738.66
132257,172544.66
18181,193233.08
13840,169188.92
112538,150683.4
34426,213128.9
3915,95105.2
130183,145487.48
41925,163921.42
30381,144242.7
136051,419208.16
19682,161360.3
10362,146164.55
51728,146419.02
45087,195733.05
13015,153449.52
28432,177429.97
45339,99281.16
55149,58176.848
36941,100894.64
57777,63542.47
53291,156197.6
124028,199097.89
35486,316969.72
144162,81333.45
76119,207891.27
3519,128133.21
38596,410437.28
6752,35693.207
57670,140492.42
73036,183827.53
80317,206557.11
113189,594759.7
45156,86939.914
115372,77898.69
73962,281045.12
51058,316728.62
138591,162108.0
76499,348712.25
34485,152581.14
6459,487195.75
110310,63478.05
67038,189786.55
71387,114813.6
6103,406569.16
142025,168147.8
64640,409847.75
127686,196084.4
60814,72818.79
50902,91304.36
42813,92154.08
136878,189523.88
136354,98122.836
30722,149526.38
137068,153473.61
56461,175013.92
77264,203872.56
29892,124248.92
2226,357083.38
12407,139148.9
14578,179482.61
140720,564303.6
117309,133909.05
30660,381459.47
66041,70034.68
44594,71555.26
52888,221888.25
75010,126658.1
145791,113941.26
26809,77258.97
82037,173564.45
14835,162941.31
11920,58467.12
143620,168391.08
53651,129360.875
44828,146493.05
50268,274913.7
74596,153177.89
65455,270424.28
45657,175089.8
72776,381689.5
138774,229776.88
72882,102905.23
40697,66174.94
24700,149582.02
31979,104589.37
77071,39638.94
128630,121065.57
114224,120415.5
123742,492411.03
138725,67684.32
133492,135761.31
9484,191881.75
122574,174288.78
117955,174876.19
55746,225533.02
141611,223612.6
7263,240038.22
110245,221206.47
59406,295703.66
19125,60845.746
136173,103416.65
40276,71947.0
67025,192040.52
127735,69005.33
48304,114373.55
147178,85671.875
61706,219981.2
27629,100518.17
1219,114137.36
20790,291572.12
145157,184346.1
19310,107392.59
52839,174714.88
72119,145820.36
126745,171044.47
375,142418.31
31578,79485.78
140413,77290.9
111011,90625.266
134822,92465.92
142675,95094.34
136057,120030.18
7081,107296.66
76423,135073.14
31948,77774.87
49266,130849.85
38333,101837.46
115170,117772.5
123404,46109.95
26239,131668.72
56421,380907.03
30404,115313.45
3286,250474.19
22788,86817.516
20487,230133.67
61566,146358.4
3606,280411.16
11438,171086.53
138760,189741.34
111364,104499.74
37137,184108.67
143952,126184.31
137368,272963.44
50833,241557.33
122457,133147.58
118535,145358.05
132238,105427.94
121066,80491.28
135482,150982.4
66738,183192.3
74962,180015.84
123219,283833.56
79262,60386.887
62211,259220.55
11404,196051.77
66899,213712.25
80959,322320.62
49293,112198.914
128069,288391.62
1543,105148.7
139760,280908.84
44723,150986.3
80521,77596.055
22112,176867.69
55154,392512.0
23735,309803.3
24556,73928.4
51706,160792.64
51545,189840.75
144676,82500.086
30581,119882.77
136390,81083.35
1060,110322.28
53619,137544.86
48642,62081.387
120396,133172.52
51815,142044.53
31814,293165.56
46002,137686.33
44450,139537.42
15692,199823.36
800,75620.37
63081,244945.27
111528,174042.69
63179,300073.62
20803,101829.55
117683,63707.96
137191,115273.25
51145,133171.9
49818,138841.08
70089,101848.055
68985,346754.66
126342,189878.27
19446,375226.44
56601,95525.94
10540,178542.12
16236,89514.87
6344,116079.555
28371,68175.68
111831,51657.754
122628,235931.97
80053,263062.25
140165,88365.47
135716,150200.8
126225,121290.34
111731,214130.05
133488,104632.96
6173,161766.16
4893,195979.48
147096,89982.33
35139,248713.33
77378,145324.3
119635,127026.74
74093,83269.06
132260,382920.22
37543,109599.2
56021,141439.39
40384,223388.55
81180,123899.21
51160,195353.84
45874,159363.47
127165,260388.5
45833,107253.2
115112,268070.22
48430,258821.1
138417,135773.5
135477,227927.78
48572,102705.234
138211,242898.66
42910,110358.69
64012,427856.9
52667,77638.12
118164,158985.27
54154,127613.91
141445,64518.246
135563,161554.86
62369,124424.516
56550,158436.45
37379,140079.73
146438,194650.11
1801,170253.1
67545,142041.47
69714,251573.42
19445,189479.0
79147,50030.246
135442,109210.84
66232,227211.83
4281,82896.56
3903,213843.23
7027,176168.05
115275,73550.8
146925,634764.9
74428,75012.37
80492,271781.84
47851,121927.42
71910,69902.24
147040,113043.69
40116,98744.19
128578,114905.51
50835,232952.52
137949,171367.98
52480,144734.06
117233,83411.56
76509,199128.62
133718,837919.0
21119,118610.164
146142,200566.9
1699,170017.6
71698,236340.64
47705,77031.35
137741,59163.613
68493,125122.68
131660,140198.19
117595,100495.695
64866,285844.06
40147,285169.9
82230,45601.07
14084,63398.76
36899,110274.586
31016,202403.53
141070,394570.16
45965,89485.555
146456,228498.86
10353,61782.297
134577,222004.94
146944,375582.44
50514,98531.81
2904,65545.086
37935,233611.27
15869,312755.88
36098,255449.55
65780,89436.92
72291,84472.7
143402,98207.35
131970,87946.086
40929,198225.78
3703,124270.2
116203,190969.06
143543,136468.19
126606,134425.92
59064,224465.28
71791,190005.38
7608,472413.2
71801,175072.66
55070,313453.28
42199,52364.066
135300,141187.2
61073,63490.28
136731,103201.2
2232,152291.52
112855,109565.72
4021,203415.92
24896,498447.94
68369,244125.7
18739,125419.84
49330,254343.23
6053,486959.12
79693,165918.92
24303,220159.6
15366,266274.66
8407,181107.22
16015,243276.34
75972,142405.44
145112,119583.97
5199,480818.66
19442,171504.5
63664,203354.8
3442,149110.36
123585,111650.41
118077,120285.38
67661,41080.668
38328,127453.086
58798,82367.11
124232,88179.44
123973,124166.51
63331,335736.62
43972,101924.69
145242,83997.23
66621,125113.89
11406,89841.92
19252,307882.06
55972,85281.13
8631,283912.5
143535,234989.58
30737,107995.555
18683,150408.11
13544,98969.15
7581,140060.02
44231,208352.02
78518,191982.4
127249,165557.4
52417,256883.44
72412,68484.516
53216,130649.92
114344,242580.88
14734,347961.22
46043,149893.12
76436,121304.03
129050,316738.56
38273,183268.42
15554,241076.03
8050,118264.82
116428,130245.64
64349,234773.02
69543,358121.4
82695,36583.59
33354,156531.4
118576,272551.3
113863,184390.61
42144,381129.03
39806,208350.88
25175,130593.72
30942,164485.77
9009,74854.19
142740,31509.666
29682,191953.53
136285,165030.11
140443,222249.31
48045,156133.03
111307,128492.79
120934,250248.47
35232,178055.05
123286,91865.93
54051,276557.44
132392,180065.73
75238,126738.586
35877,234882.2
116128,230435.28
57931,206387.33
6503,86543.484
42854,81918.87
121952,110240.57
578,323064.2
14711,90778.74
19673,179342.23
144417,76631.8
21669,124177.86
17706,210070.19
67158,115759.75
43074,243112.2
70498,110288.66
70863,158812.33
143021,86283.99
43194,211805.7
123400,110101.29
125815,135347.5
120590,417556.2
80565,292010.22
82774,53897.605
78125,126680.78
111110,63359.19
122613,106599.0
131078,134990.27
15544,262744.44
11459,243815.83
63651,112219.79
6981,149625.3
141887,122249.5
130946,165849.86
80008,230175.0
137076,311928.56
67869,168865.16
63017,232456.62
135533,101458.42
41010,184777.3
9199,98581.66
137780,171138.27
77593,301887.4
11510,39627.137
110555,157869.9
136144,96645.28
62233,292873.84
111263,231884.5
119795,538873.94
45427,243996.61
23243,185765.5
17630,343933.75
51809,135848.53
72553,343362.53
128372,92838.08
58793,103258.07
3479,78719.15
34742,272110.44
40972,131384.89
47424,692001.06
21112,204356.67
122069,191497.19
58659,112093.44
78692,65755.19
2519,124830.5
114176,87990.266
43136,128539.01
70834,76177.3
38727,192429.33
6055,134927.98
45143,219902.84
126802,72025.25
77288,147639.98
30723,97647.97
68303,247525.73
5078,133467.84
123225,118170.03
58392,58491.367
76559,134119.05
2698,159735.23
138190,105580.53
123911,217129.22
52376,178027.77
42755,99017.15
36672,270152.1
11852,39874.65
48931,80945.67
43989,151314.28
123215,146428.25
137955,144357.83
119516,118533.76
15821,200787.55
143966,168158.7
119765,203391.25
12916,160340.8
63453,55927.445
111651,142686.47
10771,250630.0
56282,472923.66
65017,480545.88
128320,111492.79
79859,92108.99
50137,213701.44
118831,198963.5
15151,97655.48
117689,157414.19
130031,55677.12
28959,205618.22
4964,309697.12
4051,280210.75
159,261633.9
15801,134524.25
127463,183529.16
17961,103812.71
111190,191995.84
138459,116692.87
124624,144855.36
26380,116963.9
137410,225990.77
44116,159198.66
12971,294468.47
9326,365218.78
78987,76194.35
31712,104225.555
77459,625680.6
40334,162104.62
122582,172852.2
43789,75323.27
121561,333917.3
54230,186463.4
120271,117171.805
19904,362010.2
113937,72421.37
126013,100177.45
60004,246365.5
15463,306391.88
146168,75055.57
128598,174962.39
74706,105103.266
72556,504928.12
140728,248172.44
20452,99003.57
75925,83131.07
112522,98658.3
57144,150234.7
55177,229600.97
47590,141514.53
50048,40915.418
42979,196398.56
37592,161620.38
111115,297479.34
25326,85557.625
19146,96022.266
145196,118090.21
124655,153175.3
130913,119880.64
119445,105045.9
58609,75264.5
42248,79143.47
71660,143995.73
26782,160803.94
130897,51439.105
124833,487995.06
119346,168261.14
16488,250861.44
33125,109114.56
57303,88885.26
53748,135322.75
13457,325462.4
44869,421998.28
20429,138277.2
15051,272397.9
114383,106507.07
58229,136483.78
24371,177157.39
111598,217682.12
119622,130455.86
48186,102315.445
9035,130536.92
69970,188568.95
115395,248718.73
73967,234435.83
34359,126700.1
31133,143887.8
47689,118994.16
24738,183801.84
27940,76861.46
7389,116660.875
38462,178760.38
30413,269140.47
122098,148362.56
122379,104544.47
1694,77514.52
20351,138933.02
137505,481650.72
119157,153695.73
52880,109024.7
77010,76880.25
7594,131547.73
73346,113768.77
63101,189666.38
74775,353651.4
62063,335949.88
36858,120496.74
8152,139374.31
60523,156178.73
3916,312017.16
29003,335036.78
134198,115087.17
118733,152390.23
34705,401199.56
113902,158461.25
13491,153988.66
144649,180014.52
35840,107940.55
146023,133891.88
137200,96209.18
42414,252079.88
80807,247655.5
3890,136245.44
37896,101331.875
115810,130301.05
34803,119119.01
115571,315792.28
116396,133986.05
139118,159690.44
141354,354547.06
36708,211624.5
70890,210674.19
135315,115523.41
142757,207548.7
61657,145174.92
64294,79011.48
27500,90706.44
47826,118659.836
143922,271169.12
22520,172711.45
5339,389306.78
129501,102623.93
120139,144105.12
116312,176202.17
45617,175754.55
51493,109128.414
66204,134218.19
56128,178071.06
131967,314565.8
122396,410704.47
124108,325684.72
18190,102501.016
47263,103839.81
110553,104135.01
62343,65366.42
134708,215213.56
145477,285886.47
73112,140810.69
26728,129584.59
139975,151112.84
140895,121117.87
67176,160004.77
123372,216390.33
114849,109556.18
140282,217960.16
19452,193316.83
7992,87744.67
110268,83945.43
11236,175362.33
56500,130162.08
11507,53425.64
15292,186544.7
77931,432573.16
33264,99296.64
49458,147487.67
7808,409338.7
21932,187394.3
58614,138178.98
51473,104648.4
48115,178440.47
36363,63721.133
61001,45854.555
144950,183092.34
130616,162907.58
38381,154237.27
27231,175820.6
19228,98809.86
42133,204190.8
40959,170349.8
30752,97920.42
1653,279333.66
47930,147101.38
20744,199504.03
18492,208995.58
20592,147629.5
6371,568171.75
138263,156428.78
18568,129591.836
10570,122171.75
11178,294662.25
111857,131388.83
52251,194829.02
1851,85262.945
36043,144550.38
78306,611254.94
119403,182367.39
52640,549221.7
127650,94675.95
19467,165746.75
44102,259042.89
66830,339792.06
42529,505697.12
124553,49928.45
111373,61615.918
22536,153722.9
31741,102601.51
76963,97048.99
38272,289714.88
70768,87478.15
74649,123418.37
126719,207936.03
72336,149094.98
144553,140566.36
17984,330621.34
67829,240197.05
63890,337579.8
76355,64177.523
80488,79335.59
56850,134793.34
83178,53294.793
4129,78812.34
14597,109121.29
35801,269915.06
58652,110427.83
19685,534532.8
61229,218743.52
54925,331190.28
146167,139436.7
120113,255524.89
128469,83263.484
71270,94453.61
9359,119140.17
71653,131953.39
114703,104732.3
131638,262850.5
7202,248120.14
72718,135905.2
3980,87915.81
28769,102121.93
119609,204602.56
4227,248505.84
4972,118846.555
49383,159416.53
19513,249691.02
16532,148472.53
125416,67373.305
33465,115615.25
522,112325.23
70515,70662.05
135966,103544.58
82495,173535.77
25232,103515.96
36207,184443.6
32642,47713.023
35898,145396.7
77248,69984.1
110408,116802.91
19382,93796.695
6706,53403.777
60955,199072.86
15996,187820.66
3234,83203.484
52302,56683.617
55542,248982.1
43236,98622.95
37236,80534.65
18311,233234.8
11952,31831.352
17559,172743.94
130558,180409.66
9000,475523.3
132361,156234.89
63006,157022.33
33615,170558.78
114120,138298.67
113291,217064.38
141758,177556.38
46649,146995.28
79918,77209.32
59104,260574.7
24876,128396.83
142086,492478.6
51539,98631.68
81750,156736.69
64457,96749.21
25338,108072.266
136214,332834.94
3457,174638.73
135810,52216.95
118351,397084.97
18384,138521.16
17896,46794.723
78012,149128.6
24353,159269.25
58960,77991.805
1004,107947.164
111586,56138.47
126310,122766.56
38181,94626.62
137654,119214.27
70684,189769.86
133654,115971.94
3873,152281.77
57925,102475.805
50019,91502.71
120109,147346.27
120026,272777.75
438,417500.03
120582,168770.34
31646,206254.03
146572,103891.42
10312,90099.48
23977,74594.78
30540,360243.84
139222,88312.984
81697,173784.69
65748,61120.812
146493,133747.2
62693,265070.53
52391,90417.44
74255,142983.81
72245,205079.27
25819,122292.93
12788,131017.34
139476,85611.57
25313,185552.25
123644,182777.75
137236,152369.39
146963,275902.97
40277,66969.0
58800,129476.0
10656,67038.42
18541,57904.367
57485,297871.4
48005,61053.953
131016,544874.9
24808,86944.336
4217,269798.06
37821,230664.48
34752,261112.95
15897,300266.5
43531,140843.7
36565,168925.05
16895,104970.51
115011,105091.42
120482,351689.25
34715,118027.914
27688,92031.54
62473,94410.8
29044,227556.03
34665,178627.02
49324,785837.7
6888,157042.42
65972,276633.9
111405,184313.83
5396,151872.88
55512,152835.75
130502,217351.1
81548,53612.38
73737,116985.18
78248,316852.53
72385,147724.81
20,296949.88
126497,236127.61
58374,263739.06
69042,82162.04
12341,88934.59
62756,332058.25
135097,48668.355
2129,182817.9
41527,264524.97
138393,456435.66
33309,429218.9
19335,263866.06
117232,288419.28
130343,210048.1
140647,135106.83
60333,217092.81
138187,251382.4
61004,131543.12
110837,125738.92
110605,156318.4
115257,254613.69
68544,104800.055
43954,348240.44
70273,382260.53
116845,143493.58
9279,62377.69
48712,144946.66
16225,156144.12
110986,290245.97
624,153658.38
42898,172101.16
28122,181531.84
23788,240802.5
65962,160638.42
23289,292341.03
22296,49916.145
7564,121022.984
114858,149569.11
49899,84558.27
34317,169947.84
11838,45658.605
122803,176955.28
140800,299917.4
61568,122914.29
63908,125068.08
45429,159395.88
72571,50026.773
35876,340463.72
38863,161777.86
37190,542840.7
140702,246526.44
41878,283852.03
35035,174716.42
73202,220903.22
120715,242030.11
38356,240273.39
23965,154254.03
59124,93321.516
19150,129135.39
139089,234422.17
80848,58587.85
45955,124397.266
79176,58856.645
9774,239861.56
22077,234165.58
6289,141104.14
36330,65242.926
141036,187079.2
39123,60001.99
71957,198868.05
24210,114557.39
113080,155562.02
42169,323788.94
35092,190446.22
125588,120239.3
53576,329928.97
64951,81457.9
124555,155680.39
138868,94928.12
69874,156046.44
65092,136561.95
43425,163155.42
9789,113116.87
58606,167657.69
37356,93126.48
57111,307717.1
10736,120120.234
128226,63966.996
43960,151059.7
25174,96991.0
3909,206107.98
131470,148621.5
132156,87397.76
38427,109656.56
49815,58729.8
11778,62745.46
54135,252354.86
77733,94216.08
66455,124915.086
27184,63063.227
52937,125241.83
16903,257585.12
74395,195788.03
37067,182144.73
72758,383576.88
53555,625866.9
116723,107684.516
71113,130248.12
54576,136073.94
114945,121918.82
138016,268935.06
43884,332813.1
66696,121103.945
62108,217045.48
2968,390097.66
15917,69988.03
1579,104424.37
13674,71731.35
341,497237.72
9559,329794.22
138107,101548.36
75119,305932.1
47935,328890.44
77696,276313.4
145212,46190.305
142020,140435.83
66362,201778.67
82663,172459.89
2735,109548.17
20426,184234.08
18031,79070.664
125081,590083.94
79708,86320.5
128681,190871.81
110583,232771.06
66535,188371.06
44692,97448.24
145768,118912.61
63580,111548.64
53284,79787.63
112875,78135.94
20182,172335.48
16702,145019.94
123864,101585.83
40048,174724.3
122598,150300.55
6800,331031.4
119330,128973.36
126343,328720.5
29210,149474.64
28401,152662.05
133701,47438.582
19304,106163.46
49226,73728.08
72680,144973.12
44343,205054.39
50600,276261.44
53824,456065.53
17750,132212.11
120167,359095.72
111751,195572.45
69061,201361.69
74923,100009.02
15658,182197.61
73262,159088.62
44318,591236.0
46379,343292.44
144766,129778.31
62112,63292.223
26524,396299.97
133284,447974.3
136632,178650.06
10741,168016.9
60599,77890.46
117243,90633.695
3933,186781.39
30244,71694.125
40332,65731.04
114579,231449.7
128624,95809.25
73798,137292.5
142286,179665.03
123669,164197.64
58571,130847.73
37073,316959.38
18034,168030.12
120089,63557.926
46806,409218.66
21710,221100.47
54044,295041.06
40114,50168.81
45555,70972.26
82941,297171.1
12622,342745.94
123605,87727.82
128555,84157.04
78082,370280.28
23668,93907.51
118705,174197.8
52643,104753.734
114039,178211.25
111363,77341.945
45539,232988.62
68765,84946.97
40566,142967.58
78875,196068.19
74147,264414.84
6302,122702.49
7304,352898.75
32338,108276.51
124785,70308.12
141634,133100.14
138116,55490.09
114523,154095.56
145980,105253.695
37631,92731.766
128180,53869.03
19556,110728.39
129535,23389.83
83187,115517.23
36187,106577.05
25647,182297.06
119740,108422.1
137080,87402.055
46328,138609.22
31704,494149.47
56412,145125.5
71004,150702.3
110944,181551.22
45831,205878.7
73039,244511.83
38957,78659.56
73438,143636.4
82708,125258.125
33424,174259.75
39778,235753.58
15071,233568.27
110566,84137.28
72529,199906.36
21718,140782.2
130450,168213.8
60305,151842.22
4121,132676.33
16058,117166.664
69637,235054.05
56486,145236.86
46190,223017.58
138595,154965.92
113650,100210.23
82659,144249.52
46096,168972.02
13807,160578.72
10402,81999.06
27012,244161.97
11719,276836.16
13974,113852.87
70341,139126.94
20050,90430.47
58215,87166.06
27449,238801.86
44527,230624.47
136750,47309.32
130397,131402.67
114989,124492.27
49142,236360.16
137937,47128.863
30375,74275.52
121559,300410.9
40238,143507.92
71331,92209.07
33532,256748.58
68318,99030.9
66736,134688.52
69841,65253.76
34137,234536.62
144696,173394.4
133161,110048.44
69084,118946.086
68315,93085.484
31705,242138.4
110262,106400.12
1879,146961.33
39703,244708.34
29334,124363.96
129105,220223.88
20635,224898.17
21546,107753.164
51520,241753.45
82982,141060.5
59012,170008.16
142472,135435.28
11418,167172.25
49220,176378.03
124085,97965.164
56243,469842.8
14163,105669.48
139198,169266.84
67370,160631.95
110732,98331.266
27194,184496.31
6426,186161.86
39864,96589.97
81720,92158.77
41411,197396.25
51521,141833.14
74517,211338.33
130496,264988.16
53102,167522.11
140167,121526.16
115680,99648.59
46713,110804.69
44171,100142.44
12594,101982.15
10863,80145.09
129729,112291.055
133400,206838.45
78493,326092.22
50341,64668.344
41005,276603.34
36045,176714.6
38102,125017.05
31820,281278.16
120728,78914.95
50843,318823.72
61221,188559.19
141704,144777.42
3179,169940.25
60928,136954.75
121528,132067.0
137911,239758.1
19311,247892.61
122821,399979.75
113580,527463.6
80583,133878.7
124231,126291.055
52984,250468.17
42045,227614.48
79014,104805.945
18075,115908.95
52366,89563.836
33522,203626.81
42425,82963.52
10166,36943.125
47560,144743.64
77617,180246.38
12062,254096.52
129337,251308.5
54894,505815.06
45482,237367.3
133302,105657.02
47970,238246.5
64226,306424.75
76333,90648.12
112265,123063.234
43460,101930.6
10572,114816.414
37647,158997.19
124698,61168.133
134999,125930.45
82932,128159.234
6219,56319.723
76307,255632.53
75088,246806.17
135721,340745.8
10506,256375.28
24748,48443.316
140491,90138.945
59661,136353.1
145607,119016.52
66256,258481.92
52842,88526.63
75969,142300.97
124517,123253.58
51941,166145.31
38816,103576.695
60997,277883.1
21162,167922.08
50478,78674.65
11242,230088.88
42456,128145.76
14596,121274.336
70307,107225.43
23221,81850.734
131286,285786.25
29844,105762.086
82126,102968.336
123610,110930.516
59073,84269.195
1308,125785.83
3444,78962.33
137456,145876.69
49064,127450.414
82580,308165.53
13399,112497.79
142662,282136.44
119787,51164.973
59604,118464.53
39095,214137.47
55047,122588.055
62778,250806.77
26172,247470.64
39629,54551.63
2989,91673.984
110308,89061.805
125884,176811.52
118120,142590.97
2937,135541.56
80352,109703.66
143867,157894.55
19300,258308.27
82485,91637.11
138583,158597.77
44208,201994.69
48300,138590.62
118287,296120.72
5029,658171.56
115293,99744.99
53029,222220.05
128050,134554.89
6892,160247.38
39683,198061.36
78181,372359.94
2740,546820.56
19339,185805.05
20756,161259.58
16544,518552.53
141390,149294.44
123477,51847.54
78434,170219.31
122663,296738.6
22941,189204.73
5070,143735.64
55361,155090.48
66828,274375.3
29413,141031.19
134010,277199.4
80649,55208.633
116687,94433.91
32429,73587.01
61228,193609.67
29674,135870.7
129769,96949.88
16642,176417.98
32292,306319.9
3278,119444.086
30847,188168.94
14067,74021.336
45527,94368.52
59427,66721.63
112117,268349.88
81753,209993.42
78211,139797.77
62996,141843.19
56940,144255.12
17439,104873.9
119422,210025.52
75323,261271.66
32824,169859.61
145875,107207.445
138937,98469.77
138999,62555.02
67725,367379.0
41145,156338.81
15930,42738.15
139492,376928.62
49124,142618.3
137659,168814.98
120994,234656.53
53636,97289.64
47303,474256.2
32152,152468.03
136709,119585.07
17980,93585.99
57676,108423.26
79844,161773.83
117442,60216.656
66531,149115.84
127564,203101.92
58293,356191.56
46119,89185.23
16652,331238.44
11033,350407.38
82576,23715.805
130530,107725.68
114240,427174.72
6709,79266.35
68412,72441.43
15908,88031.375
37204,375377.4
82990,104146.72
136897,264965.5
122870,88144.96
129012,115084.04
118578,146940.28
77409,207781.34
72715,212155.2
123015,69719.016
10181,156977.39
11674,308326.62
121760,61887.355
3375,83465.695
16353,148995.88
71564,57100.79
124278,108420.555
61431,219934.58
45681,232868.98
32558,70381.94
78134,178892.11
40309,335232.72
140169,91328.96
77962,237749.2
52933,106286.25
117951,224531.94
73668,175258.97
28579,54815.293
25211,225414.28
44066,699446.44
139834,164150.12
117480,220318.78
112807,71612.32
134201,176269.81
74493,98967.52
33441,97638.31
62176,108258.89
130385,350380.3
82912,64839.91
146516,101601.625
7515,317585.25
19408,176285.67
10080,87641.27
29699,188179.14
115032,364928.3
38415,248575.39
50570,111857.43
132314,403975.3
1627,282589.44
118166,469183.34
10631,272080.47
46452,244062.84
23489,83837.5
144657,350506.16
67421,107037.23
9468,123271.71
123247,101030.28
146976,344842.34
71732,124401.62
74043,113593.05
53061,160749.56
144489,136873.58
144031,324390.53
23305,525740.8
42424,463942.3
46073,86467.805
16074,107054.266
25153,417460.94
26016,176091.45
62147,170740.95
25261,274364.84
119877,181714.23
72757,173104.23
53828,224823.06
137330,208201.38
1227,106193.48
39949,220172.77
131182,111413.766
69209,173090.72
82931,248478.61
123577,98910.17
44348,135783.11
128112,204808.31
20265,194773.61
58274,305738.97
76237,100279.03
23845,143396.16
20578,170418.3
136859,136984.86
5274,189325.0
45823,329270.22
64319,178692.03
20014,241549.06
80366,111599.62
145789,112601.85
135344,115343.92
134082,200871.81
57941,275344.06
31355,422420.38
52622,292988.3
72612,125854.945
118577,149800.0
10158,216056.92
135976,81155.91
145542,161619.78
73383,163888.7
48606,423781.0
19885,205706.25
132810,106305.16
143864,85055.43
72159,99719.8
22076,129591.13
3851,140188.3
143288,255084.88
68012,147796.12
116078,130604.18
19048,135701.86
59709,223005.31
52959,204587.4
110307,129579.02
59287,107001.48
7681,118455.03
121116,76958.414
141319,97206.46
20066,237953.88
23224,90599.484
33032,194229.06
72419,235684.17
5807,24017.557
52982,51257.03
76051,117737.96
16954,492117.16
19649,387449.16
40255,113756.17
33662,275307.16
18557,119283.09
146359,61649.273
27683,132201.08
17527,192118.25
143337,64166.008
77836,241494.84
77513,84723.13
134418,130000.016
129420,102726.87
126317,181716.88
15548,140813.72
49113,326065.66
122809,185364.86
26908,126401.61
118482,243700.66
51286,300340.3
127260,243525.55
146415,133818.28
28442,197722.12
79210,44248.09
27726,60309.145
70661,56073.777
38044,64400.543
14899,194156.77
69297,98871.91
129604,126901.77
61000,187304.42
114205,478242.34
16460,168609.14
25963,58673.305
146396,125964.3
136537,93972.91
143684,94577.016
35718,619522.75
119004,115323.25
49043,170057.22
22122,258669.19
38282,182209.38
19712,142000.64
111524,176497.8
44992,130215.02
117982,714692.8
7396,130175.875
80160,185305.86
143180,113804.914
115751,190035.83
24781,131108.47
137111,228079.11
64288,58137.867
59842,293554.4
46246,91485.16
66714,73604.08
143815,245626.9
18967,336106.3
37189,135088.7
76681,94082.21
130915,139942.19
69461,163200.92
1561,116483.68
55094,213293.52
39805,116182.15
23428,250896.92
129431,142891.11
146543,468052.1
16514,482201.06
10549,90997.13
65324,138581.02
73817,183583.08
63597,244287.6
43094,109795.15
117365,96420.47
21568,122631.43
11106,260325.61
23729,128441.27
146674,226024.88
55992,144346.34
32448,161269.61
38120,227361.14
112231,56270.25
71419,84823.44
10602,146036.34
47605,145099.19
121288,156281.8
11482,27263.477
31241,311900.2
137989,125575.79
44668,149189.36
55898,80302.516
16622,227416.9
79614,107932.43
114361,53203.36
6545,241127.97
3590,83903.125
111268,40019.586
72383,93291.05
78569,674438.0
67028,312518.88
50317,265408.4
80189,114526.68
55172,168380.81
31684,205391.78
74295,203956.17
121121,57599.453
130286,134214.27
145012,109380.586
126902,196924.72
82542,95381.62
116101,221481.23
67621,69082.27
114324,167344.45
113352,182850.67
12992,298140.2
122573,227760.7
42758,347986.47
28696,168155.3
140478,157978.89
127678,246854.55
137483,222377.19
62673,531876.1
123909,112656.14
124754,141149.34
8619,218839.28
144121,164226.47
38463,129386.03
65835,176128.64
30828,137791.38
996,224792.34
67913,169255.08
82706,110434.9
120525,147183.56
142902,473436.75
19714,163654.14
71444,79795.05
127549,85890.66
146042,82828.28
69999,313177.0
45779,70706.484
79982,255813.03
128778,337911.8
51950,155501.4
25861,123306.305
7084,228423.78
114329,136423.28
16789,67665.79
113344,185521.89
124837,169458.56
12050,128848.67
147169,268419.2
40842,171614.22
18471,67543.08
19124,236416.48
111145,204089.83
133090,113208.47
17870,341196.94
78152,152505.06
7061,206120.72
139798,107867.18
121052,94594.58
43027,170243.44
76090,105120.98
62744,160880.92
27139,104208.15
9726,142593.66
25307,114140.82
57684,243451.77
56713,185961.45
114116,171900.53
122214,206575.16
115524,192292.58
22132,301084.3
21870,169082.88
22184,397366.62
111317,85879.055
126200,288051.28
45550,150637.6
50878,113337.734
9990,82000.305
32432,114223.11
141897,177484.31
54361,157370.53
21789,148523.73
44600,141287.81
81257,82106.81
34599,147389.1
70022,334635.72
48388,284766.38
28196,149374.67
55057,85053.15
16694,241938.44
122209,242507.73
23862,46613.13
72978,124751.06
121816,234834.97
20614,73939.695
139940,261022.72
46430,88425.84
133595,151172.27
20102,235600.7
76112,177239.25
33967,138112.72
71961,337935.47
20214,109647.39
71850,125784.19
38926,117100.03
52727,202456.08
123612,96265.53
110355,176931.81
144384,188104.36
138074,139927.72
22370,124028.32
115106,159796.22
1306,227889.66
114450,104881.93
77778,312932.97
80372,259568.22
39730,156585.05
130718,234077.44
38544,211546.45
63428,80553.77
78222,130053.68
57718,89298.35
47803,73248.12
28618,270878.0
132661,172484.02
131602,261248.77
118734,134013.27
14141,230548.23
46586,94998.984
127369,258079.42
43759,136520.17
43487,248852.03
140035,173028.44
60371,65832.75
79161,47263.14
139294,109097.21
131944,99731.44
123510,103158.164
15632,214650.58
7904,251423.4
22081,190106.77
72608,63784.402
41061,227072.92
47516,100011.68
127068,75256.516
9163,60285.06
49444,143467.3
14219,180297.22
42186,54381.223
81949,158014.53
122401,194119.48
4732,153083.27
10728,277087.6
38980,156997.28
32860,144210.28
78928,237708.92
8851,238503.36
74368,340004.2
68650,135751.2
32238,125533.586
48620,111690.27
140017,130363.33
32873,239868.0
51187,267248.56
136296,246563.52
136958,116799.7
112698,183497.5
116463,89933.91
66453,151233.97
122371,184684.6
4775,313990.75
122795,145161.28
686,286086.03
39152,216421.69
6926,93833.57
24697,129820.484
82558,254630.33
141876,108059.66
80190,258330.86
6957,159658.48
6609,121674.7
40019,112990.82
82221,447726.25
55974,88118.32
11944,43069.816
24675,161244.58
12615,109308.18
48117,170897.48
65079,142622.53
55292,70435.945
9015,369680.03
69120,209793.4
12950,423152.6
113925,85802.12
142855,305924.8
17784,109504.92
50893,514089.7
57667,78181.36
64180,55058.746
144898,60095.938
142566,214229.83
19273,81397.086
42765,270410.06
54981,105157.164
110627,177778.66
137109,98006.51
26460,327175.2
132418,165168.88
146995,134522.28
13199,314420.28
66069,105029.2
28588,180424.39
1149,185610.61
65982,132489.81
116242,76725.555
116072,214541.83
132906,131613.34
129782,103907.66
119709,41110.195
48619,136692.72
124346,232120.73
39265,355858.56
35126,206778.28
131121,72524.164
55902,425467.9
141946,103822.22
128544,413316.34
124071,50232.26
24173,222348.66
140723,114133.23
35899,147520.55
62375,66370.17
11652,266042.28
55956,109689.125
44630,161988.7
27531,206584.34
47442,404897.28
23379,640462.0
3644,247011.75
61975,79211.38
15708,99417.92
8232,90891.05
69401,52137.727
40648,139944.48
111008,94885.86
34487,199990.84
33498,281555.3
34335,73412.59
126595,322030.66
38176,129701.484
71239,195610.86
78906,310156.84
15360,216900.53
42905,136782.28
29983,246382.03
133540,83310.15
138125,220048.95
10723,94582.016
124392,71295.59
6010,239502.23
81075,298639.47
8780,157086.95
146819,120982.16
132017,158989.55
121065,109635.266
19613,86906.48
144793,121801.4
5000,210043.22
45368,264932.06
20772,465093.2
58564,336378.03
141192,202911.45
146471,199857.44
4913,279808.44
126720,439525.72
29421,145580.17
112171,139194.58
42636,281613.38
48884,177626.39
127123,265643.56
42766,173655.66
112404,448562.56
73607,117261.39
22780,230044.48
145827,235058.4
20974,332520.47
125777,145415.9
37336,159999.23
54657,86476.62
14079,43344.75
56279,123172.23
127806,88775.734
34750,90595.62
122641,276284.84
19220,140253.58
38949,140753.75
14747,147057.84
74497,84311.234
65134,211831.33
74518,158875.44
126603,119349.76
20206,345476.12
6551,166418.7
136189,428756.28
136874,65256.727
14436,429276.12
126301,187517.84
72495,162312.97
12494,254979.45
11515,62056.074
53257,194177.64
4252,366383.44
69263,245079.25
11433,166585.33
35263,251785.89
63609,281520.25
30713,485767.9
7466,115577.79
44449,86356.71
133845,80609.9
11813,63477.344
130260,207010.62
112097,131830.27
127685,153226.8
34903,36280.44
56435,119203.914
22756,98025.39
67572,136284.12
42229,363139.72
71721,233009.66
115118,86878.29
20445,241266.14
36652,200111.11
70880,231849.62
118170,103533.7
80850,247937.34
69699,142402.08
143571,137973.98
37124,371385.38
143880,83609.77
114458,145203.48
140855,69031.125
3593,155729.05
39374,227694.48
11492,83619.664
14431,351763.53
74582,203024.66
9489,86316.05
73042,233666.44
21366,102475.15
144355,295675.25
12477,389320.12
129176,132203.62
15504,184420.89
76058,509391.72
143319,447661.16
82328,125656.22
124603,121446.94
145805,151366.58
7193,163245.69
6176,195804.3
111212,162908.06
47572,110283.92
48550,171390.17
47381,106817.62
11522,114013.42
140868,313285.4
124273,205733.56
134449,83837.56
116945,145835.52
6578,147728.03
124842,47715.316
132677,85743.45
21512,229820.7
14166,133600.03
12083,316822.97
112651,113659.914
77263,220132.88
132843,182810.5
116361,105051.72
127866,168403.4
46372,136234.34
12999,152251.27
40776,561174.7
135311,179423.28
5282,143334.7
115035,174183.53
56785,87823.55
122019,268979.1
24469,105675.555
20297,148142.14
31850,120196.375
61592,133983.38
7776,145195.95
73495,152591.66
39104,295476.84
133834,630483.1
125201,162822.52
81222,80115.984
117738,223096.9
60186,219339.48
60972,122477.86
45570,90903.18
115054,112838.73
12206,352869.94
69496,150265.4
134663,182763.86
139142,352919.8
135429,96693.5
16326,75401.24
37331,375873.84
56296,411190.88
118706,356202.3
80058,159617.28
12925,431709.12
10529,112463.09
52850,491351.9
44938,218478.81
146733,142851.77
135350,264072.8
79774,100732.24
81238,191017.1
111218,52930.305
124891,109367.44
77637,85443.805
14612,68758.52
79817,112669.7
3599,139651.78
19190,489087.44
10652,146495.17
59504,291956.72
18470,218937.78
8229,85409.84
37745,90511.21
41146,116276.125
33239,246156.14
17417,75757.02
119509,291786.1
18984,212547.97
144854,281430.8
56781,192722.05
128416,117046.43
137931,58701.45
65203,100694.4
135578,86409.98
110420,316477.5
66640,288445.2
28200,429202.06
142193,155268.89
10090,252634.14
48533,166738.1
16360,212058.5
50721,262258.22
21530,116138.0
68252,142299.02
114017,80016.33
57344,142277.75
8553,122069.8
79966,184853.03
12919,93652.695
133802,363349.62
3368,248724.83
45793,44982.793
19485,91467.6
2907,381555.53
16899,91702.84
48348,230204.33
56241,144844.77
116045,146377.73
120405,123952.74
1700,134877.5
45257,130786.76
41677,179048.61
111234,67178.74
21166,99632.01
55677,519080.75
140560,162306.33
117963,198966.92
63774,109353.34
128498,271684.06
118514,242577.58
136668,176345.3
48232,169010.31
128346,218153.19
113166,161267.8
51824,211412.84
25961,118590.54
125163,125785.64
64750,157653.48
73307,200796.58
140367,161603.62
13100,145862.1
131197,124984.53
67332,146246.1
75970,354632.34
56616,146937.23
124894,117880.695
39672,96241.805
81721,74726.21
40123,94032.73
75165,215481.27
16404,142617.61
52805,226307.34
27448,93058.56
10155,63950.832
74897,123176.82
134937,128962.96
124546,70869.805
25182,81616.08
60847,93402.55
54913,143221.47
64596,176291.06
58763,198233.75
111204,210696.05
5894,193804.67
136988,118570.4
35781,129187.53
23089,57721.496
18351,130311.49
71745,50460.94
142928,98853.695
50630,238705.39
50651,63990.156
22214,191397.67
26847,263365.5
140037,145860.66
140192,89323.625
9981,65395.438
10043,79607.13
301,323172.88
5233,83823.375
11950,46644.094
12551,108779.67
111079,105911.67
43317,234200.34
59527,256336.34
76717,95740.52
112975,153787.12
43585,143929.84
118188,140776.06
7735,143539.62
74671,144128.78
23373,162677.89
26607,146853.75
35313,91415.17
45343,152955.92
143974,294766.34
17091,88900.88
60832,80178.586
31913,231765.73
140150,135723.8
128538,113058.53
113871,228100.73
27488,240923.25
49452,104137.97
32474,368482.0
79719,183267.5
67293,117963.76
142854,251312.67
52704,309877.66
78718,101040.1
7431,149686.95
123902,110258.164
82893,72280.51
70573,74490.68
62137,259955.52
8498,172095.9
39358,170604.2
62633,177592.73
23330,155333.42
5482,176136.25
18005,81167.19
64513,70335.36
124306,242621.75
10352,92660.43
74463,45817.805
33256,312598.8
22702,60325.168
123336,107003.61
8066,208940.27
27836,130795.516
53010,140810.23
199,218192.4
131117,150904.8
124412,123606.19
51327,132108.22
134245,115591.5
72856,429439.72
140617,211684.19
24780,61011.082
76455,192186.97
141766,490202.9
114119,456412.8
53286,321323.16
61312,199861.22
36216,240742.08
12776,63823.18
64487,243664.58
117836,94090.89
47571,112375.38
136972,183244.55
48876,375694.3
113858,194013.34
39125,68663.17
67620,141176.56
31653,82244.62
112700,101057.94
144091,131613.52
11142,76692.32
65335,269685.38
111043,174209.55
128018,234302.44
120585,234245.08
17317,103470.805
74681,174085.81
43781,234730.28
125626,177495.03
4050,117024.43
8106,414784.25
52450,271815.75
131112,267776.53
37721,297010.28
68167,112583.16
126194,146208.45
32993,72335.4
123279,126000.266
120035,311503.34
119630,58904.87
120065,169768.44
25088,258342.33
58511,319728.3
13472,122811.21
112561,410242.38
133143,196907.86
5197,105120.63
15661,452784.0
36010,91575.6
58618,192939.69
128651,294965.6
59025,61321.02
124447,138027.75
58068,109257.17
118307,80644.63
132385,83521.39
16186,132707.22
17800,228116.6
5395,190748.92
132922,165192.2
78051,247694.64
125448,142469.45
11548,36007.6
137899,276682.12
118773,207371.33
30652,191226.86
117858,232550.92
13214,76126.22
64176,448816.94
111335,99283.305
56719,182629.64
116059,146749.31
81922,199027.52
127058,186789.05
113357,91650.35
146813,224520.55
133852,124430.97
14970,364199.25
20373,286821.88
113215,129048.33
11687,204204.33
135891,116281.64
145000,161956.89
49007,106364.15
56188,126060.33
33298,221564.22
144948,548547.2
114220,87614.84
14967,156605.47
20390,117169.69
8879,145617.03
7695,170168.78
120787,138408.81
11167,207680.28
110987,145216.72
28037,219379.44
142365,136002.67
11603,76253.305
38440,75731.32
112512,327540.34
17000,226052.27
73837,148904.9
36189,188053.12
129610,185565.64
82835,84859.695
4463,95638.32
147145,78260.33
132840,408415.94
30776,325975.22
73646,200019.9
45014,143891.36
42981,74312.68
41936,181796.27
33781,54694.297
59717,125910.64
889,49346.527
74290,111654.22
40350,275406.78
18713,388788.8
43920,93795.63
75899,88467.4
25841,141386.33
28721,44157.824
9076,85734.23
45094,504280.9
144207,256624.0
117893,159825.19
133953,240210.02
45926,205173.31
8012,136284.23
69928,75746.625
79996,96385.734
23315,165251.88
116444,210259.2
41948,103227.805
28508,106682.1
34275,74595.984
10409,163970.78
29765,180592.52
123509,209066.58
14940,132479.94
34984,138157.97
146036,224201.12
138463,165545.17
18533,135454.86
119308,126823.41
1551,416160.34
135220,255787.52
117326,208662.83
34532,140782.98
63892,193933.14
42582,85412.07
145660,101343.2
24485,388596.12
143972,175257.08
22805,59340.543
141345,116016.39
19752,500426.78
72656,149187.84
35430,78095.69
12491,169787.48
58242,192622.14
60332,124867.73
112196,169207.2
130133,130010.86
147138,224589.31
143689,59681.742
52176,175919.3
22588,112844.45
131761,147162.86
51381,376581.34
59352,204698.72
73159,115308.49
10669,267736.9
137054,293329.84
121933,247445.88
146150,186463.53
128005,148838.08
9127,114484.65
141974,102881.07
132612,256602.47
17457,151945.38
2109,187585.17
25644,60708.55
141212,255679.19
52978,480820.7
798,390116.94
12220,179733.2
33099,131734.72
136409,338913.8
35928,148741.39
57593,177359.64
112944,146023.97
112157,62434.715
66333,139070.56
3745,375433.78
74665,398797.16
45420,183586.53
133516,218009.7
41258,107400.69
124566,228167.28
42955,123552.98
120462,419680.1
125213,205676.5
129247,104160.58
64729,113344.34
35101,105440.18
129951,154818.36
69103,101160.164
17699,97365.42
126267,329334.22
75470,162654.27
57370,133632.42
132284,269781.28
59953,57206.86
72914,118238.9
81806,80436.98
50310,139121.47
18234,366917.16
115960,139104.23
72615,174288.86
47926,281423.22
47768,97384.83
141238,151615.1
37214,60968.688
43664,126096.31
141836,121480.98
25214,84208.78
76795,188882.19
79734,64128.816
67024,321948.47
64732,137905.73
39245,342397.75
18747,346031.72
3783,343587.25
132463,167156.89
112947,215098.75
80256,129187.195
116028,139089.11
57957,233434.61
17390,243669.2
9432,471106.28
2231,103110.07
134234,105692.56
138920,48826.207
130000,145596.33
118716,455578.06
6689,59312.523
127011,213822.56
34440,607464.6
38873,158405.1
65040,177525.05
143951,61980.223
126519,106687.99
113737,74775.09
23679,289920.06
21276,152132.55
16506,63045.168
51801,243447.94
24592,100378.09
116304,99001.88
136643,176331.78
58766,204085.53
141341,167862.28
139590,165991.5
13368,94959.28
56967,81858.91
50676,85411.79
137396,59394.266
127157,204986.75
1606,184871.33
55990,243389.2
46090,65727.164
29335,363720.22
142651,310861.6
74092,311215.16
35809,253984.05
130640,166103.98
2728,152400.53
113406,252111.67
2949,131591.06
130576,170321.48
20286,308210.97
4001,175284.28
137297,236634.56
35975,248277.8
52891,65672.3
236,227827.95
129956,58911.188
79779,135259.98
129447,26241.207
19058,109472.25
63902,254239.34
7987,182462.42
17377,176323.39
75572,462689.53
14903,157022.19
47864,264005.66
42929,132127.22
121775,95876.85
73844,161909.2
137267,197344.58
68621,58948.344
28761,125663.99
38447,246768.28
72562,94638.664
15120,188552.42
130025,205154.47
136901,262740.88
31801,269278.38
74627,298104.34
143602,148633.48
18735,126525.92
70879,504256.66
56758,211381.7
37292,324441.66
42101,346365.25
31763,128280.35
68195,195480.12
47960,72303.164
160,305846.47
6664,60244.945
82702,256090.75
41344,255395.81
111604,144032.33
34651,70346.84
35786,70713.836
123193,204139.9
77534,153281.38
21003,331456.97
75291,151863.72
14788,245756.4
38942,62197.887
80716,91176.61
38855,212857.5
55882,179575.38
16466,171047.94
224,68607.46
23924,235799.66
43013,120812.09
33806,68257.664
147036,194370.48
18419,78667.09
126048,423291.78
80963,182675.95
51600,234867.48
141254,248267.86
14069,225009.83
30693,190339.73
11801,132822.11
119577,328523.3
59694,104417.37
42165,379181.3
4617,498620.88
118944,51257.043
51344,223374.33
76723,461120.9
113290,138508.3
12636,174405.3
16643,150935.31
32415,36842.13
127486,185205.55
80750,62142.453
131958,317332.16
2249,404225.03
18793,190370.9
10202,70006.625
49471,133803.53
27589,104247.82
17631,134829.9
33082,177832.23
43888,419580.72
131950,253036.67
76265,210504.77
133939,107084.25
15446,165161.05
132522,151500.56
111038,189689.58
42527,195370.16
59041,93665.38
83184,420906.0
72804,74667.984
14159,341445.44
31923,192885.48
128447,144410.52
14439,72575.484
20205,102454.29
45840,94872.66
52777,74822.8
56656,440697.78
139617,81252.24
2850,200051.75
127987,348471.28
134733,536608.06
120503,348098.84
29830,53388.48
69075,325011.22
113019,131185.0
25664,73676.32
27871,168243.14
47254,255487.64
28343,166218.16
38428,102337.17
4166,132279.98
55776,129144.164
6261,312095.3
6213,175843.98
6306,141310.72
40705,140360.69
125519,85013.11
13001,161506.92
76074,197515.5
52619,174256.58
20539,43704.496
7944,87900.945
145018,146517.81
27407,108748.66
42878,249108.22
68558,426025.7
142850,59474.117
33558,181926.72
147016,162194.83
146284,349010.28
34035,41774.516
122324,269754.2
33187,82997.84
60480,187975.86
82334,409000.2
71472,179314.83
20116,268794.88
56371,97941.94
78380,169759.23
76548,274585.3
28388,282211.28
134395,62682.863
2206,198632.92
127719,78964.91
123696,118791.33
76755,229350.28
42840,275311.2
133346,124595.51
28777,181716.64
120900,295061.72
64239,161455.73
59358,104376.055
131310,183972.9
113987,60058.77
17008,86773.34
137031,157322.66
4204,41035.97
146170,100623.67
15195,104906.73
64298,124431.84
63988,173726.67
112002,393078.1
30517,421091.38
142728,240404.83
48924,245610.1
50863,276621.2
75650,342460.47
66678,143438.86
42964,148910.58
7674,136519.4
2588,113304.44
146337,153088.64
7315,268197.3
57759,34868.008
49749,80725.09
42173,105328.05
118987,523682.0
46040,361833.62
37559,120311.62
32735,49601.83
77996,148485.2
53814,221294.62
141421,262332.0
129819,109222.77
71461,273436.34
125727,148462.81
52537,149028.28
35102,111679.836
6975,66933.64
34375,112426.97
52486,179959.48
126785,283080.34
131541,57677.223
46749,107823.914
74689,98474.25
24653,72554.07
9748,239573.52
69780,100300.164
41721,250369.77
46170,191547.48
34286,51285.742
25111,198570.17
27507,318694.34
142972,335281.28
50502,118429.234
62587,106647.19
23709,189266.86
24046,146609.02
11997,115199.84
141032,81844.664
115376,101060.54
69802,294882.47
60395,195465.88
34481,456076.34
59972,163669.2
5889,196730.22
1045,355340.6
79784,126239.164
65758,105057.42
82769,217396.62
16010,241715.39
23326,89602.85
139811,147500.39
74589,217474.78
139386,112278.57
38659,133674.12
60842,79412.49
62801,204408.62
13838,129548.33
75255,377222.6
136190,65507.69
24475,288979.3
77188,253121.55
29973,593524.6
54910,143361.34
62706,154705.34
132533,404462.9
29055,117217.41
52929,121106.875
60452,141851.78
119859,511773.84
12544,101185.3
134800,93420.15
20686,245967.06
61367,123502.84
52114,97785.625
38996,114047.79
134404,337870.16
134660,292530.75
19409,88537.86
75297,243061.84
56353,142008.72
51275,79176.77
30247,304825.47
33888,184100.8
31853,102570.445
68813,95195.99
117554,101552.07
46521,262190.94
63420,128856.94
33310,115494.96
146250,169410.89
28174,190678.75
67012,241560.44
14577,123632.83
59379,157603.95
119602,97424.32
7248,287431.25
20323,164893.78
71088,89646.17
37762,99672.97
25596,232277.17
135211,140944.89
126025,178378.7
62532,139670.53
26726,459249.94
29027,117413.63
121807,148236.5
15013,212044.66
53670,82851.83
22845,199139.19
54288,207345.17
13003,261752.97
3669,108138.91
42806,181267.2
34840,225126.23
136557,184891.2
80799,231962.86
20484,146072.47
33894,141098.98
15956,95538.2
114704,314013.97
138031,119955.71
136487,86649.695
27721,69297.33
143485,172835.47
8311,125451.93
71215,220243.64
23676,116287.9
145084,359606.22
54113,214689.31
119606,291098.16
20701,445990.06
119707,51918.152
130895,53789.574
65023,476019.3
145323,218076.75
26691,140194.9
17342,281041.1
138573,122210.58
122492,178599.58
63329,285696.94
36219,207016.83
114321,181874.17
57577,311360.34
27364,135550.53
129109,286954.6
37297,51335.098
65080,149758.77
19285,184068.39
39173,89540.93
56280,328485.78
37972,139612.03
70546,113796.13
4207,205958.0
49666,42961.777
73117,119339.54
80117,219895.47
31239,81786.68
8420,130555.19
14407,185873.77
64862,149637.62
59945,111015.82
146951,231478.05
115056,398547.8
41568,191913.75
138593,175308.97
130144,126983.87
82802,129467.81
123941,401053.66
33622,456450.84
8306,205658.02
136137,71550.68
120956,216622.1
7926,97731.234
110236,149475.58
54521,99704.87
38529,241393.75
34952,145143.5
122272,201561.98
2960,417477.28
126351,172836.38
146015,57420.01
113294,265094.5
10458,258116.97
60971,126968.99
123855,107649.33
47883,109623.36
32120,141993.1
20531,126627.27
64769,201259.3
62258,145721.4
34582,128056.31
113677,325519.56
124206,49697.62
6634,92080.29
47224,203269.53
75898,52449.38
6199,122639.86
51209,190140.92
114345,273158.16
66245,103391.875
24299,217432.48
13128,172166.56
127942,417000.66
44741,148732.58
16132,308778.28
135208,107901.805
61390,155711.2
2695,180976.53
22542,90305.03
74646,187352.7
34954,116365.164
137217,402500.25
33330,95921.445
40736,81998.3
14618,496407.25
18149,92791.73
45515,277072.0
125056,185726.88
117320,106887.07
132259,304388.22
28048,87980.9
6903,237615.58
116103,222360.23
59739,82336.13
39901,170371.31
53323,109096.86
133408,167589.5
53048,404486.78
81927,91124.77
18180,205332.28
27191,246735.69
9580,99813.45
146838,265539.47
77528,86642.414
75863,404319.8
69004,178644.14
25903,289531.47
23781,246700.55
128394,250078.31
18488,172596.55
139295,43699.97
74192,292545.1
123633,44227.56
36958,109882.09
67444,92564.47
14040,158337.17
144467,86541.016
126116,288149.7
6095,287117.16
54904,136017.58
25936,136422.67
66394,251987.25
147188,55398.6
17206,119531.89
29460,230081.62
62920,173228.39
57212,83964.79
65540,87709.15
141394,229545.97
124810,232449.55
38236,248412.98
14948,215602.34
11481,69784.1
27685,160341.66
120253,233712.97
61180,224619.45
68197,311164.66
48874,152068.19
75174,72925.06
46742,153479.62
47916,86615.18
37584,168410.23
69306,71190.42
116850,94811.37
72779,133965.97
16197,242386.66
130203,83304.11
39707,128172.01
25593,80104.04
113923,290758.88
19055,302489.1
145643,34639.492
124826,228700.86
44135,178184.97
59563,180290.58
113466,177020.39
16420,204042.22
76772,104072.38
38567,282181.44
67416,106250.83
40899,384391.3
61813,206296.61
34270,304972.8
76022,241067.1
16576,226577.17
126217,261380.4
71508,57480.742
6600,91618.5
64472,157501.67
122684,88756.86
75887,113504.8
72224,137326.95
81749,107546.445
18598,94280.98
48608,83407.28
63767,430615.97
124413,105067.75
17450,113772.86
34008,185491.05
3266,121369.65
719,302471.66
61664,344495.78
35556,109950.58
47574,108090.53
68952,222993.11
127094,103823.516
142926,194836.27
12148,54822.34
78999,133895.05
48584,281108.5
9455,90575.836
17638,79054.83
131356,197942.4
141266,203919.08
80595,155730.08
28217,125256.79
16018,110450.88
125259,36967.914
146714,145896.48
123594,141512.86
74806,167253.73
12961,138263.38
60650,60000.254
130518,136449.92
115244,293909.03
58009,264099.06
75997,155230.12
64959,164141.2
123093,659393.94
120782,113497.85
2721,255250.72
66269,243449.89
146164,244505.17
8181,105199.13
12625,146322.77
139648,246712.62
123311,115542.99
44880,98316.234
62896,560349.3
141024,169360.9
119258,170444.33
143092,216557.62
74703,160114.4
26361,122373.04
121394,374538.22
143330,410395.78
7858,100370.25
50897,99822.35
51574,113380.46
51734,124077.53
137574,105761.52
24711,80703.77
27020,297050.8
131090,95432.97
111878,90969.734
126469,130407.32
123030,241499.81
126433,231138.03
132617,132436.61
41018,202956.0
7484,253829.47
15448,89281.35
123082,102864.38
33101,224215.53
127413,516585.72
131833,72870.48
19219,139017.2
141438,226666.72
128742,192718.2
126699,124175.57
10745,84879.055
63986,78932.9
6937,134968.14
44725,67133.24
113354,167024.72
16928,322430.66
132544,176813.72
18210,155971.12
26923,105664.5
15055,254673.83
47511,109690.695
56840,122540.586
135178,76986.49
135623,39400.48
142775,102398.055
142130,77474.74
114571,307317.5
47395,147782.12
16309,247786.69
41037,147659.64
70567,186492.69
23356,159773.52
78504,135424.38
30252,118946.15
78950,169023.17
122167,511390.97
8337,132320.22
8020,329854.66
26707,172127.28
11374,255977.97
50057,74207.914
112185,85741.18
54843,118478.58
26190,134401.17
41435,141517.89
127494,244287.92
125908,122239.66
121019,74176.57
62793,179934.14
4814,68031.56
125876,124454.125
47244,240207.36
126769,221662.47
139474,56717.07
18518,77440.44
39305,217232.2
132449,123021.08
61136,257855.78
58297,190711.17
33252,117569.34
127688,167297.12
131688,44898.195
116126,83870.29
127797,456178.88
142567,70096.555
43625,198013.06
43773,183781.77
38864,124394.914
35321,75631.42
116474,105496.57
115574,213771.02
65053,136519.6
61060,82320.25
69608,247593.36
54041,534128.9
131603,168341.84
75852,74763.57
121715,187872.83
136696,97758.195
60409,248353.42
53268,316728.62
52143,208526.55
134283,53930.277
16025,85734.84
37225,175159.25
17211,277570.66
50133,69607.625
24031,71023.76
45809,119802.48
54781,897949.56
48353,204120.39
67159,249213.52
133765,155633.5
35973,247950.11
120984,155658.45
55276,448267.7
17722,180997.2
41645,229188.02
134061,250277.75
123653,368072.25
35220,144358.81
16819,377108.1
79744,74675.67
24973,169236.05
60791,201518.42
133007,140949.36
132707,238325.08
144378,151016.72
145406,97855.91
4599,229023.89
131309,93206.19
81919,47313.414
141434,115557.16
39418,231494.28
64569,183055.22
50708,455174.06
135142,445504.0
146441,108449.6
81980,143288.8
43126,76796.07
49965,291258.53
65829,146825.73
5525,404818.25
140084,124287.07
112805,265610.28
20127,406579.47
131842,125816.36
74510,324863.9
62095,196592.83
120258,180876.55
140326,179182.33
75780,83606.016
18340,218418.02
57022,280127.84
27312,142500.11
112796,83011.8
69781,123370.02
35188,213980.88
68882,148556.81
140160,88491.07
11397,226867.38
64878,141316.25
136448,134337.53
79232,65723.484
134912,346543.16
142341,108685.24
135152,373554.97
58518,137840.6
121714,81063.47
113349,127680.15
143590,88752.57
133601,141113.28
134393,68506.15
11334,112227.21
74099,62064.06
17539,140441.61
20964,128460.86
124435,90583.58
146882,62846.355
1862,239740.17
58041,346594.8
21812,340004.2
3618,172607.33
72312,314250.25
58622,283021.28
27561,139558.78
11403,146992.2
121938,155130.05
20953,104051.23
141141,106206.26
144084,100892.81
19378,134828.47
38239,91100.055
17696,187956.75
132101,105043.71
57813,76517.52
64293,123661.39
63616,46869.47
43543,135247.8
110803,164766.9
55143,98613.266
20651,489075.38
78073,206633.2
142708,173915.12
113996,84412.336
64135,130216.55
74024,182690.62
40938,114654.5
123453,518954.8
50334,159689.67
33869,129720.09
122957,96661.14
68385,285707.03
141223,103124.484
135186,176415.92
67871,134712.27
130342,191341.33
142686,84786.93
144949,112456.34
24754,130943.36
16369,138016.62
125239,134875.47
143537,86090.21
121786,64935.473
136389,92590.33
117501,86274.516
127479,403712.9
143913,247825.97
39804,113665.4
141792,327952.25
133757,329199.0
20506,202632.06
47286,161663.9
81338,223162.92
74966,117914.84
33075,175612.5
4283,111329.05
26456,88722.195
52096,235916.28
116932,115041.805
79617,71107.59
44159,277240.97
76106,182120.28
76803,71592.06
11346,264184.8
24185,124772.914
26766,71251.77
124321,70097.89
24358,168890.97
132881,188415.42
46766,165254.1
71208,385492.44
59878,74515.94
23687,269147.0
124713,403938.47
117269,157886.48
83194,133219.89
68487,101118.87
36615,90360.2
132582,172354.08
18648,127811.94
75501,231455.69
32344,245352.55
57921,162312.3
15416,72886.02
1062,125520.43
10189,138264.3
70077,348229.4
37452,145429.27
18196,132747.69
113999,197240.17
17966,125775.336
112662,49416.16
34573,188934.1
77595,78687.375
33560,34977.836
125661,117133.69
38049,129145.8
68625,133030.89
43111,262125.78
116532,187335.02
77926,175128.58
32160,179688.95
144626,76451.07
77985,152801.39
144886,164464.9
75067,126677.57
60213,176801.88
120373,153042.86
23705,109458.805
61617,67127.37
34403,49189.734
138197,68661.07
70271,124139.57
124795,119404.87
36721,118664.02
110689,201577.4
64094,104186.46
38730,162232.05
137866,334543.06
115885,186976.92
38237,374567.56
129098,81035.37
11409,217403.83
67306,231441.11
24654,66736.26
40924,200806.2
57930,85918.18
2147,147773.58
141509,124931.17
78693,207765.17
15162,159607.25
126046,135540.94
63166,252979.86
19129,202369.84
118453,199497.06
120008,64300.797
146367,183654.25
41314,59993.73
13816,226887.6
49958,202826.2
128744,152244.83
44782,191767.47
17957,159063.77
25356,212403.58
3066,312560.62
18878,373420.12
131543,255147.55
69752,180207.58
25569,231056.48
1498,101676.695
118727,51611.047
123328,44226.145
37957,149848.6
136795,181427.88
124571,65864.88
136629,167707.81
42560,233016.11
64431,289621.72
110635,143599.27
8157,196674.03
42687,236450.98
67994,118840.555
127594,211685.14
55833,153400.11
4723,223277.28
12524,166643.38
14360,85266.32
132851,121686.77
52289,133576.12
64688,195267.36
71118,126142.805
139397,105992.58
45433,70511.945
147019,174933.31
68185,102802.13
63691,102135.56
143721,341464.88
121477,108282.27
141209,157347.02
129938,59903.797
127504,74143.54
127117,152418.38
41207,220547.14
6126,227199.05
130201,291189.5
26878,112216.78
35721,169178.02
129001,71814.69
129228,277181.44
132402,263985.66
47678,102916.55
35121,250993.12
143075,234030.4
75879,101952.03
110237,312003.3
129257,257311.08
461,105827.55
13360,263852.22
132268,154831.84
4742,155974.12
74279,104398.445
80903,76385.34
121485,223848.88
4487,190376.81
2856,71109.85
4297,261862.84
12351,90450.81
125773,274341.6
70677,134009.17
113612,277114.2
146893,163438.38
52210,130923.984
46145,82496.38
22802,191908.62
55346,148100.9
20097,259916.7
11100,86243.164
41783,153064.47
139693,169719.55
33928,142993.12
122119,100868.39
133147,136996.92
15983,165382.7
134473,303199.2
72204,342404.4
73964,405285.78
17550,293110.22
80637,76426.32
118851,63218.35
52452,99924.055
920,182696.06
41326,69442.38
42051,155732.62
135691,308540.0
136930,236289.72
27395,172566.38
42609,352247.28
142582,310562.62
12521,424121.75
137371,440966.28
17828,137445.03
61703,199725.81
129216,197697.22
33513,189004.9
39259,141692.58
10428,423166.1
42745,65494.074
140601,100297.96
131085,127800.47
52532,444479.44
76801,94639.34
23949,165497.73
17936,111986.97
72292,76906.26
13415,91257.08
65618,399336.78
126961,259201.86
54251,174610.06
53238,81482.94
132122,298595.34
36949,90562.016
64154,140271.17
116561,49861.297
115232,195475.77
16086,242724.78
42904,232444.89
53374,285379.22
67348,311321.38
75959,240333.05
38060,302516.8
67256,253989.55
82377,82044.38
7933,249900.06
48079,150766.97
132730,76198.09
142918,242949.67
136685,154118.69
37391,64956.875
33176,116745.12
12197,187713.5
126085,326866.47
27341,93166.4
27083,163310.88
23314,266666.94
19163,100649.48
15274,125138.22
139093,165837.64
147182,102836.73
13417,127505.9
136115,115169.77
33170,264468.88
129402,230532.45
5132,131473.64
33281,125717.36
122632,230692.64
140112,442740.4
47372,86422.83
144211,247018.06
128514,249951.69
20335,246203.84
17101,213811.98
71106,322738.72
51388,257097.36
80192,210208.45
46893,98250.26
35757,138166.52
5056,46733.426
40095,265931.28
127662,128411.48
31620,222480.31
40615,115430.49
30009,83830.59
385,142730.62
130310,63325.81
541,102251.48
28851,117852.21
76424,80717.23
66081,189720.44
9243,61450.93
124007,230224.05
52026,76135.484
140655,141502.22
26290,113169.91
134551,140976.73
114933,186725.25
115961,206152.55
32492,100483.62
128508,169914.2
147162,90233.95
125440,135149.38
17872,96543.67
54841,118084.65
66722,209422.58
48250,100000.56
55153,90579.125
30655,121919.09
111155,248756.14
6170,64682.35
64759,66882.99
117523,146775.39
26652,170474.28
33462,101127.75
54016,305652.44
36215,150201.0
30496,264076.22
146234,228376.28
53842,271819.03
127390,122437.92
39222,103654.89
29906,159065.02
123218,291679.28
26980,157128.5
63429,257790.28
131315,505558.7
133122,115807.34
115095,358724.6
43728,63311.816
144261,174900.03
78811,240416.38
131241,116143.484
116401,128179.15
111158,175167.5
118839,215702.22
70611,349685.66
111527,689892.6
32380,92439.61
9870,453732.2
17718,214526.23
111778,122379.04
113301,141872.44
52030,45986.55
28240,103012.19
75888,164649.97
17534,233396.72
12337,184262.4
6891,377063.0
71680,146986.69
125493,141920.48
69993,136115.75
75261,138784.44
1990,149962.75
120817,93774.79
50435,121373.125
33410,143314.98
17737,55179.55
146135,241842.8
62064,113063.47
55196,266824.84
114871,122426.984
30433,133535.19
24615,119970.06
56052,127886.26
63607,189536.1
119913,59553.582
20528,96338.87
50299,71591.01
112353,200390.78
8863,70837.16
146117,126991.63
143348,83545.55
139794,136434.58
133703,105988.56
2887,199213.4
63526,202064.69
74921,171527.11
50318,451861.16
20096,327495.47
12354,271279.88
28622,179779.33
81081,259558.33
78281,106521.25
34718,239040.8
28628,143123.66
62952,75117.586
2344,274713.88
79470,252534.02
58964,278913.5
82751,134678.4
116020,115645.195
136371,216883.12
145850,86331.086
122533,120171.98
59408,105795.43
28950,245163.45
32288,172603.72
52137,270441.5
25806,73332.02
30060,111747.51
46664,65223.85
79499,69763.05
44672,226533.95
142493,263591.06
53864,295844.12
56592,111295.72
2977,208991.92
24271,136714.25
146751,175894.77
113268,260010.61
76406,93284.92
144302,139940.27
9146,126246.41
56565,145132.48
139961,271710.84
52250,584922.2
136047,223685.67
138014,236562.95
123233,47384.96
74253,463583.72
43133,111323.2
17016,157085.61
57019,157133.36
71152,158704.45
22381,168353.55
112920,132817.7
18213,138592.2
118703,459193.22
33731,99757.625
64645,320185.53
122406,136411.77
51711,95149.72
61926,141899.2
117164,306672.16
65619,243470.28
24105,291000.7
113950,325459.5
145152,270498.62
56326,358019.56
25734,232725.58
6233,175983.5
14768,102945.07
12534,187882.9
130332,214379.31
4434,197060.36
28206,465114.78
116987,457102.03
57262,341817.1
130292,224182.16
5232,268486.47
135940,87766.06
79364,173647.28
145025,215696.52
1100,214035.64
41208,99458.27
116292,171727.97
63292,124488.88
140908,120882.125
53115,83580.336
142885,79651.8
74154,159490.69
138233,200341.3
25068,132023.62
125464,84107.31
131476,142381.14
31906,446172.34
74217,256734.14
112101,175782.9
4378,109948.49
21222,240297.31
125031,345729.62
142647,44648.566
118153,107545.24
145889,183605.3
115286,128455.945
135523,195053.58
50769,57048.605
124949,127522.195
123926,572771.06
43891,158797.62
24901,124036.67
132303,63147.906
135325,148280.1
123405,181088.62
66363,130403.305
7782,628698.9
4354,397041.47
131501,262706.38
4369,100863.984
14047,67863.23
39777,204557.94
49479,163633.69
140425,170880.53
114171,172152.52
863,148532.92
11807,69667.164
143498,155612.38
41971,95392.43
47925,104718.445
137878,159902.38
66891,124925.8
45995,119749.9
73895,210851.03
126033,232063.27
22416,186798.11
82041,201037.69
132074,111052.65
69870,152457.84
29608,238188.62
66581,100066.86
9832,107516.664
142189,106326.01
11278,95288.22
134375,142818.48
71658,199419.98
73073,153895.2
111353,111430.65
19351,115454.9
48976,60098.37
32055,106917.375
35628,165861.44
126027,45262.387
29264,124439.83
38714,125936.92
45876,226180.62
475,173731.27
7284,82905.31
133444,105560.8
58403,130544.26
75304,589997.6
4996,124410.56
111193,535850.1
6294,110201.99
5383,259452.81
126045,121244.5
6890,524094.03
141007,349623.97
4151,118265.336
4633,120991.25
3372,268299.72
144609,85991.98
138252,133750.9
136674,110293.84
38542,138314.14
145379,126400.37
144780,237522.81
132496,195817.17
18481,106871.92
15091,290328.5
39698,189981.97
41365,125279.44
4516,76086.8
61306,376160.62
119179,84030.22
66760,94111.69
69111,88045.49
14242,223039.72
117868,172349.77
125762,173168.2
55157,201883.31
22731,90850.9
2743,208308.98
112750,114122.27
50801,143480.98
43525,290642.3
35322,123582.52
62496,56679.375
26540,390713.25
2445,210353.08
79233,55076.832
15331,382319.62
54975,102611.47
51072,246933.67
66936,144097.08
31854,253637.31
15747,167390.11
69692,89564.27
134527,291516.88
122382,377887.6
24985,222046.44
72349,238349.17
113336,248860.05
141052,84482.78
65669,377233.03
42461,118405.55
65827,105300.46
38553,158022.69
52438,84895.086
113629,122496.72
66197,151630.72
41917,155089.36
78048,179626.0
57666,254272.14
124691,134339.34
42265,247975.28
119211,37285.707
21409,121888.91
1313,143438.33
15339,134453.81
81863,390294.6
12247,163355.69
81356,81976.94
78598,145911.08
72280,289559.88
119752,132563.44
29664,266147.62
122298,177462.62
3248,145546.67
65555,134880.8
132801,82768.5
20857,351017.3
44777,138778.61
34244,87136.06
67329,38213.32
6866,79847.89
6246,298056.16
20404,125457.72
27788,151545.84
128212,88647.375
4735,308858.12
13928,193528.75
131918,787182.2
133913,80735.19
29716,100992.06
38149,287096.1
135271,80771.35
69640,194842.8
123929,134357.08
54864,121183.56
769,152533.62
146442,102330.57
132215,96499.63
115745,45854.32
131673,51442.86
13467,138366.98
59674,78572.89
14557,100236.72
142032,93921.84
11290,120554.8
58855,209142.69
142522,87713.14
37278,58494.586
82506,181368.23
9722,124980.95
30085,264827.53
146005,329270.38
65337,70906.016
139991,315369.56
143299,790979.25
39600,202052.12
127689,85724.4
12539,307162.16
76044,320897.62
52633,303094.75
28295,100034.42
76159,230543.42
6958,155908.25
73364,150644.56
78925,137368.12
48937,225607.67
43450,153481.06
27316,76997.945
22565,127721.65
42390,170326.89
129952,167218.08
57302,265754.38
112413,168557.62
82699,98912.6
126644,153870.84
2263,227943.95
129292,115874.46
59405,161328.08
66966,75411.51
134927,158949.28
23700,100781.21
118860,96126.33
1803,290140.0
15109,143852.73
116179,177266.97
9264,143531.8
110367,214917.67
9106,138258.25
129032,452964.3
133099,163446.89
122666,218277.17
23848,75014.08
36878,71825.664
39262,136456.48
120105,145901.84
16602,243776.4
140933,115582.69
143035,202559.03
124060,162167.38
37574,179670.81
138186,98974.414
139091,216087.84
79935,222793.44
68870,377350.22
78524,373144.7
26386,84282.76
41386,109558.05
115282,212666.88
44233,199839.89
5128,228687.84
123781,424559.3
57573,253331.52
113940,141703.98
61332,350347.56
15347,309624.3
76105,131292.28
43259,119463.734
37171,90610.31
125618,169742.38
26813,111249.5
140881,411190.8
2213,108929.1
11249,121181.06
110953,207604.69
35766,153340.34
50319,78287.914
64580,57001.31
71533,124218.29
127840,74913.375
56379,114872.8
13857,180806.7
123330,51747.402
147170,247989.36
126056,79282.24
131528,457295.2
55959,136000.95
40636,125951.16
40020,162695.89
76056,181295.98
24335,159025.86
134729,292862.0
16984,202083.69
66639,251926.17
52546,84340.27
25,236085.47
120370,209510.58
122104,254243.05
139903,141627.16
49323,234798.73
35935,184130.38
137635,154931.47
44126,271854.97
137722,217217.27
38720,452074.56
143837,244005.36
146697,216015.17
112273,99212.49
49592,139588.34
31955,180824.6
46086,111541.19
118630,73208.02
15349,103528.89
124683,43666.367
130922,198573.34
68285,122555.46
111289,85581.52
17535,251411.28
80474,60910.11
136199,60582.496
16173,244615.19
42178,266330.1
118939,78655.336
145807,236833.95
143702,294108.7
66468,284289.16
37242,84411.016
40408,220227.94
142729,169291.7
69175,131853.83
74102,91898.734
77680,203570.88
83069,257807.55
32786,61235.805
144380,522486.6
133067,276412.0
140776,338872.5
46400,223209.7
55651,132058.1
49247,234266.5
140202,57937.875
116434,147739.1
71970,110066.695
50725,256781.4
46033,166648.83
66925,174628.47
113327,95176.0
13662,226292.16
66456,71031.54
58476,183813.0
130574,113709.81
114621,554168.56
54607,91742.26
119948,69751.79
127861,219759.06
16684,76944.03
73744,111755.07
119869,79717.99
127611,199358.33
37113,222490.31
846,113940.98
123975,342231.34
78622,122890.42
58544,159617.92
61584,91153.3
126804,63529.008
27843,252073.88
53210,359622.1
119201,124079.77
33864,132249.52
26491,148321.23
17681,249938.16
131996,62335.21
74131,182260.1
75678,135764.4
79432,177313.03
64234,181579.36
110376,122202.56
54966,269230.03
63658,190629.69
4093,408228.03
116377,153290.81
44906,289084.28
138586,210754.48
112028,86601.64
69719,64360.86
6967,259234.3
76201,115275.46
20208,117803.6
59912,188362.39
143315,252536.58
69991,192774.64
18748,100168.53
2649,212814.47
69820,267576.3
124473,149295.31
51329,318643.28
62119,127669.914
2912,119031.79
32969,49325.9
18823,205845.08
141555,162577.06
44976,175172.95
6871,154858.06
48907,60206.254
7286,143916.44
142780,85354.14
30038,59209.41
126957,137767.38
78460,92638.63
67573,382941.5
13866,232832.97
626,225138.97
144799,125674.75
14745,116576.414
33371,87262.54
117278,128404.36
48682,67063.06
125171,135124.31
3029,186015.73
53507,157753.8
43297,127930.055
10315,188744.23
112374,86816.69
75411,125978.53
54011,142762.17
113605,138284.73
76620,247425.39
32742,203744.64
65461,126277.86
21793,293753.0
39505,159990.42
77786,175653.38
20077,41814.457
74104,179556.94
117177,103498.84
128965,245496.44
7116,73306.37
56449,83267.84
49600,208501.27
20557,88661.34
41215,74342.95
50678,395181.56
146670,227616.64
46747,179744.0
31534,259405.66
18645,211846.56
125838,116362.73
55885,67870.516
116073,143547.45
8828,158548.6
130402,74057.47
17538,257720.48
70797,582854.25
129906,505810.84
23912,84562.914
61835,188504.19
15240,85731.06
41234,231331.34
37464,326114.7
7051,220294.03
20360,323644.3
65488,292632.7
63917,246120.66
38198,137610.38
36434,132603.78
127452,81089.445
53265,83535.08
119918,159806.6
18634,302038.72
80641,271148.2
23100,112289.87
19879,277640.16
141859,144132.31
140113,83058.234
63648,93458.81
139281,265312.28
77895,348878.47
60458,112731.016
18875,272710.66
140686,76850.47
72088,84411.24
67465,119014.12
141264,154916.69
146717,101071.54
51375,84018.53
143783,117530.91
118622,312394.56
117418,173515.84
58243,172768.44
119942,480772.03
114067,116379.62
30373,109762.64
72659,103318.08
55015,117905.81
66297,184611.3
134425,368728.6
139139,203478.64
50281,239526.62
144655,168933.94
130090,198839.31
9716,295277.1
146608,144657.1
5352,219962.12
115695,485203.44
127401,111756.33
61850,334040.28
125529,104019.15
27731,137629.67
25774,389811.03
131190,257159.52
74511,95816.11
119052,135627.52
110426,430849.72
5357,103323.83
8244,205457.58
46757,128435.28
81267,419210.47
18651,253836.42
8706,102539.35
133736,201142.44
115213,187534.05
68703,112556.73
143384,147618.47
119841,122461.67
120320,113282.055
82964,240258.56
18029,152548.42
67345,107876.82
49977,314783.56
58548,143317.5
115151,90836.195
122834,118647.93
112107,437677.75
62961,286020.75
60885,152809.3
117588,190967.84
143377,192383.33
7043,48903.797
146383,121461.1
7803,319936.06
73079,144071.89
42354,70482.12
52245,59503.918
9069,94821.23
112536,262269.7
139747,34944.2
18920,138787.47
26761,448582.88
66644,115655.6
18490,579144.7
134509,45488.6
72494,124894.016
72557,187470.05
4243,246214.48
15769,64920.38
123534,110182.33
139325,182588.62
7497,183349.22
81212,123709.55
44378,266393.6
22652,172318.19
146377,43438.152
120427,130576.77
12913,136583.9
145960,116811.234
66440,248355.95
29047,99243.586
81762,339680.56
137332,84480.37
