_id,price
20886,66120.34777354338
117465,139496.12287215673
125220,497800.8031038478
77683,143116.1593001049
77672,251345.21317057655
60719,81875.21242443635
15330,171748.99186848328
31409,259084.06268327156
63045,222041.32465643028
81343,467789.4025385616
2152,143208.76194133802
9788,168119.5289700863
131440,222142.82579999845
127143,240315.42330049415
60964,172012.04424528222
11897,70188.94094907153
28349,113475.1328605786
129800,110381.41600013786
81782,183530.44068051083
3998,100797.50090905164
64497,246675.92287171818
76529,143062.6631463034
51041,214175.08898877495
55378,211285.46260991626
52411,127433.81566873936
122116,160798.93073535996
131,263575.66570612177
135109,91913.3836690918
48013,353007.565037
28327,152797.83676738694
58077,159277.27421882984
18876,348669.59049748746
143327,218113.96239861066
125842,190375.70975064527
65781,63533.28382513307
80430,44660.28562137764
132205,236665.42203396064
2416,104366.833544572
119702,121443.29428222847
1772,242957.47185445554
78641,294040.39672267414
66304,119406.44912446017
4247,239730.2846994602
24308,107102.76107796289
61599,155916.39970343641
118050,47131.58979919656
118277,263564.4087918987
27390,99262.4054401225
29103,159997.48193336488
137207,105910.08710131481
20877,85884.02228052748
128650,312496.5698571827
4179,228640.00432939603
73892,58252.92070441845
43961,169855.80606790152
17915,181844.41299493314
62000,161642.33125513213
130592,246214.2137815405
115347,296339.3861467399
12651,133753.1929661696
137671,266210.2034228373
110726,388360.19017149106
113287,86042.96990311134
62979,158277.6346991646
124783,66907.71184969791
1456,328397.4004634463
79544,90439.51426730577
72577,105103.19012352785
114247,115302.15004933032
43508,51621.1902530593
9338,75898.9532524698
41767,235266.86538350524
1714,91203.665190203
81526,81679.14591014027
20024,223522.38403289707
76305,196160.4128847533
118710,179320.42367396114
22270,204215.652206133
144919,143370.95944771805
116429,248427.42186514143
44360,294935.3125809345
124920,121456.43605717804
144566,142083.3053954795
141662,162340.86541537687
118888,235031.4819782023
17739,83289.51567108893
112825,89317.90306449877
33302,263158.0400584507
132955,115345.11225505586
65666,318247.95650700224
135088,234606.59133516398
143170,119113.16485536005
81953,145726.15522861865
31689,121925.78539708408
72768,217424.17122280382
13599,185517.42983506003
40876,158980.05869633323
15794,151844.74847995036
52118,269158.88386068284
79149,36888.72614252529
56808,123225.0550200099
48801,89512.44356623308
9502,272029.78065654216
4846,105310.23728325486
136647,155308.15403494248
43618,104077.28186182256
139136,329909.8129151795
22401,88902.69982957612
52705,157957.27686409975
52220,67996.52496047606
10912,80817.24687039343
24403,353922.1997358751
55494,168764.28422202833
77273,111301.86773684832
26023,347681.56704714755
52481,153689.8740729066
67193,506090.261311747
20033,180414.56393366435
41597,66699.61865583781
38096,152106.54596283913
39602,210453.9233953225
144617,479537.5990707694
27642,134821.03474839812
70817,274329.3616600499
64049,188728.36587861853
3184,141555.39622715607
82178,183255.29252951697
130494,366183.93799384753
62905,186894.9033107843
18536,119855.19522398365
68781,87875.61036699073
32035,162568.83771090952
75749,112267.70409027407
44580,66349.01898552026
140094,254912.28152229686
45231,192097.8741842113
134569,102897.55559241785
49807,129347.31930847067
8185,132445.60983470318
10900,104609.83858432816
38388,206774.26084990325
38330,93484.2129926676
141479,159906.19005042128
63614,60770.23522212727
70981,355429.0439952812
59302,130321.81935366808
113312,299750.6024286611
83121,175305.5747187201
36,106673.92160824599
2551,87755.24128130951
21698,274965.97634625674
68419,179502.10141730466
147172,181111.9599326043
133464,156957.06069827313
128110,307803.51999125
124937,146248.88062208763
118294,147468.09026099567
59759,178725.85976914025
80782,128263.93265123776
69674,386033.4567305979
10778,68143.41310382591
27530,116780.15836773707
140123,89461.60957561717
125765,106369.19472808928
12045,155476.182698257
124968,289113.7276032692
4618,267040.55305257963
46626,208717.74669859512
79683,54342.6570086734
116391,138200.3439810274
120920,349328.0384863523
11351,242619.7257088592
5827,67989.49332803486
62405,190273.08849230158
5257,108008.45071509521
65876,108781.13615324936
111004,145131.45143457758
20962,245056.07926650834
67021,305041.46738765563
37547,89218.94687655046
12672,90099.22058714583
129803,168305.9481093183
125295,292189.9631534664
114069,85047.51226785961
16852,156265.75115282784
4876,112588.44295546811
62617,177590.38072748782
118775,69942.96982463701
136603,113529.64807251985
113712,129102.65594557687
62954,114413.92526656215
40685,168002.2172516732
23616,146046.08696364088
26883,147842.3141838265
114428,103866.63750599214
44796,110427.09470273275
10423,197946.09127544498
120869,334481.72034000204
16473,109617.2152565449
83106,131636.32201801025
25827,113203.97006487308
125938,202972.96129597066
49612,165851.78062207918
20053,168339.64255892322
128485,262699.7824352434
68229,138349.34292592618
135405,187480.2755872996
52394,222271.30200570932
22945,178943.92957229144
131894,103978.72079261814
56024,268711.68034944916
3605,296707.2035212588
123135,112697.24549747436
59270,101573.03908342225
11790,55174.62868782219
135659,98168.64444546975
123498,119560.6068688014
66593,49475.602787251046
139497,84508.3705016941
3972,441490.9436528997
112914,62319.02006473725
113314,138849.02056997013
146922,99786.82116399994
49939,186386.20720581786
146684,87839.10745733384
69182,395156.2190270474
70756,128068.21779561343
30089,118449.08907419012
129662,222098.0616331875
133107,56669.057828536286
125839,95350.73103896593
3871,103780.87917645217
124995,330048.18150622176
61284,71110.38345661477
55551,474391.22456340864
145942,160146.856645944
111141,224391.35981272132
146056,160763.1536224525
39819,262256.1664269191
1816,53964.702023504535
49659,89401.66576205268
142410,135255.52805009135
15601,610857.3611060306
41743,290114.3495597036
135166,367989.3756524287
124755,163433.1709818616
42254,154202.40675115158
46072,101314.1773168709
48596,446440.0167905005
129111,134860.696781661
132111,237852.26924469092
4377,128651.78073490152
33656,406762.4744154352
59941,125693.3769183179
140097,102039.2863368509
140407,236901.16377844854
49392,376502.30841594475
4406,239981.9271320684
37707,164100.57096057376
48014,111992.84338323574
126355,165811.87264123675
60569,384690.0591092884
59065,443777.0136452109
18348,182365.23138204045
64703,150899.76470321332
127728,265766.9001898746
13881,72845.54813819574
35544,306255.5080219975
10005,86578.08462791878
75843,109701.42617943318
45168,53363.87189995088
129078,72961.8940065713
52970,108606.85442396288
76277,163840.28299403898
23695,100633.1546226214
64151,212476.20910655966
77515,263419.4726750186
34866,180635.00287134273
5174,208544.21391594622
43098,118771.3662738158
56587,206996.79509427826
127908,74590.75186737679
52093,181848.91877208708
145456,213425.06340710522
24352,380774.060738886
57277,366619.3265534304
120276,150072.1195197714
121344,149024.70174416472
138042,59093.47559188113
61960,176910.1703164355
126112,231263.45444226346
5009,170097.39765147906
45735,74063.11961448088
61730,113827.12678674413
71377,88852.55105447375
62178,145114.02958259842
3264,330262.8413783549
146589,270344.3628794278
132129,252060.95043386432
142925,110271.0055934053
124202,161319.01185943338
71448,462876.9806069102
80038,251282.41926445096
14301,111213.6862707719
43286,153652.9411383716
139066,210995.50387666054
26551,127181.23322798578
22193,190141.95167221234
39112,184149.46803443343
60097,186555.7768647279
65478,189499.7024849587
2811,158249.4928889551
80108,308030.48240563186
110676,70432.19616367789
76630,137096.3002798924
42917,126079.6248624709
113474,88597.037610879
10609,204322.72479798313
116277,34721.26270771933
29806,72505.44044697071
59083,195603.0584042805
147151,163110.35896632948
81819,99494.53160504828
144312,147584.78196467127
42967,116544.58668886592
47944,180797.39907635818
140837,77346.65125861886
32837,76963.08655414524
143148,525500.5719428762
41846,138865.38097529142
55854,134756.80434993564
135777,507512.01722092344
115944,110915.30499758976
9170,108469.11450493672
29218,168059.00086852215
10875,77452.9680650451
13908,175937.22569008076
16109,179882.6520307985
16631,146649.53912367258
135715,291297.79319997225
65171,61262.94204087734
147111,301045.9361178356
13396,155268.03289473272
46262,80525.70841900542
82746,397159.1732279136
82088,178585.91881837932
137230,250761.0997699468
121843,142092.57152398603
13372,150420.39786826808
9614,158120.81967760652
46905,191213.53005921922
138088,141385.8117635512
132164,104794.69829929507
40182,93920.99555034656
35634,498850.3976887984
64799,156481.53395089036
141215,167997.1153516558
129332,100339.14210326957
45312,223200.66763420525
124878,101982.86387522542
75277,515250.0499589984
42901,161857.62258751897
5906,145559.17434991774
16740,135969.13302567677
63075,185359.77225921914
23341,125355.51806595034
49396,148547.86272969295
16295,117995.46259918058
140448,82129.64107633216
129443,156693.28116779303
45766,64436.79688986377
114930,193977.23320336427
117193,273491.3137219602
80491,130551.89128531815
69318,238154.03730881956
33742,89827.2843200194
124193,161369.4211319092
133054,194776.75515861696
43828,205454.7170916303
47247,161682.54162091174
46331,84553.17350814103
46020,210463.76164602526
17593,182014.10259999667
36620,131012.06819497223
66488,105578.63473578091
24230,161838.99999442662
133630,115116.16662117155
119597,144171.07531161228
129037,166049.36969948254
59409,134296.51694240113
41189,78553.23053158194
36592,69648.97437131124
62708,86364.31038574653
131352,99340.80466684443
47751,269666.07241438195
22372,177457.05555879616
11119,120050.85235914339
128983,84817.83117181616
20677,223459.25462169677
77325,312863.8594360246
18796,120688.36751428244
73647,126464.83517404724
121103,178155.84995354965
8906,272775.62032322277
142210,161898.72673300878
141126,114119.3446976505
53878,111464.48521441544
17125,77751.4583922291
18750,399504.1953045133
1656,224187.42473227484
124712,83327.487698784
29905,91869.54659706657
35478,139800.48977246066
38724,352880.01956053777
53539,97934.31499499365
51379,62411.47837195346
67049,173328.76697760273
114418,169602.56886611387
130874,140301.3775362418
45317,80342.043861802
110390,112435.19343156138
48,102558.43349229996
81080,50034.99304139022
118653,216434.3638673437
3398,157091.3140300237
13610,282004.565181109
30349,102073.75662826125
45487,300683.2077638538
113862,142287.71633585193
41987,73864.7899862941
41101,243043.68809250358
119074,44866.86505749935
44217,239773.9769543009
134252,292632.5321670226
116579,180617.83441798895
17787,229764.9648574887
120524,258657.88060879312
128818,178020.28698262846
72813,367276.0884878134
15059,296430.6205096726
69134,93404.92856141036
77629,199335.77190474188
124554,51416.61928527046
82521,124605.02191014274
19868,171867.80487142794
41722,123327.70175500776
10637,176116.42356533624
12926,82622.54444051882
64771,295823.1283813772
121887,107818.70553663453
26611,174035.75526269828
138076,112511.8982483613
44693,111797.01365838734
130162,78280.10987424369
59435,170541.30537163105
61345,224311.24304966792
122540,121266.39084279304
19264,171178.8408225448
74663,441363.3432620164
14297,98877.14510116295
62490,122995.29347733999
69709,113275.4691689558
28260,112520.67542990249
57197,200536.96205789098
37302,184633.96421655556
67682,154537.139817842
135289,87159.94618836975
81261,182959.3562719613
49231,300086.4069753869
71701,352838.33705794864
28440,109228.96613972109
5767,190810.84757371477
21383,161738.5048429738
51892,353724.8507136825
135204,160339.49326715228
138006,142302.07652575
129950,55617.17634156438
77489,190720.35245654275
19178,159948.76929578176
110454,318594.0533162475
64282,204092.4602061665
144695,97638.76889488914
56078,117071.52862331292
117390,114616.67358267034
40798,127683.47165422302
72434,251142.5424594172
45863,228919.92841467558
130167,123807.16182769595
82923,265236.2245395179
134598,222266.0193991551
51080,177277.3595852729
43439,333602.5559628237
46427,62514.761078080504
1234,169769.9753216648
43131,268399.9780668122
68388,85582.46770145514
119161,124343.33889814702
38406,164604.67164635574
47753,206881.51868228364
37246,157197.45168517518
9384,140254.2109831397
134906,253561.5719749243
74961,302495.41706398025
59666,223763.1042634033
82908,487708.0931485015
37457,119849.9511880684
17859,213621.0910819785
63533,88544.46316225058
81824,280936.94968949066
65859,308163.20718453045
33019,125164.90749275827
45993,250669.2614340213
139731,46059.402048054246
81748,195023.8126237403
50867,460137.62093146925
22526,115828.29931967851
128765,92697.42460815157
141870,39966.699539100526
73163,178961.75321403096
112650,117469.18850048186
125628,128615.40769143621
25435,422588.747196504
64272,148068.24422417764
56851,96750.11132025291
18794,583881.976309953
80292,92435.9555183295
124152,58853.157566494614
134746,140606.02012366327
73221,205147.87333558148
130737,157525.49395698818
17115,84031.59593009806
31606,154975.15045356788
28524,152139.59734169213
50387,160911.3387416629
145662,580659.1698589073
127416,187470.9477038931
73848,156310.62965477508
124424,94146.50407718093
2860,246448.54800910468
139983,288363.25827446626
121383,192873.6947434625
23220,240856.4698906361
56873,288790.282616993
72427,121477.0134980037
31591,87897.12449889144
32900,131754.84359524748
63951,361409.7402566375
138828,188239.71584356038
111578,162049.77918747684
118898,206657.72925832414
63966,439027.7563972353
125100,107330.7811458567
75498,118998.29891650812
125804,126473.38868724694
64908,139188.91865500898
47688,470324.14043332497
540,419375.08004260034
82905,200257.45528791478
43431,240397.7247327998
144239,419159.3028241796
35951,84200.47022190849
32830,184481.68402199255
53556,181441.10657684063
145448,138600.32581086367
16195,189994.66412088578
79303,266954.19114903023
80455,279390.0124849635
40865,107004.61979191854
51504,44442.78084699526
27005,139481.52104648706
130670,164000.16397308666
13188,87039.1185458761
56163,120548.30364587142
20808,136576.37882495462
23678,592821.0567971795
82463,277041.04345833196
30574,144226.68081814455
64706,131173.99946968572
23362,163553.18768146832
33343,386623.23615935893
75002,140856.70218588412
51101,106478.07055033863
145934,33321.78238992869
120223,213512.85403456085
78078,237471.36257959128
68827,178166.91829721854
64102,172761.7498921151
10388,198195.39813081612
79749,104066.53749126587
37652,83065.03741089132
68421,130593.39134668527
67509,49176.323078141
25908,225252.53851152293
40377,95284.54601088243
8222,332382.4721648568
135044,203977.56078807858
132382,325618.6912101377
112147,404255.69102054357
141670,450874.71484943025
129004,207638.75348134554
56790,179132.45823686934
60441,91465.3491199206
135345,176324.01550654756
12373,93821.41475808588
8648,627195.3110510325
135962,176031.06098789445
16050,164341.04135154086
76276,209254.44446322563
121791,446861.09154438134
57413,122417.4713389773
123487,232205.63700018247
35472,107723.01881820934
9531,144479.0971380558
54673,52340.7181299565
11581,79453.39818613695
26658,52825.13327091302
71580,230676.25258200231
77098,194223.11541899754
26509,160622.2382469338
62850,196162.7308337761
28470,107862.12633454817
133297,157323.2110762776
45439,121015.12097075736
26050,155099.0405627326
60174,172726.20975890127
15068,332798.10833121254
15578,156258.09400592267
15431,103791.54469716412
17252,72359.12646632962
43275,231522.9862288789
1848,268678.522149854
144391,114020.05452910677
6685,96582.55922643535
43586,156570.5837162838
10649,147041.54157822274
132596,158782.50620496582
28621,105524.54404078428
123756,265464.7985329186
13917,99472.56698914355
5364,316846.5260345181
10655,221552.85929556773
143066,61119.19654326925
6216,141172.42858221786
131633,534334.8385909792
257,98791.00227132712
81304,181521.81533485063
122221,92900.61908501248
80726,143821.692848013
43341,274514.627616332
133083,88939.09525399505
139881,103012.21053471878
59714,271622.84483896627
61138,188667.62771547993
22215,449554.92671897775
24800,132992.69894773272
14415,202292.95522136864
70505,91991.60028928335
38760,186637.4305728451
55627,394753.1410724632
20195,108989.9157927183
138667,222450.76803162653
80566,196932.05752282782
115144,83660.15521187767
8689,90185.01560492895
598,185448.7883952406
37965,93898.168911746
133024,83558.61224701541
137721,161110.32921173229
110874,308528.04883207846
70038,48810.44408654833
35911,155609.7967671913
72663,119987.10600739242
110950,181241.41959648285
25351,145515.5224813798
144896,60091.216808506186
7694,127757.26670209628
111675,280012.81700093055
9112,337517.7841004621
48428,150234.48347772803
133347,83620.47456776226
132196,196588.90777333625
53591,146438.5620117759
18532,75631.79635338344
119857,202271.30982704432
77232,182312.93048268527
47774,217202.20191993366
14273,129898.9143484149
33669,84091.55687705065
43281,226751.45529779984
47356,196931.26669199165
56396,156597.23236679818
128056,103361.1880639804
112360,230940.31816523994
59485,142482.91355940525
43188,153808.72297558753
139579,101509.23547667352
126083,261387.08514452854
118674,302328.3946546054
20795,119241.48336152741
50951,185447.68689513445
38617,117350.18675744685
41801,139515.10060613364
138238,117293.10537755056
15859,64239.17521801434
77089,59005.25484699104
135751,89339.55129154764
125465,65779.63192817674
110324,306178.174241115
12164,137507.66616723058
27271,111027.63161166514
7379,103789.30976856391
76737,93142.04866040572
138425,112023.8537447812
38582,272217.29076067975
81928,109344.4623011738
111657,90463.30063613417
20530,341182.03561366064
77760,124296.95251184935
130464,227444.79454342747
17881,106060.23639565166
55437,308674.7730637353
131320,384963.1836676056
118256,158374.3029860503
21630,95149.73855187217
119880,97283.06568580246
30840,226809.28112612816
143103,89713.9311220701
64659,128374.33553784028
111420,102883.7936638605
137714,140952.34335720554
63398,107899.31236544314
56422,182137.0433973169
64764,295137.6179893153
134532,254223.08709665944
132151,190904.95181890987
54736,100995.02540584252
10384,531120.7618091563
57556,162582.17364940196
25131,218825.87854710728
125394,161151.57383635032
13408,95229.4634698486
28138,187305.26961766675
142829,89921.82962005495
73935,66741.65586968965
60721,315382.4774081848
20923,136024.62755028292
117573,139053.5482902087
128093,80106.24865557675
12855,151478.14908516683
42983,252088.90173309974
48941,71005.62005629801
120768,145134.05288032044
52165,66081.03091240855
124697,178345.91226771215
82210,183116.48143607308
2812,303966.40390963154
137948,108550.37387015163
30814,193466.19174499123
33257,391070.60275078757
16662,227919.27607360302
138431,213517.82196314156
77120,202074.50210215125
12734,283361.7660377037
57455,188064.06093446014
23181,199524.75575691933
121329,126655.78045077415
32593,108461.79728642767
2487,567346.2208229802
140955,92040.23587914938
140748,283339.0259099164
123503,81821.0427455653
50662,191833.74750259082
17086,211240.43062815588
79892,87069.91694273411
16501,193718.5915621015
138304,226614.3141665071
36705,305805.60464129364
12558,274853.0382207786
81852,322054.62064213335
119501,196548.56122206023
71201,125980.35498604727
144586,233880.64593658433
71440,188466.08269730836
130862,423447.72881728155
120198,220309.52342688333
137348,510177.97390125727
68547,157223.85484503803
134627,55705.481702525205
133739,159947.46704845646
40307,118096.32771370695
141808,218656.27236380585
110972,157592.1453341546
120770,88515.43644452906
15425,90311.25045333827
58096,156394.62308187698
4805,194854.0696064364
122440,106079.68931784458
58156,192359.25424021206
34298,49573.39097364878
23923,119321.1956798018
82108,290207.36286412773
8571,54507.60790180386
69682,75680.0723228459
115748,89080.38317608499
12202,110838.04718057605
48633,503608.39708075335
20970,109849.51808051651
61856,421790.6398019328
146120,128118.26546504465
121020,361664.1632353946
122570,346441.6259326223
59702,115775.6277641142
39349,134965.2286052016
17608,392088.1500483307
140489,262349.22702975385
9554,443904.3194191402
70031,75806.58503042893
74186,47883.63652949587
25932,130332.55144116314
3380,699660.9902240257
135909,58826.00760438399
136721,248260.70264538343
61069,383836.7115140019
51108,187857.4873547591
78792,284871.3619814684
54903,151725.296001243
116266,81649.05321602138
78106,143226.35566515278
9217,101349.60629649853
69222,193604.48482623292
20427,143128.82198520168
74126,208776.10759012424
48381,146131.8189959224
42260,166569.34942842892
128104,215236.51752686992
50087,206978.80167165972
14624,239757.70564878028
141023,94773.11447872239
135025,59732.465524913685
504,136642.44809825803
134602,99909.908184412
61235,137436.40704194017
80302,313922.46684375743
69241,260886.49559883133
74819,144916.91018269904
35767,52042.662121307876
20679,145161.93161720142
58259,167508.6653130589
73097,250214.91472920962
49863,117263.36975341491
80646,76707.05034027726
126336,178895.0063599588
127968,74209.92084527183
6460,190216.4020606749
35775,119459.5036690272
20957,367737.16316391854
32143,41999.453307610034
61093,124338.94598844179
12679,188876.5056697672
16092,182049.84209973653
18102,305140.9324330396
30132,280863.3703385361
132664,197381.79663051304
54951,103325.46934649417
33862,82211.66314990597
74654,201071.13475989137
111721,170862.975087305
12928,268346.1162089355
42851,293334.2405169341
35119,276561.39820703096
8351,201918.03617619775
128055,179578.54066240584
138508,65572.97333257728
54058,197280.0003050397
126930,79682.08241722226
113183,193920.55142603116
44843,202279.26972628746
125151,51466.624586243044
144614,140793.10086294997
18303,86310.24418779706
40582,135644.94612601626
55394,475919.9910570604
129885,76328.93892859494
13892,198448.7493730813
123084,383267.4810389334
123282,73733.3983588524
35449,262231.68142298394
124011,55409.20296210512
125232,120327.20103303644
39470,290897.46491234354
44740,65814.70448234526
8103,91137.56672058326
81532,56620.5127733831
52628,378566.4215774404
65537,157066.2014498334
80481,199229.65242537556
72329,188041.84199527785
18773,128718.85054972801
39690,73363.38837760923
21445,228935.58826928798
18515,181339.47056585117
142614,117016.75366919959
79929,113521.94972918439
126385,254899.56252728315
37162,198239.82106936505
55410,58678.1226706719
75883,49178.50823388711
68353,180661.37739981606
137308,152417.58306361572
13344,119941.65909285491
52690,122201.28133475756
56564,317220.0137306799
118762,108480.06447620194
139647,156429.59341063548
19474,338122.3120595688
76043,71845.94166524214
71870,159243.51558202045
72688,89541.96811788436
34462,92391.0583474263
18003,101965.48245218473
49779,222569.75087677385
32175,141232.44938970887
40099,106992.15547415613
32059,67064.74232750003
125269,176026.3041808432
73985,63690.31479466286
28267,116454.42336488706
28464,102680.38548048373
120046,125539.81349599155
11280,98323.94910263208
8096,256287.3503911029
74329,300506.1566673247
133623,134197.80490649087
36839,152408.55254034925
115184,248665.19628570325
137320,52804.259092165375
23607,53649.25004502505
77364,119811.50452972748
17669,90572.58141050863
117691,130771.10307462316
140695,243726.61796519777
115259,148168.89723232194
40119,96833.06497181662
33226,146223.01795807353
79015,121670.49537097894
29832,127616.03191501112
31970,84907.38806578981
138642,266743.9452659397
2842,198586.02912783623
74575,236767.50266205566
77802,272898.5898236147
63702,88448.2436034405
20403,145814.24728303947
123004,229013.34954451912
62136,128962.79516214851
63930,199704.015521865
59182,263860.7431421373
40129,113632.95710024794
110621,73180.71434982673
9242,169232.25868338422
54401,154016.7106606207
4512,385112.173964433
48378,93749.74746452484
74455,120564.2817923765
78647,104012.95155558953
140399,257583.28732438665
31951,170740.096850822
56728,122465.0349889818
3106,137017.02217136562
79890,191856.084615084
21050,170173.35956854763
61479,188091.97151787224
40616,413099.08481613314
35189,113181.03986630312
111696,570606.5616242595
132831,102146.11646878025
78137,277858.2065977023
53968,280322.2320601766
123849,245015.08083489377
126328,159105.3219444841
73695,93289.86702425005
48576,117987.89584220633
38027,138294.97799612512
81323,196681.83183094897
112239,64806.4432514512
110469,82380.91567659902
127648,178806.89240068663
40954,135988.33595626557
117807,75989.54724410943
146796,87814.46717615385
77870,48997.11408244473
126162,119492.69044179119
52182,212978.58483739666
31011,180594.72903138306
18977,194148.78644671672
125958,350641.2324261714
81737,194765.92306220595
30768,66959.66007936976
15481,114919.45289947186
41887,163707.2124300559
50953,249644.0584891099
130356,103663.9555639804
145741,130621.75147621709
20629,357343.10808605974
128332,136767.9344165947
32501,50527.36358342812
55408,159223.67805843745
31364,111616.90650602426
29967,94668.56745331548
110476,112531.39478458655
134744,77547.32701969144
14537,224534.4957937154
135699,188577.48411942902
124874,140959.45807272434
64779,95914.56123068786
128576,209987.1712229068
128610,118874.96109846196
63748,100986.95391401164
138748,332161.1751409463
6617,69384.31127121348
131624,145112.1937454757
4961,364969.32619820244
128452,75608.90890686738
5221,132672.78740728638
30659,108544.05621012949
47498,165315.75306422665
3399,203021.49866769207
69419,131283.103417717
43470,76953.82320680961
40178,158454.9469863844
139807,148805.91983790763
120973,322128.24834551086
5636,218120.14768761856
65720,231229.31770974392
39256,116277.56073814968
62520,125519.80837655229
139905,109869.65770911128
17353,208180.55142572487
1574,267834.1115473461
122304,261017.64661924425
48669,180954.2060238067
70186,88256.0045309621
68324,130882.34030713387
25723,135074.52329226024
126379,114059.26664583676
20258,106932.88700005473
14246,119850.96704578483
43873,144982.89870915934
111826,250956.6299723355
13659,220797.2419629672
130744,47497.78565194302
62404,186575.18129476512
489,149290.36315475876
65145,337683.2051667874
132135,184978.24215749325
124407,340572.27516107936
34603,109195.50431990578
74749,149196.43634586775
57994,153477.90988102974
73947,67523.90810971917
53008,110485.00131706469
111483,75904.40327449488
76488,195846.14367299137
28234,146913.48480010006
19878,566753.3051480616
6772,33255.61205742206
14106,77979.15456439502
22308,179124.44787615113
76104,237123.68959351562
14055,147915.69423862416
146211,87597.45203630088
17604,157247.73533487585
139500,113956.06471276915
134945,103486.01349643254
145037,252208.02272628422
119643,154051.4576327736
139245,67191.82594981272
125173,110108.5942248443
134689,104076.18498784941
69464,176404.20299573595
124263,196954.95279320417
41115,79102.21495152987
142314,154037.69383825726
16008,132841.15056274715
39372,206237.03446863854
56666,116159.19097409633
29641,123626.54348912102
120945,252143.63243208418
34841,171491.92275995997
120312,147219.04914087843
56704,251183.15994658964
56609,238295.75740172114
15310,111531.76541716968
114623,104542.96791166031
47157,132770.55507346455
115683,102177.34015232985
30494,228871.7939578424
139442,230034.55422306582
124866,115072.23825738463
52097,127526.67508889071
48944,134975.0482995428
40767,133591.54950404965
45659,167810.36653399334
1099,124476.52813805327
57987,47818.53957881936
120961,305863.00423720846
17464,319870.3706620493
116623,80390.02335716972
66750,377954.28538817907
65242,237212.639336126
64749,82922.79590720385
115914,182002.42504726825
4090,219161.5562654048
4004,103792.68744544723
74078,219609.65391698637
115041,138964.65588060947
143814,72674.12653112982
121181,107392.00817526705
30746,174722.07253594283
124463,126955.75323737586
43220,251987.4696861473
74181,157790.90232913924
71416,47154.89554505332
6129,128620.84876932848
31669,170060.18034735124
3942,118432.460859412
22861,189017.4122392914
135709,316045.2518632534
26810,159505.60862367236
5943,159568.5858626437
53678,66713.65127234078
118376,531780.0252660054
77813,226021.80761445116
36762,291743.66457564617
19866,144786.96621444135
5236,122591.77574410471
41359,228378.47277417022
141149,133386.97129079272
42819,159944.84395791343
128658,372154.5114359508
45544,222894.25155991892
43995,92674.88118564672
34004,59021.881961384795
112467,121883.4103908808
129884,204711.2664958528
2414,160192.8180990127
71079,211066.1062455819
115573,227842.7446303757
39692,128523.36782187375
128331,161015.55016938038
128789,116744.01497389647
120335,231591.74993357545
131493,269360.6343546312
27258,189476.2219041256
119935,191588.00341630372
58065,131856.77172956258
45195,137188.78090241077
124097,190714.08158647813
126751,250939.35391449815
36795,199064.5821912543
43254,310920.9972276026
60563,135123.92683861183
47942,319298.78523245256
60564,250916.1316905691
3148,155183.3263025897
41957,290336.2538250779
111941,235161.7741237472
26271,125008.25863956354
125130,451361.08790929
55585,104631.61346077362
41751,128508.40475804915
12165,263079.27699883044
59002,71032.64701937814
8308,106672.97173433649
130769,46898.10003303198
124988,204465.76408070757
19422,231352.65084224212
123384,116315.19301879496
57475,181953.55222297995
40900,692036.3950524775
146060,298523.0879251867
57508,182060.0843803486
4032,437944.4543134411
48112,112914.77704498862
139393,163236.03953203897
52830,224484.0650721059
61702,143208.0984706962
18404,57327.99145227365
114358,155510.3346957473
35874,113734.27722058175
3114,82495.42219545001
15306,224618.71064311385
12561,86260.57382889107
146828,97244.59704958586
27830,229331.44713132648
73526,46853.06474948264
60576,181673.74757621367
58080,87293.47858455163
125426,334043.0600071754
8035,109410.64245237854
76852,65063.06319363328
64516,152076.31990204827
2737,140568.09731323973
55897,72831.7660072158
75778,253446.23726517172
65643,143682.07117597337
33076,246681.57408114785
130615,236885.46382422873
50196,63486.31700687787
33618,142850.55240160524
69429,201352.40823136063
141826,117869.23964641156
71464,58862.08999250583
62839,118552.96102907526
146019,99740.74270886618
40250,160096.0038062503
27453,108843.42597185256
124365,199254.83736895907
73684,465391.5002310354
29329,498051.31962631294
118226,178003.51419931516
59321,90883.8380189113
22328,43949.18982255729
143028,172532.26161957285
110808,33347.779053346596
129124,93799.66399726858
70665,309898.71124670136
111670,270548.59641477995
80626,217284.3183776618
66787,138087.9489498005
29590,96424.43368475918
125249,129579.08981820793
13942,148092.598019938
118699,130652.436781634
11139,163274.33194554114
52300,78111.10542053795
119686,132587.0748097218
33632,259005.9753953251
129123,178093.0114642277
113233,122089.53414507909
75965,127667.52532181834
125046,63464.86392887555
138346,148121.28400618862
116737,125649.35786481196
61010,86936.91373471692
144081,309769.4393737665
51245,98340.52784720015
63158,75683.98826780221
62686,161018.22868192467
146652,193471.34144477986
42057,109335.86856710936
133431,132300.71892751704
112453,319618.9671944714
125168,411509.26605563506
75337,294503.43876290886
13281,44981.7676251804
7734,90065.23778314874
113059,102190.00039958543
131531,130484.76208075453
29488,420764.28988271754
141530,139195.8000914038
32816,130573.19950567666
25500,119646.56299082292
135670,166328.27068491705
247,318793.58060848445
18759,154971.57557410852
7383,76321.42926625063
10489,119817.20026503295
125048,98026.52679819008
7575,307141.1674190384
127765,119550.51109650916
67789,111014.29319757894
82728,237391.69633838293
142230,174056.6625954539
5999,341793.5650876875
63819,165600.88769846488
15697,76695.95861706164
137801,380454.57640849915
1212,165096.08402902476
117386,210122.93741044344
7045,98403.77144599694
33151,125361.040217417
5412,231168.72457481537
14252,63723.49787556907
42394,168205.97748360247
1946,91363.32343385412
126246,78063.88992591102
19807,237334.23522987188
112380,193116.53754885844
11003,297724.31606759806
141055,123967.47077405351
14997,145167.9062841367
125175,116366.29228564493
45217,323506.9773636399
133244,316221.19284209947
77473,114976.00949322173
15907,494850.57422747917
35519,206816.79333073922
10391,177227.49583961975
39327,168326.01931756941
6570,84711.1704912474
15187,89024.36431278606
6627,32858.3270848588
121907,108577.82363266686
73293,180782.99289911345
69060,220331.30744111276
131670,258777.38376249681
123468,85144.73286286833
114248,170797.75954021048
132765,138439.69410298442
51902,179172.5729610319
34144,240345.9189583434
141291,78405.09087926337
29429,119473.41364465689
129835,78554.29260032433
121777,39275.18038998504
13893,110785.95716181901
7627,113310.14513267667
73459,121030.58195629029
36070,115421.83547784077
132194,149090.6037115718
49820,238093.35522772511
139621,108708.97534063365
2647,202702.49223986725
18919,152110.44364071902
74515,50738.09082604259
55065,104588.6167373672
42997,317474.99449022
75532,135493.77203373396
115023,83846.99261829616
17037,122081.28958166917
79587,161322.6080036711
115130,57024.70011917592
82940,260273.3977217459
6899,199835.69245949492
22791,153938.46295047508
17318,290293.79022865626
16592,71830.53899303242
140920,246973.36559777864
70627,481424.4902127555
77781,220698.07357801934
118486,149404.40928922934
69745,131969.97454794438
140831,114079.19460719131
16585,162899.98242560742
4919,100715.82919267703
40620,108493.8376616172
15715,148130.76076457606
57204,307339.003424149
116464,750715.1882197065
124967,124461.54160977967
8115,226817.29122947843
77724,101561.90268514276
134034,129993.4921381097
133455,177138.1522519416
2847,63879.79557248987
135401,140831.21188582477
43987,212441.43432629333
44198,122074.69235017203
56962,564956.8070928912
77976,269230.9982449447
43518,176846.5614090854
7418,126882.74594947492
144402,194965.85449139788
130052,83850.50498171111
23768,112688.95213240437
25902,363040.3621026853
44134,207662.78694089895
17288,471499.60616318986
24238,33996.56195403101
69574,193103.0237543255
115227,107751.59675697748
82117,259636.52694152296
73616,141384.71072123174
113844,126561.14582890182
44370,177194.67564591035
26917,80116.27991619786
73529,99252.78722299934
40755,230301.96991149022
45736,47525.30101920084
40070,105299.47400348118
16563,73802.39052089881
18282,230949.00914876504
57707,122199.00550849314
119476,116764.87206554721
75715,128403.4081827401
14712,129733.87361210588
29381,104892.32998625832
140322,67643.75692899506
4822,280830.2408285512
15266,173005.35324194568
61971,205033.70817043056
66336,140342.222540866
139578,310845.5493334952
140360,61671.73970706719
62955,73414.7640626179
14100,80829.01244781067
49576,105727.7242889374
139320,144633.7937143075
42395,234854.02687494026
20558,83761.68283609934
140211,161790.58010760474
77507,138624.12204355036
83159,43805.72345441616
13698,359926.5451924347
14955,131883.12721093633
72019,132466.10522389796
12348,118153.65224443044
60059,137259.3220723517
19924,207606.93140982962
59453,141585.87803661014
41512,88116.69049650842
70537,206492.33315149532
63894,131666.56560958477
3558,144287.6309546763
51116,346518.69711672305
27287,106647.98252695196
47980,202211.04719699855
319,217366.977808452
20678,87471.49235154915
37612,151957.3788130493
36983,129419.8481721053
22842,250059.8215526006
50771,55998.046057148895
123906,164593.05236140196
138366,218083.42578976374
54130,120894.35391492452
65986,139065.51206354165
72555,312625.1925194396
124540,131207.04145921668
61688,251338.41440264467
71666,270464.6627790802
13120,80960.24768801988
133612,208905.61090870842
41660,163354.18770630585
127198,186576.49113805435
43657,183579.56693766703
80925,260512.93574372513
61956,139631.12716639953
111588,191158.05453501837
20215,437033.16207357263
19040,130392.46613373634
135462,63464.86392887555
51850,139018.7078924044
48966,228408.69037006158
133438,256591.01092837984
25362,84824.35461938185
27107,164720.6078946554
51939,211749.27871400333
145175,227125.31778360356
145897,325105.87317924947
131971,337495.7878674993
26930,217917.5332772045
24053,226594.57125531108
28704,121869.31514645924
139165,205713.85757809196
6720,85265.94417956294
123464,332621.9709994535
77787,182198.68332518832
41235,81761.9593691306
118657,107141.7705201728
52047,129413.81457835234
75642,147725.7172292862
51363,146432.1648741688
24439,437191.62002411997
80773,86253.95632267788
41931,141328.73227126367
24297,131034.39654096044
44052,128020.02194790641
56626,129035.02894894095
2297,224910.11918369884
31631,278483.72638618
43985,109307.60266449492
132811,119833.15499024105
66307,145282.3794838227
142207,159238.86196598792
141101,81469.47258201457
42352,295517.3072735757
58378,283303.1324181373
19222,131868.7126441029
20031,129182.48598578793
49545,171379.8036413761
13903,264901.35615773225
78605,256580.10737869216
75358,98300.24460823694
18413,369381.83126803866
23103,84381.05196225813
34749,451681.7016889249
14330,103566.00039140627
25156,299939.4840941437
62346,277110.65072679997
18655,152608.31772949756
142175,182843.86330943851
114804,248860.50313118295
125772,133509.0304245309
127182,185266.12749571961
46720,190828.1003484352
70127,196623.60443751016
4013,170559.2653647049
137756,106798.73540072117
58022,103934.39169561231
71761,95347.59117815005
73783,329097.82802730054
127107,374247.0320061362
125186,392706.1643603919
80603,111711.13381561806
1868,101585.16045084177
47608,129400.15918069353
137469,311990.4203670535
54206,61955.93298725021
147136,80041.14807016158
22207,99541.56087474932
122246,448190.7911906367
143202,74342.45892548832
46542,158628.75549442763
133481,171232.487430808
23055,93775.2271219031
50762,81369.47047927877
111680,149983.7899411535
144013,118931.50310914929
17894,121282.20862973535
61446,154629.4696330335
26492,127008.51633066605
74271,242296.97308380512
113909,360210.210900756
18214,381824.80592259875
139508,70561.96166157036
138778,127785.58794838653
16850,123999.1996616422
113055,53292.81074894825
114758,102751.84367379696
123206,195012.0203909408
17458,119432.03850167994
77455,172298.9359009136
126337,69916.53806402924
10394,157006.6035952043
59540,247138.1096522786
72590,512419.03933260613
140163,182695.1946914323
8425,189690.17008662812
82943,103069.0385373559
112595,179971.61531440617
49491,126326.2078540898
10036,52874.15300318971
115655,104218.57662066251
114114,244567.16039610526
125470,77663.00460236192
144324,116343.92730310487
12505,168451.6364779456
61990,63502.00575305188
126687,117432.68314422417
125392,251875.59979934592
112286,53695.81284907639
31608,91890.08548445931
67856,109807.84295789411
43233,168204.10934502078
48217,132353.35235876933
38768,48355.87197333829
65717,225010.80460071
127511,82868.95540007432
80717,82079.72108021902
33220,333097.4474164405
53310,103790.34615348469
22836,58887.33588067496
76805,193307.13911791827
146281,145541.44323599985
133339,226928.19793145315
34044,124676.75338628876
10749,78396.02070172619
66854,112932.1481963666
41154,79584.6745506307
25661,66538.59456104669
68445,134827.19874195952
68405,219182.13049157517
34635,85600.16080009715
80658,103130.85673716397
8484,90629.62481167848
77421,100653.74823496645
137411,462404.07965815987
77344,83275.32237066138
125783,151854.15471295654
31025,251581.62219883682
129028,364767.5567867786
12898,220592.50295487227
78695,135087.44004137296
139464,147114.8249040244
63218,159531.39805850937
27280,223096.91447087858
118335,140606.15188714262
122782,36663.41988351947
38779,135562.00172332407
126104,111036.12997284316
132412,117615.890326044
45958,123927.10260538346
27536,120560.9170619612
41460,170934.63842211256
139711,252055.7896653439
142299,139899.73358407035
111484,52558.551159235816
6189,163657.25843192445
39841,281971.692141545
49199,96081.19745598546
122123,80865.51458320497
67488,162093.98994923895
6661,56056.40273804641
33271,174976.3949133749
113050,176594.58026223973
134578,197063.59827405444
137446,316728.74367339513
43203,200630.53749560437
34844,162946.32624547931
45551,268704.23409680463
29243,156216.47852234644
115546,206571.686239226
45308,85173.54939328367
65238,145338.64791356976
44922,101087.39342439985
8130,232978.81861279954
65651,233145.04429460265
66702,311923.99994487537
13651,254515.62273943715
31681,95308.08454983521
122292,325700.92778474174
130408,153395.98557499266
36971,168735.80818407782
2165,280914.69365778065
10865,451622.542639632
10235,290936.00780230906
59139,118552.96991993552
66450,132903.93942358825
27210,171009.224848602
42335,180460.10579956637
29977,306452.2179005652
65224,120723.70553586076
72335,181498.73784513102
143159,69308.17583245592
119307,64895.969945814984
55369,175516.70870864723
67752,304658.99040426314
130969,170024.90959218144
31022,197613.82749724426
10374,285560.2319231252
17479,282876.1409851296
137340,172704.59094609978
8161,153073.23498545744
25913,143856.0229852512
144918,117776.1362327034
11432,85588.96890222526
126537,189833.1349222435
126807,120436.85455284675
48777,226011.7721720183
122411,160959.9007875588
18405,74244.5136810371
21165,290709.0675848784
52991,276367.30502881826
65084,88879.83609372978
56985,139902.07796770954
119382,147211.52424833598
141830,202398.35308901823
26998,127641.88772039599
132658,59677.91879498951
36447,104046.55096349043
10494,178835.68969274295
58049,119008.40498814086
131935,152912.4375211472
36153,234516.56145213032
35258,439024.9505871283
139990,125535.30630923671
65968,223657.58746321945
17588,151292.55113572208
17744,210285.66288066292
122488,232556.8301247884
136085,168720.07060403336
21172,285308.201711873
18806,149236.6084042229
47179,256657.6286301532
43008,258873.8874158738
136530,82379.6744894119
118007,46592.56632727782
142871,145755.83320676128
56169,124859.43658266307
82445,68364.85129410002
124052,307708.31408557267
12987,85573.05872049247
145454,273050.37629492313
145423,44282.739330371594
43769,170339.4916588044
57285,111273.48195876155
21859,115678.41353674138
15062,157022.59288099015
141327,111178.33833741938
13178,99410.6679916682
124736,160148.5357908206
112211,466894.1025540692
145146,169221.1354453195
15324,196663.38321199547
60021,196545.61825873936
144458,122962.32538521358
113197,106778.61524348395
54029,107139.2745822452
37649,68001.09338328187
119434,301067.34995155316
21018,179393.47669715915
132147,180145.52248211394
69334,330748.1478625543
37342,98002.66930760402
37507,275930.394833156
68483,236772.0869648174
44883,186618.2857767074
67936,160431.76834703167
31332,175208.70142737697
127475,99455.74561568076
57249,123755.8212977488
20730,141763.4333422149
44617,128588.70601949944
38349,174205.29215276282
113908,149678.90461833923
142948,84359.73038751917
140308,240288.8964185603
125871,300052.7966725475
125105,288576.32254824153
73019,266567.2899009539
58589,177966.66587557187
124008,144284.65255122315
19528,461338.2826820242
81496,105669.11668141125
37895,117766.09073715596
137605,88487.05903009915
146596,71589.89086076024
34897,72050.13819952043
20361,102931.29922092518
76676,194203.0900720046
145336,338514.818274154
38928,124396.77810844127
131447,282427.1867150391
133409,188512.25292093214
133692,187689.6581802032
73470,128682.56345654305
136228,123846.84262575392
66704,94490.81439597878
46023,84280.35138531146
43876,213634.05016451597
142699,236346.50725658334
79416,44791.259143657735
67117,142402.73371617703
61155,185694.53514752418
136124,236629.6661521204
14395,207213.3601281601
141124,168169.01786799202
135970,125831.73046881561
15694,156938.08581336046
79898,221868.55598788027
60801,142041.3032815052
68474,44684.67072790504
27270,110262.86187375404
21002,86325.5850493455
36248,229629.79676176774
118187,127923.48223133475
37114,122216.99051022244
138442,162881.39126666368
76304,200287.80015792302
17133,99058.4590829401
35384,113327.47814488775
82828,63937.624704313814
52841,189912.73831691043
137333,118154.11801958838
135506,232368.87355498647
3354,77822.65417282365
75510,42974.12796318509
7810,199791.3501573244
44890,214578.12679884324
26343,87789.98080522359
48349,109900.55509896688
20167,101105.93364582621
20609,192781.94511273815
114904,320689.84021736716
4872,147110.86448305938
67064,123246.17096211527
15118,108848.40356342174
45284,188125.21408384532
63415,141676.64769609788
18044,172485.87029510556
74039,104719.51937154711
130756,34313.820802792274
193,105985.75519376718
39307,131246.2401186568
48289,158279.99498457808
48350,300096.5707902473
6202,114416.68339007812
69638,125105.54947992052
45505,110974.19124277889
18928,189875.70778330593
78276,125600.21415411771
19035,315842.2836588433
35742,376064.2935012579
146757,85430.80310546295
70770,236637.09486952028
11371,218513.04873845988
29347,107861.88548042353
74876,94912.14745533527
78782,335137.2781002475
75330,84032.58092265722
125513,145220.53464925426
34157,208026.21890237875
56087,213979.3259415171
54120,183289.6061182104
139745,150306.0964737015
133733,131672.6975938724
41458,198978.17887730416
9204,86086.96019589882
50536,96037.00944484689
137882,152004.18352766617
136090,107262.85473784737
34934,184124.98854775526
75440,103804.73307331245
19551,84811.87768303812
8943,82725.05744236433
130902,128405.96603838503
6000,181835.28755752146
11325,304333.5148041213
44521,268592.38446529687
35355,64421.18196527244
68434,81714.20358086046
50924,228297.5020548352
22966,138669.87258883854
72832,119620.55047009196
141745,123724.46730995782
136253,214499.43407548263
9916,105090.70820809915
122576,83827.35468334169
17599,421956.302730081
10347,318279.22463962575
5810,116601.51039420135
77037,135779.15165807272
29919,90727.63730281476
73735,184821.1813779244
137393,62325.99384015346
80948,78535.65890365152
77709,294276.62074403354
33286,214243.87675101138
118547,46057.66604568984
59701,146843.8596310234
15951,229639.5771656967
121681,167893.8704953409
67308,114906.34877259714
64343,206117.10882593933
121380,106238.75891487108
46311,246916.17253288196
30656,71461.08676216239
128390,348410.8940000848
139587,143918.08128080043
76679,159544.69145658513
68691,75935.6681911383
16108,100098.48152199657
5167,140313.80932914323
10713,275402.0069524817
125197,311685.78375017765
5414,126022.08218270678
146074,84648.09415595137
38895,47772.256672276446
78725,317100.0539810064
21856,101500.18649657485
10334,148760.17541888435
37521,202834.30360480407
66932,196401.0339448422
116493,261210.98456713528
146698,244323.05079443328
2784,72475.72774436876
21,153218.49646098414
24988,120718.26240651074
131601,115169.75582546665
135392,75879.2947156124
75940,322215.15712154016
72828,180455.3540015485
46000,288008.6379050147
127008,138290.62518193971
67985,114364.18936576412
140033,89877.9781450265
43902,257276.1310162337
146766,239371.328694495
58742,83872.70468525818
61667,202119.8786007206
14740,97680.07325925358
14825,358728.2389581349
142773,105396.26242148646
37944,125854.58994635538
28985,98627.88723270883
125161,138177.16643403796
111495,243739.8229854223
123317,123160.69735455993
7906,201481.69610478476
32768,122924.86632022433
111579,231821.29612388843
129318,217686.26947715774
53740,36401.731379915786
12377,140629.71671580267
80140,89004.97788517462
51459,340646.40176060784
134317,122631.62671817474
133388,188443.05594340936
1226,183446.92095081852
42472,143560.94946184458
124194,149436.7652048344
132560,173345.78319158146
69920,86881.3484412579
18334,155911.06400269497
121951,162651.48612657023
74124,87923.78314526177
77418,142856.0801664021
80765,180386.24276664923
143511,236818.693743418
122811,33986.2334157634
47683,85721.1035245901
83148,241712.83582236455
12082,96099.99145820292
123872,132681.62928393003
125569,80867.84042444146
132878,98427.62107238173
74380,54772.05500637961
30512,166970.40206440538
146595,164901.75733425183
126763,141827.8221208319
82552,270882.91221346305
59047,133797.01796715343
117869,195793.17029599345
45725,110026.10793777843
45083,74270.21842079138
59204,79903.91247991707
25537,58546.29184893546
51099,123591.55571257521
115639,152944.59830625547
5075,167801.226640098
111345,155464.05385254032
34301,143494.84074581967
26769,139833.74266456589
75176,89010.05165398918
142784,256756.10066788318
82524,138163.17350154638
80767,232511.41017183915
145990,284150.4473014155
49218,72212.19427194977
115568,127310.82727294476
135515,119126.0729038393
11610,55800.95629499786
1258,511210.7654354187
6620,59211.320912841955
75142,106938.25357490787
54363,43377.98802610802
142636,183273.44498315602
130573,64355.508784087535
61429,168178.0606067219
115881,206759.2210290797
18009,243625.8775083389
19937,190475.11322761275
62368,83916.11755759545
20694,240130.23002907622
56440,101064.0666541049
118868,51222.89668656104
75073,85052.99973703429
78418,106862.6686762181
54192,629316.6444797916
119196,183739.907894212
124363,201507.5874125919
48392,66380.39636558903
77477,136687.54319255965
110409,115253.80745709121
64372,89106.65149375334
13342,271981.2183555553
30529,427240.0476085453
73733,132370.33065825328
40779,191813.09845234346
1345,127675.01008544015
121135,97447.6300492901
126451,301392.37004868634
63011,278544.7593996193
120801,329294.30317678844
60025,83518.4615945565
130805,127381.36322686111
49912,175991.62626858163
121112,171867.0916582459
43373,230213.004721801
71084,338104.3571763092
41295,142956.42732262053
19208,42272.661526346434
36255,259001.40914929594
129705,172953.0769232161
60533,263396.83876608266
10592,693489.5088679651
144374,167659.47685493654
63051,62663.59024488101
18657,118483.84323006432
45,139847.4654562099
67492,159151.3776155574
127292,144523.14618961007
14709,251051.19420052652
77982,74604.72781706811
64509,380775.88913109177
136078,106168.76202883167
48371,180814.53748042136
131526,176653.01706286645
80243,355107.39631919074
112719,66866.96780389287
26166,159854.35863493677
25870,130047.85220617204
121554,58327.05431155811
11996,56936.64411687407
16246,245302.7676228805
115761,103268.34620038918
11006,256539.9348495086
31824,307745.05126017897
54406,126074.75742374346
17335,410953.1801285247
115584,258183.27686990955
8182,83544.74990013601
136210,90658.12641703275
140029,107378.07910480478
58457,164915.90448505487
64718,154086.01636411325
74225,139183.521563395
125947,91810.20358246502
51993,210271.62076508152
146863,58878.54488367184
14202,141914.50813757934
14878,50768.20423557676
111450,113514.41271057329
142483,376576.92352455505
126315,204218.3708050857
961,114240.08009031505
28171,123965.61948731396
53535,145769.97566804045
61949,112009.37162827891
13542,271884.54389530554
32561,182800.26986280148
485,85122.24119947013
139079,135726.4888233002
82503,189778.99629914365
22942,111831.32785286683
50697,503925.89143975155
25238,118770.86028997495
33995,61701.25652690057
139236,113730.58462120143
16199,103355.97163452668
1693,143793.52116127085
141563,290262.42061705276
66609,135882.0189051591
137186,169611.82552550588
29708,102765.81976599546
120099,232474.54606062832
52870,167739.5396380966
19791,147165.67590907612
140019,257144.00329712717
73839,269896.13590639865
126043,155426.35587099235
11718,219010.80470441846
141301,676377.9980875874
127612,219209.63990531332
125008,212746.5170220823
31533,394722.7943431601
57798,64811.721532573436
63204,183123.0097607902
20715,122606.51809260773
119693,154180.83132970502
111237,167569.5899314795
73749,268158.47253710084
23738,256106.35621851793
67195,160836.64748642736
33148,191504.14876309715
57445,107664.85364143887
1106,201918.2625472946
16311,93561.58593457182
66890,223472.022200947
146274,199022.19702045902
51676,96830.45610023149
18732,606270.9715996996
63089,196637.69300386752
17748,138333.83409636974
14073,449362.15795477905
61296,162434.00356705475
119651,106408.94592680405
141271,137376.0064237448
41747,135743.71765918072
138682,102617.07251593476
4937,205211.871416628
126685,251650.7948864007
40639,154537.57669971336
146381,116017.10804099748
12311,239690.56527788052
22576,92691.90212580786
56334,87174.63068633951
113030,116398.52142171888
52569,156627.15427528933
134931,92276.38398792963
70992,266420.9401300103
140576,80503.28838030955
15459,222465.3335939498
15371,121665.50486871158
25508,274652.36165892094
9490,189373.18631227408
12437,71361.01067973726
142180,62727.89026215297
13965,202257.63178070504
19907,216094.69824751944
18359,153825.3386810966
4980,121585.0742075735
37868,614380.4043091481
136584,150328.9471184598
116004,102768.50455215994
134824,137450.988337564
47861,68933.30079994342
136918,228434.08044557087
130102,508074.053399379
145440,309648.6444395178
142448,136268.410347302
141257,163915.33881486423
32597,96571.67137480316
117001,392544.63286300306
74826,84749.27292394452
46474,185305.73220812576
130579,152829.96587081405
52090,128313.61435092034
39584,108149.630976277
42462,120328.59283720248
7079,135940.19732058453
145131,129972.62363641069
37200,76495.61095998283
34957,372781.63061205536
137702,64389.000873050245
120181,112397.20534373044
122163,240984.04565223155
138250,568897.2000534151
61888,248887.6833525201
74803,392417.2086127523
130353,258903.4661087643
76340,137049.081795816
116742,110858.42426991834
74544,181233.7731611329
53889,178436.98249888173
114227,185145.92855637794
4731,162141.59903920576
126107,491692.5015258421
140815,83581.48689404893
33484,245644.83031401254
10679,124778.53989525733
3438,303731.5441960891
139214,150795.0906008569
9835,119678.2372687871
139757,241975.44896067167
124005,114872.42624674135
124630,178528.59646911427
40423,106394.01624163364
140144,226859.76299315423
111060,223847.74284953834
117364,119391.38739683962
73755,140496.8356423379
77270,281455.63012731104
119703,85602.34225989223
26850,142696.8420660314
72185,139711.31389879656
43006,138697.84753089224
49400,264561.10788903106
47251,148396.5097673303
77132,106830.32802546839
13014,450341.53541977296
50808,232923.27476240578
139907,96490.03533684553
120203,120278.07892704415
144020,294750.7796571842
139738,116840.69369994763
1972,46602.384817872815
68548,107578.28260089076
128482,130503.1013263901
114079,150096.78131937867
18224,119597.89117073853
7017,91806.058741294
135621,86530.19259581214
7026,276571.11389162857
325,397603.0803378595
114828,245855.4864105416
113577,49921.42624516469
30367,88268.60194856743
74710,92962.22355219923
41457,176745.6324140913
82673,229787.4181469698
42918,85164.57399835512
4803,109226.23685170685
50264,162228.1920006758
70141,93501.73914956965
112461,115515.35945220012
114761,81260.79952115542
132902,530397.0817168717
138863,363651.9337349766
26877,293170.73776766914
121530,115030.16905925865
7128,451899.2767963786
8487,81996.78086504771
50786,161784.08519093288
147035,91920.56028115467
71969,257970.74105577407
42294,296061.29043377185
39904,306612.554956903
55360,525953.8169660161
45383,446638.6323251527
80652,58347.09013081434
118815,137284.22857181684
43090,307923.3614953305
50554,122902.18963272552
57,178532.1936076651
57129,99699.62764599525
116752,230689.24427751463
133214,272638.61727958877
39840,174112.9072678753
46360,276427.4184265552
23056,128026.26109861417
10405,166928.9832689724
44352,231749.12646591253
18760,81795.913233486
133871,110753.14219747394
38712,102372.63278334119
115304,275896.0338629533
44865,337157.1162226478
21765,211342.14273432238
53627,84795.73522411007
133110,132733.7359150396
130799,236491.7588693689
67612,175435.38438669566
146809,277176.5424033629
113985,190323.96264815345
56468,364190.26184126025
1706,172927.34521885522
143408,94637.19918350915
68372,222022.7788053855
29380,106788.86076577195
27606,109003.54557323817
72080,341705.8743564683
19316,367240.8594080893
75348,105056.44119981154
124309,171245.29896821326
134327,168045.54949745553
80966,568385.7785826533
2049,110915.81006729882
123455,144740.05739656463
57975,108736.68228738307
38571,153471.03726900485
74464,59550.53649811806
145264,281130.40232080524
13450,226345.8084081356
138989,96411.555429292
24393,188940.3103957318
15028,219990.365044551
138202,203832.3849916219
53020,67071.71530640987
139825,379153.8135814495
77906,170194.1718530765
18706,65675.4895172933
61766,312429.73791200493
119815,557307.8183546673
32663,92102.75744391393
140693,81809.9634138957
20148,208681.5957806774
15550,234675.75884643526
145359,73152.40314786122
118564,251883.72124539348
16125,72001.55895854591
128464,89889.88379385743
64633,83286.49502556704
3666,256619.93725279596
141151,111507.81587111249
46053,506031.7745779289
44848,122162.19360019983
33980,164400.32049616627
139179,61218.77266312849
56006,264783.78778866003
46685,184131.9099973744
82907,198642.2549177076
122616,129696.47529491465
116106,185252.4661254124
43213,142341.6549981187
18362,262781.5534173473
11288,79511.53444576079
120310,347935.0014678675
130268,98299.6342560341
68200,370634.8789903268
10832,103928.61995994512
6140,75722.93681687448
122483,69529.82136125209
859,249383.09202497717
59723,405659.51118019066
25374,118527.39365715277
141118,145564.23536347793
146571,103928.94890121048
39519,133612.0890331288
141204,200712.76157596702
35986,39280.938108412956
143325,146036.4377248241
133974,85394.76265459749
52585,458363.1215100995
41273,79829.08757600262
62984,316413.43992352195
4664,124796.10086380891
35888,76034.62608364309
58893,166154.7125283121
142637,303656.62257659144
68192,99057.56461438655
61158,112263.32726242996
15659,158475.2609009113
76524,114590.48799785483
36334,44407.51602762659
66496,52536.92210105351
133059,284775.78824674076
146292,128081.3410107382
115284,157534.59699724213
141471,117377.63596162517
2995,140741.8562358006
70867,129887.98962736625
46194,366399.37691173586
115901,218787.9596944204
131519,171303.0788810065
24934,78061.73846396968
40652,190182.28653494045
10302,212909.0555980528
112124,74888.31439229367
115933,266278.1443882759
67140,238625.6585448819
127865,151277.35656350237
2274,100598.88668753476
79556,212611.80826242716
124302,218327.54800480296
74185,264396.50060194975
40934,190462.5473317452
121230,144648.0479854574
137481,156812.3707349849
51845,169651.35049423244
126679,320980.18046913337
124828,156406.5650697216
112652,167619.85349444216
42681,116520.36137984038
72822,273726.73080702365
73391,110220.9270523742
143821,228448.68209580288
854,173973.93561043573
39642,215862.28293488396
121349,63044.401024643696
110601,100190.14615607896
71273,186948.80179003143
110357,244139.79290598168
117806,149100.49847636046
50060,219802.07481559637
45167,227963.67512943357
82752,125063.41011962558
124775,162096.4045698439
64106,50265.80513790256
129150,93964.43628232794
142577,520612.0050367295
132913,313299.1591589339
67846,81058.25061703745
47557,118519.41082477568
29154,218615.53776948765
16069,158127.90576180635
111555,93022.52041514494
52966,116840.96489335103
38867,152992.1225702129
67835,126142.42985780926
29619,242747.04924535315
35771,418040.0840084131
59313,79197.2357319271
6946,236643.19360073464
14550,335808.3877754136
74619,90959.89631195918
2175,474016.95804143435
133926,114699.67321884123
13668,96986.3103753835
80771,152767.96866488524
16495,294796.9871666224
116345,141323.545181882
39838,132159.6103991618
11547,52324.98628147573
134612,203883.8972671617
58966,105437.5785239983
111855,112753.65257067015
130442,138020.662474741
129934,233959.95854394336
58853,278515.9571090868
59981,186243.0160825213
28118,97206.90400600065
48328,159117.74905817324
40411,194503.2702553155
135669,200674.86409497476
75793,46235.47826090211
20200,61797.0620249544
117703,126518.10075335772
15506,112624.03631303241
36395,145307.61775984624
114097,242836.11018513827
51823,336576.53492558515
139239,62443.89098689772
8330,288611.18901653244
12049,96552.02048340769
143162,111778.18731659102
140422,368396.2844114678
10795,116969.9924329893
129764,78273.90506103469
63925,165709.4054720218
55144,142363.48410470982
30842,181185.1730437584
58528,160227.21076932905
25893,221728.48487234797
43702,86987.334772192
129137,75394.03601639105
61655,220508.8561332568
24379,101315.72695288277
61472,193325.93733291826
36644,242153.78951329528
65004,148776.24518080108
32578,53868.11742523855
33555,174734.81239130892
14614,185765.0872781225
46596,39640.75446572057
111582,159316.76463499098
35447,93831.08944049274
139488,207951.1947485532
47653,52748.1411970131
4102,84318.65533238725
141000,151728.36011229656
41104,40265.724823397606
115725,239985.43393873036
6060,210878.06904840414
75609,163744.09865831342
114730,66198.83976386454
67536,88131.27530272736
143638,144473.72286209703
14174,212735.0302593264
50815,83462.96209409543
61354,118574.63461176623
72469,174798.77097907246
14776,193732.03838917945
33890,102123.38562361586
35926,182025.30955401578
25766,260365.91222629536
122188,100045.15860305841
73943,407772.2683447484
12191,185530.46257976885
71841,213803.94086527763
60481,186193.06213319206
135015,110818.67029054323
74958,192644.32594666292
113173,98660.63987904842
12013,91751.66608377955
20161,111021.67649119448
130080,280012.3515163955
131298,335167.1814850264
144661,209187.93694798282
144888,300366.33765137405
128021,154753.56325495138
74002,63295.75446050807
81866,109312.2610684698
67385,78566.3895731796
25219,101970.0656301878
4327,331642.0276321194
139836,49526.25991864471
68282,108456.2496225709
78539,187495.51427267736
67468,168676.79362179415
144785,151383.97099132265
112663,59916.93763370476
59607,190300.16573759087
124490,440539.7125255221
52755,51604.5702801969
26487,211547.215114226
53838,150425.78521702823
68488,154038.27791046182
78145,134053.44923611288
113082,174166.71438233665
21005,168188.9744042225
138572,198236.6722750606
19686,128890.27041321644
35953,263927.79739070585
48434,83997.04937125702
5165,411587.90343854734
41870,179864.0103421078
5318,147428.45783775518
118757,105405.9036806112
69741,188173.60588825334
131856,413638.1933396157
46876,119757.9854886466
127867,111705.32754339732
79802,129641.58212490677
12192,259157.1011743032
76318,209728.70061388233
27687,313843.7071495258
78286,270021.34614985395
4282,241645.27967909834
57081,231243.31035421358
17596,358067.42945072346
80496,200691.8160143094
9294,174091.74766942466
75974,175014.39196029044
3242,299309.5829248561
116433,279904.31563720264
17072,111745.1883900782
65296,161200.36784216625
134140,211211.62871485547
6157,187986.74913822603
18562,152058.13427794437
24293,263988.739843968
56479,134580.2744212647
116287,43460.183163893096
245,235732.947091811
57049,206392.5099664829
130443,129786.95545458827
41331,253027.21403860007
31680,261085.8470070818
52161,82411.46182128366
43208,337489.1115376459
46617,172356.37538565512
65184,100394.2340621866
66981,341613.7782669461
114139,175148.5680255858
121932,185185.27976952188
72775,156887.75847900688
80145,107897.41942071142
117079,91370.07829024957
134295,141252.0945217872
75125,159261.22313303844
131608,177626.965923605
56139,204809.30233073354
137088,217581.56330182988
35309,84213.85631664023
111827,367791.80974464735
80078,209127.81249348022
139766,195505.5886861943
55550,113741.5356186824
69989,192127.8752363298
74814,466400.4670211628
22673,140327.31449644233
64589,124375.1911991718
6343,66536.3989045872
52763,103168.36694765979
59156,140613.6149865815
35954,176256.38120764605
143884,76974.40994437356
125652,289108.17516225146
127269,395987.9715923541
74266,309809.42060235294
13991,83161.87769862465
30146,139203.15657926293
46640,92507.60231119479
15622,290158.4559377669
112284,170237.87040650396
63735,87494.26074032989
126319,245025.1165662582
44694,51204.78814049975
133944,143427.5256600256
126008,170416.30795726195
37752,103955.4657224547
79516,89724.95132721828
23255,160187.27922565897
75331,226266.4045062659
62387,71629.40349716526
2063,93952.40511096212
69910,150971.68333311874
1017,130139.56426653574
52431,172170.07405644786
24442,397837.59569615044
122052,109543.39529181406
144021,144140.2192841008
17136,258268.98155914975
60274,109460.1030138119
55984,203961.53586186172
118605,207655.2918553119
74454,133752.3906288898
68360,166694.62760095234
60619,64147.67676769158
62294,210158.60752751064
15704,105656.788420805
44837,150535.19451409284
34167,113395.35632325555
138679,159094.4468829023
113252,135912.7580856069
116029,109399.21173897816
114929,229654.30978311843
32208,94725.37902036417
18220,95809.81154435257
141669,297096.3325667499
56518,366887.09998767934
71809,268707.8911685865
1896,108351.27945652162
1237,220151.66719358735
56894,309911.44216060045
51841,142888.56328204356
7171,105527.4695616085
118696,128463.74875901508
51681,157896.99457350676
114385,147760.52643584754
146870,128970.82470535349
16822,105053.14857977214
110337,220126.7953653663
11319,126242.5525482155
53220,470876.45805146
56846,120444.99587907316
29516,146620.99615291978
4981,142676.90257061712
70577,70781.25071706182
75483,338132.040649554
12163,178105.2018565793
12962,234237.22907319153
49154,217089.53333635908
52231,64061.86543137113
120058,275614.05720575346
79013,83390.1402158801
15972,132749.60694027698
45200,109782.6519643605
117847,79204.43140687092
135148,71615.2095740082
137010,122286.42768901486
5983,272459.2905090387
27126,113028.7299805473
8482,86529.32366934506
136401,86564.34110490703
77340,231696.8491950896
9441,230320.00808166596
44447,342524.1809511542
60087,357314.81464930775
16727,153652.97093751203
22044,120944.75221159005
42831,184882.3679144187
62321,236449.16838628903
50715,355384.9460738163
112502,95731.27156882996
59849,75724.93676828717
16048,104547.86568669902
58933,117634.17657671476
19615,74762.91836586941
20520,136002.91523601417
21693,181513.27184921916
63358,70929.54297693566
24368,349318.2551365946
128966,78412.29732804354
54457,112159.75848251319
139460,629781.0809033613
34248,107097.2887189904
142371,275873.3043347646
22717,143837.67998761963
147155,92916.42809215248
75829,111558.15426350449
38799,234972.7563729309
126391,135784.98094367242
1748,240505.9083940687
135825,244552.74437610988
80523,109819.12767219875
60597,65991.71303189389
73186,267525.30832558894
144892,487289.0448146184
29600,182139.49459409187
18275,32471.73370187582
12338,104332.17608390152
37986,111728.48485853017
147070,119871.37013710794
79641,107188.83635931913
112456,275617.6780398302
41395,271752.51845365675
146165,82801.01748816749
47947,329665.02291120874
135818,123682.12979609135
5946,146195.9757857405
119607,95973.64433616135
46557,83487.75746348078
22766,76019.76572954698
113750,159787.75109270687
82569,161483.70566670742
14111,210357.36042921778
111639,163529.21932339447
137129,95606.3969054071
143424,107936.14525640981
40609,63762.53252499288
77935,116774.77967493722
132666,117072.36176726865
42176,696290.3790524775
47456,138706.23146290425
142322,75762.37205709565
124685,209552.59351220206
61553,284203.8799522477
21218,98732.1097585491
31698,252332.40613937643
143263,218829.90077435423
34418,133920.57096369882
73880,104800.2117423462
146338,109015.16972034548
67919,180853.67532258935
48592,106987.08707883183
111820,96422.3357581548
8520,178723.31711589842
50494,263932.84751418204
27159,180810.25232481313
143286,160224.64188103992
134307,76222.22386609494
144755,257464.8776328239
62209,281805.8219495108
18640,440320.05525979697
69510,95846.02916389893
79056,653625.9695822801
1757,248475.80084430444
8557,208915.74121203844
143029,147311.53609186466
83171,181981.36974795655
132181,157730.54993894248
16911,143990.09019294468
136987,192236.11006026843
57332,72084.38513625278
7337,250983.64431670046
61770,695381.5945016551
74169,330930.8953804002
76012,168607.23932987807
33536,121271.55724959262
19108,218631.2338765985
47335,72688.9093166132
15054,77440.82999506526
81779,230468.378812325
138040,317134.9524771852
120340,152755.2459692144
51371,172351.53868301993
63010,165150.06246352853
72868,117600.31645453074
33812,51242.88505153432
118238,298709.49823780137
23463,225493.7237765186
75213,83748.22444484773
12904,102473.75805916797
14373,93833.39981542315
133168,184546.54669104994
32702,47661.11842924061
6083,100427.46491094091
50465,64869.022887709754
128374,277375.1253747186
46203,205758.69512327
4630,234042.86860884732
49158,76030.39364183907
143186,144077.73890832058
112582,260955.18634153152
124009,133144.11341169017
130537,57261.15406932229
32567,218297.47073864017
61322,296245.0824055316
141015,86203.44270804455
41294,71489.06761789555
35613,87288.3225441951
34354,177290.64319622653
69978,172871.73533921887
6567,178600.95877478586
23070,57814.73153023471
125779,217822.2934345411
51663,168921.93919181262
141464,127584.30947550514
53424,169952.64588686102
128129,142043.0646803556
12958,138174.58869192004
70987,216918.05364866985
139818,138679.2628354256
82698,52124.41610931339
119047,127367.17601308315
77839,149539.55145437462
67817,189495.7271807376
28004,114951.17186871756
76494,118423.16599488302
755,167652.90071020363
57094,231455.04640941595
79561,74004.77215383688
9229,136297.23020783905
8603,209124.56661396878
117147,38442.60349503125
141074,229213.45548092754
37460,144190.15984749084
80377,185662.82039763872
63181,74331.93126331695
44388,355161.120542246
40583,111687.76499958365
71573,90360.81599424934
136691,117643.9996254065
118631,123356.98123691148
60030,125969.74908453226
20451,85133.6938730613
138651,108040.03437215844
128559,111537.53650864496
125417,182932.16788267382
34213,57934.50847350865
7130,111092.61822079137
2307,488783.48314423836
82599,91253.9624678543
20893,139769.59097519785
144715,144251.37693503115
35044,100656.74450659119
41361,272503.06460640486
73322,125455.924173488
10996,76196.60969833161
25971,157838.0953161299
65572,148975.24938368826
144174,117637.2575372871
68917,135704.7416061288
21734,251586.47125799098
39920,59874.251792709605
135167,224951.63113968202
7380,135302.9539185203
81997,149790.96862650075
44465,129835.2528052437
7731,150023.45037917956
59328,109504.26546577229
40540,161627.0290692845
122333,98809.27609828721
142226,408190.3645591345
113337,284396.0305738323
135050,183921.57911096697
43001,194647.7426787918
15606,82120.19817854482
26759,251787.52190714917
28988,261361.31919919766
75982,79360.1267736711
69494,60923.82063047959
10057,121390.46919545725
79306,115260.41695691984
71231,240886.46159412822
55312,301601.3224921157
145026,192378.8353133664
117854,316766.0419597885
22523,254500.57703806023
142381,110071.22060413833
60936,68927.51794738049
36942,98069.71509433484
58842,149615.7721011288
23515,149477.35987105692
18208,242080.22553447247
29565,103474.22336077038
61904,95763.93224839486
76989,56863.35189814972
23482,216378.10467798624
1657,220435.7053250943
127947,147665.04745298394
59185,83038.96644471223
48006,66029.52153648068
71541,142193.37262519472
20979,125866.01836590505
43661,181401.32437564124
117357,140592.25162279094
42435,216704.27470652323
77502,79503.67120568012
114685,66237.53526480844
33367,239021.94556386245
71381,216138.68603129333
122562,341298.71555447974
27199,220625.94528769315
16304,81681.6590970836
63049,65856.82867859965
81318,104588.00886074489
62374,143302.77772153734
125133,72973.01487477277
26067,237382.5600918478
114151,110238.3603571479
143235,33485.69303773819
74197,165095.47281766956
57156,195891.1759812676
122293,72977.96914479489
58778,361940.71543111943
79800,103500.6009412469
68801,118324.76208445942
36726,46607.73254802563
143866,139485.50143270838
131375,70002.5095322982
4952,96145.45617141295
20952,129374.34005032903
22566,184519.370760782
144114,125220.46568793885
138139,74480.59017809153
24634,110906.82714255035
141891,257108.9649136784
18270,93435.65865730902
126768,57819.57105529943
6353,182639.51919149974
16166,129761.16845712607
58857,161516.52737312665
128218,107017.25824142937
118253,312740.06833505945
62454,114779.39430929537
119089,75167.86787355061
49478,312576.38665845135
6823,117932.55843548129
125761,227322.17020376906
115803,316557.70353516896
7191,245319.8007555178
126667,99670.41348934836
37534,178632.98953731137
118494,74580.766546548
65370,100314.94938457088
30805,279614.9260020063
23107,99615.48008265352
35163,52279.47355092116
22114,177950.85745872773
35741,199398.3640843623
52039,252534.86767389587
81915,644262.9041397575
15950,350643.2422879485
76270,268618.5749908673
20971,296658.75577131845
42404,126167.1647302915
81772,260585.38184709952
123566,96515.41100410372
14538,113008.03614437909
28933,107535.93884713892
6054,93898.84562065301
119314,87840.08161976516
115919,110775.18631956389
121632,101362.19831355524
69656,128294.73308419135
30984,62369.879658866776
6403,263633.19145230914
139377,69743.74721140647
18276,210862.86468672252
128330,118327.7536032107
6825,115830.46281523642
146280,546114.5131993975
139683,44029.83707589577
7083,300436.67638346023
67241,148223.89509594117
69200,148923.9476203147
50239,141147.36741683187
121571,97178.80916777131
47860,192112.2921141684
40548,150070.26387288995
114404,199664.70065961455
68349,94815.39915895015
124135,356482.23577030277
134566,147401.01410977633
129614,234186.28567771736
51254,47864.710465411605
73385,141700.88225418882
51976,370546.8105839253
58174,248630.17188694148
72201,139608.78343654828
116490,136080.11086171234
51858,206361.54074034287
128923,65939.33969204914
9983,109354.84776414554
55702,429964.2025020173
77809,116665.06841584222
80246,562078.9376538182
61875,328692.1206596937
79735,60828.88584224839
57900,108710.04457020057
14019,88813.69624771253
31352,91333.31498361652
17819,109803.58993968963
80367,97849.38951241807
5018,192390.6917425929
20569,159076.51481731725
2594,95399.34937958347
6635,50073.41135363186
80991,156869.62306208018
141587,96226.41715599681
69633,44507.19052814722
32354,126337.37593419343
52390,368436.22046653496
433,115381.15967507989
59952,118445.99588567344
118511,284627.66671459563
8593,166096.34278712148
75960,139279.38090529747
7959,221847.66453136393
145162,280557.2310605694
127749,122452.39288655965
31761,98142.19835236149
77395,235016.893490677
81956,122390.81561347225
144210,259364.651463458
129221,207240.52731014497
67233,209237.96615625176
58303,179456.07092114398
44696,83793.7382371471
141965,151899.88822234052
15193,73997.20121352193
14199,145264.44783907817
63046,190097.16737319986
138856,98294.88929414455
123800,215890.76320593717
40664,147314.42918065377
15143,111777.76440387743
127439,472033.906378718
14103,201104.73004588543
111059,143349.9950753388
74477,202793.0568991924
74942,230666.4299600487
142277,190899.00278330594
6489,315479.46505338926
17388,160437.25023590802
12901,104465.18042476178
80985,160843.0673995101
59885,90088.53861007585
5311,101326.60307632797
123175,180203.57397155932
46859,72909.43927815283
16479,252692.50058430477
74623,72221.36041983918
31798,82967.0344341705
82856,328540.1951034325
1419,113920.8486512384
123077,478677.0300118391
121201,79319.82032811716
29738,88537.67873113474
57895,142466.09972846342
129358,169458.2736870647
82362,176487.0857823656
115412,165740.3743588823
53875,306341.389396409
82826,568975.4398790249
134796,169444.6859959493
25602,118874.30782413037
21821,56522.68403074566
137499,159605.58981421968
132448,127655.73443232167
146044,290163.69729024946
32480,160034.86414603892
19941,268555.49324209045
116526,126965.39886670272
136843,307602.7737964608
62159,60153.84265688184
38068,68888.95296704749
31374,320623.5784408259
25564,316148.1764317947
40793,94939.84849723721
7615,535743.642149936
135729,129402.78301726104
66461,91322.79303209236
110350,262081.87887793197
116452,104329.02866378677
126111,143029.38803589132
32514,267445.8512051186
25621,292882.90548201883
1642,237179.7968691779
62446,122677.49826186025
24307,237813.28571611154
145596,168821.79556929015
139144,195491.10602318376
33437,127970.5683251413
32624,69637.72165143077
131174,155483.43934362815
36651,276523.8468345318
21254,91590.47338408425
132998,224760.87132020952
143991,160256.15701924957
73111,149152.8059459838
37655,138974.545294184
145494,108311.71127800699
27414,106393.96754754413
69673,125421.53817405907
10923,123699.18993433191
31803,201412.72810503215
44955,113930.92301522594
12286,113937.77268540034
124694,521096.29269533756
120222,181290.36716619015
146517,220608.59762874077
39244,167833.68437870953
115450,84112.63524850954
1005,110486.63830321505
28779,171048.80129287997
145754,223470.5360874799
8811,154684.27480575093
44379,461115.548413754
54997,168241.26370250212
49235,177402.75965055556
116716,95561.62130156715
114186,80580.77877315061
38036,141092.32234055983
133729,129887.85579881922
138169,166071.2888621254
34176,135414.55263987067
52311,268793.121842196
131876,216388.12944767467
56460,177531.80807253678
76065,113978.5199435138
60276,136711.5020723517
25228,66574.25875891071
122424,320985.20415387506
114885,346257.2645126402
21144,255829.69182680143
135151,157617.23072432363
112989,42571.12987135452
59716,379712.90963671065
24811,129707.80324017651
5024,54318.32767248177
29790,85069.71791361822
12488,161560.89106565475
76949,153954.34957916598
65842,393588.04311228066
143915,102594.6123654003
142422,67123.20212845659
37453,97552.77863800587
47846,149638.2224722212
2365,76357.8353910839
27374,186831.94466687035
139971,65763.50908965927
7978,157020.636652178
129081,64124.42613760142
135210,94500.47655800347
117604,336323.0865904832
80298,129399.24889907043
17905,223023.19234098942
53531,115668.08841377516
11836,81148.76773263465
44635,99000.43296495694
71803,267890.3344793226
13588,222900.49792343934
76941,181873.74349720238
126130,116496.44248666073
71177,183750.6583263439
67070,200938.07027968622
1477,101382.26546907227
60615,69933.53185547574
74630,132038.0812383183
20358,150579.54424480078
4046,210169.0030598801
37476,80313.19432067907
12001,41610.650721747
120073,239782.85056639372
1220,162578.22485604644
16070,330562.79999782285
67769,202503.59222352615
70529,98658.17949772305
115623,166394.52433123114
21706,101800.64176567976
73738,147937.60470827296
113586,72804.57299924726
72339,312321.4170507904
20742,95979.7817208629
142118,97286.41601724364
38360,199481.22036019943
24546,514569.7751537933
111241,80691.6296991341
59145,291168.24108307314
12568,325142.45257661317
34158,160446.24112458236
140036,196556.55950435984
25049,605138.3385099663
125063,209259.66903197576
128516,177519.0776763954
82604,186221.66496470847
121318,85135.89908651325
62090,42188.623829598
139547,247849.01190232136
17031,116185.47220305675
117436,181061.98859547556
37396,95604.598921342
31877,234016.47277158953
125534,82598.46985614108
68795,270364.1657248452
144712,165631.37968962773
54538,316293.64691674773
42466,78851.17294611092
79835,119848.17959488255
14681,130695.89445309748
136025,106805.15479020894
29978,334121.8092821437
81795,626717.3864318028
53530,109513.71786654397
66137,89414.14702571009
13295,98152.42913609982
7700,411092.8340383285
129265,222457.9867259155
15906,149150.62169266015
113559,53794.815683357694
115889,112912.60470199716
14226,129527.2427670465
20268,183687.26864334522
13755,187253.3105854633
39627,161356.26394386604
38705,199716.9404808718
50985,122126.45992907506
131929,77742.50228943423
110954,78890.94748038093
6968,77217.85641103049
42740,169005.83850656828
15734,121365.99663721373
126569,116313.91314896516
2767,151094.59688199457
5774,114132.73253147445
57689,110704.42992126149
80737,164252.63420719252
16140,94102.89209253565
125936,148108.51016844125
24513,298963.6559930607
123824,108329.2711335559
134615,306262.231511171
41062,438503.45781472884
120307,196032.92893034598
72247,111147.49244322084
113747,88684.09249815457
34561,224223.05149853398
42214,79540.620848587
19455,143682.25386329603
54261,245580.21356877044
53278,132168.53682126853
1755,175641.83299760506
125917,91700.52790655097
52119,229108.72884427028
127201,193843.7904543386
59868,105225.57666038707
144646,113471.68585490016
20331,86760.34322784607
120694,316157.65343564824
60292,114037.68426727239
111983,156145.77072492402
37505,148661.9772323493
27428,374784.8508643828
128876,78421.86611602869
1114,87656.88863861785
60998,221372.08923253676
128176,152722.4856945443
19989,132364.05292431585
10481,273578.5851345565
62287,62465.29422343697
44951,123836.21687003378
76435,259763.42073197447
136549,401597.1133888074
21438,134604.80390388798
126006,244234.79849964695
34675,104638.16797354195
25440,249762.11296819162
70909,110227.15073276975
119821,117379.58828454427
3930,347396.7482874194
76999,190365.55619321173
45410,95652.795092839
43225,209528.14101261977
126150,133258.04534292064
60697,107520.81871616542
30793,332211.96658806363
48234,89979.74519387423
54265,395058.4572590147
29881,66582.14749503121
138218,171710.35036107368
34800,287809.9949857444
113009,198978.1814410547
136692,99744.66747228359
37675,141019.94561996547
65443,127498.06612564455
121334,152558.81706582778
112342,199689.6676596537
24446,116867.88435020995
128528,171641.26476601607
72984,80282.46753467197
142353,64769.03910511847
131510,229868.36617064627
29762,354867.43450624065
46116,66806.9697629985
14616,278343.90948113106
74407,151958.2415734524
11943,54015.69868711032
27444,282530.8888124437
71070,202535.16234052368
122487,59964.319102361536
16766,298736.8180464954
42678,203967.6345480956
16377,127026.5042854881
15056,186431.8886398958
28659,211158.3015302427
68935,123957.72113440494
4602,251218.29908888676
14736,315158.9552353732
25823,97742.00927762917
38309,289642.3710427367
113273,103801.08431218502
79296,67501.1072971717
133880,287457.5392342162
77873,126160.54576613847
225,134455.6983521256
37257,137495.40315604978
56747,88950.90737778747
4848,195295.49138958091
119129,104962.94791836539
73676,100103.42060204655
120136,83663.97903192393
122386,160763.9568440386
58375,101722.6154828161
112833,89153.46226002357
116069,155153.4478345777
20767,138689.00524391618
59721,67976.09507817062
126999,143514.33966392995
48317,286868.08791369013
675,218180.45910894315
123005,151311.43969132387
5458,96442.1430811662
135660,175333.45078970736
20233,256046.84690158942
124489,108713.24426680122
136129,267290.94107736426
80888,322861.83959439554
129175,237635.8161918603
55838,294274.11662812793
73150,294387.1768128789
60867,69734.92841217278
121735,100257.38987617796
43473,88463.6733622506
119205,309691.97577248013
54000,85718.29592475946
75813,116649.6454784399
68409,101827.47263418004
54791,179053.88311469916
61973,299522.86795663973
137795,214808.71859147688
119190,261961.51358247138
26937,124782.40548386541
15966,538438.5370367547
81525,155287.46737000218
26943,175245.17275824072
142443,56746.28868278688
34492,82084.42065994351
38900,86721.95013018002
67315,73269.46442447387
54201,454794.4698289237
47184,180799.95551881596
12762,152271.45226780913
63823,148728.7093060545
11372,467364.7532842744
54484,66456.41659555135
42610,99489.41724465563
35465,71528.6204261993
52751,434320.14503875264
43407,669482.1008068521
79059,107788.15901013388
45132,188259.67296266885
58177,86723.19304502363
27467,76075.92883119287
60780,152227.56383718323
45514,75797.09200274944
33123,240194.4209254963
144964,145578.00153621883
126073,464545.92313534534
144229,100781.17707663515
63788,101148.45922081108
125960,157627.7227795361
130390,219455.93257354066
134712,378731.16263756435
116852,165261.40575552403
74796,93013.89475629688
65268,364913.2668991261
116440,224478.30798810645
5692,284450.9529324229
61937,242667.75507307687
46616,148882.88221960163
8163,204110.20364598534
54993,155224.72001363034
7916,291127.0044599742
30042,137864.37202405246
59486,76371.30193897805
38564,303547.1136215362
64850,315140.4004863308
76076,194394.71928328476
13087,259187.08632169155
39788,77868.2320136528
8647,490277.76799714763
118262,163965.29891696817
53921,125696.62226622704
112283,74339.34807417315
8031,129757.58311514504
26372,163286.53806293692
73290,126672.44571171622
43698,121228.20237575108
132441,145896.08090281184
73715,193549.7493824992
33452,594223.1369457904
3162,53808.86495191405
63120,159088.2847528979
71772,101819.95359436826
141166,94932.38728278401
26436,103444.96314828584
65981,214641.23497986665
56804,129276.60807591258
52476,101969.28732967595
43080,280280.155580291
39951,70878.34599927827
19800,191831.09442381057
24589,250706.9859780277
29083,146832.65431190198
32272,225594.24584574217
125143,116954.03061954674
35405,68781.75185720419
65980,43177.686991682946
34245,79551.17519503216
44977,76380.91087804284
7220,131891.84574113484
138446,674919.362113928
120529,178030.1586444963
76020,113462.10656538297
20938,114134.64213922166
135144,123967.93636640577
131781,164031.31944824307
67130,161813.69878655463
139549,235591.15601887196
131557,90584.47401012444
47629,428143.9405379159
18134,193261.70477603376
24585,120667.94271401735
114850,80142.81714419651
16064,258721.62617871878
73325,193614.16202763005
131589,268197.8573791354
29544,86502.49983359684
19322,240838.55564598754
51352,156214.1825963661
71053,390914.16695266217
59697,123816.16346248676
14422,95764.17297012823
42331,129765.30023823927
27241,310677.10411297705
141098,394216.6396210886
145686,280139.56482855114
55942,136963.6408232103
29120,132543.11511045214
142620,91017.4680803042
28080,173070.53383323163
72186,73244.37997721668
34333,316177.5407826839
29197,129684.83484806813
41381,175731.46305047895
13219,213012.016275077
141174,148603.5062788173
144444,95488.3292858119
122122,159910.84777238377
22453,122942.36437870533
133914,271158.02995307086
66660,66149.07640510453
45254,142583.67390507128
80143,161133.18899019432
145318,313348.40833041654
130225,217614.33346679044
134362,97525.65364846229
1934,161081.71878039293
130613,366923.59397144755
69889,64592.29851058243
61673,120776.79171868833
124778,30264.14005053377
32859,206815.60133938873
144249,538549.6540509393
138419,179452.6548849234
141627,122412.17033879127
48644,355301.64894167095
2999,145357.16399618326
48466,145891.53530170454
9969,111949.61927537505
5258,351535.30570066505
138117,160940.39829033415
45436,194635.62190172134
43202,127745.43523260967
66956,441659.19359416823
19201,118190.97967490129
80663,146602.51607723744
44186,228508.39175361485
80869,48602.24151993981
125328,109168.07571526538
136708,322994.8920281768
11355,667571.8567692981
29378,256580.7945531084
122778,190887.47474043095
119988,96884.47286536763
114635,260618.0629058524
119144,115807.51991315832
126061,87655.48767176892
110382,64650.79480372563
123922,215635.9768949934
37012,78433.94300849106
19701,69255.31753569664
48908,175728.85972833782
115664,98057.0518810353
64337,162364.15496734495
41449,184354.29658550382
134966,83134.40429840217
29034,343025.3740508019
6333,115524.26539847965
1264,149743.24409419647
64278,244783.28196387744
137833,217977.6585404779
15994,268774.4000195245
26549,144832.98972915902
3011,48990.025335088794
72573,155641.35393279698
33149,229242.25448673157
57176,150174.33813202876
15108,129461.66066048508
51350,57021.92476334369
12300,187381.8120096873
33675,175913.22732526576
78861,84551.69579752271
132368,82792.99610246909
8408,345943.3713605178
40869,131188.9174845956
77861,189106.34831858322
33582,170167.94302651714
112921,82017.51174506103
25498,140652.96851344587
124850,264437.073803979
32621,45228.690846397985
70082,255654.9486652566
42166,369960.96997056
123440,277231.97287702013
58685,170535.2735797074
78609,109674.90479121244
25924,42272.212516157626
42044,104125.69928095398
115014,89224.83447899013
112641,155980.48041128926
39531,164249.83940113426
79726,34637.78401253305
19903,211324.73005630317
74768,201717.72342046277
74870,387767.62993672315
20038,79516.4454027824
42849,228358.3140189483
128486,142961.89374577854
62892,203991.92746820493
25863,62175.40983992161
60092,268486.11560662574
25423,113693.74823796561
10497,116988.54409958835
5313,342033.4899259052
30123,113170.1068341932
20211,260812.3242529526
111009,311571.8425047814
71078,111912.90389331731
76189,84692.15134837248
24540,330344.91567085765
124917,165182.84772251933
61984,174051.25837484104
135726,288154.10435483494
129457,110190.9486468999
126474,344773.0877885283
46169,46770.00274948265
62174,136570.7180723517
128431,43554.48093215203
112482,288387.9835087959
120720,214050.29554758535
6632,83725.21019405089
11318,224733.42821507822
113074,141623.76868286272
146368,225644.90537555385
132059,88415.42236876776
12493,139731.9552741866
115590,200959.75149552722
33901,234089.36336780398
112891,134588.63044215046
28739,31961.60051989677
49498,252505.7101679371
11680,172205.57046435852
66242,153695.0475996197
55983,127941.27752880866
111021,132084.24767578495
7848,271199.729269531
64321,136992.47763756558
23216,83477.09503231729
121458,114752.3191554542
119458,148197.93836948648
81839,74221.46001973253
25177,139944.21007352517
62538,259397.0052155863
51,223847.42069586844
132386,215695.07361254416
23108,135374.5635404464
16906,82983.44291542294
41464,236602.0420734798
23792,89902.37536137828
79604,269631.3247097746
116491,190197.7699538867
31434,77233.21605216089
47838,85138.23070912031
49951,119643.75347101127
144837,135935.59165067837
128699,153939.62949675764
21867,493746.2845086459
146964,94923.13917614661
70630,121592.07828966566
140997,105066.39515186258
38306,88781.80208053159
59109,176680.7434094957
20437,204475.6412711573
54637,170684.2471043158
71735,222372.7573415978
74400,52818.0137365261
126546,74789.09342810052
81837,53486.19304345919
24192,55399.8164731061
145124,235416.1253780484
113385,136314.2073786907
71886,101696.29770655354
32147,70937.09556984295
56120,113788.60199837844
111736,176262.6987001645
60865,123351.34376298495
44712,146397.66792061666
12141,55689.03505511541
60512,184155.28365760288
69974,459582.0912161763
15699,175107.02541039983
123897,303186.83683538134
29581,108467.04469796312
136592,103645.7920292448
74913,151259.7634840415
13101,199402.34097584902
120369,160823.72139432345
33106,80660.95102836985
49125,85739.6246198134
42264,47459.041336931674
135789,244803.47368788222
64412,192745.61977317918
26754,516622.8756226432
140889,329140.2613477205
40806,169008.37884806262
80479,50485.249468338305
73487,323895.8692842728
112052,69758.9210341015
39315,351833.1790610322
69871,681492.0553434944
50930,215033.06592778006
54240,79607.69291707315
117763,197628.97464241067
61704,308336.4189032831
47778,70764.69713366959
11908,46493.05167434092
57122,123676.76554445349
52361,229147.699244182
11578,91746.95973747231
115115,112549.31104749662
132588,134530.91448114644
72249,82444.69089496635
16483,128705.64096218784
143580,259389.3040059944
134778,240227.78206424307
75303,128784.16172473307
132459,185917.36252671003
20752,282194.51404529915
29285,111136.4804409032
45650,237957.17700899625
68599,124742.58826240082
35107,70572.47982992427
76595,218089.23902239627
140818,201691.09051375062
67301,174414.86089948125
138536,180731.85252498311
2323,350882.78360334743
51872,98097.58143003748
20935,235877.52242588683
5295,190226.4982309913
44603,108142.50685892692
3995,86427.00945272182
20709,57764.213095414256
116280,184507.714066772
32750,166621.89295896897
3237,111088.40470224527
58052,302794.3932897695
13681,205019.60755460383
52551,147044.00400586298
145057,361303.8830978839
16416,266030.80864739645
48374,79944.1005615377
73951,122701.65534365832
37456,182461.65756844587
6930,179177.48062794353
128098,175235.46878727686
11954,40722.69347380955
59571,86128.95524952942
120259,201919.34609068767
2830,118803.01101924524
77160,122638.08714242897
126339,315338.75289921183
133112,149255.12614353737
9888,113704.29217976032
130693,246200.89200533647
112126,158619.24505091313
124559,111512.28642784864
25736,127324.48516344391
64846,103940.33472344327
2787,107049.7282402965
138352,213471.5321364165
12659,183887.79457199777
17769,203389.95645990103
56111,261342.96595708956
16541,58648.33359435304
7343,266373.46171217365
52018,160748.7701897837
72268,141861.69908602338
129649,120603.81976358884
136682,328109.9793646565
11771,46369.729173877866
7907,393671.4436072536
127884,146033.12325815804
127763,82908.5621376881
143691,165744.92938735863
118474,139100.64365342355
127171,191396.05656980045
47407,237372.19503460114
19094,245104.22847847943
71186,152128.96071100107
123491,214042.94720648002
79945,128874.44785978078
17591,158075.23907556597
55201,383821.4886157482
76282,205742.40410512403
5223,132434.58715335157
26633,342404.1015011228
5856,145600.23795959668
21231,120458.5182251477
77240,143754.5927146495
15462,340302.99360093253
140396,282697.6101988364
65727,167916.7982955812
36166,205202.4930506803
77483,273070.65456739545
137014,172854.59001800593
1059,213778.88102362314
120563,140536.89353247435
75856,83179.58087377348
7342,57353.139248220905
80415,43142.265026444555
135685,155887.45063537848
61591,176036.58637948873
146726,118411.58163133128
118121,89969.45514354786
147038,157146.06575539082
129607,280095.85841280303
73563,56317.43823298968
15808,70944.62954453267
71708,150935.42914032866
80962,111162.82058046854
132040,184795.47752354416
13806,184651.1129841128
29718,112780.75247689002
131245,270008.3751254572
111514,62819.868156644865
129380,98567.27776983395
144693,253214.75832167506
7891,324670.55310764164
67569,278115.9104736904
125656,550816.6433591361
132694,219032.05305438276
123984,232907.4811274903
11255,343780.1729444338
80563,54866.11346309548
133320,176893.43786416334
20172,97014.70751679849
34862,183290.77871972305
132742,116887.75926333276
139814,243680.39848579754
24252,89850.53137998213
55519,47336.87391152529
42925,287158.7628782005
52951,79348.94381055527
35228,383549.8865922431
52299,78307.20235332385
144320,145006.28971534365
11283,117125.36268768563
58827,372701.7183847248
128143,217943.03152997766
31061,107272.15309673092
13122,59368.21752193627
25727,517408.25153657614
146058,81280.09403356697
141559,262212.9572746125
33481,146919.84639797139
60029,124657.90507844536
70737,113837.26370109186
44178,153575.40701696702
115108,96728.93280535606
1817,138282.72355414068
80612,127623.10666978682
79495,114747.98269407163
50283,588485.6509124993
41481,71825.69448729695
36577,113396.55233098633
111552,128109.85974198818
3950,214694.37055100178
142833,72606.5422979115
144775,143926.19237028528
73732,105670.0665934406
40093,125743.83503537593
8321,456454.2820482849
7457,83571.22231966187
31002,332741.2442548827
43620,111205.24654192844
115839,105174.63654694335
12188,78044.41072520397
75366,383456.2346728211
138980,92603.01565220318
64465,147887.51191257453
53562,130291.73355015804
93,205213.08439764555
31901,293372.4361719214
31696,243749.28348600282
38711,126532.26538127138
122718,158926.72721681366
3581,84804.10645664766
50565,175930.6101873989
66101,60954.930778240516
9752,236636.68246800074
118680,288153.20799143636
23007,113665.84991408199
123791,72423.23150836359
19395,119071.30640299711
14989,122066.16013645878
54330,105723.04982325397
80354,138938.72656173742
11577,94727.7558574426
73011,60556.78101591306
146240,162272.67463248144
48923,257982.2888251983
20603,119912.05082462107
132218,169990.26674780593
132932,78101.39169694566
57245,248099.33789115073
43287,207443.1625348173
2309,106606.68235218406
20079,126016.17847545863
67645,126647.7491524289
7450,96707.75359723825
6001,99236.98177398721
73504,121182.60242575107
29941,308322.94476842985
26204,163356.54090482247
135355,111127.90713047366
126634,69258.59953580023
58667,247745.72128276492
74163,247700.18148686917
128150,146377.6087341352
28931,144939.1487814643
24732,359696.1429835886
128408,182648.8311412871
74011,109418.58783833767
122431,166459.884509959
147125,427548.5612379818
144520,46924.63906980752
147108,134624.9971506772
121821,96529.37200893094
18319,188614.40054916526
75511,110025.64527301761
123845,83226.52030181926
63198,89465.4146979718
17817,134465.8753332869
65645,252396.02300503894
38757,127881.62054626472
18776,376491.934053757
48735,127635.36509589296
77430,456646.7836348731
8089,149103.1194790199
145296,187147.02633586616
124721,229898.16729903623
13548,123419.84737710889
2604,177698.8509522461
50962,182548.51230943852
120407,87354.44732794356
143175,95960.25217788013
41121,234349.53569011262
32879,112258.60898822061
77097,143046.9626477942
839,105892.56259479308
136461,50069.08446721501
124143,164393.23976737825
72952,107789.67000630876
19894,279315.22692192113
71621,197992.56802666557
122504,110653.22717284318
67851,74738.85501718208
36689,201008.84801245687
7938,191195.8691173753
19545,47525.95037701761
79524,122569.96946457317
75320,107396.06943927471
83190,78644.42127559372
37666,235947.38138039803
20120,223651.83971328175
69193,395237.2835056162
71042,144107.8671482806
127501,130298.42989639766
126938,113047.20231813627
120874,214245.70632258512
17453,250008.54087137664
67940,190449.26900409977
23686,218725.12236759582
60797,93930.494061891
112257,332132.01456609945
55514,105807.32344155744
137465,86291.23308141739
72367,300581.03583864385
5266,169517.9472798895
132839,77866.74461765277
142548,166530.24920004673
75509,212855.09329476245
17947,110757.68379629288
41301,81663.07690033717
126904,174336.59040062365
63763,89435.83174931325
8301,186163.24316875305
70729,38004.33499122591
43892,508440.57241250225
136131,364305.78503339237
82150,137042.35336269886
80605,91193.86674086734
76167,90815.07468791986
59143,285488.17694146594
64835,244973.9712281814
146206,167450.62260672872
138957,120288.82354870366
121999,108894.94775072587
79229,63655.80201496312
140338,146197.05719652952
18937,355449.07197968225
72151,331095.95675176074
68844,55856.9832045861
122390,87748.85235381153
1571,363056.7568283701
120854,50129.83568673776
3275,228719.9050821414
25158,81330.91435743323
48886,174807.69888580305
59598,184011.06139803503
37924,40606.89972752574
70951,255560.12075681204
113606,116308.30072900093
65586,121532.67092303414
63452,63380.635992119554
71670,127139.76813996342
126022,403199.1753679267
120170,139787.3458930995
76498,314568.8775265682
11095,112332.40095465805
20788,90946.1332615959
56770,366957.80496772606
141348,75096.53520131318
125718,39949.689613835304
130446,112521.60744877785
128235,115337.61938049213
18110,83980.58397565821
61182,165151.11306336272
20606,300521.4588673797
17440,210146.64861500656
36185,97036.49304712038
10783,101506.1182259665
22568,108638.14956694448
45960,114312.84237838199
55965,79839.01238055367
5067,105602.42263397106
24470,135213.7929555495
131232,360633.80429061025
75014,225570.72266040303
65756,305840.86249731225
137562,126922.46633275421
38572,235516.01696156483
137978,211333.0308978429
34814,83924.76389237751
13551,134878.9991273892
71379,150120.5897496376
132655,161963.06487256064
76373,159144.28186467072
65096,273604.84565778065
9096,113144.59723170506
118704,167940.02149548064
120123,183136.7378546504
34406,116715.24400929746
75878,91420.45367933737
135564,151476.8963855248
36978,357511.7331371472
33964,169640.07937710098
141185,110853.9536061412
53955,321197.89306624
123681,264694.1799649867
43840,295697.56543244055
111673,174685.40572646828
143703,104050.54460909171
64490,103269.68069924878
130440,139889.2589538458
131678,62955.904053700724
135269,221162.90751905736
130166,122998.31239930229
37416,68183.32557244806
135591,108172.72807116143
124324,201684.0572927517
120738,51430.1366108574
3303,279100.4434955664
80300,93806.48575590624
143848,87910.82918576078
14036,236287.89361295087
73931,323048.65985543065
111739,162563.69871912472
36376,65481.94783236428
54685,69437.74730977998
137086,198160.83448110922
73033,155158.4881898566
39572,139472.36053073325
122281,328135.25291185075
2150,174580.73118926905
145262,260720.96100960288
133562,90193.08292028696
17452,143094.9385886688
62947,64431.47447957573
73404,191644.8372385776
20301,116995.70505463803
113479,272202.14216080727
37518,178675.6918253218
41398,169982.14562145318
146478,37468.60753429991
39212,63875.80406896019
127748,204386.97265734407
78284,240621.63767599675
54143,92634.96365325853
82672,79254.16546937093
15188,477651.82804741303
110646,122499.50308742956
38082,163126.74806441946
79034,141973.3476972194
115994,396971.05879019684
15150,136545.52543299177
53574,65463.84963680066
6832,227767.87331337872
9024,72436.17380223045
137273,197464.0429815095
43104,238034.17093664175
81040,70825.5855094334
14305,135591.01068648743
67137,143694.2644376723
117601,158871.77106835085
128850,71437.0644735238
32934,71105.28385571801
114453,186693.29151192674
39989,77114.30837509986
131959,241013.7492823981
52185,99517.0522591047
65130,327736.715668932
143720,77934.77860051533
40970,146664.8816760768
25775,72266.90823076821
5039,141133.77513673124
61824,134607.23850064506
75676,195948.1159060884
79766,97453.79753274628
57062,238153.57459184778
22773,114685.94645744919
45190,287895.1723905583
4904,84675.30755509548
7715,126142.48733460778
130079,86545.07440438004
72503,169495.8257603387
50473,196611.39750455366
54808,104898.88898625833
144474,309679.57446227345
10547,158255.32141576387
38505,161177.98189791947
58654,106472.19477193816
50666,250435.18696388998
29390,156667.17293439287
3298,263720.4180660941
77061,192434.15816515917
40007,273038.1086045406
116668,89183.74813995883
80463,105249.88656622823
67560,55920.5219944734
4194,284850.77368193504
140370,83615.0927653422
145233,123531.22694751644
18170,164765.28499105942
28896,165745.11190692981
124663,91517.69488634648
137688,351524.4882718722
79383,273825.7876342957
61920,159192.9121248631
114073,341899.68028614286
29249,161583.4439838052
8427,96987.09198307521
579,106415.45871902019
71055,147406.8081421263
128024,144509.5745665353
27067,121552.99433081955
142208,152098.60997093358
13560,123985.84115635413
145239,83016.97988841336
36799,77516.34499420886
19967,82441.36539055756
139068,439236.88639432244
77134,70383.09976182188
117415,133441.14818010762
48899,37660.54664034696
15540,73133.49748303847
64917,45822.05908830155
23248,135139.23280990287
130773,170342.78122328926
67800,88381.8309533683
55863,102446.79267676943
52832,164783.781094177
28255,249464.1306997079
37271,174548.99014417952
51089,105277.58686589231
45181,263406.8286180462
37921,165985.8680682448
131229,300597.8377086058
110827,84684.73627373943
117172,219920.7294616885
68378,138874.99189652735
4006,120182.2392522179
31267,115724.34557683647
124187,111569.87766705539
37717,159259.29146472632
37726,80635.02287866684
16762,111936.65288708122
78063,211441.5790790339
132886,68808.41786139354
55376,111970.91337285179
140874,498791.6432513129
13676,250857.7629778505
135609,162693.2945610925
80438,107833.41612316255
5597,124275.33470150962
136250,125498.28513056588
19521,120296.29372064033
43697,175868.12979328373
55421,60170.94356754779
140172,220891.26927715004
25583,131978.34917894492
58271,232624.54519756266
37191,221442.00445376348
129018,125297.33814361488
135244,245254.62344946357
140526,533898.8300124165
127604,284248.0307809085
37255,66890.17142570547
10594,260783.88872148393
21979,74480.72765992049
72426,168357.10578614674
43135,121771.59369143474
64909,318999.42285398365
15238,228827.34813326038
62818,130036.85593825026
16153,186520.30965929735
16594,153859.44716199924
47997,122173.48023754163
2382,167957.22485471203
41436,229733.58247694472
37595,341323.4287622084
142998,126136.29999037721
35790,426641.0626056878
31350,250053.66189632472
132627,115898.9198921539
134474,187276.71646799968
69484,100203.98467214647
79904,304157.2762510473
16122,96850.75085927057
45261,167794.84606102807
117437,98768.42865676321
128279,206890.43680750937
44226,197604.96567874224
9207,55419.56371798864
6483,238123.84516510973
70270,150777.8647962294
123525,205981.665920761
80091,280751.6450347741
116670,145573.9424974913
136148,447742.4578768337
74986,296372.22368230415
12701,424134.98707974656
20468,129179.57881348536
113793,203474.82298363172
145244,97256.67766308265
136007,545518.1904961148
15202,34797.34970140273
38080,135308.6633348021
38331,162068.9956342067
66615,221676.32605399156
50496,173818.62659581704
57415,249563.11235686642
145510,178714.26041642093
73856,90876.59768118979
115704,124347.43221452791
81835,222435.51110754738
119604,142808.86980101562
26819,207309.23998689002
19970,111251.56744791794
78432,246200.81987215567
51530,171236.802036544
143976,106644.73408526412
49980,215241.6355768722
58109,136323.33157072603
59439,80445.67926314301
38862,107137.77891858222
33182,177840.32107542572
41257,416326.4365775491
48913,202485.65199788313
68860,334749.8716235274
118338,441464.9053215424
45971,260396.06515225917
40195,79281.29999535397
66555,73643.6237256743
27562,112446.21636180778
27632,182359.94997957343
142822,183772.11917652222
35118,139911.83319802364
8216,108520.56856232558
131446,316767.6975193981
2773,174467.04310884367
136967,273670.7555322683
25487,62861.59470615401
10077,289265.0785762661
124390,508156.30967450165
139915,121610.42620254414
119996,375673.81165572326
143663,83451.68850661459
123261,138838.04365149784
135773,152655.0904468394
141959,83710.53529233173
10477,110491.69556235151
65612,124610.96911014273
138876,151848.0569632289
68215,133436.3791291039
6409,254772.3784553649
135382,154069.7801757832
24730,154656.65378597061
770,291234.66743626585
65913,246090.88297804713
25061,180041.11118872903
7189,199723.81643683815
53490,37729.96300346891
43982,188039.72530217437
78872,74669.2751810387
34417,188912.18499797932
140636,245934.89377993884
129650,246889.87571258427
41671,251724.53662282095
49761,182914.64932820442
16356,104245.39771370607
70124,173393.49155350082
121997,399811.3623334732
25345,73271.68345261444
134902,242903.6506558116
48355,158288.31109041919
133316,128902.41328582018
72393,167015.18017263096
53085,59933.6379733402
144974,235203.70596196008
63715,134415.25848785925
114992,122259.94001178467
127959,243578.87536733184
68313,181982.27682746042
63637,376196.42990660283
52507,139676.5683316178
65581,294338.3968735391
61928,67304.25823594729
34568,186032.16237601306
63985,177258.3801098135
27372,228542.6558490539
131870,117237.4514091913
81286,143082.1500386793
72960,359615.2398599523
19920,234383.74467824766
16546,134883.1096503638
4711,192639.6319164893
71243,166922.20659448713
13642,794022.5865389296
17975,310794.58870915
10456,555089.5110896347
19192,139472.87523716255
52694,272688.41188943444
75892,96040.641200563
19820,367919.7103095595
119549,335714.4275395171
31808,95408.51836787314
22748,101105.36890109866
50717,235725.2105850754
61976,185360.6615135611
16586,225384.16790153985
25540,103042.5438646207
132713,265634.86968405015
123014,386234.8346199545
30958,206958.58535962968
52074,218933.79654093488
80330,125928.28853024563
18770,314418.4353587069
75870,250341.49186015798
67110,121030.58195629029
30371,337909.20924335136
130350,225717.7465367142
77904,157378.95980897194
111427,297423.6066259733
128277,117805.19052470487
117182,379772.72769863484
1448,118544.13794201484
142117,64850.29754758397
44213,175136.11789253028
124347,132212.63828472095
140870,207270.23897668684
28185,143147.90888526954
41809,78338.2351539166
24843,78568.70783391951
8080,183527.38746949428
49541,504580.9493747966
63845,130566.45857290943
63172,245791.71478060164
35755,122374.79375110252
139761,40650.09173030201
22387,138241.14897811375
124343,94053.77306961507
56897,89202.49905127993
20555,177832.81710593853
39151,126812.83667903923
132283,570254.1481335063
35555,82486.5763335299
20257,265890.16153433756
125502,56613.54661662738
69744,170527.05971443333
74763,152747.7386134486
128275,105938.78675636224
123928,78371.20120581897
37395,264893.4004893422
48500,145862.37065677662
121622,264172.08701223886
125359,208992.49491211772
11608,69400.64980521816
5629,135563.18824145966
42738,188968.86557634617
18756,197742.53322937235
7368,106205.79987177803
142072,238849.7822182884
41750,293499.56914764066
75338,79417.07432413672
57397,102699.28177398784
54649,126237.72312032679
41943,151280.49777318482
51403,61394.56372136071
25525,128283.13088492703
133798,204839.48792398802
74195,176214.1539916419
48518,179191.11753625522
52787,210887.5095617883
30972,133223.5089071352
50799,293345.9666878967
80284,183147.7259582474
139128,206884.49843107202
77338,259418.53465502732
9905,127105.9189985457
122381,377811.3891123988
51607,247946.72300825105
11872,59284.085950143985
123369,161857.03115816752
124617,333272.79023523815
56841,264192.6817918607
31447,634336.3060051377
66575,111481.30859582743
115696,85506.35094402006
34860,159029.90493209497
1275,282723.0450782139
14766,186689.4454682212
3451,195413.64348718384
143819,121326.81539334447
67903,70390.54773948611
75502,210348.22243757453
13414,238356.34841656976
39596,249244.92403978886
133755,142660.3757321322
41993,81100.18357181491
13,137803.10899896765
132289,123414.49675200244
138796,170659.21304881087
58721,168376.7338994868
70170,96548.37078367373
113486,255636.43766693893
136551,155546.58236132725
63481,95944.9092104435
13855,191392.863866877
74198,245465.0556788548
140705,351622.05748189235
19896,79429.31781048258
33268,243270.70610488934
137694,124886.19389628718
52469,166372.1578339889
83183,91365.52607221116
147112,87033.90834798003
61845,361901.01554575784
36291,62673.81045989981
32148,138159.46295674506
74118,158964.16439445745
41804,139093.37015586364
39513,191696.79887195636
40932,251480.53695653804
117199,241767.6958867635
13613,234579.4696392549
74893,108086.89248308512
63151,40500.1792903779
142942,153169.71565691236
4262,158848.7574563482
146936,53859.36656315171
145738,182149.39539276427
135532,90079.20101462351
68840,112525.09406601451
16222,76726.2800769785
50778,343261.4652057685
30138,298965.1554651654
27416,196126.71705795574
48495,111535.18694715446
25803,73623.31551603529
56655,296112.97421212774
131200,240911.1396883246
141794,163651.97981400232
73822,546327.9580411576
76288,230630.27205601975
133255,203632.52853637995
19374,147523.4474232373
78862,113242.24262603515
82383,70960.43966318991
22685,48317.13235631223
19765,120060.24518137
59106,177152.4708836699
32822,77314.91450308329
144495,221599.78826202083
51753,259333.12169525572
144939,50244.434332453544
144504,128380.1705232411
121743,296401.7897046976
47445,103978.56829333561
16381,182722.39043946128
133286,83846.89091814408
75535,164380.59175816656
115174,96730.45528664788
142725,49635.63472078693
58540,99160.59691964887
3567,227325.42696832595
132640,300492.1569999905
114876,119466.63329432355
59008,70121.52689711525
47793,402736.0520384234
78203,202772.462984343
52775,160894.34249924752
36005,115837.27988486766
22171,235060.36368100514
142884,228780.79430469818
41758,107337.08990553583
56391,26293.103079034136
113599,243768.63503808196
14915,166772.56569660478
11946,77661.86243726913
80296,137994.90568932716
67154,124591.26632684653
34432,115556.45252265292
123137,576264.6290409837
33109,129914.06483645242
110243,257074.95994386816
143400,373517.1523242528
144629,240726.55618146737
39953,43415.10594865229
54897,240549.30597432534
37360,273337.4927844721
19010,54173.46115240829
146172,61808.62677976483
82759,293718.003108914
130417,115145.83501778982
47362,195935.51474729832
56027,259289.6611013125
2440,159195.15562771086
62928,86024.65390133507
7219,123869.1699374397
18187,270379.57458521705
44333,283807.21497963765
75220,95790.3343682723
75031,158051.9290520568
70146,340203.9486971218
17347,72051.83168190286
135415,181259.0388896211
15029,205899.2338617522
1206,197797.91176387388
67910,95364.78354486475
2276,423064.52162722516
58148,117483.63238429878
45182,199023.15029318404
10558,84024.03475322446
343,292088.751221064
112779,176846.84754130102
39618,162715.4069768999
18145,355729.4345451086
111047,226495.5168591271
74359,147485.31973829248
82848,88424.57975117194
125370,101299.68725904029
19360,53049.24556151287
78415,255737.05066827388
46690,92054.97739141235
133422,110733.310108915
20021,137062.30264446588
68787,102170.33338539385
79401,242501.74363963216
140687,291932.9304203906
132148,126104.67021454987
134253,114286.82132577925
144186,120372.39688645881
140948,161360.22490540153
71154,85375.18159179461
9785,326942.5394662309
125096,259421.08305736934
46651,360630.2334249869
126144,117934.93009397681
123431,53815.83847050431
139736,87607.85128622162
17492,150521.39461648205
131073,280276.04998236184
116924,145245.03658792708
131866,167597.3207292218
6762,130688.4625844696
32884,59374.69894852514
129245,224931.29781201266
4659,233421.58810480166
16452,173461.31353744084
130297,123008.3344947349
144135,116280.38636403132
36893,421472.25642173557
14664,118255.63541171627
81879,133277.91104685512
27455,247449.7395596865
60081,174358.01725627377
4812,137538.0282497813
28840,140769.29082252964
75022,141887.428857528
72793,136302.30969489668
76378,133167.6276453874
118340,95728.55867323696
41310,80265.1434406301
54320,78728.2728418764
1173,205608.27109243112
528,418984.9878520687
132774,100571.91407337127
59574,85299.61127147195
73460,142811.0715499835
50441,274182.45726842433
13876,253078.80741433165
69235,101748.25541241094
52051,81632.6964061651
33341,107249.49048539376
27131,178314.3119812117
125260,257009.2598436422
121036,122041.33084147934
62912,314296.82868987304
19113,93769.13195949429
38723,174771.96270076418
49343,113799.53712767082
146107,119520.66656688025
58603,108898.57364654809
37514,220909.3169071349
144040,166512.1389348913
70950,127118.46586630364
121748,129131.39868092546
58939,119923.35933349753
34034,231403.43119257755
79357,283173.5565634314
39752,183059.6574960632
35768,113914.85935366966
41242,141047.1780472554
15486,219944.9933275139
14033,227269.0942599799
58296,178726.7754401306
15522,226049.49707369268
116387,112850.3446601262
54995,169190.06762145317
2294,153352.89479925047
3103,254316.06918051658
52756,71648.08480545491
42706,117469.83754477254
146463,105632.08811306255
117188,441963.4287987797
143784,212061.39386454393
34804,152326.4244075808
140573,177640.897846461
42010,115246.75380282779
70276,131415.23427368762
32233,191880.45111910577
56494,93993.15319855517
133676,370844.0125644115
6909,250899.5313963051
137306,495039.36445156194
39288,378392.4013340787
17641,170295.21761113155
17243,129280.60897550342
80878,89595.35452409972
57680,262826.5971320818
135447,397812.49277329503
61585,83243.01609718188
76330,235943.6407763253
48467,189403.13747812077
51590,180041.05130992184
44460,104088.88621486165
82577,176220.3380968818
41513,147205.28057248387
203,195832.91099337453
111616,110707.44232096984
48021,155597.46909086936
1805,89954.3732282896
36193,182610.82461988344
13089,55376.730544469785
82019,103644.01229369198
137858,162950.20172062083
55822,126207.5056196565
14265,202174.0320592276
61485,114181.73674500975
6718,89114.94231312926
126632,126874.65615646934
50326,112714.33416896517
69844,113233.77748595111
71283,212957.33106485673
62048,183709.2059487329
124579,120184.48577847888
15786,364974.30808874243
140887,102556.52871406426
32988,107709.23958723446
62345,131361.38714635314
14623,161615.89456484237
57741,138814.87077716767
137136,267096.891231901
67651,516734.66246241576
31406,145809.6852302372
132536,121141.720494582
137432,474626.84643188235
59877,101310.51841370718
14303,219970.1474216726
31027,185670.86798029236
24365,164194.12008815276
134470,122461.40331235432
45367,249793.02819679462
15954,236895.51238616972
125516,150087.04520892343
82701,625608.8260325451
114859,91590.86579267806
12483,140933.95546269073
131618,138170.86690346425
117426,138680.88138506946
39620,50721.787689851306
40336,239661.25844546536
82279,73361.28864208121
76383,109193.79716207311
77550,124965.59658981269
15391,206182.4571237033
142564,103064.2936820691
73566,208507.61852295877
15514,266914.26540404826
56207,517037.1760026512
17834,70491.86976341977
118829,137359.76908764988
24354,140660.3522187821
136068,258344.168895105
30294,132888.32217913977
51900,81365.66775129837
11243,72147.27704965934
8344,162346.18532678814
48716,110477.18989240057
116090,179391.39258092735
133822,168736.89030398754
48757,94646.39440267018
19153,173938.55915944005
134346,69846.50312458431
121609,56383.7199681786
132374,333269.83243512484
37949,68533.29715737684
15641,115771.50950054865
27062,107799.70487841615
44495,280267.65653965797
20181,464884.5058594039
113808,85863.62994971569
26401,37926.22916744759
48536,406943.3535598684
137705,158621.4504676006
127489,93008.3677268184
136775,116110.87589819479
136433,330585.4051733193
51069,278579.3886729236
80921,175983.92230473371
137691,189984.95047064716
9497,207127.6968257894
136349,127711.61275041231
119970,117234.10223368184
46180,165889.3428273268
123981,165654.6308191466
48360,120573.13076322593
123979,48725.14164756931
45138,181035.17162927423
8818,86369.36066657746
128701,163100.7310581123
15170,429619.63465463987
127071,176037.55776240717
23069,181458.92517201748
42077,205539.49546528934
137825,308640.5022267004
143857,317531.12969775614
12372,58411.305103955456
20461,178561.58174193368
15934,95543.26239508008
126250,181489.80882065385
128988,350906.67279879935
58695,206245.03634848708
48097,160793.6290481868
53835,128878.43795196305
146693,122257.11263180163
47443,271284.81974422827
78807,143624.90703619336
39463,109435.39319256815
17191,251426.30440709932
83092,93141.35386558044
142845,148733.11138901563
5780,131472.0257570512
11330,84800.01697335727
53133,259223.0948186466
18514,515349.9059216196
20212,425264.7136421548
82411,161429.0152474642
73644,252783.92543070624
57694,206365.85576637977
59451,125973.50668140705
32400,99832.93741808578
6944,295690.2695548474
31978,260213.40735733986
27749,118714.60714067968
45870,153909.6751785431
82380,69739.74118989613
3446,146346.48209156247
9477,131528.47914730414
130991,196654.71427766053
46375,273794.90105203254
80700,146946.7491090885
118134,280397.2007676974
70152,199857.51858833968
136738,49953.03550795306
4815,201560.38856265927
5922,115829.94369971027
129276,151314.7921890152
49085,242408.83989430394
113748,136927.76636792326
142514,31277.794599439127
23044,130497.7731313916
67854,103078.4549100178
36048,216464.11164571572
128153,416948.8032701814
117880,159981.1398328817
132944,83792.67814068958
140950,192388.69519768364
6530,73461.37587907792
113597,539291.2490262162
38683,184162.81690344453
69921,176110.8846349927
13394,163836.78321645915
62139,262118.34825585433
3305,111025.35161516501
47561,139499.28098769055
27201,130945.32795053485
390,93716.52808473172
133357,133548.63482316508
14209,227805.7762354449
20197,79953.40050001984
52774,327236.7661504882
146065,192576.4921131294
48370,212007.31710737752
24298,97206.17897735292
68310,131886.30691962078
143532,82585.06395578176
110816,127200.03332683764
13273,165740.43103907342
67362,138632.43910400802
51317,90744.82662989617
57153,147287.47598609264
72901,192834.5795266673
69204,178934.32604425453
58563,161168.13204440966
134597,91691.7669863794
145558,199105.9192327323
50408,133895.12213410102
18062,148752.09402497477
123552,144942.53480664903
64437,141990.1784041048
65377,93608.22172267304
136915,241771.9950377533
300,113274.38215216126
23479,89554.9495172892
147174,120780.37469634695
59783,246854.85758753348
12661,203055.75430088065
60620,65603.41637540441
20438,185631.34229089695
20443,83062.3566509518
29077,87885.524233798
34040,130355.66280306259
136110,119604.52894346422
82780,173478.28902263712
66011,65814.28129882361
133627,85314.27685095937
143852,188273.4583211025
140170,265319.1732076859
32123,90318.32705959116
67201,159506.97923412215
64730,77361.2695296454
34325,177494.15503889084
54439,129729.12453796684
2533,80729.13903183592
138435,91870.19454249399
34442,82393.86446651924
80054,127642.96217935623
22699,79860.1621249367
54461,263854.09699112555
38215,350376.2730660959
42748,64017.497641815746
122273,126553.40967504142
45101,212193.89053546774
73979,98237.78133989574
31024,235437.28582999582
112654,202634.36569131355
147106,505067.83739704953
62822,163769.42424523504
66937,64570.15714338913
126639,128790.62823179182
74188,52798.66029186578
142874,201743.89808656834
52664,125509.92555720416
9505,380120.05921252735
42476,160665.92230920814
68797,72845.27411098802
14494,174587.5837261997
3254,221293.89076980588
127138,353864.3895806649
75706,266135.2986575347
20965,113630.83927490644
18368,133533.61300835828
146299,150971.06228786675
137299,42537.29794827927
39078,71993.47622729931
112657,113250.64410452139
57271,549337.0411893105
51420,226009.24057581244
46339,95081.48009762405
139902,216053.54568082737
29655,126131.17189551986
110392,80120.61041955919
14868,86533.52393000611
141356,205104.3528754369
26417,87904.87070607526
28478,129678.08015736601
135586,152162.8938507425
8180,245081.48009113895
140898,139822.22463551618
77991,219748.88682690135
77692,84229.62127812873
62310,338100.75348453526
28392,193198.8451710174
113560,61794.14748689771
116988,111855.49817528552
73140,314216.169948504
36438,195241.61782570073
73707,127697.53734247334
44306,243523.71053885273
119558,59000.783299525865
82948,130460.73694739216
22384,96782.72218520616
14417,166700.27743896635
76469,174810.7179556122
81974,134353.41587737156
54507,143947.9911639705
120069,136800.05079251973
132410,271691.3600288828
36120,178404.31164399465
27637,117846.91429340965
144618,306759.98299831746
17655,257116.17606612272
66934,112706.36552710201
32176,85128.79074820966
137811,566812.6231202277
134904,236912.62701777235
4693,103202.9817506755
50308,79030.57968984744
61985,95904.10980372838
117925,103510.91973965388
124946,146214.7301505936
20698,273647.2867813935
17207,122909.73830162984
28972,196139.54963352848
45091,180979.96661687063
18378,111076.22290115681
74540,103377.47028108762
66241,133302.98622306276
2451,163641.2691549767
41253,275218.37957787124
69094,258944.0375883652
54924,220250.7862663796
25240,266186.66607739957
137889,71905.6651175971
115091,230962.32169918314
29836,108809.62176435093
77720,170257.13054889406
131863,107426.35103349511
48407,155253.47426890128
80149,169877.4058456182
19898,119759.9855605372
14731,159631.69844383514
123914,82132.31429544072
142053,298021.5156088694
82934,141608.304375311
145053,101443.49322780686
126958,92276.39851927283
3007,269855.51951818995
22483,148487.36734759947
117359,65195.024131446
51175,74683.66430712392
4768,115711.84185238401
10883,94102.48379549533
11917,119920.75493672471
46743,90370.29373462114
43290,148857.50538498964
112632,77342.29475452352
40378,48407.9372647389
133740,170438.70817064744
52274,188206.5188350518
120727,160640.92819942418
9791,184631.86470269357
129127,121439.84460298688
137475,149568.56924486542
146569,441734.41358235397
67291,65647.00690444771
78964,171287.93968752385
45612,154393.0346331747
134567,250971.8130647414
2997,68489.0307192645
60313,113937.26582189172
113288,78529.70966817599
57662,275023.63334252854
22006,421795.3429202231
15784,105465.7187683579
57034,337455.34401967237
44638,270823.9379021941
144691,393919.49640437245
23166,164652.50339786577
5111,74052.7920431865
76765,118474.52897913876
62011,126496.11027856891
77404,86398.87443771187
57974,174290.01689153133
39669,413797.0173607945
6022,71432.66096983553
62037,183890.72218102013
28543,280063.3628438809
132759,101514.04626020917
27468,67749.03024500704
18595,192922.65821693375
127578,222868.08329962153
145966,227128.34458057623
119056,117673.63694502774
45413,296786.22123150364
137269,373568.31262573024
54933,217520.15354347776
22837,247339.7439647356
75004,259897.85680969653
127049,427556.9161814779
44836,83697.75237765044
80664,203149.22853159872
128103,219084.64643052858
143905,222378.603300943
31015,290190.7307047511
39524,106343.41517334229
19103,43367.78441544915
5327,642236.1663338667
118044,63535.69202888696
117931,341706.4957610068
36860,419343.6230873718
144913,76057.62985205592
50217,139169.66662488738
20764,193306.80066441844
47312,85578.99427839271
62141,179841.81900738715
55961,199646.83310305758
42995,189567.82792864623
33548,205640.7953794654
115863,42430.78723653978
10220,314191.53482286906
115972,255692.43638023885
6686,39592.533276260685
6585,73215.03776687584
112163,196005.68111703012
82954,113518.07674555306
115475,38740.23401089641
145040,45847.4850778474
120783,105018.65729131151
50582,83429.17547693028
112403,228048.10237261484
70728,111032.09225509553
139454,155318.6987415797
114221,124908.64593204827
19861,126653.35971909063
54606,183159.48464734427
19199,227253.0136388226
127169,147663.9509303555
76326,262902.96989907394
41571,80853.25341115515
63989,105066.39415148796
147020,283828.192851807
18036,103626.0819493738
8078,344724.7512726097
36037,213938.93780968548
73367,134351.3499749438
129343,153227.265517205
19213,136006.58744285145
144889,45047.93780182627
8084,148114.0308098129
36220,177445.10326911206
56345,473113.05543460604
116007,108338.74054969831
120289,210972.23947990185
3728,108410.52222301431
35229,135954.45087324118
64142,233030.8159596486
74745,204282.95553747134
70402,55894.492691550244
41128,82757.35120663667
52896,75302.41606630298
68170,103630.5590877159
34264,311973.040505453
46113,180916.83782576487
61048,290895.0267584952
140405,70276.36806155412
133682,42049.3797524959
69404,109972.7000757543
121925,120639.31651578922
2504,82593.48447053622
24108,151305.8137474699
124772,64351.7432464124
30248,286639.8789186316
20259,214812.98168675863
30854,537733.7887718433
13671,85802.96343614355
143841,193722.9726221213
34655,110153.82700837849
111886,172237.65383834424
10219,109042.53449027214
61739,184426.17248560477
79097,140377.14759578978
11675,199490.67666501238
12515,62220.60180679383
17051,162201.34081504063
137836,169162.84644951805
16898,123926.41089010831
3775,267998.32251231023
7866,126714.72254141461
4356,320596.4245844862
146770,130866.83585401563
3986,189028.80518508994
3296,83680.69275211402
113661,103618.62870087055
132750,129907.3310251112
42595,142969.87699601677
44142,167009.71148786478
55499,215908.1505967999
147191,47170.42655202564
128441,123239.12177205889
128917,109330.81941715495
61631,213217.24831048294
110751,303359.26468534116
53717,243962.31611478122
73885,67957.94346764471
143690,292685.4990515326
8781,100772.60658600387
141045,116058.55184790216
80943,189897.69720953048
64883,265761.7178973332
36271,53071.706642300305
112151,84948.7142740667
56285,176357.7092889382
964,422878.5432433775
123166,135282.93250495687
76733,139228.05007164035
137528,313893.4426013698
62610,229731.45036298933
37445,186532.74761299527
73831,141636.48720784005
125360,222882.66729669523
17314,84817.76991342774
121140,53279.163727681545
140476,222052.23517435277
132117,191755.90073738463
145213,58614.79714602498
141112,70976.24132590689
59659,186730.8263963658
116460,747193.0036351597
128697,134747.60373130627
11853,46098.89526977494
123345,161383.66764429002
61112,89361.43352450833
20476,291262.55753821076
127352,60204.789750247524
69813,106434.08696904466
51509,68656.75569294064
17324,88782.84619212967
79736,119612.49600619587
129625,208695.74353945343
11202,266063.52236738236
26577,321866.51093299384
47397,139523.10798390952
18814,31257.787646895253
242,104704.92613864559
76371,299363.42466426175
7784,76242.04753138051
56477,219654.1278547959
57416,120244.91316379652
43447,141555.5479843854
118384,124866.38057810368
72817,211153.75127745984
122343,79263.4004141886
2610,143009.5961227107
24457,354873.28166540194
124704,80381.87936683759
17082,440830.4158025591
45556,152616.2802921369
40796,145271.48010653217
44268,273504.63596776396
11829,54543.28095659218
123245,156881.90692126262
2265,211019.8548925739
49537,57822.82394136881
137786,229808.7037731725
21500,337810.7657951198
119767,275136.53514687135
140882,263067.718887006
122810,151752.56850305604
28110,112994.33943595488
137550,198657.43683599087
27122,315673.46060220146
142539,343357.0661231853
27588,258487.98352454798
73456,192047.92716866476
52440,115138.03959778734
113079,325186.5483554654
23652,412913.2700416052
64900,118590.77372740113
65979,63224.375782105955
45476,67710.52276915764
2041,75167.32709985843
52077,300769.112199915
136182,70575.87366667697
139896,237423.62705884658
82030,147894.0098576259
71862,132121.79295044727
37363,72280.06368892205
77569,101292.00431658124
16844,313384.19981694536
82332,314158.2179903963
48628,231335.01824078563
74171,124653.42360913672
16016,270034.64875214815
110626,156746.6565215069
131256,498419.2874985853
43528,88780.04867305036
124168,112683.57603492969
10223,215315.03989633
82795,577601.8939808754
38493,146823.06017531955
128785,91238.76187173331
22035,237510.16097040678
118419,127432.51536731375
138871,293391.8231481488
131925,52890.10588553364
32871,101033.22754353643
129023,172154.5314993809
45435,227983.8288434859
112541,133091.53655145055
26245,38568.76179493937
50259,139680.4155345358
56526,74234.56152153264
11772,48691.05790349601
125122,44836.14582703513
31843,85338.23700723244
59202,180312.77172073565
111051,171779.72836238105
47550,150215.87108838328
21585,246426.50087871024
10360,87921.52002778841
8355,326679.9418609323
74730,334482.6374114667
64782,212334.75607316603
33938,130331.83063393299
65218,144775.424983026
131097,196787.67968080047
63708,142226.28774325026
62607,136117.1709562656
67728,191790.67568237658
17431,125483.00202474324
59091,131746.6284515136
42373,470587.39687084954
61253,359279.22078394936
77519,285450.0242049998
139953,87421.42970849808
6619,61328.54688542953
7972,84196.23019290977
10134,236483.0106596028
10183,122235.19787747174
114267,99090.96487935825
13404,288075.5056645055
71353,143663.7378566814
36054,138316.1146214039
132322,284251.6029272626
127845,120282.62847977833
126830,225481.87470325932
110321,147054.08764328543
81896,207901.73365485138
112602,332090.3889871622
28945,192863.92062791227
122205,237333.9519337258
30823,301544.259006363
49103,79106.90508779245
125318,96468.07977198448
15757,56541.14546517347
46541,85988.58736579945
146496,247730.99892321497
59943,64624.66829672684
17648,135817.81512887732
61966,149337.01462808176
21091,157015.48119338579
26202,194094.20552059318
115673,114888.7733839422
8302,86379.20066279103
145342,112952.8792689546
143652,73390.41476787951
46819,253628.71884111545
10495,266841.427310498
2889,164787.38197993414
82053,232588.18121380784
134459,125060.09488931982
132528,249560.25930841925
129871,149013.74252070172
23614,115072.7840020222
50944,109013.86478764596
142772,287563.43224371143
138204,155079.39261634857
59344,155326.2050255179
143451,100178.04708462945
34430,45324.77829206246
32798,107666.62422772069
15288,143418.74642674378
63489,89953.0500837046
145429,513521.5208419013
119878,92429.90025092442
25246,205962.26621225232
73381,209523.05909493554
128667,229488.43584795448
131581,83608.06777854849
78669,39875.15226480441
32877,283004.5678016946
8610,158678.15404535606
18888,73978.88382147883
39456,463138.55710097984
146774,301535.02275126055
113249,75910.46638824964
129726,172748.91252677608
129162,93262.38962985373
136005,253471.12391188
14411,79990.4575951359
53362,65885.88972760565
57972,150721.1067229741
61640,77143.06272859494
7035,140262.05279270659
16696,157190.88705806917
44680,85886.52095780548
135431,189808.2647575329
58431,168759.0127226218
66268,57054.66718274464
134501,119123.04958610874
112220,136333.50520811795
68096,86376.91822487152
78494,211367.63798188404
139296,57653.66838661131
47479,160771.7788268496
23357,156995.42391296045
10915,115122.20379645047
13636,277814.42948520667
56510,124752.00559514928
50818,115112.89360690767
51764,81836.13150826708
46413,63167.35933611705
40618,79770.74182102358
13182,146400.65841912673
126727,157471.0863010917
112568,97560.39763640787
63380,599001.5938504048
63174,90971.68423656438
41124,220943.8812982444
121032,116446.92535437556
43192,237464.06837161505
79481,70442.04410064247
30188,240730.15533152042
30676,75640.93429693
46154,264974.7476845881
45801,46737.225930878885
1236,119291.6293923581
133490,270857.73541314376
113402,89346.59892460288
132660,112909.65128334783
41075,64693.120341885005
57240,48278.25001577825
25833,98675.83660622162
75569,219486.78411192464
14063,91669.89633539802
115101,252660.95194257415
43320,272997.95092663844
135309,68382.32595543037
128996,84580.93962115512
83166,104876.63792694276
73468,106302.15735667318
43929,138874.53720908632
57814,45708.434648171264
20017,157971.76423980706
11386,55590.82416506634
118610,169150.8210239479
46493,154788.23163795404
28216,121175.36155021343
69269,145788.8767005748
76711,257130.1397702417
120022,98449.87608713727
130178,131498.27800905006
115635,254012.98137611526
116564,204115.05923718517
36454,260043.42386499152
46525,89004.58449375334
48296,101249.61003038332
121442,206943.908801726
127966,144724.95911150135
77303,181887.14950912888
35432,347609.90113289526
5806,200127.56290079615
45187,185302.65132511884
31342,82470.68630938172
15278,44393.66240643879
142489,281074.95476769743
50657,136591.93495297612
69341,178440.3601757773
18660,312248.6426824613
40630,231863.55347464397
138210,136733.55888084037
26069,77488.08138217492
114028,227577.25071180097
144425,265267.06009033875
116006,207853.12211671073
144814,216867.54918943823
56122,258544.69601023127
115261,85933.9576324779
135236,83380.2857319646
43856,149498.75485530085
131196,175433.2849349113
57891,81527.083708924
78328,119604.44766468529
125912,138929.69024077474
2467,255167.0245829883
22226,183942.59615766554
28003,96346.34902439026
21283,188358.95115650055
23328,167967.55340230363
122711,79883.33265326485
139571,115434.82061709973
127733,304206.7085361399
63495,376595.77380860515
55727,368661.13546631404
64006,291199.1802627667
110871,171789.68079065823
35846,240767.5720767305
111795,149605.51028431833
57967,169448.82315440054
120044,76301.08586609495
73399,150826.46617672156
38796,181043.1273517745
55445,42932.737087333466
1933,139210.0624506409
36995,93253.88929455433
47513,134414.884902137
29605,125089.02996456233
29723,313865.8878629961
128035,117857.71561023765
146840,204378.15906134818
117871,182534.11301768507
122604,357897.30234183604
147077,151251.36858098427
82388,47217.95299185958
9413,143647.7885387111
22980,78722.92811764896
61992,136371.5672876599
122295,145357.0897071457
50756,228460.3807051899
33614,186791.13330611424
35014,237732.73595083467
32145,261180.63882187428
35401,264302.01754814194
57624,140299.69366238522
30974,306169.82120859704
141347,186907.46656824293
72971,161217.37470046646
52583,281966.7887866007
21141,333536.9059884691
82638,199214.79320390447
64323,234627.3374002226
132492,120928.91473597352
120890,435075.60726862797
19475,368937.20508151304
78264,105325.29073054239
132783,133518.51895224658
71338,199541.76353080405
59157,49509.639690676224
22161,167976.40740955915
60647,49903.33639777923
131458,127011.26759034467
128904,107080.6015689687
31067,84156.22362851622
65750,335679.36746084166
24209,158262.63958985274
137636,211496.20856048356
32250,85847.56628607541
32481,167575.0227951847
3131,209383.99805876653
135784,107109.67523132362
48458,139865.63352499937
68244,87740.07231684029
64192,159717.1197907253
15894,201256.14892798977
13657,100037.30332935546
70154,143072.22611799787
13496,263271.6762396031
52506,183225.1161425835
120747,246895.11455295852
111849,129617.71400737
117246,188914.72756265415
19471,242128.98173100446
127490,197808.90566219634
142449,227497.4419391378
18588,110042.11375457686
79353,140773.40839534107
23656,97246.76782562354
80297,554961.4661565204
35205,339244.5825991786
138621,154119.47875490983
61510,99682.05826986779
126367,116820.79375615186
67214,123538.79070718642
71158,142897.38022582128
112739,237300.82867990027
52498,395748.63579800643
27529,119830.83102230994
137056,121121.71486676636
118301,102122.35660616274
131075,82256.15666842798
112040,272446.7872644804
56734,278908.99449884717
111925,169410.13037080938
17710,485100.39898536634
81248,118609.71788970017
3082,179320.19243477477
125265,221650.86167751672
32070,89463.9379336485
129504,164777.82993790935
140039,106270.0363906264
51348,82122.30626829137
72342,112405.88369277585
60792,90937.24467930422
58938,189111.7706951576
115464,146768.7980767668
54824,145494.84810668955
14916,182281.63258614484
73169,166913.41833382938
127079,166487.75102041458
10020,166222.70034979202
42980,135327.79974357403
121105,164865.4165492918
19733,34774.62832246675
46323,78436.36572701756
136742,66311.46820322837
35750,277926.8049328168
67679,275555.4966795345
68585,210368.44742048238
112547,203089.31109279383
32729,80921.57839018259
77998,161078.95672510684
52540,107178.72883744616
136033,126423.6001669956
15161,172196.81281830365
138996,160323.45424978962
76506,87179.48964611569
129498,149387.67255954837
48852,112762.29301770801
40594,173861.66871054407
77407,100481.09804152277
72604,624414.8034574139
25280,231899.69580693904
73925,146563.78093729803
52815,275525.28273528663
131883,282347.3420433888
23360,130763.97435091212
114312,101910.51426374684
82046,195530.61724454613
48508,198687.1170290269
137624,113484.53277201024
73957,349768.4932359147
69549,119342.54566107845
67020,283052.5951569533
132650,83689.4946194952
42052,187605.59352722066
11535,109140.30143998805
144381,147507.13263875735
50597,260954.64126674755
60864,154957.97686947146
79315,65903.21028421902
110450,117863.505944036
138819,176007.16120597243
126979,176504.29695705342
23352,312868.83033283544
40844,92731.43514982349
135307,113003.10683395517
63083,122258.65086955763
67735,243357.01213122756
142479,130671.3133383212
42906,239247.42296880548
143277,126350.17934421665
140333,98995.34764051592
141267,483404.85133723903
70382,98669.39709627605
135005,102177.45075028767
75590,147193.01462832492
73198,492628.3615503203
119164,37488.543039738826
70932,343369.00190455484
41584,114316.0987818963
38235,205505.72786783695
76366,147137.23569105018
63787,140639.44623793688
9999,49310.529653293815
3737,218032.56067162997
14194,126438.57858819459
286,529191.9702515005
71610,208886.11360551673
4007,153771.7441291875
141273,241010.78833125485
67614,105542.14195795814
21072,54612.74470839692
122916,185231.97815593684
7190,73360.18707321247
137876,70101.45281454384
137316,86046.34930197871
64287,59799.27471407238
82644,354400.4772593574
58554,112496.52011600742
52894,206799.90231640547
115633,164840.36409393247
65309,100391.92263440102
138650,63240.37166280032
115468,221650.17089289127
111040,196675.84024555856
42751,62213.99526741695
61552,146158.72703985742
26354,141966.3371456055
121812,76987.74321343502
132050,194410.5571809057
141358,207215.5709242839
117719,121640.93288071037
133827,71140.06216717981
132586,132456.79672035895
50287,91091.72618097789
43767,76944.57799697341
50378,83409.32629542639
24865,200861.46696329914
25930,102276.62070704278
61031,200514.90851108587
135418,166391.44017169526
115583,106259.89189297898
62810,97734.93290681663
25791,83907.64771673831
32313,107877.15062176563
27815,506332.9355891931
39465,83557.44524915554
72289,108922.16914653519
9147,168834.3591914803
4319,73389.98788591925
137608,150361.52209547278
50576,75104.03917094923
146778,242827.94443288518
137312,105026.26486538706
72509,114649.98021258495
48671,114734.04491089514
58737,58133.28171407799
21293,93284.20192997686
31889,140736.7800332909
35802,119200.99775824844
141309,122392.59182715861
124066,76561.77733169199
136375,101767.63037106048
78742,102658.96333224617
52235,231596.25231898925
60451,354662.70871674095
46753,254660.29474852385
76481,149926.43682942225
139284,244480.66095223406
123611,253322.867886684
138334,424376.0014596536
146088,115709.2960385833
10597,208059.59795152803
50118,186410.0585460254
122572,222190.08545010127
142685,504993.1030356987
122549,190271.5945008139
34029,230775.23829854987
34583,305911.65175548196
14299,169201.48417050167
37582,104150.6997115387
71002,138675.82582899166
62396,299477.83458519843
113527,101427.61678724439
50397,43870.02888323493
72981,148926.17503088884
112847,168336.93302422456
113676,144557.16425499335
64684,344500.84444703883
116636,155767.16575543597
15703,134070.38108752228
71493,160854.57557947785
78312,149170.66297949207
55526,123850.58359248142
64211,97389.93095504389
9552,96492.09075197339
32416,84147.5911061551
112019,275945.5729634107
16959,377692.41468436853
10118,271679.5586983046
36869,105301.752728841
40249,153889.54119783387
48951,106563.52077297289
56530,101863.00278285667
13887,89404.50704158215
80978,103976.04116470033
65110,113885.68125117756
128386,236598.4746925977
141844,84218.17630098129
35985,47029.77702503241
30612,240720.76726010116
129962,95435.72753609862
20574,172804.72621900437
39768,177142.27450448918
131642,137566.4130303608
43642,339462.01263298263
110897,299901.5715494616
1885,133193.06325419416
136368,238129.02810810832
110830,75491.39596049872
81739,76682.93177290424
116741,179154.9188052099
123679,57490.50142063509
82688,348285.58996858844
115924,579477.0801839889
127258,160430.78452797382
14703,273634.27600848465
129440,118610.29632167667
38854,216512.19454839162
137490,156974.4449611967
137477,187608.77480402065
60095,137066.83027296246
112105,246545.79830717572
51205,120292.96828479931
7058,131542.03923304824
120878,217453.84764338302
2489,120743.62235348651
45330,107558.13980719284
3040,100461.8526412561
130338,150873.85780120819
80403,149816.39131947517
144382,465649.5137537086
35908,140901.6532411486
142292,172889.1662779452
48797,264323.5655182612
78753,179927.2990294877
38594,274719.9175542805
50919,448910.6783963983
111271,146240.73497664434
59452,293912.3627584952
128082,284435.36453873524
36085,151118.61398614768
112893,99203.8686439337
49068,265583.50678128615
68390,310227.9543281557
17284,275356.09924764873
73331,418114.71616486326
79012,102176.4474539994
125751,176001.92310353694
76398,142992.55049092916
3993,261919.16729260172
15328,188178.49320447014
129771,114141.55553438036
129336,146440.21614797687
57089,144253.36240357882
69940,127207.92231151566
31476,77344.55215722241
142295,81810.97026850723
7588,146010.46577966306
124732,115101.44080486501
124269,387244.1315113267
8263,83485.59397688249
20147,122266.32323678855
112495,218425.0057639623
44811,590110.4448664795
51285,163979.65596687206
115406,49608.94243333409
16617,96995.87446692868
22068,294972.8592972687
20980,279151.94433087547
136444,209692.1558297901
135205,141869.43358957613
12863,281380.8699453041
56212,128062.80686911194
4686,102680.38548048373
27553,176443.47489249954
130422,88501.49984789234
32244,285593.2395180856
2144,73897.70910592741
76766,224951.5887032729
137157,125567.81508450757
137227,77770.79146232514
78521,658617.7130320803
142473,294754.3994555374
132057,145702.95717075936
117060,144069.20873231627
3260,303631.3710012787
5118,111361.96418519743
127877,73456.91987409971
62179,230194.9812743768
130575,100478.70641883035
145259,67886.51275165795
66980,149923.71237449447
51535,252198.15832449432
67967,185328.3070354421
135154,132029.45125545026
117609,77409.73054230316
135277,217799.73795155995
14606,370295.32112900575
144109,80294.81079445101
141765,171038.26394439972
64219,131614.08486539914
73284,84301.1068639039
146913,114513.07636762029
43843,104338.73579578556
112571,110456.25538257587
79449,105082.77083969556
54794,148105.82216592273
112298,117210.61470410065
132736,69535.39077522022
17690,225204.5932702071
20083,165091.98764704296
130460,212193.754359358
38536,115241.70499876127
19960,282600.8860669173
113746,117926.2376250414
138221,228808.8220251309
35978,225529.6942384772
15060,98608.27537980958
81284,113715.16298278232
45099,84556.48679440422
18774,177625.60810900718
59373,176028.53460059737
55384,135362.93342436085
145849,151273.27282919126
210,137103.60690942407
73661,82233.87890103232
64558,70254.46179739623
111615,125083.6093636775
140381,212823.29097676981
2853,287517.22492659313
4142,393281.0624814848
6111,145907.74257445795
137815,106784.27284566197
13672,83885.47858644073
145430,124167.57038508775
51450,115712.92083334501
21038,141917.68271982152
45998,142167.13718521764
68572,379560.93675985467
30963,279012.97462684166
56594,102169.33396837977
3663,543894.8685803085
134413,177748.478229713
21479,181597.35949661137
64781,135240.11901587265
60933,85915.78251399419
131032,253604.06725878082
11599,57973.28637742763
124776,60576.088033530665
43339,185831.0270923265
61175,111219.63299495722
126487,127150.23569753743
83191,157699.56830141542
15973,236302.91683815213
45631,277691.12852286745
117969,101134.27031707623
144847,240381.9629005458
34552,173702.11318262303
65864,63157.94544570346
77326,104904.29206570795
25972,108530.43012723658
39749,228950.3496886394
79276,148099.82698822874
75858,82357.55461140512
58830,207781.755294553
59371,143994.57881832082
37927,136135.35508721156
68990,210258.5385538283
67320,337220.96335965744
12086,330297.4230293174
58581,181045.69932258932
23664,134961.72668213773
39869,163988.8847225574
61651,236852.62249719538
31102,217803.06419415143
61326,227156.5606848299
120097,155208.17960928575
25520,157707.04535637886
19758,167108.33301729365
19093,83086.35612887627
65155,318389.3361495589
59819,289074.94871379546
43795,118776.27721020793
15317,445098.5410411719
68966,206256.57881448502
29647,200514.90851108587
62448,113423.77924652692
126114,193895.5959382051
118884,117788.41155418896
17768,332462.27873915725
19137,436478.86955011485
33710,141749.5817048073
19753,87073.7548860407
28575,188110.8895441065
17839,77683.62049065284
128716,73106.27442376607
43748,140317.968547507
126429,117603.53027276683
143999,108446.53645550297
142296,129650.6546673669
120171,151655.3732943288
146665,61948.224413936485
133713,130682.85314619189
61147,273185.9354986596
123086,182879.450709205
51579,132125.51175931015
70784,96702.39295122701
67327,393176.01179599226
120756,110204.71298068232
114573,91246.03403842293
74892,261525.65620613814
12773,446557.26198733563
115073,305647.9306909333
37520,240565.23238706068
114448,778600.8370470396
19579,175433.77429514792
31936,392412.58891424624
65951,183486.24765754803
28499,154015.6809378472
37727,78909.21887088724
9054,57715.54360395545
139827,280881.4892409863
43734,51248.11269556981
44006,138816.81490543115
6797,118385.24569680472
20155,109468.27008170789
142996,482106.1591939499
78470,152439.809060127
129900,231563.39710512263
59089,154293.50769332953
2358,301888.8509251338
26902,59993.08672993282
16985,480004.22643549484
15303,118781.98412317866
138939,73963.6639408785
31097,63250.894321606465
136514,143079.79573173184
131179,251217.04147825763
13430,187969.38443094603
48316,146865.95091721558
121905,172352.40109805568
10013,90156.55121390452
142609,145078.46754094667
10893,132537.09755916358
111226,61299.80954091388
16935,105040.05154466126
82160,50453.65604059483
22853,419391.48666760034
48061,123528.17870353805
75039,194917.7507224831
51325,130270.1786952222
43515,213780.82952262665
52922,70744.75352182002
120902,323913.9065444246
127713,139662.400882621
72815,73485.08176506707
13133,154815.71932380897
71905,186130.82350984076
125730,112363.27891636078
37015,147577.419999289
3680,146674.88555673746
82255,88424.26044554566
70705,85464.09614182744
123927,194484.67547296121
138005,353857.8576749567
34554,106367.28950665958
6783,117054.89810887714
69057,205652.24614326723
147072,71794.43682767249
31633,211168.16017357065
45321,270122.3280316374
6209,94061.1505343209
14753,132128.5132641375
123850,148141.13766977823
71565,57699.183538814905
40635,553971.618384162
57748,214298.23776928606
26699,47810.83417153529
38243,129028.15875727359
64174,106264.69315892618
56425,169028.42416709222
65848,301391.2804848882
8741,139559.62745016592
63529,197068.02369719357
141160,97977.90857568129
33550,82527.52829345154
47494,260762.50740796363
36775,123515.59344802232
37145,153987.54075850447
28061,136943.74591551558
65784,253016.07392790745
50207,99169.15097905263
72730,171638.42046238505
66677,302248.09910195903
112535,85149.32432127961
17481,252866.1072654922
72725,84258.32000442501
13334,141558.67725040007
13761,132253.0815492939
18982,356907.21253444435
140077,59369.17106442246
5159,75268.2514654921
39865,147771.05502441828
138115,92352.69311743868
80777,271745.5568215583
47206,82357.7601932743
5653,117116.9489766235
21694,273867.92955743696
46934,209378.22698183032
918,111762.35385651598
71496,246377.35322833492
71663,240693.39863609822
37971,144234.59988852055
70052,327634.2711967087
3225,98113.72790271377
132937,107859.58872879643
2424,161731.58626770182
139875,60232.15991162866
65522,207372.5051083946
118058,239601.1858876471
144500,113325.32238365276
63098,399103.5196822579
18468,87578.11157432004
74717,101723.86594318278
134262,114970.89529894246
25639,349405.6765458487
114662,273587.6704906046
60706,151221.39077638253
6265,114355.05687062291
119581,78599.04861648867
60767,181384.62853716972
74885,138213.23169748374
34663,150750.02917197932
21122,191242.45024823223
24232,137336.433916867
144713,339854.37002132996
77235,372130.9658908988
9843,250646.6779535917
19320,152776.46510806878
147005,58628.39689016743
138743,178425.4423424576
59619,351987.60483307816
127693,258915.82784089434
12133,70362.1842866085
4754,153219.82188194734
26448,94469.45929135938
134686,191615.30810541584
61035,170759.3704053993
49280,83957.27934171626
14482,215957.47313913784
44821,93327.52965103768
52629,122365.3208965197
70412,119056.81119953922
36826,129908.0879469375
23085,158326.45970977086
112802,327384.14896410913
9770,76274.32771006423
76448,105516.77036268677
83133,131567.9965290298
29838,295257.821577392
25132,169355.83652470005
67399,141640.96412386792
60553,280241.48557318025
11785,54767.20349099663
80434,75784.7488747798
128856,276618.06783968915
52808,149457.98826580058
71771,151522.46911335303
75857,457008.642880486
81760,82653.71510015783
29376,80443.54359143536
130552,148009.47526416671
57359,115539.80355850296
44082,40719.51810735686
6505,224517.25566643442
17461,230814.8067942693
39586,131686.9425658533
41027,225632.80464538196
45357,426384.65651344194
66480,339050.3786211852
120753,143617.72266712895
27528,115629.68375533726
71679,119805.31312521608
66521,139699.11009878898
74926,86471.65318890482
58741,115035.637507981
49299,546646.0137080346
72908,92373.344110115
20990,126641.06435637054
78662,100434.46140566487
131992,175321.89517378027
131215,98402.01270551566
80708,153134.58824688126
6509,146971.61393090902
72904,503734.4614335558
142951,145406.52484044645
82947,130843.825786078
113997,80327.87980030119
45337,138868.04240007733
133461,128355.33869189018
17118,88105.75086339645
132334,233774.9968639786
39165,76275.34017312486
121723,184472.2894081883
40352,99857.06462950398
134303,253260.97015562348
61091,151546.51882841135
118719,110106.03795322962
138396,197009.34038945928
32506,83590.88016479762
113688,167016.12997298536
29996,123270.61609539294
133840,122362.47158976068
13641,307864.2430159868
136378,152830.4203244947
70923,177785.4885620131
138951,121582.80755090115
130908,78247.70904584292
35889,98776.45384525436
4556,81087.38553602625
127999,107080.89126427265
143012,197830.07246712892
13871,229212.80705133665
136393,133869.58141969543
50228,312478.50580060435
111421,181256.55384543026
39816,248982.4180116791
3276,123267.05612805439
33554,372424.0200318872
73309,99151.89535423959
45264,151304.8206481009
1528,397354.1088074109
138627,115633.16236428282
29937,247777.99057166395
69377,72466.89990053252
121717,289672.28228216857
62868,107882.93947773728
113196,126524.71172329292
115288,134603.20378066634
46646,99208.6944401225
133341,360378.7022826734
55878,105110.61903690282
140068,257168.108535546
116319,154404.87933535932
26527,407163.45313192956
121779,126808.08913426005
17986,62068.91521104812
142099,62303.60037019888
58326,63529.048262192104
115001,104074.83968861704
131057,254088.33259653643
121104,245429.05310934896
38721,173775.44236267506
39849,213666.1588937802
134691,326860.6728705653
20327,344142.9986399037
42344,210381.35868281312
1327,105786.83799595415
141594,99751.4194037274
129138,108541.69272442232
72274,348391.4268098801
9735,98216.4061793913
55403,175265.80342525186
11918,60453.85896595566
46583,240245.41476383666
79052,303085.67387544515
115030,142569.1645150521
33720,178343.5868436198
31691,99220.94734697902
29940,195454.96198249364
25671,116762.96834898708
48995,211223.5036386075
13148,145049.57700313075
79523,275106.0887495794
29873,78687.01175299795
127197,59563.598612253336
37313,154902.3938049783
47478,227225.83150762948
41586,228378.5688089343
69136,116248.33164173915
61162,173695.49946096234
53360,83672.32073719514
20117,282702.1670082351
63754,124724.09063023044
50454,226574.59411228297
45610,102260.79691535045
27235,100094.43355042342
28094,106307.3353009445
48295,161132.3119503727
113149,74226.85941591384
115384,149752.540889036
80165,81845.59459557447
80802,87779.19110021659
59227,87292.06091362877
19334,200909.84958945503
23534,165322.77357770666
2094,64109.06716157761
66901,89893.09559793712
118981,102085.228855978
13977,294842.0535133507
18203,105151.14694470912
8466,129697.77262407372
135743,99197.21293397236
17351,170297.93747706924
81855,98086.88671885908
64002,323741.483205405
37093,112632.29341158361
136518,115864.8890542346
62734,76522.8333704401
66270,200371.51284693563
142525,100346.8566319336
140219,176817.96924773278
136995,144276.2377249087
5791,133849.70434670395
144486,130435.12071846204
140562,159266.16892698046
19519,174697.888956433
34978,168018.22646875377
125202,449829.1620493608
142293,103761.86144324104
5860,169304.23690181045
59602,286258.059959242
7207,65405.53390854466
144732,299127.041329748
127625,59436.70268943782
119478,201123.4519776459
12976,281809.3354170221
54305,466025.77495223115
15020,101631.07982405888
38255,113915.02309662304
135197,157591.44374812458
121552,99044.45479839746
63626,84884.70675336645
119357,195478.1292007208
39061,169158.69658322068
127412,165228.74651664626
123242,101291.1881947633
140375,38720.62710631031
132899,511307.72019824816
20177,329146.48719463433
56340,96559.41325507962
135175,75414.49990969991
205,149187.12840241706
24547,143621.31326935464
46551,210974.46125796053
128147,76158.02635650488
123912,66693.09072867015
65970,80882.32936454983
70246,97169.16440920139
119480,256184.15676622727
33006,133905.91607012952
39058,278837.8964369083
119060,60372.4847615004
119180,84612.33153664279
56348,116494.88718162174
65914,135581.82178580033
80588,108656.6865336729
18265,75944.21146562515
19200,227899.9556715733
78458,165042.46642517592
6589,47163.66695105627
25218,83526.46086547486
145679,252368.82993609796
16811,646659.5746638082
123643,338359.5994715991
57340,267508.22722054715
3199,110076.70738006124
6427,135962.32168905647
1960,169641.83343877085
52184,165904.15727650956
36947,80298.34077305663
147163,206220.9529517122
25025,318508.7286418909
50971,101465.00062627369
44477,127087.62070942388
140343,213100.86079487103
60682,60653.97975231205
63895,97528.78777950653
11417,158083.67142925152
38190,52841.440787368134
18504,169271.05285315771
26774,301530.6302301789
47385,254435.40850466047
62175,109398.16421381189
136417,64126.44755635142
2420,68869.90017460767
70178,357491.00264856586
33359,127797.02064004511
39543,91942.67636094245
4211,135701.53726968195
117432,131310.93779866296
9132,133982.64601568243
21439,205994.77562891462
24022,117082.38717136437
130185,229335.22824974993
119444,129574.4367107161
50894,162194.0000973819
52381,78082.76109305874
121991,188364.5369676891
9995,177998.03352832014
117491,120157.27707973472
143594,168831.05316010912
75761,483072.82477981073
24962,105475.65296706086
112375,103525.54502450782
72736,151429.80238057207
116877,146765.05477909886
80678,239269.2863304675
49172,367510.08783909853
29487,143852.627945586
40901,105684.89465112395
134263,127595.91167243934
47732,219109.9734110374
10385,123978.34819364944
139427,99165.60684454473
133361,140945.39372539998
72929,317571.8118578631
8226,197108.35047876518
24331,197997.961407868
82055,577220.4534159838
135327,127331.49906641757
2354,143632.82546184456
16102,156714.49935386083
35306,149925.33940091834
76644,262432.93323727034
72778,173713.2619393569
125975,148699.89813122558
36424,413752.61518215
138271,185047.91283439577
75413,86849.54674945073
26999,654526.0503473696
121014,207369.71891223232
22821,158488.89051528057
23450,366744.61967974575
133018,254627.88092306012
6300,95548.11367683667
45994,403334.3447159477
146419,119235.0737421737
23038,108858.51516854133
17290,200321.47463332186
43303,368934.89498698537
120882,88479.17311181547
123409,146005.53730280433
141849,119843.02551054032
112788,170485.79975642177
114566,477751.8987286508
48828,270553.6950821534
83147,120470.19219197158
7095,320237.2683183857
55731,264150.9099058211
25282,128384.71250195279
7807,131946.06191891752
30150,214572.9276275274
139315,288659.3559596683
147102,52718.491778347896
58279,90766.79194085926
62244,175242.6600132101
144770,272701.42842806404
115322,273572.02016495436
20801,143197.13825884508
122958,71986.45717887912
128938,243411.64666326443
77350,554638.0921587211
29709,131785.34049443938
136986,263624.7641855624
57646,146028.05361586076
14029,72998.99492616869
60178,280950.22890119924
115474,73311.1127146168
64162,108141.8495103027
23670,71955.91126277819
5307,261275.21056495805
140256,105449.77605990764
7761,73718.57130803732
40059,119066.55458367718
51942,73949.61259536177
123446,127648.42816667352
43377,148783.03084513894
10596,76009.04970316845
255,171263.89861659962
20826,89744.56169029963
1292,131920.5109041445
12029,196281.6259593207
31694,151056.5314503982
1125,268607.47214985394
80118,188263.18450631516
114330,245281.01638904668
5993,100557.87336695706
59363,130834.00235103795
43128,59056.52629045012
14519,146418.35422312687
48161,264039.7745154744
118574,113101.13884542785
124163,284932.5593663753
52492,89900.05464831542
13111,78697.16477695917
19331,186610.38933100027
45932,150032.8585977685
140119,302054.2241944171
25441,157284.40174332907
19081,82017.3555962977
73332,296879.42585462873
65900,73882.39387409971
41851,177115.6662021195
29594,88113.87580925634
133258,164671.9425374035
126064,52573.31575810227
126044,270307.11001439835
40366,159442.15439137054
55187,37868.223120052004
133782,115904.18223062239
143228,211047.07592805295
137538,234801.00143080042
115895,144336.003629995
30757,449669.2009247623
121677,138261.3096632596
41239,128132.80261925142
47973,123687.0141898485
45637,240649.7105537175
47341,105469.87933257391
125894,291504.7138898108
137803,151492.19050124788
63577,181648.42884624467
111318,193908.16226078628
119595,124997.13868524467
34078,244385.03658180492
139127,127245.91740165323
122566,205514.14422029653
14513,120121.554566785
117709,98017.71395364274
127250,39738.48226796601
136701,126121.48173058502
12193,209092.6458937716
135189,130412.67107137127
110314,143494.7744259915
63960,131250.61822577563
119224,171173.67547750776
20464,284082.65053303924
17629,73835.25222866966
72570,114772.16528815286
55350,81843.77558794458
64093,259223.0948186466
55629,187884.54894872877
129418,168809.7606230713
76734,267633.6525826231
77821,217538.6830394349
61052,137329.9520723517
891,182670.85289799498
111521,78597.35169419984
50689,279854.1022587197
62060,208931.22763375446
46698,76979.57492859494
57465,112845.71340299929
39503,151955.27100585424
61662,51408.08276177975
132634,124919.61213661726
50555,125948.07322316137
126307,256340.29556393737
14097,210866.73333523524
144615,308001.10074864654
27269,180521.3759290546
10415,136387.1051629501
75774,105194.02804928878
67181,84100.65817726805
33369,378840.1254374931
115377,220826.8265808451
133890,118742.77840203002
65871,200504.60462927155
77697,63277.19090934064
34580,67782.94457030478
120957,146714.35539088864
7067,288989.07351761614
38545,138761.03639071007
115426,90847.35803960364
112084,181803.8770598799
126827,313780.6567684745
141800,81527.01160395023
82833,199710.40001258178
111502,142014.9443672373
20794,132323.7195976959
139600,184660.7414681713
56839,101912.81031410293
124737,106137.44971956772
45065,160515.2090586393
76358,108916.27487595324
127426,126739.15638042262
68212,45357.82416056066
14779,91084.84425039765
5332,114731.9965935541
12917,109297.92867790713
46149,114924.08585977738
82308,265282.3814624791
61050,107579.76241968595
82339,363652.6433507619
145368,476926.8227049437
50361,79059.8401264145
3731,142538.00550927807
50289,116407.8134516776
48258,224762.25727458825
28070,259276.9410280378
51898,215072.1368066955
123999,115976.24619494686
8694,241146.71351803944
76678,133970.83078188472
76478,110569.53994253022
115363,138138.49196365927
144030,69119.21648440798
111407,107952.62635509262
65611,319853.2621253459
138787,142106.20674520696
112687,66163.69659730028
16367,212549.9784491584
116828,161160.71818674705
124893,226806.226216082
44311,109101.23838372188
73994,164133.71587410654
122368,113092.09286087706
73893,45055.61645871398
124267,228476.56427058487
37994,86635.17816582731
34159,101228.67150402383
16383,235359.33697657648
15640,106116.2272585631
72150,508626.4437691435
77419,141924.1281518182
138162,102999.65929713317
114124,361056.0953652116
12592,139339.37768433505
13016,217461.57465171337
1689,28889.579423490584
2177,282254.90086586506
45440,116681.97111462096
51975,526282.7126879564
77649,177111.39145101502
72502,83367.74520939968
26369,238104.2006021887
130887,146379.9089872953
81499,84500.76216149238
134213,165474.23843078222
65024,327154.1565393721
13818,166745.6530348152
140871,295490.9448268516
115915,228471.83572212432
137210,561033.904265688
113490,228137.6722578575
138808,170964.55384687165
80010,143601.4824810648
66680,124379.53849794233
50909,316100.13466886047
136100,309382.50172326085
143639,148921.12814580248
78637,117501.4581148575
126598,145142.58914496074
143633,280650.0165285869
50795,159623.3561858716
40701,123435.95936309217
40920,244066.52060287754
129540,81872.91267137157
32306,155951.89515989547
20745,247896.31160545402
70743,135739.88794130323
54988,322932.49351816054
47934,474278.53723112924
14235,170962.5590397599
129002,76621.3442483303
143529,104255.12841188896
64391,208640.09387536274
117489,140171.7304720322
78558,180930.4934962951
6004,206537.29201716697
61467,108278.43761038313
143153,195268.98591706323
33439,141700.77769436
112621,88135.00624490244
27554,96518.62083020528
113578,57282.241006731245
74021,125010.5228633543
35713,159472.16696405542
76407,177388.44577608965
121060,307828.1944528705
33259,112137.36202547749
62274,243633.04463424045
111794,185525.62583022102
48152,157083.08726762122
20716,451155.2445851249
35931,132573.90046532155
14682,289235.1939345421
111674,447537.7646440919
53104,198581.78989130614
45215,105557.03676050581
49034,115236.38537074764
76724,108651.13773743986
120119,268982.63733809406
45245,190317.26455957934
144340,265324.83482529846
41377,188698.3323222401
131015,131931.36700166095
31727,258677.33149693802
54416,87806.40918848357
63115,277276.40884708724
147120,114686.36164398814
80288,83760.32976964742
124999,168699.57690548457
145493,115214.56489960097
41922,109868.10249757986
54185,351580.1499772442
143561,320836.07912061334
139622,116447.94438326515
114001,145438.47679488696
142696,99979.62365559085
28338,82832.42265425246
7436,112182.10791774612
113785,149713.41038904185
124062,288587.0160612838
118371,127712.5944976048
125923,209750.4620452707
122536,94385.8648118174
143747,184958.86596632958
57981,110327.4354602837
27613,88849.40503642148
120814,78870.83178606824
79453,140628.04281852534
12861,438139.3858139197
137113,109009.71634539394
34042,228605.79852752396
82790,518830.8774945061
74488,204196.43453632505
18304,334422.59478322807
5356,68980.32851349277
39484,71264.16555196614
114433,59203.71810221532
10027,157428.26553572324
115020,242028.3362583148
47996,155741.89079171396
10212,183118.23112574097
140777,145993.97989092718
63328,445198.9472486349
112013,84103.1878585901
145011,89648.14795460255
34847,81490.26424556578
118994,386279.08530577377
37516,200487.04405258788
48845,168137.41218546132
122417,180885.6271117827
81777,94359.08622648683
21189,161977.71211597763
64547,74152.24413117522
44601,113130.3987396794
122593,124441.01622694905
133331,402270.7763677968
134199,204966.80965864245
19616,188755.45473198118
117919,173701.5439017155
125224,121548.92277505252
140196,179142.358284685
120398,93952.96451103939
39026,214851.61722665292
59776,232024.5186788644
128287,179646.11793636906
126929,145992.13313770457
27982,155852.01197856473
146051,84223.8834907664
49453,136138.4935117789
33283,180864.848405045
115113,124271.84430428724
48804,360274.74768683175
133943,242373.40940135633
139134,50376.669740850484
38054,130172.2804194621
59271,202795.81084510172
133277,128675.85417556223
73258,202593.1120329196
130923,123002.298534298
7955,129246.09012992418
26451,352736.6769508818
14674,92935.26876450263
5115,78851.19095081778
77278,181448.63872251345
77980,87291.02282103224
55462,89289.48257893525
1267,100686.88252832084
67008,225253.34079168324
14440,186132.1810629494
65030,185206.68454670956
50882,121195.1474259975
136637,92849.10299117451
16394,157967.7688913409
35639,113216.3983568222
10021,84621.35424649224
67670,142865.14504737576
44861,215485.02333846
35824,205350.61436492254
16561,292533.00901880744
115868,224432.31631848903
27162,316562.41364688764
80511,158027.72694603642
50157,100317.09750057729
123085,211290.195178724
40379,158273.91179038765
63857,320949.8734390147
133029,249044.47000356414
67911,108698.3855260613
37266,109973.51781463603
138301,119228.83292186786
16837,106294.39431951224
57352,72503.91922743493
28706,218479.0432697672
141168,184439.68441956074
6724,107680.48289083134
72535,98349.90704656471
112721,145000.3381326516
53891,158292.97243346082
17509,119629.5028993261
136399,133681.512547127
51910,170757.27325766583
2088,81234.6064749104
60356,58784.061980508595
39282,136266.16907235168
143838,196959.52622073743
123859,203324.6615775795
112870,607116.0583467002
138752,90926.17758619932
7855,328701.9055157461
146296,260540.50204024767
127773,79854.59623717473
54205,253255.558818737
33485,146491.29502791978
30617,102828.06481720111
44295,270561.05995495705
143475,137954.99285719672
52111,142406.47809381114
126370,228773.64388152809
144393,358447.7928588266
32150,265451.5626397677
139039,248711.56268701883
5359,72380.8226444206
50834,86062.21172563346
129086,189848.92891566062
74348,287660.66883484955
121243,164544.99653674994
46258,277605.39122709015
57934,87377.00702423649
30014,188246.99783129198
117303,103059.24962457831
63199,189593.09651968148
24304,117555.97227622714
6476,103030.22511745099
8782,269340.64455455414
5755,249017.17590712366
145975,137878.91042103712
508,80926.48542034977
143350,92852.85780052198
59541,112060.63478077971
123365,90088.21150047588
8087,78978.1106921611
12182,227327.95162985148
24964,270104.840003003
69485,245665.6469941988
71012,328349.6474634914
26507,134628.72816373952
27051,352355.544888662
143643,105290.98353107253
119667,142173.5857939381
39808,176195.77324158524
6447,126909.32877136252
22976,140479.70336930195
142642,161758.90551867094
133313,147552.50836907528
46481,66436.97807165177
6688,40989.11090193991
125675,200898.15653892903
77928,182852.5431550535
65402,68531.8795532626
11426,138813.5985313884
19590,156147.27297581336
29854,100796.99482874211
26126,160539.42756152
20713,129886.51970746918
133153,234492.2876172928
138926,189637.13625556132
38559,280480.1974926067
81510,76333.02692859495
14386,174417.9829298912
27538,148502.45077806016
64026,39906.04684412597
59048,390711.08662133664
5290,215491.2598573462
39252,97317.36716323733
125267,109566.43096580115
76004,288456.84090072743
8335,193968.18840790557
41805,154650.73567692185
126933,128284.1562705214
4641,277850.05767885596
24868,149699.36999890092
40545,234365.36712990835
116133,231182.86810504796
122391,136229.37566212346
146826,144677.82850649432
113687,428740.484990792
45334,142888.04539702056
45242,161864.85416551665
45442,122770.67134923379
54511,207865.3946111861
75743,97861.93787185737
69246,136266.2119411448
127644,148010.06606573888
72876,141022.1449508287
39534,227434.82064211628
118615,88412.55321010143
58700,193061.00193249137
145766,145610.2590201859
44498,177924.7587314718
143345,142326.7375197057
131338,357001.6738886897
139151,118240.54533833862
69190,149927.9521210405
7240,158334.39865695385
65419,75842.83810306477
75893,65621.94283389277
7020,130630.84368382432
78354,98513.4412303712
136937,146968.442916073
15915,181162.331057717
16960,103710.98799005714
24472,274394.1950790241
115492,236088.06951216192
146709,75515.32990803948
137892,84181.04986805892
38875,127973.81134085351
37937,103496.68361485832
125300,143782.36776665
131462,679064.8637038594
45409,128016.39336680411
52189,190003.99564328877
1732,198256.3606100363
71918,460080.5423400455
68166,270674.9820446845
2081,87826.82755210648
113792,150585.87894746187
69468,174550.28358148498
36317,80459.70899069613
141051,151746.78470609421
116778,54240.60014643919
141850,224751.79579985276
33048,42634.61490325132
75461,144622.90559960593
28017,75531.03826003525
122202,85345.78887805583
23247,151971.01672261202
6074,98903.72471562812
28398,128166.91816368756
42666,216045.4979031059
68250,185929.77396039435
71240,103036.49521871819
120294,165177.23222033458
66707,92764.62615587951
42744,99078.46056574731
138905,228648.33695184917
4985,456120.0673131516
118607,286397.43103136116
140379,130078.4473405433
3475,209491.9649230967
40785,185917.6784479859
134248,138203.06367177097
127789,61898.4020517698
6435,493356.78823878465
9134,90947.9554147043
8680,171077.85629751094
82679,87767.73817379851
41617,220292.85617357065
62259,83799.8643176908
63107,82468.25289896848
140992,234495.52897131915
70507,104039.84908867488
111389,162757.24022590366
116747,84970.20764976875
19981,317193.48224747914
49308,499713.4325013129
16966,312536.4898866114
24482,72431.27111666772
47999,186814.89734424333
65381,170297.0167869593
33673,446638.6323251527
141508,162259.26792472586
67286,223562.75258787937
128626,134724.49890886122
74875,382082.6950776665
120207,80601.86524354939
8676,78079.5522571577
20983,134175.61109196354
71763,148936.46570057137
19779,199332.15909647592
117777,187201.37738783285
1326,88710.3778904659
794,83125.94070892854
15323,181908.34677443904
14675,203200.56852883764
44473,140457.79694691335
76174,95418.7345567328
139224,123185.57025426478
698,128639.86071351709
70941,258005.13321908354
14245,122622.15205075504
62197,306265.95990748337
142555,79455.33490586121
56321,146946.57473643497
77368,123154.52450888157
29796,110919.0652532294
23669,431942.0133485844
17725,198968.0531199244
76713,229500.62952387647
133642,73373.23279363479
57426,199437.16584441022
118308,228688.81948007326
112133,98908.61501303139
20816,73565.32638664055
71495,98691.65469034234
80592,112023.87108241768
18283,301707.5137896839
1048,106053.18252270037
130926,188577.94529513072
132864,160069.36434133514
52710,263028.02073730493
18578,92791.51950092558
57058,166910.43206913833
4072,228798.92217545913
80817,186292.4307421912
38485,138695.90402799792
142554,284807.1425576675
9325,72775.49646099872
42828,158270.3206903191
143810,76858.65479891874
28842,231185.6414298729
63078,110826.85103453
21493,122020.11198796294
9543,122253.54445935367
4111,121670.45403801714
21269,179375.4819499698
130245,323990.9646599706
145732,160608.29040180557
59635,95282.31150616684
13036,127944.00452786399
60536,64611.407190823644
46603,137833.627500266
48351,178444.85033538053
113696,59718.06851600729
13463,93752.10892175794
4254,235314.24557142297
125438,176435.63379815835
48446,124187.11380066209
73973,417610.08783227834
111793,177854.33495578912
66669,262138.7974565341
47929,188949.13258963614
59974,123264.21864562423
124262,473874.47102908423
117831,172338.00247572258
21128,83442.01833544124
54479,691812.4370524775
111343,152011.95768845628
39210,127728.02662943956
75021,148107.5862080411
72398,93558.04336148867
14925,108067.89512804402
119738,163247.22233699216
15737,479154.24494959397
60086,66123.08267425593
16396,180624.45138661383
53392,172640.6753629012
146016,60850.90649231202
57494,158139.29861246113
5182,59585.65859441229
61880,493167.3788985384
29865,553022.4959005963
122856,392299.8058606717
66339,119071.41468809795
135349,270473.7115609395
36918,232821.27453735983
139759,250646.68980894604
44982,139778.7943078967
28427,116542.10546419935
139166,239017.40664441968
35817,349710.6662355669
79363,148622.56475620402
59024,231475.631081219
116630,59848.63146693347
16626,94538.99285277704
74994,178584.02324725594
28225,235208.8475787656
42622,584959.9948401778
26464,42554.38489564246
64409,65393.35174535099
138909,141546.4040579944
14672,220186.33359326827
22113,177971.89996461733
80355,194244.98481749714
82678,232173.68463551367
78835,214930.21137837254
114899,241727.40006956167
127093,135579.32356225484
65382,176834.37641466453
30141,121635.94731631465
50887,238775.90308961362
74486,216191.0333071493
24068,203308.70232864964
63808,104017.24122734161
19505,215184.80850325018
123139,325455.0756318672
49430,451222.9420541452
64115,119094.96371585541
25260,212893.901153273
72364,117388.55929842644
28512,48649.74328349573
120154,86496.82762271844
142338,131491.80631284218
12841,172641.88869895937
14863,188694.18672064756
127039,171224.74710971996
12862,210563.36491795245
131993,237830.47847176032
42888,313256.0866845654
71691,115215.68053896632
16406,274216.5258924103
125054,298345.32402662677
18913,287605.149459398
80621,127915.38013832367
58472,185287.3608157533
39400,142967.24794037046
73789,188764.45161350648
137504,83801.80336836189
72418,124432.10964919865
5459,258279.76239804705
143226,92047.34142603644
78800,556991.006237386
80333,191465.66216543125
45978,571270.6632616514
122771,86573.69038995645
144094,382368.7078303699
118346,378171.02187609766
68367,93426.62635428268
3751,138203.15992408284
80012,52853.33438701598
129314,145184.8876313548
7328,287874.4524442635
140762,164005.77935062256
37845,91294.31986660358
14049,207504.691095439
139036,338303.3878003962
58542,218377.97570796765
145442,237213.80663327605
132436,115504.2340678354
74347,189302.11306014846
120595,75328.82622232457
141371,160075.35405619882
79622,196376.347559346
81718,108296.61716779813
143755,150373.30933499726
119225,59494.66990710346
81701,143074.34207800182
10951,88584.79603226205
130872,111887.05050521076
16900,218292.08064256917
118200,93184.1429224811
70942,105784.84382629482
82682,126892.94873073747
72762,423121.1298147177
116005,173123.88245279918
80040,84036.79883969243
54179,203225.526305144
122625,114060.28993794501
41119,116657.3071226911
46120,99043.47586546873
39535,93136.20950740964
55411,90261.04366695654
121305,163625.2873081123
26285,147085.26231734207
139714,329670.6826549947
14266,133408.68422184413
44864,113458.44846489746
117350,322808.36518833414
58366,121417.12965648393
46218,122667.08197261326
126089,163418.84544050298
125962,144287.8775247841
139077,196928.23445436353
81988,132475.11507449066
50860,59334.36228743348
135237,123867.19737888564
45318,248845.31398290914
57673,147264.76953397028
13834,199146.71966923287
66689,93026.8121373645
61690,80185.92180061554
48534,474492.68286488764
14213,172447.22824926546
122159,264310.0455994288
141469,89491.84813379422
21655,228358.24788771966
17720,162949.43552926657
31661,306440.64733661857
63924,189331.31191391658
125071,144190.50746932818
70509,94976.44762542052
50534,44929.74051500518
54204,184430.78798431138
40853,642297.746121827
134647,161817.4217043831
42037,114068.75150795685
18867,146600.41391647235
124157,320049.0536809995
135364,153238.95663624647
133000,168172.54767071723
81812,551721.773173806
115296,287256.6593830005
4513,288027.1352279001
21515,138197.6957496724
68280,191565.75629454505
123551,127713.86333993444
15873,408184.2894684221
652,185248.91704535804
30376,300498.26941536873
23213,610234.6137313028
10709,275405.1534018166
62604,169067.80672887567
57850,40274.35208782996
17646,205012.20843760413
140241,453362.7932897744
25398,91569.47418190946
5926,51267.35233700306
128446,255073.86700538563
10184,191537.44320190675
65208,128710.98972357233
30478,118336.44317819706
133879,122144.11503348332
5561,397177.03710058524
19145,129046.07063869244
62941,122688.83881740307
78015,193754.12597519357
34787,147922.8535670492
45267,206093.52175903396
6913,132741.2369119326
53312,210082.12461082096
12100,102102.69186444864
130859,555469.0883540128
42441,80973.84335592494
74869,285875.45467436966
144540,82820.30951610701
130237,294249.6178486993
39421,200105.62114701374
8940,87011.12118147593
82409,80138.14003102174
49836,272575.14963057457
134664,264283.10930750705
50895,330184.7348694001
43634,264983.06437460065
62739,89970.67606981308
27116,155057.35955741603
68525,195339.8152002371
127880,130321.12247538619
115558,297917.7665617978
126036,192661.18575378
136379,74211.6673530316
122539,103232.22740653617
140867,119762.03690913407
64271,196431.8832193754
70724,114009.3275014961
12914,317743.4833964284
121566,113767.53691135604
135809,192448.7695094895
13961,190150.08186325376
82189,196984.98863717268
66049,219503.4471072862
146694,66685.24560687724
139064,146020.91814069136
131150,133542.07759179297
79770,275529.16961718025
2683,159041.06546519508
6156,73978.0130310918
4730,133374.39091161956
64654,108485.46615720895
140279,164567.11983635178
9370,167111.86170455
50643,138478.46170430392
141837,238992.5898421749
37060,346990.337730485
141782,245602.54726894118
62611,325020.2320478529
134212,363421.7669867986
131291,86406.56431704451
17490,202375.53154766624
132599,171463.47030265984
70459,131649.7004018773
115772,164475.71569070293
11559,68477.42294025685
58189,259589.16221938335
145885,146066.32465563953
45353,235402.06361016142
56157,383751.50250954856
53440,153867.37083995968
29515,105606.60666368305
49707,144896.54192121385
82533,345385.3591080916
114638,198771.5312190845
6073,79290.15820481253
44309,253876.9252839152
2987,218059.17346440494
20537,224050.85900259277
22745,107219.4845428048
12113,45286.04565212701
49566,241786.4712159299
114884,232509.1709709015
125787,372762.8985565781
116211,37654.53415314692
62385,68341.12837331182
59397,171503.33156617405
34727,289995.93633923837
144299,161711.80729715776
68030,75090.30999952069
141435,149788.96776095286
5489,59836.28316095414
17150,150205.18096703736
67423,329447.3633927918
120434,79744.37866155406
114470,142151.26211130628
120932,366678.50860104634
74207,192694.89722769355
120609,83298.757776302
62629,185550.97406618795
13640,81488.27508769339
72875,128449.3486223401
73948,91253.75977967796
113113,180683.7697255892
138144,178693.3478906944
16809,494299.8997448931
7228,64270.39611879657
139473,180678.7000487192
38162,143546.02029894223
20433,88804.64782808023
29730,139313.8408244831
18690,787007.0761253838
145529,149776.21794622747
63504,129473.90927930493
49047,129032.08385715894
29501,81352.8553859076
112118,109572.75370769603
55420,137871.95870981278
80881,167755.8939016553
70924,145721.22627271677
143863,142239.57508486102
82840,182756.8909986582
43686,247197.66787631347
23186,61814.67371971691
75625,122856.2481148575
50102,95312.18707882879
3518,167869.47348360246
11237,90792.09541478955
128735,171733.39899186927
16259,241247.54989554873
20493,239581.89683182823
56737,101791.11854561567
132379,38823.11371228828
75928,197847.59036427073
58490,169747.45013402106
19932,125006.1936434988
33079,125805.02096846828
13240,320196.23304778186
144827,127188.0387028565
62821,99828.72898493634
57073,110209.18972012226
119054,117734.89744354138
33891,169058.37026890973
124379,143817.74848241243
10457,70323.75225792007
51451,89297.21240090369
54089,211887.90899231596
114172,441866.69986377767
73045,109759.27201013271
118838,100104.13932393168
39224,220151.66719358735
114007,77828.94044494936
2918,103919.72052124675
142929,238315.0078488626
50063,120467.32942815825
75001,142894.38065059984
51078,99316.58402328522
128982,114084.15574540134
8027,148249.77472975885
69704,194550.88641816672
62879,247427.35913539893
136824,80389.2841702009
141436,127716.01048133476
66465,491289.51523531845
77189,203811.95946007024
78566,120861.58735933636
118904,280036.9410039459
39133,302628.9677449558
126251,281824.2710188617
24422,197893.64167106026
82378,102969.0391740536
44486,131722.08022073863
19867,153746.94200905124
81051,74016.72509033594
17929,381837.2125181278
47514,128446.56511780788
21464,105608.31367388694
64190,182323.39755723206
14491,275679.1045463502
52335,97784.09549655167
39923,238103.3399326423
7386,139723.31601195093
138769,422539.8105387441
125768,152468.68400942528
21134,103103.00945882247
886,333399.90511891496
52326,235203.33360058564
11986,118100.92560724914
7279,153146.58334808977
8061,212928.1734983469
80911,247811.32173431924
48581,152803.35025518993
125546,83914.36786019058
10833,246926.63531542142
134581,173513.85426633625
130903,117176.76982905352
49272,272777.8561296629
46109,118594.7384890389
136672,212159.0315779049
54022,89290.65984674657
65087,353092.78487777634
22408,105651.91194012621
112897,162881.5664672841
58868,468497.18562009523
33249,88823.53936442074
133223,144399.23633136877
46822,48335.74913913128
47866,229126.3789041923
37130,353870.2709522492
25066,97652.7498600402
121282,111006.05378652172
115705,140457.30908037984
18741,90117.81844246495
73864,333047.0091820987
47470,87545.55435224925
121354,340347.8271936984
30291,320917.4482516359
119721,467675.7743244009
13005,169031.2433947213
32946,279517.2077080965
132976,126702.49130462564
113175,365119.6603765669
66321,126376.79007228295
71726,210362.98722630643
21010,103723.55940779505
41082,69667.05805410525
11213,385591.36952037236
42433,204475.00327673828
125361,304648.73183790623
140378,181988.51340653
82803,426343.69590534427
46928,136964.12407210312
114284,98068.57026340869
58941,270337.102562194
21106,302116.0227532784
136482,112262.2872442473
110328,125951.96710168791
17618,159307.17566607433
66436,128302.75820134007
124186,262511.8773620319
5683,68900.4261436902
9099,79142.98923663954
1064,435872.56627853017
40328,155440.3438245604
50372,188874.38910434613
57641,226860.23797451565
119589,303931.944249802
67993,265448.0614204364
7010,201244.2250549244
77758,279919.4699967337
54321,95749.04992192907
10410,219326.49926478203
52972,158320.09256655222
15812,163950.11766558528
27535,105430.66160226573
140603,144097.3266460681
17057,128370.90824773925
122832,189543.69676004464
114168,106396.87306150878
14191,184939.68406930304
30749,145564.45664060055
126483,139092.7877235363
28548,133597.96023406566
27265,88217.60499984416
112999,136003.82941200057
41937,194551.72569115006
79977,237419.93637271086
125709,173558.76556031368
45224,172867.45344518035
44077,81682.09773677142
82853,34783.18458406052
73389,101497.47493397405
24464,256993.76284775964
135423,338175.7636239473
121117,156140.03191691608
65197,198836.55914328102
74643,142207.18312316528
130177,82283.17142523381
14190,77004.29910314368
121192,401539.1186501052
56726,88087.52336956166
27425,239948.64897117415
114239,446431.678032813
60834,123619.18036103898
141647,245764.53437342268
60485,104579.64094958956
12168,251462.89058963925
135741,245655.96405673565
17670,239999.51511386278
19164,98888.79801086897
141889,170266.92843987313
42885,214316.4368128391
58677,143131.72820153012
63140,287313.9851581134
48129,248161.6247607313
36063,103052.63160994188
77332,124974.46453078512
75639,140069.04020111743
63381,112052.5756773664
43869,314695.97739213984
49210,178290.16855068612
143777,290072.6722506534
145218,172800.38687139662
79079,236578.27019767716
110767,193438.42933842164
1197,144140.08765656463
69733,76060.00846471768
112294,58380.864422726016
137205,136703.82354135677
59552,152308.01175338836
26957,144323.54772606125
36473,118590.86419988971
128995,242942.37906874536
69877,172107.79975286784
45626,297672.4957022157
35088,573507.8016310891
143061,196403.52279774463
132977,125890.44909317823
74468,139382.60122628318
49259,171068.22380785554
18841,42071.216634622906
73156,93938.89419752483
25295,226408.55844606465
68904,382153.4844675142
65198,104717.43425946533
60497,231447.95708602556
113104,135550.50782459532
59462,162822.8045192573
112733,80188.15919766304
130790,254224.37611902854
17948,165463.09221710055
50107,360431.8084487027
20641,136169.44734488986
128376,143213.70370288298
67727,313007.3139062134
51568,307327.7875553202
128788,129975.47117780847
80567,86158.58710499696
44950,86734.42066433241
138916,310295.33084177005
5309,76500.66087019158
81195,125241.52312676804
137599,317503.569505615
129362,109556.1798380884
117000,248536.3441117733
117186,273034.1806328868
18301,69158.4816634519
27886,148865.28118255298
55855,112924.52591726842
49528,103027.43902225525
55189,70144.6056213926
62462,92725.91844452545
113296,285850.56652943144
40467,191817.81683862655
59214,154818.2153426889
130425,157056.3211223167
49394,138845.33862824744
18755,95050.09403248396
114258,133369.14524198725
119542,425894.7792065843
78471,203202.1248018723
61733,103305.92541187681
127467,151542.12303314637
80531,303271.2804985383
139933,222484.4750766118
56566,119285.92739306166
128382,150378.90354781225
77184,197034.46659735747
68505,125654.61599854572
3830,92549.8493536748
21450,232062.44799856137
69168,84904.64614010096
46315,175711.1931982408
135267,104310.24008973835
46625,50949.521772165725
142191,150749.9444704688
82973,104855.30644860514
63069,68096.599499827
5485,134496.58566352056
144523,452401.559019716
141353,347132.85315484763
57786,50474.21925137035
80073,156969.99971220345
112529,119100.29453049664
141547,225652.23827101008
9126,182893.23059157457
122843,449871.6029886037
129465,158759.4760758146
111632,125047.00471313679
65552,205773.13176139278
11495,72740.74276732896
76848,52779.17806411956
78724,85167.7951679851
133938,232815.2421834738
144702,132311.13586012772
110606,276120.5752664123
17765,101575.43867903136
55431,179425.89624960575
119341,309997.03666178003
114614,295575.1345119737
64763,244833.15561492392
73121,481615.97673171107
39909,177201.4421479843
130618,81297.37297719023
31161,175901.0058860461
21157,96637.22612309386
68716,107040.66759144157
117840,555079.8749160414
71125,187549.5138819217
80868,70600.42034300325
135048,101187.12701800677
55622,217345.99956665287
142258,97586.71328008024
25147,114525.28955370646
145300,94673.46812949376
77882,168055.34646704845
147004,259447.1015381937
38153,307460.3772412302
39506,143035.73612458407
41961,241910.87879884976
52565,170617.7987127889
34874,112828.47370270488
9365,82965.52825914747
30493,205370.25767870637
17313,269352.9041642183
2107,68481.27851453383
20481,171932.99681894924
143556,123115.5163177994
51474,105364.90228407252
35800,101207.64009969056
40283,149241.5393883294
22792,158640.52488188582
25417,217789.2152723186
141042,283915.0292526351
34588,63926.13391810078
18972,377311.2383793806
52160,133382.22287207964
70557,110667.30815425792
60134,177401.4023523497
74047,530499.9512777005
33972,91374.33413963183
10262,110183.48310663382
76272,133208.702407943
78087,131283.34507238897
34901,172631.56806125405
17055,265294.3032549663
17391,192991.56899768754
54085,615668.1700303043
131244,81877.0961157448
114557,198593.53560490184
80036,97065.5896122512
12478,257243.95297354923
68407,223052.83670275196
39382,114405.44621669469
82959,194032.66816009989
28373,47013.88671518519
83077,254414.9628731548
125082,282922.2174168596
55987,110200.77520311027
43383,127171.2528650678
130792,538255.3343521053
11024,185062.56102190775
140590,274346.95908210345
62771,108815.05297862901
60465,123777.7659426503
73516,83490.00477830792
71786,92787.67164713172
146645,200988.8651294207
10031,42429.14521732223
30214,182512.67666307715
5262,127681.18208712051
81854,165726.13471889065
26654,248612.63732847723
56349,297228.4426264409
119028,367422.84481746715
117645,59570.04091930221
130058,108377.37145549081
14636,166600.6917270291
122518,72316.51460845507
44291,157025.25947063614
33961,99471.2377403595
144864,257135.33031301154
37088,237992.6980567063
133330,210392.793889589
29637,145154.896661529
25396,240289.18968430045
141910,174369.63411023593
40570,98752.72555671725
18737,299370.83013088774
118675,99190.08941286609
973,174726.20638187596
134488,376618.0588652175
118171,135672.1423325035
122758,98485.81024747716
139316,53749.79531911628
73888,226017.83870986832
16076,149328.7438554295
45641,158738.6462829547
128787,181588.23782387664
31811,159009.57881285314
29467,251673.98693294308
4418,240114.7736308357
63615,60880.36255201477
128247,99914.20546980924
138266,208759.2686040097
27349,176553.01427988798
33404,72836.79753718915
113513,133411.8391121495
80687,238806.51370265806
126075,264528.4033359552
131923,66578.5885826767
54059,68293.76100354057
70396,80678.97933931713
3769,359099.7040866888
118887,158026.89933870782
110746,177016.72417190782
24849,84098.68774876493
73024,80370.47634725917
3419,71060.50996109865
14729,63819.337034908036
33645,80124.5381047503
65093,144196.41279411232
123029,364913.63629267446
80923,115984.9023020651
141127,58810.20766708642
48490,426234.2320047592
68455,326848.2102379664
112737,720367.043159706
50066,707394.8847236431
23728,142276.40343963788
60995,187745.5564355617
62207,126157.36458499412
133979,536178.8550554598
40526,197257.16358037738
46533,190733.89511933157
117438,209684.9034613609
34673,88280.5467525994
140171,185849.60383212505
126545,101975.62377316295
12803,187422.45323612547
22391,232948.21597688712
78640,119421.5054520762
73087,264951.2520162129
119275,92829.21200066037
55279,134246.33550247183
43712,268498.57143838867
125920,120089.6931542655
140346,357897.5331321328
44633,62614.98295861051
7146,135622.92881487156
82157,59630.021057051534
38089,95394.255394897
146545,150288.6751485305
39987,106936.89196739245
68155,97728.78367143655
82043,186689.4385750487
17891,97167.04397169629
66523,283259.54693048465
33974,153080.70148600696
126568,54363.78230156515
136357,156419.2853125318
8297,221290.35684961837
14773,188677.62869189488
141641,97449.73321035223
55726,242246.5757635881
110763,361195.50747556705
4696,114271.16610972382
44579,84463.57806598837
62295,135243.9587608657
30430,316369.1461299666
20595,175736.25222520952
9898,196136.94860674255
27140,126087.16177587482
111411,159651.71129504737
50492,114470.95354509391
56917,97991.8756778085
130851,129778.26573984307
38856,166698.11469600035
56333,78071.18269311322
24466,140816.67209146218
114965,115977.32108686771
1269,546818.9067848511
144748,77081.77729366068
22018,85543.32350162431
142533,226017.31835329905
34596,178946.91608094051
4326,252112.24958872283
27359,293731.96828600974
76113,118057.19985777471
55751,71174.74451849965
55080,418086.8041889181
43289,76965.5132832436
66125,179308.82012573318
30002,261834.69461275547
121128,134392.93798025462
112441,128400.8966169882
51669,122621.54250316948
130843,80920.08927886517
139576,123285.79857775648
58601,132225.30061680323
10343,85282.30603739506
12500,359906.1216283214
46559,152737.04578337562
63088,109463.4296179039
49497,123251.23095119609
133167,107047.64336967663
40708,141728.5690076952
69818,181785.12060098475
76258,123278.49464306806
12798,267027.3848735124
19828,181955.81527538496
48502,312813.8576294957
141990,244970.7367094694
74259,47764.064994575776
141993,239826.3499473237
1686,248647.61005738817
134933,117252.00166252154
18227,176471.9014002852
53773,113775.44659559471
15478,157004.058909664
30657,94194.50189564678
137686,383692.4559953366
116077,222918.03927831358
35756,111231.58692253998
19871,243756.46517728982
11206,112289.81614644977
70871,80656.24990345287
69743,129729.12453796684
123163,258458.9530239686
62951,68928.91163000764
141485,93933.68866670817
121147,102664.36935701667
15093,218281.55968613797
73690,104502.79563865562
137241,69104.9284875617
141388,442422.8906035448
146835,420558.34835328616
18001,110826.44454542636
12746,99560.98913034693
120168,204169.24157699774
133976,204944.133610818
71431,175667.71099143446
16901,195916.95557209448
140361,127980.40564927929
55125,317138.5978953128
12965,180623.904939658
134246,201276.46110079173
73568,164419.77627420856
834,86835.01508725338
8966,90598.6306537458
56012,35883.88246447581
52525,140352.07131034433
120647,172303.4202892709
79503,70380.74769034269
41858,343539.44685038546
20278,122698.72874842955
10575,240706.696267038
54064,76961.1746199947
58785,179901.31405539694
127312,197711.69409424422
16067,213664.5747276945
5748,128792.66837978672
114180,315896.30334931304
111025,108288.21380803752
145179,507986.3670040394
124464,101312.20474165486
123301,74281.86090512837
25190,259129.70950474511
44313,41818.381169160006
47757,72640.76039930858
43049,115454.68115354018
60727,137265.0285837751
1218,121304.69101930453
4101,280678.6950850306
57060,139774.26125936926
16843,167712.47961850444
141543,107769.3065397396
118848,239396.79593139104
116311,225453.89515559922
118786,90836.85507767365
580,222251.15530768593
61476,354260.9692596954
39213,138815.27088244987
28599,51088.46864740831
128731,169230.38677326264
142921,316538.26686331874
125860,160354.36902359125
143233,106304.03602461526
32056,218155.25128809985
43329,354307.79225
133565,57937.90819298412
27434,233580.4817875975
118554,129957.32544982457
42484,232774.9082209015
132214,139252.42392899847
123456,156601.51092588212
129583,56153.374534376766
17023,308662.21086053964
146251,115194.69072106712
40673,126089.98408622261
65446,118541.34296092205
52401,262517.524283195
23453,170000.0603108169
22954,110705.82649173358
80839,82920.56795127984
46839,132444.8464947106
5299,110392.19445322386
116352,37732.757194165286
38002,154300.15267604482
27863,65022.302140890264
3794,126296.16757790884
140866,120016.75727255945
37568,225351.32783463766
31398,193935.13849046323
4002,271302.825269531
28125,118240.29449276884
73754,243875.0425043042
145753,259585.20975919918
38226,172993.7787746426
119303,173832.10645741492
43688,284357.6300710094
42752,233823.13424066256
69238,88179.01014317616
28490,86558.14195900844
135866,213199.36291782235
123334,258468.81466109146
47922,209514.72353999157
18817,97103.49967308677
1189,466140.66257040895
31378,65869.15674191128
132399,131098.094834244
128688,339678.05822238023
12754,166733.752015971
19436,168655.8478078747
141011,118628.75006451736
51839,396501.35506191396
49810,138957.5367953024
48236,253676.59915957885
20811,199039.62279163813
18379,129131.23309759752
23631,204672.90678686494
68036,96341.82657167694
40986,101417.88856487753
125596,151318.91439718567
123698,65870.74204703109
78554,85468.87109805562
118532,115490.04195131175
112997,137887.7544342287
5781,179873.2874404215
68507,101345.7892961374
33698,237674.8099965083
119029,96098.36859417263
53510,305895.14492754254
22758,463441.01659313485
26762,143006.2670439128
26209,223692.09359136637
818,183754.8089037874
110341,91998.69199378912
114233,144097.46359352843
48822,151181.61169350462
53780,219020.16653010715
114005,142070.21906363286
126141,287632.3175783834
68375,354103.52790585795
111388,193529.601292111
132639,72809.9039740026
135648,254842.4121563023
18620,85176.8012646731
814,110026.27351191663
117684,509164.778157372
142290,188311.85448304645
50394,182759.28524081386
18117,268251.1583806562
65763,208651.1537475462
143305,113423.55619830344
75441,260830.37640146195
66448,126413.93852411045
82691,319528.39630941977
140342,183728.57420960476
5892,101301.61512423889
45451,229074.41455827118
26884,179479.6834182446
138406,205407.82191566768
132888,50207.79623103923
63726,78502.39683574378
59349,107112.8748970167
6788,37946.606474432716
145565,156412.36988556248
146002,109338.4792778916
70209,98315.97181243534
82115,141472.6543649602
21114,182811.38017103414
34613,61454.42900930186
111609,103151.9297597141
55543,206857.48191158797
73160,96983.26161318073
129908,205608.13009457497
4967,205158.27258589942
120797,99311.26350613203
82974,90128.34317726918
130149,119144.00799611601
140470,162428.57326804186
82237,105386.84410084595
119481,260802.778135303
31571,340630.8999407589
111687,290319.59644417185
811,94609.6783783897
38580,166985.33367858676
5654,111827.17213376335
38850,242762.26276673935
23082,285868.6571459803
142907,240177.3372196239
142852,483080.82778316934
71038,258737.15066821076
15929,264599.13767433417
15413,184591.89784439688
113563,166104.4245228523
25750,276074.02938021254
140735,231865.27517171943
134333,283472.6878268673
113924,455682.3909589984
72363,136675.93306371494
130560,82626.9436875991
68948,225857.87096346536
3801,270490.27243317274
117492,110015.38604688249
66988,98687.47812302469
121391,154696.08849572364
125322,291745.69574772404
113396,177284.38611713954
25445,158730.31206379924
140780,217833.7323773536
142550,156125.61439535345
2336,149034.97152465774
118907,155199.7351784955
142497,115965.86535406014
68843,62738.32643191023
22795,362792.7231026853
4532,135991.93530233245
56580,98416.18007128971
142426,103393.5892473604
142778,141123.14787539036
28034,63353.979363880004
33821,60292.00975120765
112479,77939.82391470419
3051,106004.89223622267
122924,233936.53828587336
67960,89332.11564284099
76433,137788.5137695204
71538,86902.88157619766
116849,74746.52312700843
51571,407889.9638407517
19198,173925.68311858413
23639,410675.09310563456
116633,95708.93932159049
144456,197633.33424027072
46348,134300.3945505232
60093,58935.65178568872
142532,139407.78442554976
67252,85699.73603874072
26542,290414.83871083613
122755,281899.77149570256
34463,280864.948354726
3345,492870.7334311437
81743,139811.41460559258
30886,209663.04221741
68570,142648.53073249906
117581,376082.17199513665
4457,178634.91006090282
24966,589977.6992930291
115935,246325.2822411819
46663,441042.8893660522
129195,83110.19253987672
37614,260203.97391118394
49331,183572.93718643262
43301,98550.75322199732
75145,227237.30927793303
82400,129476.34350491181
16060,86433.21798000258
17220,278267.6695851583
33258,175459.77985742388
50707,335536.36323924316
134035,240878.40723373456
8383,67236.43174523229
117758,289754.2705468512
51380,259740.58282794914
76364,168924.73963562268
133015,109529.69289804174
39428,206145.66221047455
80525,330144.5310930238
19184,339298.33399338205
71807,117813.37045019591
139770,164077.34431505436
74852,92732.14218443217
14511,326908.85242128855
111160,158693.71842556176
149,347355.94963948464
52904,95659.08496612882
73125,102102.10204662288
28164,264075.113410784
35906,105764.01481660084
7104,97014.45810466803
33802,43682.94710128894
82167,66162.09806078048
27631,349345.34508452914
3221,259644.8586391011
118220,173313.92449964856
68957,131696.26710484218
132680,159310.64070952788
69092,164863.69512598397
8534,96310.5941939496
33222,190382.8639442762
132635,130090.41909655294
143184,156574.69166990207
146055,123751.88017557189
124886,680268.3804344084
52670,177039.71672538447
122316,157164.22201373923
67590,153231.4686491353
46392,209006.3674852124
20114,178976.2298352361
126815,107902.40469155845
55573,194800.97335270414
127163,198952.61543948043
2547,265895.38973073097
81883,98649.57199301626
28794,111851.194593879
124868,75344.55248846317
57499,195177.85929843315
76986,318108.61550192075
136264,162485.6506249812
110710,48464.14691692921
80940,118253.3758562801
3791,328707.1826331783
38323,42143.27445268847
28702,639594.4106351904
121139,206720.2420454237
67711,149299.84711261978
50539,36419.16839901023
48994,83891.79922840667
6949,153272.8411191273
115208,202370.55882591126
59930,165296.63878147592
3072,68063.43096248448
65872,530555.7599848629
57318,114331.00142182256
9152,366962.76840757224
27295,227546.34446537617
22347,167767.93804823371
72482,245940.4240466842
131047,216737.38833996851
29649,287090.98866406287
9270,261382.32639041377
14570,147266.80598199763
123350,404835.6356487138
49496,143648.8813870578
78691,145604.84454302656
138270,54152.65347917953
58520,182002.0275404036
119175,122319.49595366509
32324,360964.4427839494
79137,190317.26455957934
59640,86741.16206349588
62608,130566.86179298692
22647,50792.22204089312
64795,310471.32848447387
69860,282215.0040179723
32265,171022.63066600976
127236,70503.41379154008
129220,261913.43203213692
115791,219190.1208718947
127140,97725.35578041026
74289,307542.7867453305
27085,162167.93867139675
125753,92131.448052634
62890,362938.6464985596
80656,293012.26764139504
132250,106594.09759248619
10746,186010.26229082496
139546,42456.65171101744
123528,112265.95088388231
5923,85034.62364089012
59160,245066.19148721907
72216,462965.54275649926
122009,178672.7441410737
6031,356140.3198741756
1233,276528.25818743394
111546,278893.3396481532
82667,216154.42029047647
139447,156473.4338889131
61771,122319.66549934295
128657,106507.28029863199
119522,208494.2028462084
30558,94097.83887774473
18179,83187.10549845695
11499,75220.17209760129
72699,318357.0227390216
12698,97375.08548148084
140894,310198.55451167194
127881,128697.42831311307
40819,126046.95295479726
15455,187971.71132186832
116324,195183.70810606563
79001,342452.87804279523
49054,101032.1173273874
3113,198147.08672273686
115448,65019.73247440095
69361,84214.95140712883
2312,74690.42103374343
70436,70256.64090007429
120202,214133.1999769048
143891,64895.385827012346
123847,106163.69447823224
63911,496132.4628615276
145114,508476.469497864
26303,199907.67704281624
40952,183659.4324017593
65252,90288.14654888354
66274,141002.8393953119
144284,67360.62363270303
77207,122434.08793764829
77948,295548.1054611331
121481,257972.01731568418
33139,168918.06879648418
64062,140883.0609891273
67061,309775.04302244354
6133,226569.06136086205
119900,266737.640617803
3392,111733.0904306477
42938,129901.72356697576
58355,73649.4602569006
142156,58508.27568829735
82823,138390.01522684048
21116,157225.9879896018
40668,176244.4997948392
114474,235972.20603390256
33366,160405.63199784522
118819,313235.2636943668
62415,255350.20208289078
49648,301870.0353526593
70406,38023.83857468389
16264,48980.417728838984
74988,103417.2596148733
26318,151413.85091456058
55282,81091.75391205389
45265,286326.10352588544
129048,371504.7006262107
68607,147467.76226201555
29673,214108.80315431493
146196,219465.53751917
11353,93223.45313251026
23436,162736.5042811175
52331,243041.859984544
68448,146518.5722933823
132223,206678.57254878912
44759,172928.56379289622
146737,260354.226881625
48489,248852.74435558234
111183,155310.49805028073
54345,69826.63781338616
128549,237963.67390962923
75254,154667.7398766589
26206,109608.79134587568
24679,248557.42151607704
140622,241553.84996827747
119017,115323.3419665065
133590,202847.8465471919
16664,202423.60306001455
20370,106417.31197307444
20802,295151.4449518487
69767,340391.27604513086
80808,107831.11654566613
23235,112441.9738882945
64785,255814.2539450173
80207,180760.65272000816
44564,83815.89745815877
26763,151337.53821036432
67652,290152.9052090478
70914,201446.96225633004
81861,186524.1349599709
138674,73046.94954297897
79886,155200.91829835903
113814,64527.246963739155
76171,611473.4746638958
24396,126488.29192688537
70351,238316.98123801372
130757,558167.5448071755
2824,279904.791676256
123630,47233.6433475182
58949,166830.30451029277
54586,68536.7986151895
39939,172217.51913570164
68519,214851.61722665292
28678,144973.4183899546
63803,124713.48688019015
70071,165205.56772792997
63647,138460.28182071893
135153,104760.94046065837
19405,149599.619331047
9661,164673.3371007333
11165,314225.01733050426
25702,33146.451359846425
34470,591453.7028664795
117130,135068.96559040638
50857,63609.591603043154
59729,88615.75340552194
128575,67752.42889694773
63825,528216.9376299537
117507,110566.022637914
81704,209193.74059489154
68562,302653.1110933807
30455,378823.8416976974
20292,138250.1591845235
31077,219332.7492693056
123349,113489.08927353074
117560,525798.8475673851
26995,187080.10636355504
143727,130944.58443672833
68666,114051.65680069543
54469,109976.2850173296
13727,264034.23305558844
218,196121.05159868387
135492,248484.3571441532
140828,166946.17865225038
43556,102491.79226926193
1414,144163.54012220277
126514,140679.88906378477
114852,211544.22084307868
18216,188754.60907756595
111901,132386.6025922294
35654,138847.88784516967
141748,98032.40476929596
77899,450852.5047380125
134582,109656.14512296396
115442,92976.04925966915
52549,109715.36955903405
129776,141556.4691726054
138420,84875.3403266976
73621,208428.69785719307
81758,172147.50355218985
44089,95271.2590354542
31523,88802.24445544617
120395,173916.51890495018
28677,160141.11082764744
115831,544622.6059599718
133556,85007.90355408436
10006,95976.67152449762
134378,188062.08052861653
39204,96875.0786582735
19876,406584.40795259963
20051,127160.45214242254
146999,135533.24720571048
128066,113974.3396936203
17404,111505.32609615837
128232,138816.30927897597
77252,254170.9688097371
24008,372533.7466020375
54613,104695.39908968765
6443,188047.77301514207
4643,256553.54839230765
11366,203348.22658034076
130387,354682.2938230564
7724,255297.19046917622
17837,195102.57494856237
137530,198422.01538001347
60694,76686.68917407437
28935,164644.67183463072
33874,84680.35284955814
37907,239809.62042960763
76247,777202.2322019566
44711,121259.9747687903
118245,340272.01401807833
31939,79939.60830196246
75599,117150.3899532831
14715,313128.61571027985
80024,75960.48955031086
56832,194343.7588377461
40863,85273.29453813811
14913,311396.19942779007
73064,185486.12568603375
22589,368986.3649108619
21268,114879.62658752227
52216,174425.385574281
140299,99741.93515477228
16840,315320.995983001
17226,112515.97752450546
68459,237907.20201681682
66022,77260.82863870061
11669,424070.7365814622
146692,335646.1341381106
59655,147731.33225339703
110396,68161.94999410002
141556,98923.36479685167
249,125348.9103085704
111683,124296.15016815378
118484,216429.78823626816
119818,114338.89373834121
65523,236717.92278512797
71846,330953.90636802366
57690,229613.39694833916
72500,167926.10468360482
13423,101225.68879335272
132787,108208.44673037347
53598,120406.08260343263
19793,261425.93689659846
3946,102558.43349229996
79787,80222.80701006588
79799,60687.574399741716
128430,63152.93879223444
68993,296150.27491975605
138688,239189.37143830862
18988,177270.06306021122
122859,164824.8382057715
19209,46585.0610673828
146588,251629.05730662582
144142,137590.16405863405
4506,121426.13527791123
118998,102915.29183086002
63383,158209.06558522413
44048,132053.10397486138
12851,159026.2945964167
79359,141169.23408360913
117866,206278.6558891874
51704,110358.74929953492
22949,124505.69655965007
11552,66442.5917496359
63074,141079.0809086931
33467,88757.26491563427
24672,177814.20694482644
73883,104326.27619765917
125191,148233.52437109544
133108,58932.54508623989
14645,230191.7107654389
140832,91620.93909364141
141263,134025.93380011793
145642,221743.06341963093
15620,146864.07947236142
34858,67612.70372633653
18842,101079.42879631641
16164,86954.72635418696
125391,209857.34677751426
28568,140898.84654152716
17403,112317.0342388808
131147,183917.63688526978
51536,112971.22853597038
47596,36675.56449972509
20984,118384.53739214901
142617,289670.5419666837
40271,125494.11963859515
8149,176973.7976039218
17066,220203.94224551128
112478,143935.1479021598
49187,222770.03074895398
64875,105946.76255051431
63308,384818.33278049843
515,158660.70361997606
140657,115886.9779271362
48256,138719.9868206659
145022,85481.47131907297
138192,183886.95403154337
65571,85345.40716754085
133300,102080.06382853564
122436,248203.33458106103
78088,254290.24531874788
8994,93727.1456691452
51349,293976.6423051249
63932,126285.2589455299
47641,300263.35418254696
30260,147906.2602881695
70747,364348.16928719886
60862,118395.26338628991
26555,132585.706148219
410,224390.54330890463
25327,133479.5449775213
56521,233810.1811245432
71983,43235.08210650662
111570,176117.2920030022
81329,120287.68985274414
5932,159305.0913530381
114347,162218.28402095352
52790,432429.2895399044
140905,334687.1818062477
10328,95245.45594022909
82613,303256.20238441374
13821,104652.42583471765
112629,161577.45623014632
19173,87073.89943705357
59059,408380.94181730464
35849,194418.00514129357
120879,491895.09454362706
111473,260615.56384234125
65256,86848.51869892757
137360,295544.98932520224
72945,308799.2385068623
120964,67571.59072460246
56171,184708.7178915973
142042,142414.52497352057
5408,137722.73148305062
14795,109197.0850855201
51857,112417.65946792923
4796,126814.85196118717
139904,165988.75030770287
41965,112228.84806047205
124616,186343.16975719438
133945,100672.11570390456
16141,232967.78523677844
13250,89116.18978448921
4657,263135.8673783922
12010,116159.83231294356
140287,201030.18968082842
112146,280034.8228983362
137131,109543.95992699791
131000,327764.29544672964
81810,82825.90163832658
56740,167222.92685856216
140067,204989.44917297608
143173,49471.040261702954
37932,116387.54112076995
66283,82950.11702901918
145911,384115.0778421227
121385,113734.49090923966
69321,139184.47360224527
146741,237993.3580512756
82815,179472.29379164925
127913,119937.74210986544
142969,66026.58594653988
36848,263996.1144225883
31706,130334.79405311271
14680,115474.01639648195
33579,205177.44900681108
26323,332661.2825733565
122543,83981.20615199883
131587,186965.3900280466
126816,132357.0752907927
65817,131610.25154794438
67912,144131.19088003822
74721,204242.1431733047
79067,149646.19106317317
12479,80514.4625195539
79395,108043.31207032654
146860,68074.31103313493
13498,156708.07293553953
21746,133198.81179284083
64637,100062.0159215038
12656,101898.43734835465
61750,211845.6764126529
130830,390137.5517980204
53623,142280.66932654244
61202,109693.92738501544
70296,161071.3324886213
32440,83115.21764652914
121931,196619.0016866697
61941,127801.00163330494
24753,368560.35930630175
9633,133045.92976427483
19883,98234.25676226849
138015,247971.0900027296
35614,321445.4169539431
143351,116428.15997653131
13292,149576.583814578
50542,107299.98725484345
111090,168790.81293175736
17533,146486.78925148264
58914,49705.078841446
21828,188858.43379005478
9767,51773.615185660776
45548,206680.64759292244
111741,316002.0330426367
59241,145171.18229281728
82145,98408.86934413997
114961,483710.9353711972
36866,82117.63042793913
10217,71339.02350366407
532,94315.33198527701
28380,124317.06240191453
82188,302215.8967068633
20422,197370.80510909218
79697,241688.0074907901
18084,73756.23213410453
16476,193607.73639428118
132494,248995.49870157655
141306,120440.19394406644
129813,40176.61490098846
127800,189955.73383582925
129536,103304.55233765811
69247,90803.0384116459
140525,719924.771442515
63517,70788.85029611143
33237,387159.12630458164
54587,317208.93007305067
131848,71496.75834400118
16267,163282.84845723904
25941,141159.10261285875
28729,123963.66607771828
123385,188966.73801946407
129942,46769.43550467017
79777,626994.5092655648
36092,347567.09787046525
16528,103381.76457137338
13878,87894.78636421108
20080,316268.43295431824
19483,126349.33244567715
39937,190273.4009220948
79505,87031.16265547853
33866,80702.41987369553
51871,78307.36736700156
48880,122127.3218915024
42719,69349.2980069506
65789,76357.33918032444
133369,156015.30939267267
65185,183166.05900245963
6552,120123.97173475995
29898,222771.508279642
32351,60129.121470089725
75914,125116.96358241126
82693,170833.56533604034
39023,348677.53447578783
115489,315225.6456380256
75691,266885.07620499557
21818,242630.31850814816
72359,221129.31249080802
56702,158018.43989150965
118854,198987.02914267173
75394,172649.44175319187
72684,215616.33787572064
127458,326241.74175288726
782,144920.97953990873
75981,261521.09243574628
758,95460.7491068295
130536,104233.56694761946
7092,277728.1398457782
17261,165135.50868062957
32132,180446.77896264213
41760,278255.2305635086
113638,45901.882281354854
2694,220062.44001457238
137885,222862.11333980065
61265,189376.15778887522
12797,358434.58026613854
55025,136534.23906748267
50498,144440.70534889534
16423,109218.14369830152
111519,180939.80909885527
74151,534011.3616400567
55364,112272.14543270569
74574,124867.97192587837
119510,151735.5991925229
60703,177318.51542390216
77474,279872.63089747756
30827,321349.17818901467
39746,134761.4396848356
138229,428075.9673558397
103,102518.44289605727
121819,116901.49319096238
134959,88360.09744862195
62691,107379.26400066358
24222,307665.7822342878
78829,64062.425989578944
136288,112017.14033154753
35469,115604.7682909428
41808,189345.67552052674
80693,204890.62506556974
122059,253674.6361990042
145727,328593.60597136756
6654,96312.70626709601
135356,96414.40799266913
68794,103182.14705613845
41797,214084.3752171145
9587,120767.57445890705
61817,177883.22939866435
73523,143312.8492205885
38324,473342.5338634979
130624,145985.32673192798
79743,47824.6760654116
78913,122796.27088240228
30539,414739.5941429135
33823,74867.19031628239
7530,56397.7604617133
5450,131634.51908949835
115848,67705.52671478064
35897,140512.97363755532
50679,448280.74611115025
4990,127536.43726774227
75704,59445.163848946206
54533,273564.43148920004
76573,736610.2652779338
11484,60987.077603725294
136866,97523.94444190162
25606,143130.55580214172
16813,125581.93057706572
27904,264072.24224273
33426,169895.76182503285
142382,121711.53935914402
12537,198327.72541200658
52308,169255.74375186028
57541,142148.90639901126
36813,93583.14791597491
25860,100232.08427595202
140145,68544.94696242012
20921,151518.99019235847
136907,123284.21731961654
59987,259498.3521600153
40936,212536.78129063812
56447,269108.0466810624
36088,70925.07065550431
14341,129034.92909034621
136641,142390.18765660838
130085,122439.84312267017
145600,154204.12970770922
3314,76317.33186027859
128338,313688.4128239984
139005,113760.00686724164
112459,73328.26177344617
59960,258150.04925518768
82787,120589.3644231351
122039,265452.8409913584
70885,99138.45757671866
23918,91023.93963720254
129191,225539.3704395885
137814,34228.48389017888
124774,98634.29856551856
114882,267377.6706818399
5138,160779.60426187757
28237,123522.89167880478
55104,148115.26020139753
120859,139518.46163791313
125159,175091.52992677788
34975,45856.45331478636
51803,157633.4382396322
5053,306507.78803775914
126668,127275.77749028316
42994,290428.2041442577
61679,146152.61570993956
75149,139034.39129816878
7355,99445.73913260334
14229,75241.14893659906
75059,141915.87826981017
123721,328144.7141083325
143591,254331.98805942072
66146,40833.80744082766
40138,91900.40775898169
111830,122752.16005673661
116191,226748.94454720116
37875,601745.9716517238
28126,345389.5366627919
19376,158290.3856256576
8800,96513.56045676439
1162,180771.40358344576
12129,83947.08166170775
34704,249949.8881484961
121205,115203.60454251055
111783,85918.49572905253
18956,155566.84847906596
119430,287301.08157695207
54018,86632.06525642847
61846,74661.18134468723
66190,81849.1401901225
17682,318720.20805212
132222,130581.00662118936
13562,890966.9616620659
56129,132069.1682109945
140812,174926.2884015335
16318,152038.8938455865
49164,74950.91205518018
42336,187328.9871062934
34438,275449.49653491634
143705,204588.43597883
140726,438261.9817587638
130713,79374.01160816751
143083,139362.6957612427
31847,308572.34433924075
64919,123091.08243681342
58590,129179.00441219224
4873,146067.4112853926
124077,152509.20133356878
29385,113018.5991935975
145560,125137.16590798777
123564,255865.82920793712
9945,119613.75191358315
113886,596797.848628887
16993,192117.88884186526
10351,87422.75215922677
82697,53217.37469433066
24184,238648.19859347522
4971,135765.87201679085
15911,100612.98600549849
53708,141644.22225200734
10697,558157.2584074786
74694,102484.87187116618
72825,189157.27714381416
142737,277141.3701587591
114192,60879.084778543154
79308,232146.89430881763
17296,141694.37683870195
66501,391247.1564669907
27965,108951.13048881182
41487,144400.7652495643
122744,125988.85074704888
16322,141897.64494575394
44218,86814.74557706193
24049,189221.2979332758
38871,139086.76599312402
140351,153330.79007122997
118414,140600.34534017983
10581,56639.55302729165
47094,117604.4459800639
59954,267373.3758043655
680,131385.59037859202
63779,252826.7143740434
6928,74658.53390875454
24818,100209.29025354408
55286,75060.35584282424
63879,113520.33877626655
7494,121155.3132535692
48639,223634.1764678877
147066,109122.47330808922
11416,163741.29189784866
76564,103928.4245498672
41832,93034.63910855282
66661,82395.95589620288
125288,303220.09131924756
124629,76282.96292859495
62472,137629.51397428042
122200,163222.58256076157
12204,533949.88834253
118730,180747.08290950957
48611,93887.77083698154
31328,153810.40645928204
51339,216337.0459162409
14754,219861.40009352867
53918,79918.65419657007
62774,227698.20403480684
3140,412912.0104205209
44636,176877.8098695467
113755,83555.17691375813
24928,47437.61915541688
23376,270020.8211459642
10439,156796.79052176874
13115,69401.17331946843
58844,115407.16537534172
82796,163490.10759658436
132909,361039.59171323443
21617,442727.8146387814
137976,158010.91279252418
1375,141333.29392419255
128511,269533.07064224686
124890,74416.01261167852
28925,179771.0381682533
25019,176873.25484275774
62306,108507.91567212333
51557,253699.61751702585
49401,211422.3479724056
34531,37764.647987003096
39908,148477.9516489026
56970,190186.1742246255
120938,396281.00729180657
15705,130275.68390764881
134697,108171.60506903473
79279,194722.33101198974
110478,115297.4851906909
28652,117865.05465559103
70744,140935.2542728077
126142,216792.0091491325
112092,72206.56459568231
15147,365824.6074339035
62988,243890.53006104773
43908,201841.17946362146
15248,210604.84388459736
15133,165599.14579437868
140644,222539.653755
142904,264564.57929244655
126766,156453.68718220294
59094,69764.99930954339
71551,279142.9117742351
33315,162572.9384329911
81668,205087.26544680673
49736,131370.4524518435
134104,128224.59478244075
43375,140451.3504302371
12234,107811.14585437137
142531,126620.35935976531
129514,79021.69361506021
138826,119521.82342889797
134534,207877.25000965587
133035,150658.64881716718
15695,121737.56007591775
60747,114486.1522100505
32975,334959.49231945985
126010,94763.05325244387
129438,67501.29630953004
37533,314313.55440257554
33686,331594.12885976647
71879,71308.9495816917
112996,109851.69561008608
69477,145499.97959068135
50840,134758.70644698635
75865,67789.21318443556
130432,184478.8814426617
58612,74068.58364249495
43031,174618.1605172074
34798,322191.69948817755
142714,71038.60388513662
137611,181697.52276853521
39650,84783.7795038327
18387,136664.47518727864
123307,170516.98382550056
116228,665603.0241626606
40654,228488.64571323196
146067,108520.44125064678
45503,166933.46927321985
71699,403360.1017213477
130513,143069.9058424426
141482,239272.87785085727
45446,319099.6028688712
7654,179627.17466995883
37696,281269.7963177668
20565,69069.89828982222
4234,204059.69324464057
62711,170285.75977924274
19710,145847.52673850788
70217,206298.61535417312
54122,384628.5091288816
48599,75175.9463728481
22700,268376.1890193049
139923,61495.04507280832
123514,144905.14996404143
18352,234514.34239033482
124765,55166.92746178117
71272,227344.33860222125
28735,87239.31315564716
24037,185961.00012593696
147006,89999.61663006821
118421,393268.5922165761
49610,201910.41446935618
78413,127624.5008730756
26003,423281.1025041199
19468,127390.16643991764
15937,104381.04147971478
127646,535581.7776875456
77561,30828.1010532226
120213,234637.35908481508
41081,70005.32200740931
4287,201121.86087388464
15562,255647.6492986607
146457,355044.446249836
133200,158246.23735874685
9014,279799.1362052995
50986,68677.214059023
80132,231427.7165200843
81316,184755.8820653648
118826,88996.89396871925
79324,137070.41060258786
111986,275067.7944879533
132824,123813.81096305778
5978,135802.52541430035
32359,141687.42976067236
20919,72833.50527926348
10729,126402.0736903832
57483,88823.53936442074
70528,87117.17563412993
14132,185494.347294054
41701,223385.56039530347
8258,349300.901817301
40033,160590.33242911016
5398,90969.33985024554
69783,45479.34570182627
45854,240549.00510897953
61644,156013.5935133305
55471,383762.83860524127
13125,117281.96342607125
76046,318114.58454204194
23367,129631.91486346434
17779,98393.29858714434
127772,135768.96055307984
81215,150142.7299423132
11486,50652.2518054313
46718,102378.01342538239
47835,204412.22963652125
79586,148441.81551224325
117461,103046.09018206266
34185,120108.46747256903
46518,221145.51452558348
131257,367521.19085898274
26348,669689.6719140952
43280,270289.32430801797
35024,420155.3780047248
14633,403684.6395046621
33416,576282.9714159837
45370,234800.25011156258
136317,91054.25630521265
125491,58039.13151240331
6708,89010.17208529003
20519,116401.17982535093
64452,282078.4656483244
67473,343863.25841618865
59785,221286.19001246948
740,283236.73000493034
145050,152775.2444598677
112625,372073.2002465264
49599,102317.38109467135
1001,126878.22347850227
69680,119274.85499272263
128396,110637.72917284316
123044,151120.77572136789
9738,97826.81809110125
81155,271779.4742133261
146407,241908.6219660361
30777,427385.3358583499
81358,59263.11353560336
18449,79532.07276371162
118111,388560.7320273856
10400,236209.29457567536
54728,64423.90322291856
129493,281792.46073187597
137049,107120.85193331016
133698,131991.09517288933
147054,212906.9429757233
68638,153079.2485502328
129320,211643.25212734594
55450,78611.9363418764
30838,145709.30371113488
17642,93666.21513871363
78798,103751.1318989539
14952,82154.56768148937
57222,155481.46136972302
48617,287467.1131673431
20229,261062.90219924552
23001,489619.854229157
18391,104386.60652979015
47046,163027.97776285754
21916,146933.6161463254
81114,120977.13409521073
5286,69493.38793817676
1279,273097.0785552231
129636,291046.79013619525
16035,392717.23087623867
62238,365014.6923431001
43889,609495.2723091481
9991,162150.7915013033
63354,252040.44869311148
116420,200817.57690886187
128229,356190.30250729545
79659,207701.22522202745
80309,112787.03481403034
140557,134460.60373130627
146609,98235.14200771705
124803,396632.7442782698
8845,236352.8934268482
126508,105901.290582174
59634,301917.3098879468
82036,96031.66368751881
388,295605.8370295166
131960,324208.6686849531
138754,109507.21938257648
17171,261253.96112825215
134661,141313.27324575276
16130,398283.35856889794
125631,100527.41949835498
20304,90281.90736652713
123413,213246.7393142287
130591,319055.66550961393
72160,86615.18330925805
42084,126035.44185068875
32935,171293.8870917952
143258,116099.53947968707
52668,82628.86892529983
27728,78806.25991913117
63537,79750.74462516088
11018,146614.47714462742
132037,70179.63333663737
39029,335263.32432809327
71511,59764.666023801154
63215,179738.2474156507
29567,119972.98348059434
118144,314434.12944041705
110793,177591.46672112436
63003,252003.4399282518
54552,199128.61841804459
65483,119036.68634594773
132251,354084.8265394744
121245,145411.03416279564
77115,84446.05501127733
56682,126039.12595107783
5030,212727.87912291673
81712,346550.0864274576
20692,119099.34121146548
66703,100137.77193494109
50782,132116.3658755602
26182,154623.63508396928
25173,720469.4323052661
57155,149355.86077698908
67226,123676.80573530644
39419,79861.62544576077
50505,168594.34268145918
13916,241094.01628327538
113026,291202.59500408673
13451,144209.39819533273
11000,145218.0756635699
125575,154275.62731237998
71781,217040.55060711573
121829,127182.5491927987
21463,93518.504333838
134690,245040.9166470857
38477,72079.25019692423
58237,149679.62548311072
133146,544917.3492396997
114093,145416.94987397187
12069,196354.61871583993
124705,193159.53887650924
13970,79801.52819641288
20440,246642.42368487723
31493,77162.80117767709
2765,591675.976043277
145076,97622.19112542276
5218,203791.7260495103
80482,113779.7136218975
118306,212930.7801409449
20632,190509.3568862683
34977,138850.596642385
43646,83589.88268981205
3976,334329.4280889548
20287,85750.37472596296
32767,175244.72608774024
77951,531223.5883562135
122248,150790.56418067432
113372,76782.6836957018
74614,75288.65724990652
37459,182208.08540578134
136149,163604.78661133954
123229,289305.79510330094
76262,70781.33149075016
121801,187131.4832943392
2624,366970.18999803514
14277,108656.67138014994
40396,219591.95425452912
3971,342756.1690762543
65010,136816.157408716
117602,256374.7664639149
60876,269804.055997591
127073,66859.57339979001
28549,185675.80617204664
70196,225179.23258925643
113655,190800.30149240553
74073,155419.0533432557
137532,161434.3293758621
68017,161655.6742033097
70241,120370.25437229729
2834,104253.69017459141
58352,120144.49180691395
82031,185316.73740030554
404,602843.7867865673
17478,171470.59445486288
17217,260602.89425719413
126920,67122.70574463528
26608,207002.5458374967
46498,140892.66495564248
127630,133772.69262251776
39688,126733.23329584533
54354,145449.20689455513
6402,165797.21154546805
63964,258060.00466779486
16475,418177.4843984014
19289,280888.9756773821
9620,123099.55313773939
131917,118400.48254127096
117712,207253.6542096782
71017,81035.92250146176
124501,90670.32894430342
47566,160714.75466610832
30125,118391.18173393533
43692,199153.2672973441
128510,284277.47326373763
66132,85388.15190589493
11551,31822.071669286255
124048,95607.57150585578
118099,166686.75597211465
4012,89115.32634523051
81771,192369.43211295703
40859,147697.03320080973
73862,146695.15436476347
46637,353500.2392137117
28920,110231.94287549169
65321,121932.4109761749
15989,143202.34072166384
127786,288247.0818908365
33801,88471.1440281505
136262,72446.08488971132
32613,168815.33018105477
57720,140012.88553948732
79790,39816.80026561906
62599,173576.0775852469
137855,409589.05747215444
3190,460858.7110696352
30760,181963.64289278447
64933,139458.74943963817
52613,141656.76940941057
122784,119959.79438592866
144855,188006.14455814275
112858,124242.20446268225
20320,82143.63595066167
1508,657932.1509670274
47177,118687.69230949953
137774,112039.80726333712
64998,312076.6669975214
41474,158838.4744762316
124632,169389.0891811314
59278,110832.66663023297
122060,665568.6190639191
47191,209979.4446075437
79378,268203.1573465993
71747,142622.40987955043
140382,95273.88605445904
31887,73790.56646530068
51588,166097.7854059917
141113,181527.6210977997
142802,88087.01389292256
36678,203873.2014821934
1296,116928.85229799416
132275,134545.08097112578
61714,156678.84439291526
141954,225268.8078888746
49601,228263.21569961595
25782,74132.1821757824
13358,98906.73527256527
27323,148053.43291732582
137094,74660.99470350794
43871,180904.5784840448
143488,205164.39693342434
80969,106606.03741470382
29418,195957.17755635205
69160,123786.10439456697
41117,173791.5557555357
49636,256671.2099083796
12952,517970.5571121204
127215,130607.3276142813
65291,99029.66398575745
143860,126065.98950461384
38948,173785.95619872617
51125,217781.6276883901
63552,184695.3102800579
115956,60893.08511889991
115219,86646.4376595773
110665,50101.30538772417
78650,142872.6995116267
62730,98715.82969612908
65357,123415.61123970887
40560,130721.02445456092
144233,287008.6344676382
125749,191027.7107049423
9376,279601.78632026486
38118,368859.3916563781
14374,138199.7893756047
8135,251679.5629342053
34850,194423.20205539707
122692,103826.4873282124
57512,108163.82831032207
52977,235417.0240699059
15888,203140.98582053027
127540,133629.66872347475
63317,164463.43528423356
73488,321315.7441471276
45179,120708.77159096059
59044,154083.8902804062
20052,98646.82949845163
79108,148792.90993199707
139889,166800.87934897438
61935,106434.93105598402
133696,244411.9693057369
46614,199343.79756853252
8273,113900.16918234131
9364,110323.10631771291
118954,161174.25894191727
63848,371987.93526915583
146794,121454.85982217506
123848,193623.87153343714
378,132914.62952608513
116796,54936.67818130474
3174,298678.6368799482
127691,382890.02410401346
52971,119988.16419408222
44687,210737.637114226
22419,108170.93063100499
81685,90828.14164455634
7376,179672.23013823805
142345,102330.88850185038
41421,211410.70427856885
136304,128406.2250699939
66177,75888.29611453836
59423,173984.33654258455
73005,109827.47408657619
145329,56977.77680557067
10401,233985.16197337332
17030,278229.71102688543
19412,99815.35406776998
43125,82792.48542361753
122117,52470.86371206741
146162,313351.2390670354
64787,416470.02483984927
76689,98587.3807030874
137854,137471.48854258293
76180,173023.5955468486
62194,165669.9613588823
131555,127527.998118209
38446,316562.41074715694
9998,115524.95972991074
46556,101087.13737167456
40417,252294.31013484637
5256,175535.99406300107
113970,93911.79767952219
80515,76658.01806279932
7527,126342.28837261377
132387,548917.4257436782
8108,196698.93198156013
65286,156995.84233632163
67114,185559.26933363505
41613,487568.15602208755
136230,358927.36300779413
75727,113261.28197821812
32795,98330.993914482
143554,59978.75827368201
130891,93503.46875816707
76134,77552.02618341689
42449,87795.02905365796
54445,229005.74485867086
10589,140637.1036690054
145695,160176.7540482959
41360,150665.58828271006
113365,189313.0791687946
62151,178517.56703964554
24226,210423.6002428165
38811,338101.25165637594
68101,506681.72972002527
82500,151140.0974550246
18556,88264.61199246072
122873,123386.14613634863
118457,149148.01608935156
39020,115527.34174282005
125712,141150.4632230679
136512,230663.33709155925
69772,141174.5089367473
128634,269803.30036266864
139395,173513.05604677307
141184,176069.566851232
65415,120535.15275638606
140532,159844.3929078058
141738,169056.1987873989
142811,147373.69151843357
68392,142632.62745886794
12611,334075.2406743176
30439,142484.48093481507
6652,62154.582680968015
63559,184412.94362937615
133197,128422.26132826493
128914,80404.66787381696
145892,137074.47904919847
14960,348264.70272162306
4942,178546.7417256602
30873,141170.0492641746
29752,119468.05034416614
3822,418852.12204918626
27446,205845.9657799627
121512,626483.0152634237
53924,114479.67754949057
67126,56594.26862219254
10974,171400.03864156088
128906,192009.301663278
57585,98256.06851924874
65824,366701.1860723795
19576,189530.76599670688
65616,180364.42313784032
14149,228137.57115408184
22256,71261.47320893535
51881,220455.28348052787
78822,59964.997929965146
64970,181754.28210301508
34149,183477.89468064482
128123,40348.95857154841
27597,168955.4477055723
68588,245007.94547341086
22377,178285.32299133175
116594,172288.07732882848
64003,49027.15816082632
332,100805.67455199991
56011,62509.28919497429
47302,107090.8588715086
66409,232877.11109757063
8801,230956.90446619852
121515,196078.7111588288
144628,148682.11954652247
146462,105347.60336326418
138118,102491.74192351784
136744,130097.34483066159
11867,56045.341662152685
115374,378153.98173681134
7840,104189.24198547784
115064,106563.75033306475
68986,353633.3553104292
139095,156210.5816243007
4280,203721.30655718432
64316,170259.47275807514
76067,315312.3169999637
49,332050.73321040504
81311,235266.73767318192
57458,89560.86459520929
129718,166394.30827711767
14631,363810.0119894058
132158,167468.23604680414
41426,132033.31849558582
71829,60988.00571627301
52564,208678.4637336968
123089,173960.7572428906
52228,51217.023214126835
121026,181700.35480516544
57467,102808.4741836112
73317,178275.33880293995
17998,184256.01193546964
62410,148220.98655490254
119338,66437.50445071916
61080,112451.67205045937
57598,147192.74153598372
42833,364026.2520837925
83095,94388.81642351083
74709,170056.20442101822
131855,301113.0781326315
20584,198781.23678009963
11556,55346.91738374495
50655,142612.56357468167
19154,84696.71615539496
111468,325028.2501011938
130943,51156.15275680434
68040,143997.1187720328
37889,180422.61631979805
41774,454137.29626188724
132316,97982.8683436226
74811,29517.93033643759
23926,78756.79392487295
135452,115552.1127766005
73402,88692.16002311444
79093,90604.91857362704
24638,149429.72554311244
48030,134014.77515192993
42838,113326.186288144
111486,228812.250496478
65836,134364.02045978198
19292,184923.28796707586
44167,272376.21994706645
65770,356213.3172098598
131610,190065.20725811378
53705,129097.51764856602
142938,213730.79665391223
53629,114491.30804615974
38376,179015.57926622313
144724,81387.01540357403
111403,150745.0448616494
50232,76564.7668156501
77087,314189.94632729003
13405,314455.1261093487
12697,115098.96714376842
127184,239360.5572490115
123550,109678.07104353746
69721,47114.47949980857
77645,131950.55272246498
15294,127405.8978160616
25934,84226.2006713222
113279,108877.31909212016
144004,117151.79683916538
19997,733899.4591108047
53566,223230.66355565487
110302,187581.45795319718
146859,172497.64586402517
67781,87738.36995815033
5987,117000.35512593298
16379,260459.89294901275
117687,503154.4058680722
133363,204389.3906989653
133405,295120.76148016163
75101,81669.50539148794
31093,237032.3199517053
48979,59616.566888562
44784,90284.95754352593
137962,168435.796457684
81538,88269.15911521787
115175,117518.58366121491
111324,333355.2935724057
45685,64118.687619055025
1444,82292.50237166995
31615,141635.05513495283
36061,255748.52748610266
43025,230282.17193086556
128088,120150.7110068401
113880,78223.16585499204
48263,150644.6826287589
54094,210384.45240339314
118249,280047.5629091534
110496,146405.5114058459
11332,93074.98475060544
48274,127769.41023260968
141882,121809.96390519409
20956,241258.67960228727
18974,299460.8926078301
20455,206664.28662611952
125567,138645.85238020023
13954,836461.0428052269
20699,272287.3108929018
36169,270247.3759984321
27881,197576.27816281485
31069,109939.7558470405
137425,201529.02464873882
46159,265434.58487952536
281,175884.47510604194
32609,103909.60059922891
116208,102275.86455874721
66185,470957.4032553588
129698,197137.53970456013
15450,212486.10146283763
61473,153951.8909033349
117571,135761.22134936845
44056,214169.56081926188
120937,246750.921344652
51296,393420.12346510636
138755,135532.60037646382
16359,202100.2930414856
47436,256903.9743834257
120480,70085.95037854127
43365,205749.44194238287
6117,90008.28688041249
79803,338888.44649540284
8764,266486.2646418073
18853,138033.04866594565
145705,540228.3857230907
36699,110423.15707570831
39271,198809.05784723724
19072,84663.43521723084
143748,194942.98263337676
12785,127754.32812781617
35352,163059.0277270499
43471,132444.8464947106
14594,81493.71272051547
137356,149354.47667210398
30796,380212.4059121315
66348,206881.5757912734
54598,73975.2644827571
113803,205580.82763015042
78855,304743.41607306636
79582,141227.37409738707
132143,127229.28541134323
40913,196471.572878465
138615,149632.60233456705
129907,139989.0873757983
127216,178554.81302837198
81998,241166.56905271826
12973,262098.73568542718
27795,96106.98884428618
16759,172104.94901728252
8220,171676.04041299224
133280,432246.09689786215
117986,64326.86319556142
28454,93891.29774891294
46192,145642.19278073
123539,264273.1294620581
132261,219779.3336547562
17738,202505.278559578
54968,246183.6856397558
127276,281050.9765068841
1324,181426.03166296033
116844,139163.09160592302
144993,476581.56221205165
58147,194680.11202987804
5773,120373.90614997876
82146,111952.77133416143
143164,97878.06642719578
64420,107431.9847720948
47517,98135.60556096259
127396,256394.2564792203
19397,106491.22959831395
58371,654709.6190104838
114396,143513.25315053493
16516,105525.17537255806
28596,305939.19104226114
118122,275027.16557972576
136920,267842.439732101
2572,166978.47396858598
8081,212094.96907559427
5328,422539.8105387441
75043,104495.77108421527
139264,55287.338973285296
31432,501338.1007105672
77238,116850.49129541358
81886,179507.4551456325
142335,135233.02714048373
61633,170040.8634973455
44891,109252.05480646725
78945,173546.9317861306
78183,149068.31954159154
113235,418782.30524591584
24601,178038.82100994923
123607,107527.426231106
77937,215016.84459709795
47858,249725.5236740716
62768,302128.5831647143
113958,517545.65237955935
58579,185202.66239435162
13830,157606.6521132617
17408,159023.91113758934
1806,119331.18276549064
22984,277332.1445050397
126190,515106.04914602905
46077,111570.7743722811
118458,38243.201551385326
116370,58303.41342889883
129713,171288.1434760986
124911,180316.0366716849
23253,220973.61390044884
44214,90308.77475245764
53516,120032.88307131625
20696,90732.79981442049
126688,81941.46204767734
139328,335548.0527060956
38059,219501.20408685703
12475,64053.98592604883
23205,164726.5050047844
80477,68828.20335061365
17011,107463.73971253315
56259,446801.24456801824
63596,394168.16627621255
71030,131267.4264754095
118174,123515.31588946236
121591,296605.2437386835
23099,79635.63873071154
130612,225061.97070097714
70957,224056.5330720669
39673,268058.588662601
20509,227331.9350926507
66571,263551.59634923254
59291,143788.87343751764
56159,310324.54508121614
7335,255473.0921713539
32883,109792.11710965635
140237,45412.416595932205
27244,223548.96515943028
28277,83179.89198788999
40112,78002.78580097354
36659,276870.4840898658
136373,104884.72095912669
64999,147886.24804903942
140207,120428.36715783656
36109,238239.45006827964
27251,81575.01866558312
120007,58705.31247543992
39794,413494.6172334107
74783,125315.95658034422
3185,371345.1851337139
123661,176448.42833612591
63180,387988.8531267934
23363,73426.07839585179
20010,251050.14406403498
127218,194512.59160318546
45537,186549.54842127187
130487,86327.72571049845
8265,104718.63162520977
110539,84752.04373653365
78734,154388.13471883666
81082,111775.40229702153
138404,140087.51037831284
49483,682493.0612363203
33885,80274.60764323553
114479,224435.22216210596
68579,180701.3958010658
21730,160759.2591934082
27867,124186.71650791593
23398,252219.9090261118
43071,142198.58024122284
1852,78212.27489685496
131937,150951.03772689326
110841,211933.12794238213
130842,162241.40974408478
135948,199676.68116200654
112472,240816.69105672193
12673,253800.7407443219
16833,259273.04598839092
138290,221361.06992852874
58280,111792.18809933559
37470,198439.6466307457
39566,64368.09053517477
70043,108574.80169396795
68565,85578.61377716411
125782,484874.13370177714
128698,144139.17369869593
70320,150114.67441215558
49285,169997.72704002843
26678,256505.62977989676
1018,92429.7875758416
9444,280852.66371283546
138100,249060.29143641348
41651,164882.16954495345
65124,195743.70571109618
124,126001.48596946719
83017,312209.3389500946
16331,248244.5370899015
38929,357967.03185458184
140439,249894.2692837139
55458,318265.9563355443
67563,185164.65856210396
16167,102352.80871647704
120569,470158.11660305347
27727,185441.99546731578
54037,259340.12833828837
83048,280845.10636856133
7381,128493.11190372708
45538,176792.55464994416
139994,39773.37735741894
26179,319761.9905710428
38755,300143.0058631204
137486,129597.17203217724
140403,128193.76299874973
71302,209327.5362409955
25447,122782.43845587136
75336,151078.6311051558
128111,293364.2145666471
146304,272834.18115945795
65627,247933.51887320675
80796,100486.71689860804
73766,89246.39792453237
63128,140146.3560123297
37724,190298.73430247122
63403,77085.57248262728
113819,143855.58004906602
133844,99749.36809451309
894,74451.42033102005
114766,77871.44277291413
23366,168503.3594384298
6067,293624.832759397
36053,114276.11908794244
41290,135094.07265968222
11083,171671.06943720486
44175,146344.5559678474
124474,110760.5725633144
3642,148504.97837950254
116551,111105.52166845996
128694,210562.37714276282
19671,96722.26191828417
3857,214963.9685645083
134465,188614.07854030194
72671,120029.35750044064
8698,170446.43502472964
997,178804.21512649886
72963,155044.0733047146
21944,509014.20187551086
41211,271080.5094366005
10154,123849.10749633436
144185,97980.93369520784
17084,146812.60266281263
57755,170511.3178203237
60949,87284.33060434462
146293,255816.05050646194
19044,537595.2586981055
62024,135123.67872068746
56557,132433.5356520432
7129,102016.51419870388
121196,82146.80094913587
74433,72750.31132375158
81208,84390.43615700048
119421,215672.13480528852
6622,36908.14476685179
20027,91622.07567257778
140481,245686.2656631524
26177,359101.86278774997
53279,245573.56680519832
11999,84055.26348681847
146050,316450.9841029457
124527,139143.72265564807
16865,102785.05741017607
37011,244876.99890008138
77961,91617.90819196033
135140,199269.85938475028
43539,82167.13507224942
25677,190079.83576885657
72275,130169.32402718213
42271,131502.78243331704
130226,729464.3474498577
2132,111280.03727432268
141574,184599.5524575964
132885,31335.188434467862
38084,48461.029281657924
44792,191015.33652807158
64847,128791.00171191705
125099,52282.0503431968
55178,93733.37664206009
126600,87623.34348184182
23152,446390.3537938568
31826,220281.0760819472
123368,108201.27022745121
145199,193447.85506694723
18157,98653.41444226007
292,143484.15551986714
123141,70511.85518887237
134992,131126.66505877743
111891,147892.48871831904
13165,117263.85421195811
143142,62598.15752842578
121316,223786.3777087977
65395,234089.80780458308
12872,151778.31901861186
69133,193616.46607833126
81035,213487.12531925784
130351,200909.8071430779
52973,167941.22738817436
112059,72884.46932384488
116983,258241.27175301223
116249,215543.09967085984
49099,136345.86252786347
130272,240855.0247484122
66520,88922.72270241685
33660,196696.63507224066
9627,294191.2643335096
9797,412665.40622662334
139773,147217.30491832367
75450,215833.53729873558
15491,91457.1968410601
47656,256517.7517416824
145854,55979.24662791358
79714,87671.76382986535
17294,202477.18522736168
62834,306602.82227485324
13079,119863.5319846482
48254,123567.34669610977
75630,48877.787538185
140869,215757.0921938171
12598,170535.6355413748
137542,153697.926574311
122765,132112.71946346978
118970,349955.91899318714
30018,142006.13167057015
112169,90551.8276560224
131371,48093.97227284146
50371,74678.33759781491
136320,166304.14627052244
48323,63267.10591898568
21340,111873.7160538953
142724,73380.4301839128
54578,305869.4411006613
43047,251842.13314873347
46431,136064.22295941506
8638,127178.08180692505
118878,195404.0159817488
48866,187934.0521173896
12496,431495.8787210702
135177,130673.79622276427
13800,112258.67739878538
9815,396333.7042681513
63858,122425.79676879029
60636,49455.772659645016
49538,215131.57837866808
5990,108980.74013386207
131507,139574.13362872688
121558,89746.87665382888
54027,89310.62047125399
42509,89054.25649375335
81738,116987.85704981921
27324,206215.56643938614
139215,121897.60591678906
518,158280.83535818994
20656,137998.4896007409
60069,120003.10020211808
2014,210342.27030076465
60910,78695.3743852707
16927,79197.44083207808
48438,74269.16112816521
140820,326172.6818216337
131482,232323.00286056666
74480,81761.46842850876
78115,136946.24623339524
15165,207382.85991972018
53344,159097.49002437072
51427,80410.69613611004
35217,136398.28045611817
137002,250887.66361894875
15624,135174.64239928382
65465,191634.12325376552
77842,243897.91977839425
16853,245146.7783120353
115875,171482.45212547467
120498,102427.32696541083
113762,229781.9840475181
146075,358311.7333769469
56705,193372.30924202086
21940,485506.4744240918
110745,198923.52732304117
140218,62765.20906989809
130376,220093.53810186544
45271,414875.02499873674
72531,83398.88114187674
14563,336492.6886028839
44611,128649.88667897045
74928,71659.36819038744
59955,104391.45297557973
142404,182053.51521586234
130968,256906.16168388719
74344,121289.90673916809
63776,205154.39234262286
52479,139976.62615217743
29562,121637.78679743808
79361,101728.95619067983
81265,131945.4939738873
119588,145553.107324295
16203,374730.96331443574
62861,151531.54008768118
64100,102835.76039233519
36254,149163.91007827577
2118,87966.26547955551
21985,113396.93984442827
16869,167576.73395242527
60588,91938.79539265027
139832,282500.1690757048
72543,111883.12332906875
58670,230236.53300873347
49668,197440.890967571
8900,63405.5212008036
48616,199641.41885373832
35871,118330.13759201026
141331,240516.94397624827
125775,159202.65008048073
19789,172804.42924865548
34281,302674.50519772305
114805,191885.34732516424
26552,387664.38296530815
32643,56735.079591583126
82609,106953.32913810236
35968,173859.0650482411
145333,126442.84859232964
48624,165741.89218239603
134887,65182.2226283842
118664,134604.20933727574
15363,43384.14299552325
110276,406546.2427230107
20428,162341.8328029922
9506,223072.80328767473
24007,189150.3362825487
142530,241478.43886972987
51923,176992.1539599861
48610,156614.7245798203
113986,131473.86940832715
35930,160519.1028935424
111899,138028.82534898672
127972,174330.3166455035
24813,88947.02098016319
80442,78783.97004851342
5239,176841.44188533508
119250,104671.25544054626
64796,187230.02648830708
66832,69149.34396865571
113695,64623.03790352619
80007,120643.90558911834
83205,64135.84066677162
139859,114932.41269435367
24953,164648.74020281993
48479,216963.65080564987
17719,117361.454459136
64512,194670.3643406692
126778,94255.23306561823
131868,267841.26708155515
13532,530224.140538655
117596,100597.48711887238
51818,228976.60021661126
116726,101129.37652511937
54893,163835.75193080254
72769,367301.1180896722
137122,41876.212500945876
73896,91282.22824420469
6651,50131.60313000505
19869,309076.30229075294
547,198740.1673426702
39196,123156.07541690822
33529,100572.69911884495
140315,433119.6893290905
35895,123512.71469413422
15158,188225.53756148616
137788,274382.9187354884
48406,90958.14426625737
34648,163953.30815080513
136287,144445.01210876353
126718,209429.94649378222
116190,315799.409695477
76215,253161.36415745429
24180,89364.84756501517
126195,231941.70356420134
40784,460728.5511936698
8006,72855.53231325153
138917,221386.97673400654
37481,332478.5475806911
19097,120642.11406301508
38442,319819.03745877417
13836,67795.34814995472
53634,118215.25481610585
51262,90170.53882077137
132698,244180.91633036535
146727,76373.61177797924
136980,410076.15394906944
40562,182855.2711282876
145842,101831.71961923002
48068,252604.81793535053
73623,123765.27043996743
113037,360905.08892805927
33971,242323.52916533002
13854,182619.95087163014
42030,235507.67553323047
64381,124467.47191021708
121910,195058.81185791903
16675,75143.29687188411
30340,158507.6012920844
953,178627.44240977304
34392,92149.47682965861
16497,149110.722087185
2531,508463.4974125023
49133,463721.5321756946
4498,129753.97478596175
43818,178046.95208761544
66810,240946.10867599671
71427,534970.0724683086
45554,238306.9768526968
42991,95143.64079716515
58943,164098.36658269257
64189,111949.78200142973
73726,143443.27624599254
40800,209567.3839099605
32866,190101.21256684297
54115,49648.657730125284
43520,178683.15047267088
138392,129779.82510252853
32215,77623.94907847837
7298,46901.58207814864
389,90850.95083279465
34902,160406.64108827576
144968,189835.99597823722
43113,100557.21682506854
7833,130002.91437246636
79880,170236.93825887112
15555,173215.82268290117
32920,290020.30602035054
32167,128549.32479106117
32034,160084.2859188078
71370,79217.11741383714
72014,55243.49633061711
80806,204532.11565326
129848,103724.526068712
133521,450762.68728469557
70205,171713.05390760317
44012,266825.7346112181
45690,78278.56887811044
20736,50927.409599790524
25802,169881.92049382735
143010,340856.6536802013
32017,155821.56010725137
23954,210570.87864501963
16708,78357.84228635379
62823,94146.16359245176
82314,340905.4645918553
134221,220832.05507202988
140508,176821.33704119068
12662,457619.3443898306
126809,188599.25056753808
60560,275844.8202330546
79591,259179.87262260297
67952,196439.76596254116
111375,77335.67270176859
140654,278639.14469501376
120033,259195.63786289832
21074,89667.1286281892
77999,220814.34264693735
23795,375745.82067768474
29472,61305.16477098958
73992,103707.94504196962
30095,229364.3925468719
125306,86706.59329175527
67337,330770.02615165414
6128,165324.015932533
76066,60599.709070904464
20246,98383.99811872777
70252,294874.5350152561
68783,112896.2507551937
136760,61482.41263784602
32986,48596.82450010594
7845,294053.6235293494
29823,64220.439510654935
145190,355762.3990311398
27,197364.2536126348
28993,159590.11119169698
119814,167164.3134112346
145568,181279.25844984464
56376,377190.6880326944
77851,165280.43909840786
134078,180435.14385513746
136322,102913.55332000196
133889,87805.8782552084
25409,208010.51701087633
135801,155566.54174726375
43858,220817.47376943525
125766,79730.69134318858
44225,349181.6011714052
25130,155728.85846069056
120863,175287.93004784817
57463,133859.19859331378
18831,171974.44537573348
46985,142060.4460425175
137500,79305.93599895688
146329,396194.22992507723
61098,77233.56098779768
62190,173133.41179304806
114506,299179.0645812397
112387,115044.41820709122
35254,318519.8358168043
38901,164221.74329436658
56060,158342.37722444607
15872,348479.12269742973
19658,121762.22284994434
18940,331997.4333351128
6268,129281.96101384844
118330,107793.5653494283
139797,231605.99347318002
35390,139287.54643459342
137527,204381.95942002212
39233,104867.51825416424
16787,108683.87859355191
82231,84971.93081819889
136924,232258.0582086803
115221,244274.79889593014
138053,159567.1350991838
53665,238815.13934785727
36229,128275.5236361076
42576,200129.3984292731
142272,240924.55575983773
60467,141626.19448834
27903,209724.60809772366
43832,507275.49565747194
81342,105428.5644613336
142453,380572.64453413314
144538,149329.54019745963
79930,222739.23499363827
140976,346440.23012320034
77986,191899.16515850887
27136,124512.31011039784
58045,79467.3038009904
78444,145777.48444761787
21725,135871.6548663548
21068,75463.83851640607
60370,140386.07233298817
50605,497653.98656246817
136256,128067.00626359167
115439,101079.74779284313
16272,191254.89150009514
75434,435315.6626483896
130074,132276.89199828534
60483,463703.88165177853
17529,319587.773926945
67795,147830.45593474113
7370,168623.7371579522
139477,134586.03483458207
77157,220061.23909814045
121727,162302.42415286752
37324,226541.89260630167
11609,74657.61316586962
60431,212613.18678270603
33721,100954.54820541618
130824,88353.41153685431
2940,327540.7078674263
63907,168284.65739481687
130281,101197.22570120741
64007,119795.12842666166
48743,203175.62391049985
67472,160836.14259783123
34291,63561.85732719216
113244,99597.10703109243
74176,127554.12933451508
126309,249074.00431057444
23644,122779.4666231295
21129,266688.8772635525
119188,203981.98385932756
66588,146342.85981034063
70393,224246.31312748767
56096,466340.3388893925
144343,159831.60312883748
43293,627398.4239650444
20682,163760.56163835063
136084,101238.25615332661
81917,229133.61277637197
66351,182691.5895532636
132047,91778.68806364355
6879,66686.82243496423
17946,156750.2604367484
138931,104636.44166836387
117043,236146.1771025496
145303,100397.73041596601
110604,230362.99258387758
78516,125616.8941008381
146312,557264.7375865645
47537,76888.62001803058
12209,91516.72415119948
124862,364352.63391661365
53483,290669.21078663867
55800,531711.6475257209
118227,326999.190239574
146286,237167.5614189775
22103,293652.39819004375
117856,212939.06537321038
61203,161998.56680090807
64790,346542.3408163891
25103,138891.96238160782
20729,491553.5688696656
45085,256573.1833137988
124059,179331.18858872197
28306,378388.6892848058
29861,100080.70857540474
45447,210868.64409302644
57053,100339.73118928129
110576,152144.97474517266
145728,121067.66161958322
137778,178925.91906731058
23334,90329.14544424023
35567,128631.0669575675
65907,137697.12710731965
19033,111805.57520409246
114860,223600.53719771857
136012,236365.7633956686
128944,189044.58216596075
61458,71230.43535688437
29894,367003.1850363166
41473,289729.47818813456
125991,165510.74211827118
41504,278527.4829527808
16443,185625.50010431316
125689,134277.78004184781
41276,254327.83582839655
69861,224555.82371702447
23988,340057.14522447804
8447,334978.69253076904
50031,98236.96481869605
26336,259193.16742311773
145148,351034.0614832437
24854,202652.60567619774
51179,300854.03262000246
135172,61928.71046785991
125110,293218.862146046
114422,144911.46306001596
34547,177467.26282113505
116851,155222.97481473166
66398,142702.3295172982
18168,170177.88713609718
24567,137303.37327050546
28551,153607.64045580855
69273,172441.88054737166
27457,205716.03690409096
12943,289944.0189997044
44483,96254.17725875882
57732,99960.44103071073
27129,175989.84868086956
66813,232793.08598331612
124900,83483.90588534552
120226,271188.1796854675
751,463645.9629528256
40960,170176.98438127912
55633,220859.34618348524
79349,121902.96408972895
30211,129064.6779857142
81885,77983.82577825375
59758,95690.53157052786
55829,106356.11666500597
55082,375287.4768001228
8371,119711.1862157315
45835,292195.16288733867
71885,116894.02485645475
56796,208322.4284717297
139122,116945.91817123907
141376,180624.02040953477
145867,302752.0511847494
119228,171074.2593328284
68941,130690.91828494094
21110,105390.09992407635
133861,102754.40489938443
36198,184258.98972952194
140957,146125.4382139386
24078,181923.2253485506
119121,225665.62475797592
21777,155180.01417838715
114542,187449.165722811
8671,104125.05879664331
131732,40256.636343622115
139972,106508.97298801993
76227,165500.57882124878
62440,134668.56985526974
35698,225040.5449768235
146705,645185.8525772953
8105,401949.74591197737
79402,225573.86960118474
53397,133694.79846560914
1683,231998.39320047724
57564,126065.10781564593
137389,180603.6980041686
122622,120555.98203303645
27066,185091.40690515813
1887,56814.783509789355
140297,129627.67043836939
6715,152385.77569232334
46208,266186.66607739957
10726,225804.07456952473
70481,320919.57753008493
123727,102276.16690123163
120122,86513.19589845734
73736,179261.1168118006
74772,301802.3751186273
44427,144298.8938039268
54065,72908.6010253474
142592,126284.19204586334
13822,353212.6317454393
34597,99935.68303216256
26446,118924.37769632664
677,136719.54579551856
67108,82558.36993937785
30802,162988.77428500567
19948,205821.75348640225
57903,76406.26507230106
144761,122895.67037319683
29613,172732.97332868827
70500,140158.83327226483
57279,160969.26332740096
34265,81191.33928155294
139105,282757.87992610957
57055,129233.0157587667
111858,231776.46771812093
137441,82196.43731613366
23919,119758.95586079906
275,164254.85726825194
25186,80099.29220608927
18201,212635.55431296126
115122,64624.72225949082
56604,189158.16974650836
66740,164749.27556391782
57484,156132.71199068852
67080,700198.1502062484
129378,150226.39425209822
9757,165737.43070219754
44606,103842.07172346744
42989,48118.57209211132
15298,162336.80686729195
18790,129875.35943036067
32780,134008.12722211512
70207,128343.06486580719
45045,84316.44540676093
71466,48436.287812526
78667,49015.736839337726
146133,63992.21274773878
143646,260862.0470957436
25180,135469.63558501226
49256,95438.47704779933
44209,117306.79521328778
130311,275401.87241861207
27547,76653.51269064577
15702,47237.5602966886
134672,178468.70682594745
16024,207976.7536931128
22392,160683.59838459681
3459,398104.3425914413
120841,112571.35155242195
19063,215414.96225980765
44496,105668.14439035105
139292,122162.30768786196
129405,94123.80525219206
62304,164694.43674108677
110939,43441.29906024403
12878,218531.42621915357
44317,137903.3325299082
111031,249541.85192735732
129892,112414.27499858293
18144,142853.27208628523
115636,122093.12688131348
10403,280906.0293684306
55590,472669.8851513092
8607,67350.89913257332
35420,100966.39127756201
39459,110538.2109339784
143669,144232.42563141603
136607,81993.68240361409
112484,101731.74880497484
121509,534902.769586645
139969,148149.07456514705
15176,106661.52674551739
82854,39048.68931599021
3960,123006.71280301621
128329,216380.08279129822
22442,104455.57690013511
36933,236895.79646806535
12183,116208.54741701283
138759,112374.86393033956
33711,113805.73023930048
299,118056.83975298637
142834,266117.2192866784
19175,45813.784391365385
19068,145113.8905744133
146657,286711.6810781263
139041,165411.73374206384
36222,249322.30031636474
57886,190600.6983392123
113423,209516.8172177194
12225,297721.900523224
140759,97425.9650570813
66546,113020.28487362716
48597,227171.93758754857
49503,82684.43447965423
138598,81378.10298608924
63827,209412.49252989326
80094,376697.9337506255
137292,252652.57217048164
22832,111253.68923683093
130314,112351.84953780244
76316,109344.99501381189
68271,141482.67420096754
145530,129218.94115133809
70787,163934.88323066075
81874,134638.84064025932
54296,131980.12494895942
140782,111380.35598068053
16659,388304.8116789351
126293,261913.47430786633
16535,222251.84528306377
20567,133743.79137539904
51251,97277.52024566827
63958,197301.47827836228
136134,116956.59749353054
122294,93156.80718875802
72081,81662.52938956399
47480,281345.84490778064
110711,686606.7366642685
116481,134977.5351942344
73751,356181.4586764148
8326,74195.03264200155
128413,311395.52704802406
5073,302783.1014476293
139713,295794.5560511865
4674,154583.04198969307
13762,239649.06035533448
135099,86667.88685231996
132001,125361.12297943539
9109,137547.383408933
73228,125963.42733543385
138802,206218.79425461177
78010,190318.91943138916
40916,152926.24018929678
65301,82129.33084972424
33526,124047.91473430562
120208,112763.08427892593
112506,73467.36417578241
35883,97689.2109806246
9283,136303.6017200957
32014,178730.39229699346
17398,170861.50496760054
142209,300318.1019641279
141862,248692.42570679134
130906,109952.05450253101
2244,290137.6763239375
131167,198694.66766008805
143042,127036.06852846332
18554,78423.1354320005
13349,177638.8453042343
7242,140194.73671215272
72513,208327.38468813375
46214,229065.47006781568
20202,305101.17228309135
32881,220479.38483939576
5047,228360.3217179507
120711,131905.37992903346
57901,181900.20784921508
136572,538669.2242650711
132847,86877.10380413556
116153,208668.8066446179
33628,110893.39915869109
3437,338441.4139663804
119102,53124.53484564346
41022,164382.92839159622
59984,84172.1457851399
64697,42550.61500195816
38613,152370.64189015704
30795,493317.1834506033
67464,231110.87993769743
52083,164037.1241595091
45287,94680.29884345729
69585,80455.56778286587
34451,160109.5447899815
113184,274369.2442573025
49029,268939.06574751326
74660,297092.0304457452
35473,90917.49379463478
64259,181434.20729564418
41369,412303.2812752844
30136,217949.61815123283
124576,37535.30052139449
57064,85271.596650263
20260,384816.69345661055
76921,131161.5135182004
36776,302462.328611432
62917,89119.06450924638
71826,263593.83827392745
48925,61326.67036697717
5917,116830.51337550214
44365,92779.9670603755
137468,193152.87053487144
134182,140084.38525641378
114456,123184.54914438134
63347,91622.34365117316
47050,41248.32525067217
134878,208355.35644261603
11478,76229.32027593427
58179,109258.74801381188
71692,190447.6298643311
80345,50359.28624059483
14050,153377.55185371017
56848,238998.9433310675
137992,69536.90092486476
132842,176163.50943986015
8304,103997.46507714633
114834,105838.29650376752
35002,275730.24162236945
65819,333079.06856351707
116583,146381.644787819
14241,191539.94058557693
115807,337922.4893862155
30949,59172.007154911335
110988,121155.73718612202
35594,255739.03496542748
123315,156663.98138563154
127148,114960.40149786317
50356,244674.00148299418
48302,82643.90431774902
18215,85685.56651649278
116667,143405.7398525621
112688,609040.4287830825
67510,117168.37512594943
51321,353548.918431171
143553,52001.087124501406
44820,94145.40722982155
138140,227846.64360012327
133776,103580.60714779042
139852,352783.29792829516
133065,165905.63669130957
23873,160322.96890785787
145407,109913.32483402199
129852,112399.13967689169
122133,179927.63208179292
3120,660084.2293277949
38554,319074.50296863716
2173,471007.4906875553
145628,143689.25740919678
121813,196432.1859817488
4524,91002.39426907827
32420,103481.81648558083
121516,59580.86705459345
137284,225804.8410844287
54874,135049.5615709609
75124,79419.39556634508
16489,143185.59932011605
13506,130574.88613351903
6424,274721.024158921
75782,146614.9586730373
73482,307334.9879334379
27548,156873.481341163
33066,191902.43285913966
124170,123894.42699838613
46584,295949.91302950506
137524,149587.28659455516
111221,53943.87580876115
48573,136347.69405486312
2644,369482.01516180194
126883,81724.38245225717
66785,87124.47469959628
20471,145087.1765492752
130097,143257.6392153415
82363,107289.38594300761
45535,190080.0591279277
41910,180146.89083309541
76850,45300.5982876313
14225,118527.47397038378
65769,461066.572155599
19972,173923.5325467276
124223,35405.57600987761
64074,146774.7200740744
126067,294865.6254338384
133998,110933.41460882899
144915,240068.0994460699
68768,134566.36236133517
54124,194624.6521581831
66729,100630.44102506853
146806,370008.1119403393
39130,159074.7923276336
36228,67638.2518505219
112905,239035.05047389405
22826,582671.1792209418
73761,106384.79319438548
29226,80304.33555665692
127088,46547.900395598226
130289,165593.56359664956
146342,91662.0073468723
82049,225563.65074152988
113646,162404.078996663
125345,195447.79601420191
129731,151415.84495975624
8202,115303.12477655313
114280,98790.1648349321
13712,267234.6051301167
17992,177216.59394144715
16083,204077.89803212904
28424,360213.8307652641
138889,243688.00435489265
35956,183723.06396828944
131459,107641.78210122342
133042,365636.3956184437
132358,72361.20426746439
79022,56165.097433043135
9103,250301.2997490278
50822,556213.3089961396
144524,179418.41148991766
23275,98304.38517384142
55424,208159.15777377793
35402,129280.60897550342
123489,187253.74291512207
114679,136176.4954823214
136635,121578.38714874555
3146,147166.62648068074
714,140564.00709754028
11969,43799.596837447345
130637,144333.07956185343
68395,73630.61787409971
1225,255690.23279701435
623,195253.33782740566
68489,340929.7942974781
62246,273520.9841396954
12801,71837.42071423696
119241,60686.232367196826
22548,206947.6847564665
140535,185146.3923746389
43145,268275.7962371183
79511,142073.38934076828
123134,166280.63715885376
74371,230892.74497857696
66969,161884.499953307
21226,339516.41003350815
57469,161624.3643380258
144848,161863.3503002301
82011,98896.72145311965
44174,116630.31528357507
7424,551001.4665287696
132858,88196.11729504044
42773,81805.4637202782
37557,317747.6896463941
74048,299869.815309671
122710,251716.0967321648
12694,87796.02238569467
51095,363661.3072322447
74149,233936.63653411088
135453,137366.2598791144
74291,171708.27754311368
11293,102093.10288803099
122143,304396.05299104145
78139,144902.10508840624
68731,67125.75630706699
22841,206167.62620339252
31512,169398.55448260764
29719,628927.1929033614
136808,84089.96404203617
48781,246998.91926733742
37806,328680.0318083231
67050,403062.3584746623
142735,114133.85880695321
79557,132796.88224119623
45303,366524.7855003959
131919,79674.96043506314
20624,200109.06965285394
72598,557417.6315287696
4910,229814.33250257708
139906,211394.45667841082
143831,134760.45261620567
63547,86475.38852218272
78561,283678.11058373086
34628,117584.03641041755
34719,183407.0379694458
51610,332541.53320210386
42371,235553.85447885277
132760,234060.39428372995
129453,149659.69658879616
18211,91261.23806629567
116038,90158.3962316417
23370,69084.11389138273
5527,107143.35731910489
67628,82843.5505650216
11053,277223.8766143514
144305,165993.6498062501
115287,413136.3884669774
50089,70209.61138744916
80240,64929.339776060835
503,223174.05235826853
13355,240968.77881554823
25098,229389.2023348647
121314,92933.06256908539
67229,87346.44136438576
125172,91806.32483177545
5883,119819.0304834259
112207,319519.5858930114
120408,62507.798096648796
20835,122538.75439091888
5117,132307.20235540823
23135,294528.7895918083
122642,198298.83865867995
28803,123840.26027671999
115180,244354.00282213098
143613,87326.05477246852
142254,188592.10119522945
144604,105713.53969891788
46178,127154.2062222547
16239,57192.94025679194
34423,93589.13740718494
143136,403096.3026801572
125113,102078.89377488622
42321,120837.44445569161
128642,335686.0368042311
49484,485017.2213373699
64229,109392.08719940703
53534,530852.3195286308
111477,50777.6971114783
62453,76877.52992339779
131457,120564.81810310014
142821,232914.2826635241
38277,478085.9428517476
54428,106407.33524489417
122606,141551.70652399055
48582,107960.18200594415
18260,68706.5668939875
44854,136661.88712281015
122728,235872.49634807365
51319,190765.2546083078
133391,162983.50823809105
61774,336916.19920451514
133600,177701.85976136918
43981,238817.83891865468
53644,141134.20831974866
123391,126456.65396882105
21061,84735.81597930743
76122,318324.54308646964
132577,138909.30117303715
125659,48632.04933013888
32157,231117.31028787675
60205,122694.71705763771
736,104101.14531852222
33925,109536.08032667305
73323,158181.15865626678
69701,124047.56839087003
10266,88396.70914040944
55176,360521.7689051686
21854,122157.2635188245
124906,134059.1599841711
7841,79453.02848986856
38418,135449.00177936285
139011,236838.65742402303
62397,85824.26494376585
146003,66573.23468931243
126915,107019.31806438445
111763,37797.411906284746
59105,140597.86043023708
73244,505562.6218577276
82199,235803.9457365514
55302,286446.7323469042
74792,259956.87603263278
111817,292141.76037917077
83082,323998.492157292
3191,80658.52082492936
22281,33982.08130486513
15541,701017.8848764739
136344,120976.99806362833
47460,195654.90664492807
130244,113995.79276469036
31746,106897.65809500337
51654,179387.4857167158
16512,122625.9667961164
130146,94982.52190897596
125018,203209.60969332376
147022,285025.7087805052
26180,146107.06168965367
70172,79152.77078701535
56453,98124.41177772847
44206,205771.1015349787
8499,107534.81675692712
115891,152215.3112067429
132875,238537.53541139548
52568,100276.82833266845
82350,391925.6619209155
14027,82044.72207304301
64624,142387.38411782324
143516,236560.63463152281
65587,142221.2099931345
127036,111984.24717391006
137870,131305.59334234975
114149,422788.1060781955
5429,82931.71026068
69886,53914.41582465811
77557,130584.73905458479
141108,136988.83369707153
116251,170699.24243471934
39211,192660.67143878565
123631,68816.93194747511
30326,183889.7479186743
51876,133698.2646203784
144647,80876.0479484513
119087,91044.64535702925
28393,269867.90791342186
140122,116094.62671149807
6369,72604.04849545754
42053,115132.54562053762
29537,120645.58595120857
34634,175544.03788278654
71586,108762.27044836734
135856,186673.2018284943
63344,279610.63237954
31903,131559.93939266453
37056,180186.04108410265
132594,49677.008645164686
144742,48246.660860164484
56816,91957.4088464979
13486,131700.04871926186
75439,90273.48158942863
70535,211158.58581692172
134646,155390.37935562973
82668,101682.00301643058
62157,225199.02711325098
60578,121465.30765631927
37620,188301.93966489256
9443,158792.6523909377
121461,315815.1324802588
11254,262075.38168958644
122713,72523.43046164772
124699,65162.438506611594
110250,667000.884963362
70809,202510.89078880893
113293,92504.86762871017
61451,79383.07227125256
134641,72501.31804161295
40861,187313.89503193184
127536,148789.3554889681
17134,172679.56932064416
49983,283308.0684074623
22406,145236.74960524566
77153,163671.56828356528
23104,119679.87434656695
133632,394556.6138286117
60968,289919.61517790495
19076,216295.38402423478
116238,240716.7625697311
37388,225871.2344297304
75589,127803.62005910248
59028,115052.68394897538
56859,221779.5675429011
139048,144985.46480025531
125684,292671.54551453644
136499,464545.89741879824
3482,81538.45579158934
111593,176616.1885358732
14154,105542.87750227365
126794,138736.36435308604
138003,234718.76398140128
128553,184197.3357541445
73270,267174.95646480605
142916,174778.1288796417
7339,145955.72328493954
27768,75564.02774032364
6438,139208.36677143315
32137,128117.40805286026
145639,227145.5320997507
42718,162902.07893558868
81796,238958.20529447644
43700,110207.51234681322
20590,130842.62699531541
64177,135966.842248337
78268,121753.65315290407
64800,134649.76902893014
76235,121753.81854876084
123536,72774.48150164308
142392,182747.24729034913
78280,50239.47320551796
66864,154805.00188979716
24571,179597.14458737883
46166,216915.99578145408
126970,117210.61470410065
27619,78872.50073125343
82029,142690.33204775458
59834,83941.16809261846
140424,90261.53634379644
141751,124202.41507661689
52863,332984.7339274229
17777,71562.17352922667
130478,263515.91802714247
129015,412524.46050625225
75057,97419.4551831263
7109,417355.45298211527
25636,111395.82645771638
34003,66628.70416574
49462,101584.18133013224
120793,103941.0121640905
65767,111011.2168101292
60918,61151.2726065983
52675,190441.44617343097
44942,143327.23459871428
49642,247389.48795512132
137077,234833.4252993596
80746,146063.87786128442
55818,179685.53593165998
67398,82214.6855256009
26698,205922.96677535932
52478,237422.80965104394
10339,125632.94325767629
13746,352675.1366910959
43374,85819.5045405782
111358,166395.48816321336
130555,119095.25179209225
27814,118760.9152377248
142311,119507.89670303137
62155,96997.03241772419
31490,80324.99122382964
28627,143994.8646836119
15503,89366.69360514366
53624,156334.60982487214
145604,94089.73451916958
61213,46552.97187805005
18041,457920.57684753696
121857,163306.17987059336
23989,249775.4412733335
1208,115154.99033267304
80373,150678.8348065406
1550,112247.77681219924
39416,186656.6165845472
7552,164395.58565494075
36237,244291.8472928941
45057,127201.12541119516
56803,93455.4575648855
52813,258086.05228498275
134384,91638.79023688794
20159,93290.85523404754
138955,133390.9285600059
119149,385795.3685890488
10296,224164.36445525952
6108,97449.80113300392
77260,230367.6330137059
76248,85264.5230394029
7360,193171.75038288912
57229,157162.4810414275
69007,174087.11819243664
34050,480252.266367333
37185,84538.96433497823
56862,291301.55946964794
55374,108448.93749374905
44504,124671.06409750442
138251,195605.95075783326
6381,309868.03831883305
49587,106543.87755485048
37693,439241.54620913346
48566,121023.42348353696
17560,377379.28381929867
146307,150319.7740781081
18896,196862.19981421315
145058,162926.82558686566
11086,318134.7037993824
76617,144828.4648807215
146985,158769.96557596116
133204,209023.01024731525
146747,140776.73728819378
135058,95628.41288291982
80251,104903.08051398315
113105,146312.05921774954
77428,80191.63105623967
121781,467118.2484465345
43597,129985.95751371697
54573,462294.27632112673
16566,242519.133754975
118225,88008.5578926424
139846,66662.66953561016
70566,262738.36100587045
10927,149202.87834071327
128250,75481.84152115765
135086,222252.73553461512
117808,132079.4882854527
114384,136906.73102231332
122906,191007.58813292044
28214,108775.965774924
19591,99356.691214663
3621,144472.3503314208
56972,144342.71722601855
49087,80955.52504669849
80677,54696.89887345353
28775,152206.7673893466
19991,256418.48731754298
26597,79661.02424372312
75190,161574.229820426
117152,185032.45867042767
1847,569227.3214159837
121886,189955.73383582925
142853,92315.95352986036
66973,185919.2387418247
12146,87518.97188228104
114409,90099.31798451259
10782,77828.5227787142
11949,44427.53562883232
6833,109168.9422565449
66907,202798.578372929
40102,241380.6366130408
120572,550384.2090036203
122347,151549.42631474324
72493,133327.38071525484
133116,84773.68443002539
112971,361305.73492192564
74668,322443.4427847581
82820,365817.4130738056
29100,145791.28082373153
6516,57016.11206093937
83102,61491.69784672116
65246,76082.01337620191
75395,192711.4895435514
71690,139135.4490445691
144221,182432.41605036773
6948,96532.1205089356
129096,154575.60240771
16349,348080.90393708495
16963,96577.57416598123
141513,61067.38495866745
134170,144507.58083080038
16441,244403.43768510537
15043,105825.86850555516
75453,188644.89613857333
4270,277976.1345442368
17849,119222.59939968979
40965,256343.9544129999
113783,95236.94515553786
136111,204119.20356137076
54318,105100.9504279893
37506,109303.98783594651
19473,223868.58783157764
138606,136142.63054472292
40192,74271.93029472661
81069,205008.5138921683
144972,83948.31876896726
113110,151133.69781141804
65693,81706.07759288377
25635,110175.185544419
138633,152631.90514998697
137838,95982.99928446935
4212,334557.59806657734
144971,241581.77515358943
142328,84455.62792353026
80721,274181.36097967456
132905,128668.29476124742
110750,163030.43827109947
119669,455941.9682849147
69347,158380.1462704439
118360,168362.058609786
110838,110987.78826789644
51162,245512.40094243677
24263,268006.1522533645
146791,105366.37439442679
28844,136370.85405716443
72966,312155.51992646855
40075,157177.43056900476
77053,237598.19991276058
38625,140409.66182754084
49384,302962.82863272686
19730,100346.06200791273
164,177855.3320643692
18462,115944.4492379191
45839,59578.233570293
36938,95628.04399506666
75443,101393.34776623544
53145,240872.22439498053
111757,115595.84260369172
47625,132796.43078442322
2745,463363.6288314604
132900,113318.92193082022
36050,278871.0017590839
113739,231704.4035413853
69912,65124.505333693814
2553,294871.13836221484
11596,33287.549431647654
82928,180097.28994419135
144756,234017.4171379389
24619,74971.1841977927
78959,174152.63353648168
118448,163516.69575470753
119067,130244.12402134096
22971,129434.15836587403
111612,228495.53527395835
83196,110917.99163442863
82063,92204.16338453066
114875,375292.943078239
46623,209041.50433122466
10601,353988.13285494025
27335,223648.12151021697
140841,152594.96361094448
43053,103047.77165220682
14721,177307.1273441335
133960,167795.70063200357
125600,29944.4626351143
33750,54392.09680665074
43038,136696.0159914232
129918,191347.66769211792
77017,286288.7529239876
47183,118650.50221452702
139428,90172.52167144345
11373,70244.07262601613
57199,172537.8504749378
133778,174483.52193506263
34767,81999.21577722966
146555,103255.56441437274
6070,246886.8445880795
75705,169933.18712224072
140792,125990.20960066035
34150,224046.08973430254
75128,278062.1698990873
18865,178651.59170200548
11091,176157.9527109228
145005,49158.07168131852
60729,179966.0327825344
132538,116235.21847117746
51227,225907.55643808315
117124,111834.73950177935
46500,95794.61882251564
49291,239375.58866528375
72539,71305.60411112192
7698,98342.81106433325
138367,94673.4243231108
6150,151812.27884459158
136639,157266.61004204766
42862,67276.05981628131
62573,128589.60213081515
54919,132188.23563898806
24188,104801.26788973137
115608,130022.09993057963
140111,192146.14298594854
55204,158200.3252887443
53396,77304.18793426687
15597,101133.72990336688
63236,100849.44382227524
45755,26076.066910855294
136566,227398.4914064074
35625,131087.9496178297
24663,214167.51187380613
139623,84070.28891551506
60815,320964.5347302565
15239,122618.66489921306
116650,109685.6356272245
123792,112379.34735011202
123782,139913.42724270996
56170,96375.86918427766
145290,202502.09401194978
136971,138353.4697298343
38570,158170.82162848563
9228,78178.30405222207
14085,372890.054275217
18701,98353.60096114807
4066,355323.869088428
115850,101727.52796102555
38912,190653.00737063336
123834,110816.0932041829
54931,79607.75284667203
125840,101830.56432557468
129506,121435.31907959071
40980,255131.40769795515
128459,412587.1091592718
135790,42122.405136570145
65954,224770.5163028975
32590,99475.77354060109
82417,250554.47563068056
121937,146467.54526216275
74310,113247.4008248706
5037,208092.55572900485
3918,71577.03539464885
64503,89484.59003390947
39474,343762.5397822144
12321,316466.704408369
124144,94567.72685182226
83,85614.71629409387
42880,174143.71368199092
50471,96186.59801772184
43653,179794.09649727962
38969,167470.1210201617
81990,458780.81383442786
43433,97171.39029925092
61659,147452.83733758642
70333,167790.81343244534
50517,96604.44121891039
123278,118812.75722283701
18715,275959.0950189615
57815,41768.99970109406
74175,98467.68931596975
38517,414879.29795569414
140303,131213.5935533994
117346,120729.50194663552
50071,356333.7895052986
35520,343112.666423927
1644,240391.64393344714
61424,312225.2257730076
80739,192393.19813959015
38412,127770.02287779572
10908,175539.48431762794
115578,103572.47035578743
10129,166583.35025489362
43214,322126.01497404615
70697,150426.4774846642
69843,82297.61034049933
18611,161453.11643709126
137846,425110.6044612448
32329,78673.49672487297
45576,226412.75015645608
115962,235693.32765693363
79310,378884.00750271836
1247,316441.26139256125
127344,150667.70399325935
32125,173102.15496264212
53352,142414.23877481668
40520,86363.99363846457
18165,166176.93395291996
129397,145306.38053710439
64518,217125.85853661338
59951,94509.12822778121
1030,170635.7379024289
39582,401071.06578841875
113267,237426.21302198878
52063,279490.04034008307
33285,139756.78594042984
59963,124057.86419525465
133774,277689.24627776444
54571,102506.37257836154
19930,156066.41147189095
16171,289446.7318477048
83142,126547.08874219802
43841,139803.548283562
16027,123380.88222604744
131814,362067.2931182714
138715,105080.9847337261
146681,297715.3843462892
52306,92653.7501806881
63307,144660.9040621163
124288,128374.91429334308
8269,95111.01706794991
39974,192035.22101756334
117004,500167.61192888743
139620,116210.99478755388
22891,145017.1857532065
34923,119657.09089587745
27706,149612.04439960627
71860,117849.33494328319
62261,78114.54043323765
53589,308735.81466690236
124249,242068.7599847517
132870,151840.39129295366
127455,86673.96610692872
142081,203180.16169650768
70211,326955.879143809
130410,92485.47240760921
130534,95836.5236223092
30831,171706.52476738108
29900,389333.75888539193
65998,98723.03481894103
146784,69580.34680234635
26388,209854.981366807
140179,171137.0630366457
116620,305752.1967787789
141524,106181.52382357603
114729,165439.23410353292
77517,192824.9422363298
38992,157409.4448249865
79463,51840.716537081724
11148,170686.1894010418
125078,39308.33955924521
44362,79128.56736358025
44466,73789.83881235457
34622,203440.59838348508
20185,94388.75903302975
50681,396523.831498123
57749,264062.4972344914
16779,72407.24707442676
134854,86802.94316807916
40923,289431.3345854418
81497,191505.9239599433
140634,132356.439545665
46286,136971.23561022393
118313,185007.17538769147
121375,110651.6773540496
17704,91455.0786125243
50884,145629.061786357
9517,68998.49679199273
127929,86362.89594143805
145927,193969.31821994027
68581,65274.83258518891
132137,165896.95564675488
75835,71068.9656394328
112297,46495.18275449124
65566,95335.10078565804
115712,157149.40466264982
79741,44442.78084699526
60571,175251.41647029723
40018,155357.78639932183
143901,64034.37892662571
125594,204052.34841159644
8913,303241.46698502003
2980,218145.10469257704
58598,325686.3953246061
71731,137038.8711177427
69761,66736.72315148254
121678,54585.07288022374
34951,136064.62964760853
63789,59769.239053502
11817,82210.1557799735
64953,178505.69664659034
110855,145693.8257553827
133667,97958.84857932219
51742,100275.67855692352
73928,57663.91479511812
79273,217090.69434864566
146053,166569.6178319568
9157,110604.64032798432
22909,129264.01008410665
33364,175783.15928690982
43010,91945.77113558672
46535,282822.0878513736
110383,371524.8578972847
35136,120921.78915390217
76410,53308.12666769764
33723,124341.88907309508
142297,126736.98558109751
37638,107349.42970219019
141601,227958.44551275423
4131,147431.25276671362
36900,189039.66458806332
25638,161327.8262563489
46114,108963.8023072019
38700,125928.79916916047
143414,132716.17062504156
16948,187195.40766687988
75465,251255.42347744858
42535,241520.91195998114
16825,256812.78450460412
126172,348714.5753506198
33480,143327.23459871428
20136,565674.5765065895
30835,166868.56875576125
50504,78884.69759988654
41984,85858.2435945766
137984,152721.87009658647
4572,109936.66579678642
71008,524929.2968066263
127659,79927.92735730513
146723,257438.1594442365
130772,70675.14896737308
17511,169274.2420673574
129261,137043.78579711574
111921,116674.07376968829
8065,96802.76720316576
114781,133258.6861003323
131333,106336.70363072341
140321,263201.34642036306
77536,73973.76960847968
136737,123340.41468416172
15024,186603.7115952648
44877,175947.85702235307
51278,72791.53500127155
17959,104907.48301887384
116132,148926.28686979873
79193,48525.57133632155
53040,112917.01451118884
138402,79091.70927059134
21991,725298.4739760939
131537,102360.0615837042
138320,247653.6327504547
20279,86677.50334402952
62134,284422.6772362298
32586,309974.61337310175
81968,61316.738024381666
135850,145168.43678760453
113675,105936.40667190966
59049,126599.94499286046
116645,99771.11003370883
118995,315636.48231878015
121806,137197.92179070602
125831,214754.96453658896
11500,62211.346679053786
40757,82929.72916693451
1538,136042.65494475613
68265,56928.51264424354
25793,73501.35564326389
41871,298706.3547863529
6769,93848.928035781
40164,174571.34391020788
34560,105824.12107657865
115012,215554.05882371042
52344,136952.77619200468
75838,51161.93487354915
53996,78019.97878651638
53354,149441.67116916997
135390,135301.02721251806
141455,189002.8359414377
146907,133652.11353715198
21215,255348.29711894452
108,233684.5967745519
41976,130974.28109874696
116996,120039.16578454044
81079,125590.91954590214
111600,102241.69153538803
21827,88697.73288176136
62866,261899.99048943684
16471,78235.47702176314
118444,175952.26682614436
41607,268409.45114611933
41167,61844.53642218106
146011,244662.6726576101
51687,117387.12870628382
52284,147025.24232404993
39595,356335.501577365
18970,555761.8607021527
24056,41020.23228978026
20346,157309.73171064965
117700,186315.65039995938
136107,129775.82292588148
14230,132235.824690528
118861,110426.8051144596
4288,155113.0152071836
51218,247752.7409994525
126909,155959.19405924578
56792,309549.9534833467
16503,119779.67014987563
117286,110812.64604770445
126917,110767.54322766968
130192,175204.95745232303
49454,459510.6302408042
138849,267890.296928028
70144,226625.4237037039
17367,97418.22360721
23608,45001.781715504025
39157,90073.49831553995
72710,514930.4684125023
120085,204925.61444837006
9717,233890.05857984076
59128,453149.7940339806
134914,138908.63872054918
125957,98727.2337936387
74940,249030.2823762712
6924,412667.13076796796
40314,92231.79980869757
12096,139466.02793912988
38182,209465.92412279
52976,107521.6050388432
12915,253231.980860158
28228,340668.23421222117
18137,219676.75812456885
79501,100402.85956576408
63844,283458.19652293815
35177,205352.84862348725
10654,137871.9730091027
10191,111336.80145239062
128061,193412.85402326655
146439,78323.20181981662
117679,350561.91673061
123090,276436.5518932617
57566,150327.12796646493
123555,85275.35269918415
57189,257779.69171474292
2324,108093.10545832475
25901,115177.45135814932
16973,340048.0104069324
67470,121114.79168454712
73653,47392.85784074461
699,92579.84578502609
75600,150109.95345857425
69668,235044.89895623416
55964,79493.42056328148
114189,149570.46283245826
136871,117029.44955379635
53120,225461.370665829
24296,252357.37529903604
80759,122868.66512331787
50891,149606.76815553266
12751,184389.2238941642
60133,205128.85252184473
13183,152780.38675046392
11650,221800.7101864937
72043,137057.87721326505
20583,245284.6301433334
56335,205802.37703983305
122841,99899.07664478193
27144,98332.28657697368
15598,110022.81544063895
55770,135601.26241226966
75266,140307.6133225812
21823,227549.50029148837
47843,263886.92623675143
61798,130729.84720766539
26516,127708.06708066414
4395,114652.17845331712
28355,308631.14053239516
50871,176518.20467173395
125934,121392.7069493644
60360,141383.23457638113
141799,604822.2947796716
18512,144604.34139252442
19279,193494.09722208756
82039,67417.27272920797
61527,92600.57246508871
139038,181604.66142581453
6019,275747.7252424673
66400,291846.99412916834
141774,76303.2855342202
49449,131560.35176585033
18738,136165.80121153008
121281,99653.78184751276
35374,166840.58748356215
20951,194151.77232378544
18107,92143.3505822855
39657,124837.16048707013
63862,147247.45993259148
35821,150835.894368541
12199,221550.22135405982
125862,130330.39808751323
50572,89286.50840290538
52692,113340.95972673112
26904,321255.5746456111
41636,214991.01980636967
59501,329791.8094505267
136990,149730.74080608727
61732,118022.67155352645
10104,435413.89876191656
134440,138094.9109775397
1967,110507.51931724549
4673,88793.03167083871
110483,131440.63471501958
130173,104257.5872533095
49332,238673.50716426654
59181,172558.75054426806
34103,138743.43208265112
39706,187739.0801877698
58644,332374.32213764463
56350,156134.42629317936
56575,99526.91024144353
36089,183171.3104688382
53733,229140.56558025867
29463,185681.59433100032
77909,261429.09961152036
3687,144019.19231600594
39373,96200.78967654909
110728,82930.76027753048
83008,186532.49049272653
114146,253880.64559510117
136205,128098.04484461641
74557,199912.81538544112
124441,126064.20741496162
38632,566023.7521870758
138797,174064.97198773306
132827,309441.93905079033
51000,173714.81365377756
10151,193076.9293046738
140176,326780.81862978346
74726,91363.82751357199
77718,380372.38444739825
1407,216357.8367825977
40843,79223.02933157231
47389,118475.10253572228
134374,48015.36307986824
60344,109467.3928138119
45741,61920.4255935595
80344,56825.3849836319
46384,126268.32863383793
28657,118488.42953272583
126070,81628.76361756731
129511,236299.4633789269
34112,192439.2286325117
3932,162603.45479070125
59900,137197.39319397396
21054,362343.81172324857
52305,314545.86081678176
139555,286840.9575621055
8691,186783.44859721794
8529,274614.20891733747
47147,99619.59002573029
144682,188548.1407116454
139272,99939.49478463887
51556,138533.67041304155
48065,285079.5300157796
47034,104106.48353100216
138872,124730.72431517299
45682,255225.85255294034
145630,143327.35145067965
48162,189499.4838115006
39978,105652.26803509044
147060,181890.5607640519
118552,172743.40561872543
138323,99126.35460866967
5085,102679.8627556909
46800,165698.25128740753
126068,97084.8571423991
51112,524226.6286307706
65641,79242.5610919663
43907,455634.8523829252
66556,104907.91020948952
31916,151419.79104978716
62045,135614.70085588057
119736,326184.43305732775
12752,164838.24677792768
128460,242397.72235762567
67075,235961.52905702032
41517,122891.10784082234
55484,55245.607156553495
143190,108898.04857205504
30059,88799.35128893846
17282,412976.1953800416
21938,224899.93692884455
133279,165194.1384594699
76872,64141.90643929357
117505,142190.50234014654
137751,97103.8467026322
45052,236793.4176883459
48301,204954.8973619929
76091,304749.34812216996
30812,429765.96376261633
127280,169462.61138855302
119075,73277.96435453428
125841,341193.2089681947
24755,111106.32071241105
133538,79871.02653368253
124120,152805.48078344035
40925,142671.92592023237
2,116446.06856141321
29689,342036.9968288401
13388,144491.34543595093
114391,104911.32749221439
129976,144471.0403457202
129865,67705.04382093066
119479,115668.50425667228
112295,118892.4562388229
14890,328853.9666169291
26657,162210.05068463334
146416,201529.17504245677
81225,214497.95284645288
75536,334554.9825130849
9257,544409.101686532
143858,212680.28490007756
70632,71887.45555498372
34408,159542.2473086403
143294,239313.50337696163
32151,244033.08397021246
116522,91567.0568556273
14910,105164.28496862031
145543,221324.7085680709
67553,108781.65786476186
112444,312622.23877637694
77287,105284.10904618731
116149,167140.41614266598
38251,262368.4253465553
32419,83632.93777346019
140353,78481.69641563209
71046,209758.97052771715
59062,165674.46836143424
127272,303987.5131946964
73982,325641.8845519761
126553,127956.06919779812
70709,238289.09024413204
24612,256707.23227116631
42834,35346.626219766076
115432,99280.92252609858
13765,285786.680390086
18370,98960.71676929039
140861,245312.1732480999
123856,111683.45105362148
48176,230246.70573247265
47752,524992.2934070519
20930,144271.85464502062
39054,88198.36802825957
144045,205133.8701168948
16657,116707.29121973278
70800,318693.7785692415
122727,188955.51713785582
78110,232308.40418682565
73052,270324.05053224333
36821,147243.98178675608
76294,126487.51120532081
61448,370469.8317067149
59793,173696.9627262907
14016,139541.0375927362
124873,198769.26735690646
76621,136889.324231632
146955,156545.97158062784
59235,72280.21534810052
137134,81609.32173675872
29373,376340.2208566262
17225,105639.02146128479
68002,113061.63374280388
43690,325132.8938762701
130020,176633.75201100076
67311,201567.8787183465
62831,181529.1158808563
37092,87767.19144257545
117895,79440.72312754784
16480,130374.2628628042
60225,123497.08757818255
267,327375.9934720978
56107,137458.96566716593
14070,146281.60726372516
122757,240714.46505126127
27301,131162.4815914326
9850,101970.07016228896
62075,202358.24369358618
10617,146871.64233558864
24941,120684.85353148583
77154,150726.08906266364
53952,298456.3129700492
121898,197633.7803347314
117342,111640.5951307712
76496,370043.5071157573
118113,245482.4757110437
62528,239799.99315596465
129870,296683.34116468136
3798,161852.37268917158
74129,134055.76782505374
52133,249364.3113362328
35338,376731.02665585035
59281,171953.20197803248
21864,76572.54324749326
117565,120964.76915814505
7934,189668.26219439172
146034,68494.3154421633
117579,294168.1869893589
134292,178139.49983839248
127217,179805.9630420814
31438,103167.15622298015
123359,609454.1948876448
143876,132979.12609063825
143172,280158.85660476546
81823,90912.6528971584
129303,248189.6806655595
51963,155784.4131721114
13753,160443.02211916813
132638,213647.92625699006
145664,90304.93227947765
30530,134097.41269758242
4350,191195.56317330885
2215,107966.6477679277
19167,151305.6254168749
1705,108423.92412974848
4303,670286.0637026278
74507,486525.5156501671
21240,96831.6091273519
49286,291085.4579602424
34960,84989.71071055144
144621,601016.382124866
46022,148200.1123171882
68718,203172.06710770942
17272,333932.4927949717
68770,90858.66808555767
21575,116807.79626796894
126353,141813.96013648808
117053,167795.43908744256
37934,169665.98119472704
58256,181791.22596747873
39086,121077.11499312904
122114,168021.30339374157
52601,184792.55242543676
78808,273610.6048666958
5818,38232.335070560526
35939,304228.8820374518
39532,165806.43413636502
27267,92633.87276507591
32451,160211.71640253597
145395,276040.020177174
113388,209259.48819558855
36614,110538.30395533875
37749,128330.65905019268
134053,52028.8839985392
73677,219239.16307541472
76324,106665.42122503452
115644,108773.99658468284
37261,340811.53034654877
67897,60466.47049752579
33951,259467.37805282508
41885,118745.75674720417
72727,297898.34148573055
141316,260866.92503896085
31486,143423.98600562112
81491,68846.78156128802
65891,341406.25105635345
41628,253033.60645549413
110588,60734.77311957017
47416,144982.6477002551
26138,167008.49585025798
4713,158720.98539157538
26700,347992.74724578357
18599,50688.50569924055
131335,98573.08686312476
116648,377717.6348350571
24981,118372.93643633497
777,116233.71820084192
867,154554.01319714426
67461,163519.74183334358
3228,445317.1715515107
134220,84749.13374807556
61757,278955.25728476944
48445,72212.19427194977
74160,166787.27510819994
129356,171056.28956656926
147184,145368.9601624584
54382,722320.8249230315
2333,280477.05487707333
38763,544222.2005808848
5433,159631.88719197625
66473,173036.84629163524
8822,120287.94687904752
73363,166535.78375328163
112254,170744.7682638578
42172,109343.52617913936
27741,266774.67152376275
147094,129105.4211105352
117569,149036.74261472025
34175,104756.27980618247
6575,259341.33852200187
132034,170180.81618216043
142394,163410.07541699306
48325,157951.47126074228
112713,167031.17975042528
15057,68497.88574736244
124808,137643.09296567572
122162,126717.41795910377
40694,291921.34263842157
69018,153180.2341088724
59857,89348.37077782702
76442,283427.0687561685
115604,199117.59612674802
57238,210001.10686100862
63975,282450.51914008753
28980,219846.0473684469
12795,243097.82165364525
115862,84813.86669704659
11041,240619.73168380366
36286,77205.25365289625
22641,166392.51356679905
128822,271005.38412039605
33321,103920.88161707488
51217,134746.77786947158
55032,239448.90428463975
119281,116904.93394382663
42630,314391.565149925
119024,68235.71161648567
42540,346319.429956674
1514,122285.69158957232
19754,285732.75224696967
4789,198487.08386634043
116459,253411.1791206089
130477,259315.1444633702
59754,169239.13231594258
10595,112694.78455074031
114708,104882.02715824847
128379,160387.51048753876
75776,162801.94026478982
22410,120171.25296997579
9412,207645.90205075542
144684,239654.54197706433
120180,265034.85632542416
45386,172851.36228809686
115136,107372.16754754225
35396,219357.60163093003
42707,65590.2949219181
143805,105613.68412681007
5055,111284.08972827432
112313,88045.35631447769
18601,100204.89187303613
27708,63059.243342072885
33083,151130.661258605
133390,544819.4225402583
76590,206579.65123501967
139985,81241.66651218025
57227,115394.4046770578
33702,75430.97574582118
141346,110681.72717641269
65794,62608.171326008305
29999,120902.33646796976
53808,382454.80788320216
3094,288155.23487604305
69174,158584.9468344513
59577,265876.1058323671
42149,101755.28284796009
7444,77973.48056977727
16669,101626.4071940971
48456,120750.22274845108
136485,305928.3456612667
31614,137683.2210723517
111660,62959.347218567505
129022,177094.1827967534
137438,157700.54457070952
133060,90673.39249401195
65354,155909.20128335722
4063,73391.86435443712
111953,156607.54305999618
78298,306299.8022248158
138174,311810.17605409725
113674,157793.51674750284
1744,219681.22743122344
75188,291442.2003518029
22727,172669.5235798162
24154,118510.08300112702
146303,127554.71640108502
49253,218218.2650265408
31481,274701.36812680087
135363,82198.08100770628
77494,107853.1900203726
119563,83612.7085180056
25317,128963.88112434828
142280,203548.9974340737
49802,126113.40333654908
1727,104599.19840074639
40719,98854.76996682011
42624,253222.57622666185
35749,83517.64169413027
59882,266263.35562224826
140547,224883.7653807971
76788,197856.81441200656
65306,238522.78767448332
2722,192693.36235687986
126436,113192.55674007066
121742,104729.41605960106
5259,181953.03905582844
35083,274519.4866610091
51605,176911.36292230219
120011,54335.722499960226
14221,152361.94973575696
75541,89654.44478734629
59520,160768.05403107847
37979,66732.20912218091
44029,420813.5098592243
17202,197930.51384837867
139995,195662.88609082595
1670,142348.19738288768
23606,220143.2279033881
27477,93611.93566411859
73910,178931.39754553244
145958,85989.42106396462
83175,209549.1788058549
119612,170588.0500949991
72686,219923.35238452864
30520,208250.33799401228
133780,225510.4851413315
13554,78778.73417623626
77589,262662.3332711415
122063,97865.20518184513
74758,137456.680248163
134798,145133.32809977222
20479,246592.1171790163
61303,316484.8811330022
27812,262847.4879612112
115424,146697.3715845864
115767,234446.10863385
19548,101409.40066498138
11750,59177.319731609445
130068,218572.36594387094
138374,308007.3902070831
125203,131248.82469719878
30337,135603.1272873306
19453,361979.3596435979
20639,174576.20134609903
21939,66184.4252680714
133779,122833.42197386213
76219,288100.4277728151
20704,218970.50649844893
78353,65617.89621651742
11921,56551.311126626635
12802,77955.49080411353
13899,150828.4313484031
10441,109337.77030414915
144582,129528.07804692091
119361,206273.84943848389
122999,519812.68922986696
6700,71847.07685391573
50095,180854.8218311983
11187,138379.35103215938
32832,122028.45087651469
65576,102103.29412774411
31613,112123.72963363036
11554,35124.768910147046
33841,100581.2639227124
64940,104893.07863065282
73409,101312.75894585525
127647,238808.71660086242
135129,148769.6305734748
58638,165642.66192442892
38004,232728.97155072936
39523,239696.53594460431
117010,82008.50947643534
76310,543623.3264562092
144198,134494.7830093354
129179,129452.9332345311
72643,53617.029964189176
130938,134216.86119110917
1287,273890.4921064639
62965,83751.8882291583
68763,233781.18258375718
8002,166686.7719254839
144556,120703.32588669412
143375,147031.82450783753
2394,134507.98433494917
14832,303355.6625006717
59804,277919.57104491105
75203,216633.9163063342
80458,235863.68131032083
123665,64275.70455253865
29740,198504.54233566934
67718,191368.53304890235
42134,142365.32543449584
118409,119296.24469153938
68929,109419.60555323948
77829,150521.34532565108
43464,117954.35636359853
17600,402842.5544704222
61989,121302.36959669362
55938,203639.69314390724
137758,133783.44687607166
53480,158905.92743919115
51399,212839.8430211645
72619,290809.0195019628
145857,400422.9590027542
71056,93500.11034467453
112686,138025.43259481515
16357,476813.42926697864
133053,157096.20069890242
57738,213081.32045434235
77217,177039.2188163439
69225,80072.9051487294
38523,258824.2026794622
1479,195739.22247209938
113439,277349.51217134204
61902,352992.0358229288
111196,141530.90241109964
21802,207198.4207264239
71854,105113.463595842
11958,83110.56948499748
130165,159242.0179285265
33892,98183.92226356667
43452,694003.2375422429
69635,89886.85085761471
125932,493095.76853606314
40186,67414.4035538206
128385,180162.83707162435
24991,260148.25514387042
11431,111378.07479832282
13582,395573.18540028244
132440,175456.87422081555
57090,113301.1495513124
76705,247247.35843251494
72734,129084.11475739047
136473,106211.98393160562
71567,62819.776621183184
146497,115026.77905864223
21326,167290.00110164503
33382,117012.46439704139
119770,186766.71194165508
59338,103834.49669835498
114083,359704.2133476435
145859,299246.3258115865
137072,159546.19719766598
33102,300660.6650893995
39489,93484.29440262628
43173,331844.9227043463
22323,139062.20958347563
146018,307253.69020316855
140302,166791.8779560018
17522,181729.002525734
74669,187509.01335610406
11769,46474.75093609583
21621,75533.21447312829
4922,139896.9179269622
3453,219800.46716813
24720,142604.17451278813
71581,212628.26653605234
54528,126613.08466186775
111631,115299.92244328813
138149,174278.94772072343
122389,180960.57836565765
55887,83264.93157719965
7310,108975.54367949492
128901,201281.67511629683
44813,149702.14725409678
145652,118845.47853383057
4504,160320.95464561356
31351,107853.88258228832
16087,239363.28680884698
119977,46524.40511466029
135083,187314.5246647832
115350,284085.68057539343
64954,96759.72265912633
74239,262728.2433298809
127262,122484.28180893161
116912,170574.75296253726
22240,190401.00644733506
44136,688934.7390035541
44111,314896.10062700685
70019,99924.61469898402
49585,159185.06944804775
61608,291091.74519143824
51741,124515.42602106588
23058,217421.57389388414
14096,290297.9170310417
6404,184212.78051015708
55042,120769.77790177017
5076,110076.85809417113
53666,306359.1633916107
113699,101764.20172829273
135406,202782.9321456077
142897,89304.82270416009
13504,117951.33614050143
42843,436186.4627988825
13294,97330.77666411683
127028,141102.5110717258
114034,99475.196092936
58886,235975.18461934262
137309,121069.56405187098
77475,294320.4716657033
27421,149848.49291726758
119578,194937.86826258712
25804,93894.11843199709
111311,137670.1243604631
71683,139513.84116179106
11108,112005.14859834332
141788,313916.62024065637
15963,227640.21732210042
24228,537924.9523527874
70999,168715.00330350085
112409,116109.21119632377
113084,115188.93848638199
21461,318364.5205550272
2625,364449.2603364674
74166,300291.1056491544
45136,165356.54707794587
125757,366437.7129904208
57724,298863.0321966294
113756,95448.4056085494
16081,446338.49076875206
4482,277437.74195876246
110852,216031.75281355286
132364,84400.5834843586
29225,78100.73438096867
70007,82606.98825317307
139152,271181.0026771276
121313,336479.479771915
31990,91570.5236179161
129281,97515.3586626748
76684,238673.41740264627
70683,45916.96824357347
33596,253646.82673515615
130282,776979.2024658793
49342,200307.21708065376
72485,248814.18333599495
27957,177386.47555896727
75851,631669.4991393168
80631,106860.6797093029
132306,50460.135339934255
35834,189893.72544761398
73129,78287.39054145785
35860,279285.22585005756
125357,115338.29009358634
7385,280493.5831455458
127227,131818.94333223638
112885,107918.2617805042
15746,192267.5115694399
34605,158488.19563997668
75136,107225.43319551973
112817,125363.84752724049
61308,189193.9698556508
113697,53417.54818553364
55922,192222.22479269264
135106,609887.938685142
67554,109822.87907459226
142870,94710.0815051762
29737,284969.09671797254
70947,106464.92389713302
46403,189448.5646228189
126503,291698.88148516335
20514,104586.1700728607
8810,93190.76741336513
23364,106810.32168151879
17480,119262.25661318938
4119,165471.41854119796
135614,208180.69777630686
1302,241037.2918804924
140706,184669.75812270827
113254,87974.28098941385
31714,253665.18459683127
59585,416070.5926350717
142289,162127.7959209993
11300,251192.6837058122
27885,165606.00059687364
72305,155886.85894739797
60896,249931.2947923049
129619,298722.17767616996
62790,257854.30811695254
30013,80071.84647686325
79903,134792.73722317905
51797,126508.6629754651
33355,104276.39483266426
80261,80384.78454667238
126550,207948.54082929305
12428,150314.06672459262
121285,155184.2357794356
50612,69041.58789227599
69891,79019.74062033003
29547,228468.65252066188
135486,158276.68372219225
121758,80692.77635760074
33145,140994.4688436157
37963,124686.26597672614
60259,150457.86887681164
55592,77687.1776325877
68446,428166.14730695763
78081,138752.79885840593
72093,154015.21324665396
12953,229652.22368895053
72597,250635.43919512955
59051,170475.4407153714
117877,292966.8094553658
1860,404834.2963072579
32524,71728.27192404302
73730,166657.99210580648
51878,114500.47559610629
60908,167349.99110318944
80423,236553.63611709606
38586,168029.75517368157
129555,104126.43652023427
81977,241590.07724153006
2609,141336.4603340188
54040,149774.01260242105
77416,332427.4237277303
77768,59232.7498069651
53173,129729.12453796684
17577,457580.05922018725
64794,208973.57527996568
71010,99292.81222590322
126352,109805.19838418975
26659,205130.06181174517
18268,82957.74433823924
73053,70113.39046492729
112655,173583.35105415346
11469,162700.46134189746
80032,79396.10045948563
41974,145394.56805290218
64902,96771.70898398032
113666,242003.28324584302
3255,63126.07976385791
13620,181370.99653224644
136362,375820.11740840937
11856,44476.95585990194
4443,158991.81310560202
35717,73493.84442357003
61775,162488.46035153273
41309,98275.04174279673
34278,171383.70541091185
16485,104274.41002309602
24182,455331.7920405863
117766,38157.79224930423
142505,274940.96366102656
53300,181065.41794339585
145165,103010.20888860853
8904,456037.2738878392
133720,123630.69339505411
50714,627703.9305220455
115870,563377.2885187002
32569,119820.01677065819
139453,76492.48767845245
59122,134075.1831904299
120215,135544.3946838984
136528,70761.7527698037
124277,152919.84409519925
68027,90824.02293692944
58795,211812.7539366282
52458,120707.91751744613
122464,200806.64346361245
7736,151434.45848099008
114018,179353.14116829657
112498,200427.4822714787
42798,238910.46226162097
53165,411525.54679316573
23796,65639.49426901684
9589,109393.12838598258
136855,101857.59513592096
29597,92858.9784308419
48555,205488.01285690465
120236,180769.8667525053
24208,256369.07450044266
112642,137547.91450332364
58463,116173.91645579506
113518,291667.8578469135
34734,109841.05981519203
134128,106795.4881291143
7323,132067.95346326276
137809,180237.21452458715
29660,181682.0578245432
48271,155698.13143108596
65706,103664.34713710326
27208,113162.82347491017
28066,196746.1410360317
124703,352544.01879164507
110369,256640.89941835834
126308,235868.88842651126
130160,78232.69408943423
127340,113479.23514632758
143763,50398.20132559065
64218,469272.52383905684
131496,263694.73429536296
1677,271770.2417062895
54164,109233.3648999983
115773,150451.4721108281
34450,182780.2454346431
1386,291907.6129973014
78168,140372.38267080375
111838,237152.81821440364
80897,106551.83160913902
140696,86709.3352247053
8435,115583.39055409381
28970,377000.2672729778
122937,134115.74866953207
119449,221021.0716047692
82028,263880.14953960315
123244,73159.81280958412
62413,214052.13261989228
111320,54704.164300956276
14831,198015.29961065773
28112,375925.3806053527
114803,53211.82864693199
39962,66354.42055443158
23925,82311.90922947551
32289,301183.25387666456
110285,162239.5029091093
116777,87200.8885247053
52760,144047.12410657635
61096,217180.56865926238
56724,97456.48676120338
127411,83674.97936887553
64046,357531.08750218607
58149,320950.91467236687
30929,650128.7310531831
121981,195095.8135688462
132183,100540.36934680166
76301,145787.7914605046
81993,179887.51801128619
138146,269811.90645695187
13966,370023.58904808824
4172,268823.9119206138
144287,219643.86029971146
123502,110505.1115891594
48404,209351.9533037942
79625,190429.4403112186
130172,143257.04285063996
6037,92636.66118978674
7618,115633.95771884538
52419,181726.88258766325
56316,195636.30434787777
118818,71894.6078347807
26568,121701.85378822083
27257,77629.05048513597
117478,123205.27413094253
30226,93521.74320101706
111642,159360.6371879963
57207,91617.87566553407
14901,105301.89180261428
60444,229167.23411478542
18458,109419.43282084691
14859,180538.85656213365
121839,113897.44466665902
124766,99637.98002611873
66783,127933.06275658178
57651,72926.68614385866
124368,184253.58364438146
114711,117811.9051710768
37172,102072.83093703385
141831,117950.60879421122
111847,200642.62403795568
144802,117151.36638266733
132342,191140.71937872824
351,185664.61838350818
32266,65048.63535610753
67451,105078.75228099764
25888,311780.2047891667
77666,95631.11030991044
75270,154872.75671015645
117874,314162.25218626193
80400,148548.20237536458
6441,268339.6744057348
133047,44604.44625807073
19260,240511.24439609537
133813,105312.18732970352
133936,122501.63200120046
31021,339922.98209680105
25808,136156.20527711866
31845,127162.09544541722
10754,344933.30415713444
66227,131017.43239177638
3544,174610.64632252665
76036,160855.7550942509
141386,86073.3200436338
82550,52882.1436266503
129628,114274.567016427
19611,223306.85580174698
16565,256714.08451517645
52240,154132.95023089126
67219,144840.61248012132
120813,107204.76921265683
33586,577657.7776659838
137169,191172.23917140235
66984,99440.08265497435
38902,149462.1693690205
112664,201504.6367847037
127750,80243.56455326558
122335,50397.79742929642
28273,141494.4727003177
75827,134910.47014180967
124919,154444.26900738466
80468,91079.36417542236
33992,198239.15841626204
139288,113557.43441204759
82220,196337.12400243618
146418,110271.19783366041
50825,90581.02617284394
114195,457126.7865431201
7925,127477.7301972889
38443,83243.77859667655
119141,128719.8212243862
126480,121629.1668530365
8839,68621.67537757233
66692,67828.74306992977
83167,172564.1018210019
113124,210111.68366469623
23480,372760.9231584827
57916,151298.11398199928
42934,367795.49381650577
12567,239803.73291144278
118751,174603.55172180303
58950,126584.04647086214
121792,150596.24811289177
7813,201641.6480602699
119986,245000.59474926163
41930,165152.1651392535
45540,229005.74485867086
136570,518269.95940958575
130044,242373.5066087246
75467,163098.7523744502
16209,221427.4049211376
59133,130091.19989260609
72546,319182.47223064315
24402,122993.43017596225
48658,136977.2938926107
5846,109026.72151906714
55716,66404.04833524625
41911,262755.032644726
37349,208474.95803464513
81341,242072.7309307939
45361,260559.5017584465
38468,285238.8973297331
145810,143353.57566453767
35067,82059.61785984068
49717,79442.52063036013
72517,290249.2493993649
21922,218966.61750524354
45737,60338.75260983405
135879,139529.5007312602
71491,78586.27105756488
14034,71036.76780542432
72559,100870.61639341392
147116,142248.69146450388
117149,81634.53305726194
79706,118944.26897338046
58891,200097.9952288186
16235,248406.0981766355
126997,135278.8913855857
19341,77475.00519125842
127026,216725.05703091907
145977,99204.49739057952
121432,45638.90570580937
5951,237796.58242509095
121498,74663.66911901644
41817,222946.048915055
16113,164330.6252979736
69295,102030.19350518101
130653,108254.20642578117
38911,104611.59980683193
50390,75855.23045265026
59355,124062.0533668679
42479,257162.2566519172
70056,147478.66792109443
63922,159625.97083012635
62398,88385.58781722546
44640,84108.0363297412
69098,261521.87792770506
74224,136101.02427776792
20026,138341.6161698801
67564,82295.46461006135
73373,108018.01222017388
4221,255205.126449842
5081,98308.42229003119
71722,108179.75872990495
50243,126977.15908925429
67951,103089.22826399037
133222,112076.18457137638
80860,100640.3499812221
16088,68080.86572652071
23498,540327.0794954274
133819,112083.20953533586
45996,164376.31468426925
80470,324322.3700849003
56954,100308.56413120219
32744,135030.13321654728
135256,341227.3546557892
118909,155812.164901177
115945,358123.3941947332
110798,84247.02050328405
68135,63337.98199472405
66944,122400.66699568601
68849,263994.50528499234
63477,90568.15582896209
49316,95306.92752425246
133387,178467.67532273606
56292,38930.90951931105
65217,92403.01549249508
58817,399363.25713901594
57333,145061.15075840542
29475,50283.27675441181
111147,172331.50197120872
32102,52567.86417653941
79162,112144.8746436797
33067,145007.58724250903
45385,156099.88403518067
130107,187789.5512608678
35637,105889.19310953567
121153,132084.82137534686
62177,140950.40275772812
142108,66594.93933369381
5268,80136.08478509741
144569,176884.38593678642
7852,156308.26844367813
32600,159848.28315995552
56136,116154.40691356504
126329,182642.97930407987
9714,168353.53568972382
68288,120034.06743932425
1007,203128.29907062653
113976,425947.2516355382
19815,167919.06473263452
134399,89858.12711512933
142906,156795.54760642454
47066,100014.13725837923
6033,124721.90279161328
70512,71344.18549767951
11561,79461.68722865343
78629,193037.41136138054
61762,261820.18289843632
116250,125391.87591441203
140230,187907.55361192094
597,163858.68000552958
46456,130239.13955769432
73576,151631.60737801448
43263,237498.38862661604
64495,97664.76141050053
80368,226125.47388969694
67389,96662.00372476559
74889,191938.41956180424
133225,117435.70981905799
141325,289785.3802376755
49314,83799.28948126116
32275,84891.6051621657
727,95038.63060843083
112950,87200.28271450872
57928,77038.05992859494
51840,90843.74833640525
73068,328948.1562569034
61259,479382.9265479292
18799,79166.85985153586
40412,266790.61617640447
111755,255162.70054518335
25722,236944.02023537405
52576,62463.20480038604
75976,92925.95597211033
14041,124015.98469131603
72508,86445.42849333993
6276,294545.5193185155
51732,179700.83643514043
114736,94180.37912403839
1492,117628.1982745122
139171,132496.28121742577
111437,124652.66988136758
133304,217086.59643776415
32778,152846.5271401722
114253,74681.2843809626
125358,88867.78990498188
128003,145099.48652571812
4839,78475.90055457642
112258,245833.53872472607
75907,118420.03470169549
8980,69957.42881315044
20761,86074.70178848291
80069,75584.94127868442
45777,55668.3527557403
119747,305173.736171373
48089,234104.17754751726
41214,185822.09435973625
71001,229684.71323861714
32872,56710.91032084619
133794,232042.59929365315
49159,90043.1585170556
12705,82744.36657151938
16754,303767.4586263669
68969,129213.18597011914
2848,181034.66430958002
24000,405255.8821365766
138835,195218.910137995
127524,87233.60612615629
19957,260082.90140127696
19057,106662.65751801894
1083,300751.3571851287
48513,410685.3900265439
29131,76895.46471677767
126758,51153.8228719988
73861,127834.08751267755
73926,97300.313224997
143167,309846.1714745693
26968,236754.58068236036
27214,94675.26117757322
16223,234771.48529221892
5633,71243.28149203389
19888,114772.76348888401
118469,105168.18896870846
129368,219455.22879990085
121581,132656.29337727153
34249,160279.87690785783
55678,107374.06600060179
59933,145226.71719583674
127002,175449.15435475076
44962,96467.57883064734
127127,97016.45404683381
142084,83553.9969793864
60033,297302.70332079334
72442,89835.57178882089
119710,112337.22462515997
55820,281596.2068723105
120291,160953.803395915
119705,26260.491410743394
75077,212674.63633369622
145221,240229.90407515626
80087,92585.63870237698
46767,240985.9885076958
72314,196066.90436778375
53253,85194.21836756576
42174,173908.13886459457
146258,117003.85606043629
137466,85346.9985811888
58955,77866.48017623625
114388,149735.8824658819
42584,245165.7648060203
18946,294595.2971138114
134138,191322.3804033762
139130,273579.06423805206
111091,125888.66198521695
118373,92171.99715716235
16611,214101.43601292407
58439,179490.79353920274
42500,219704.18277447447
58121,118068.60520763921
142752,98148.2717197596
130070,233873.89069782617
34309,459485.49971331574
132943,452906.1869851494
46891,167679.4872012065
129238,355796.42522177513
121248,140310.7723160893
22380,179526.18063271846
5235,159613.9248527389
140791,129465.34070439739
60289,94461.02307279219
133175,169811.7057047803
51142,44738.151150103055
112103,166218.4923072731
55595,91786.58719469962
61840,141542.6051340951
37269,142848.5278802939
57989,413384.75821031944
52373,130716.92133198594
47401,142226.89724677126
82125,247927.46558710228
113393,137211.59106998227
17312,202169.1833670745
63990,120161.51673374051
118117,185918.44485956125
29850,137437.59356131643
130348,95951.4004726348
139383,206264.65768982706
43394,199243.55258258543
57180,64324.2371652592
57006,548129.1409038871
59750,106986.33369099014
11951,109838.56044579804
140665,251005.48574013208
18136,68451.45169156676
47983,178010.31330899795
132439,59779.4333654526
138249,114118.39055121513
69821,273236.0473386811
46224,42753.44686498558
16751,111789.31600240376
20319,181412.8369234918
110873,47355.300775767304
56328,128416.20793081514
28414,73160.06264385865
34783,108659.21610330476
143479,116892.76890280434
26416,81737.36709648304
36554,310033.13369217986
50466,181290.93806240807
72993,230016.9363262296
7685,313740.1390414973
63927,115150.59939493758
143060,196077.90386518277
66493,261180.6750201891
27173,153940.14329966146
119496,354534.1358567107
65983,228454.6692336516
8541,83726.47688686266
121542,210087.93153340038
112383,84958.91489416307
128579,487462.61711668957
32572,160794.61844315386
67014,192469.83429750762
80763,140060.70674624012
30708,586333.2199281234
110329,92564.34679945384
130963,114181.05893955407
34491,45978.791516882535
122397,72201.84037193484
4863,170564.43177993043
59962,81586.28889957238
126651,174185.25811983293
74405,90203.36997054989
126316,153036.67758415622
118824,134989.65415729035
116301,133716.15868381452
139743,218502.35152700718
16682,520042.9873074591
113573,293630.4576286647
110909,150107.12454330007
137278,178532.5139674256
25781,76028.89562957882
128301,66126.06474625746
116033,126404.16268572159
131273,168207.188323072
111730,81192.32710568458
41321,194829.36342092475
110769,152639.2676143997
76607,574059.9575066861
76213,184564.86220415647
23554,133315.01498595293
22897,92346.22509787278
4258,340882.9732400712
78912,174433.5761459199
77398,181046.6403078549
24343,160568.31713262093
45772,49234.06386207661
64614,144750.0959327044
122398,389055.37028209434
133872,160750.25623656347
69240,233612.48436901913
119629,57031.773986991946
128468,152335.45505177157
12287,376145.99525702454
10393,340641.2593104206
30093,135241.3077277868
111629,65195.856714479196
36550,327775.5755858503
53428,146998.1779641543
69254,329668.82772930886
73972,70186.42901652088
41719,135476.22376778506
130320,296625.0619019475
69107,114840.94490720084
82622,99338.78299138066
56944,52075.06074536052
62030,86041.10307500063
50936,179203.15094208633
62937,278857.0402370014
127307,143799.74476953738
42132,199248.64637898334
128209,156361.53812808666
129725,364475.1249320091
61097,57001.05413450503
27884,84751.60291674572
65752,83547.97015931988
144387,102289.9973899544
76567,116895.91446363088
141187,212045.459234302
12591,139915.24129189167
81346,149049.31524317618
140467,161365.74796146105
67002,481118.835786014
27541,159565.78398723237
27785,120412.9152581158
7414,260639.55704848052
115940,166988.80778317718
42673,95758.25169747706
44658,222523.6336922234
105,260531.55772327448
75826,87094.9119158437
40822,82220.4967894678
33887,64377.90746181106
24631,225079.53333216227
123294,73028.80678483147
10199,107590.8598355037
43862,186628.72680528666
140404,165870.87105075462
131270,299953.1959853632
73181,135764.2061937346
67830,45337.55759218961
124814,248858.58824000758
70862,217471.516350046
140717,286077.7038688184
62883,86300.1599034816
48018,111593.19319411597
133039,229688.72544930573
119975,95053.23242595774
43867,175082.6942619168
76650,162074.64283916474
60999,166563.4051912359
41335,101659.4707813341
113718,205732.3440086489
8885,136331.913866093
146852,82617.37204352226
897,340114.76548695465
22415,92438.3153874263
123602,84164.16263099207
35022,167207.64697497897
19669,46598.75367829207
14590,203997.47605264533
39981,121035.50998114508
14687,159021.79887623413
72258,129441.84006007695
57653,162258.60635991898
22911,246999.9353257431
38265,239583.2978192223
126132,171317.41677840453
134205,110827.28092284317
18511,172880.71648494113
15666,180757.4579484838
10498,110291.99653355559
79094,193703.33417556292
78146,126547.18262068943
21187,200604.40797117335
128933,222698.7867223748
140328,189339.03693268314
60012,323143.0382470556
121973,223361.9305877075
137160,126132.9821142064
39027,131181.9640263228
18649,211668.32807649963
18425,80795.67513905866
77472,126935.30962707695
3212,142538.3172943981
112473,107648.32964051898
18771,134898.65429111783
3846,194447.1659125409
74938,117203.30943133021
25473,237253.02957443323
146872,414534.633640867
6864,95419.58819280409
67395,182639.31644781592
115328,65810.13078759745
121625,368185.5759376107
142571,241003.42024890095
67378,179787.66813701036
8019,118756.90722932029
78157,97771.14688025914
55197,272903.5197857192
72178,206830.81381403873
18686,221929.8057458924
7578,412646.1481620859
9759,120935.56068637839
4335,138540.15871239133
46054,126467.95324795818
10829,435601.87322497874
71188,284323.28905134567
73918,152877.55003202445
123128,104992.53769976462
65785,200949.06089781027
62746,201318.9114949527
136245,99514.39422888073
129652,283929.8479775387
129846,252043.11938052953
1730,94513.48326849347
111613,113391.51255875516
122638,132362.23271332035
15947,108188.28163960265
110283,153346.46891597848
121590,137687.11298174434
47710,150638.46923929342
130647,76815.94981992917
18257,180678.6812732493
13670,79115.76981693206
62638,113152.8790091438
57119,130355.64584310076
49431,192766.22100091135
142941,360305.2825580948
75306,261669.50975017942
2712,83132.97170458578
40180,69289.36900857964
11933,69839.076996662
235,394031.0858706845
33197,124312.55850055498
40828,182023.16773817557
36744,216253.8090392957
73018,83115.09093996242
47825,147529.60089143246
41478,87324.04321592145
16788,239320.41186996805
59166,137829.23723167527
132319,351677.7096964547
140417,252321.6113163696
29766,285578.4344244785
61881,162159.8163093647
138004,155571.49774020244
65806,111558.13976719225
73476,176953.18101200473
140900,81207.846791279
144350,118069.57448857228
3807,85756.24056998017
57037,157042.38735045842
20642,91825.99730970286
74420,63600.65925506755
117544,167902.74639882756
8162,250134.99709682807
117894,97697.67386165097
4069,84888.19573472763
31998,179584.71835352344
136081,271266.7061931173
64864,229754.53770354408
14805,119636.72202928655
69466,154117.6141163241
22182,171565.18023039287
37367,133753.1081515248
122131,57450.764979708314
115715,371046.16735057184
23115,69279.91491620893
29367,85066.40132929245
127162,62375.210705188634
1558,117594.84637634593
144439,122388.52249781652
78942,223375.39917692388
25753,238572.2973770609
119147,152342.59176889298
66253,271863.2568535573
67799,254363.0663460811
111128,144713.33879213818
34289,51591.732146145565
56304,102844.99555894309
43419,107553.19562189607
144884,202179.06413804146
3353,71432.4654409243
63327,151397.34614776692
23474,184646.42825685095
79527,201188.83277664415
30117,300642.1537612366
28689,159212.33273298672
3616,296271.6481650804
121770,181577.85368413487
146125,259989.8107864793
26583,188242.89881628647
76883,47661.40602959457
49493,102152.30183477853
121221,611532.3891678522
53336,144005.4635177929
130515,98970.79777819307
58304,231289.23758950277
124483,64475.868902093294
68016,492686.86490755086
35900,343754.6949196672
4451,49607.208402942546
130577,119554.37894861953
39208,394205.62159686745
12037,274758.861274747
65076,275975.5244704688
62959,144354.1069674787
41533,108415.4900398688
57685,95387.086316481
55689,54467.55210876115
132058,224981.17995108763
74360,73595.39929698981
75114,110491.97713006163
145149,220395.19635350982
122925,145010.3525561139
74691,83282.33048712408
44154,32392.74643847659
55348,203641.04554660385
67322,157859.73856217283
123310,328569.0817248316
59189,148848.0670925466
48396,112628.96760402655
7893,200068.3040359873
54136,167086.5523324691
45129,210821.6527663998
24779,107607.42414341218
58478,267582.84333277994
46820,57298.271729399276
65506,153937.03800620593
16248,155094.29863074864
136711,139914.77583321062
79275,123722.07878647442
2389,125584.87439023759
137934,76458.18552434059
7825,131183.69986239454
72896,150125.92733635084
49427,122347.51922331538
31381,197774.2599269328
62656,162711.67832143087
19319,150923.27249327296
69339,468895.33694302174
10261,188994.09874776163
134584,128841.01875112645
58387,127744.76826114827
3925,164465.3003375579
143219,211032.04165181378
111594,245103.9677496531
55870,57663.6626584031
143536,93557.72311061212
28827,111282.8284833355
28408,177846.62603173603
76461,94029.83782314757
136194,148514.36002739708
119585,160107.94403691796
12666,312128.47197421954
38823,64567.10633075716
68752,76737.21188426924
128762,67360.74525147969
44835,61644.08732201223
18056,63214.71679981001
130400,137274.37468339814
135384,132404.00882902576
22067,41046.164138638684
75295,211803.91649858982
24254,90271.58246103638
74924,501342.77729454264
145649,319091.964807453
113461,228264.4446839048
43004,104650.10372764047
27552,338891.89609837276
11571,124449.17753917692
56194,136321.90693011103
140162,165907.37300077063
135233,74671.95405534099
852,135127.55742152667
145608,208329.98918161972
143179,338728.16126824
124832,100083.2750441602
54867,120318.32622706894
121888,246294.2553633834
136220,255568.0054666035
65615,97640.58842594395
19368,317272.9190847502
146195,201942.78662352066
110593,186234.7075529753
32507,193074.28639852555
28056,264716.33566214715
42842,176774.91612383167
78700,228932.2358122688
25460,390744.3858186533
14369,142975.6003196319
122579,120480.75766171157
55923,477220.4546845611
3240,294389.30499682436
24468,564263.3856383403
117358,112382.13947053257
27152,245279.43252503348
12724,85831.54378959263
118327,284809.1660929577
18156,94796.39638899162
82777,347625.4839124194
30190,131034.81572630265
80180,192971.76980463456
71749,282128.20564266224
139231,104911.82738923939
23323,144422.764024637
49296,114308.41646071008
68545,200530.32151011063
117328,58198.61903494641
113416,62115.46358804719
43132,318702.45103594766
337,110018.36199564286
29822,61710.76734137849
39527,104265.87400492925
134070,300558.1091627927
115955,464179.08154558105
121845,223839.9732182251
31558,104232.10916039537
53248,176721.34361814335
48788,133939.91101151062
23680,340116.4567008932
45071,79956.8313100886
144711,288176.64770788036
110443,212259.91935087787
22492,121842.634818701
72171,589312.4576905199
142096,80042.66507920898
56870,357172.2400926552
123227,262913.5003778837
72167,217060.53859307052
74747,115633.33037735273
55498,287920.2783253377
34239,162264.74111106654
128194,130844.76489198388
71861,286022.8678328434
73961,87923.78314526177
49033,39709.63917086058
135531,339315.62563602487
132435,379435.28575298673
22724,116027.41567699856
7663,146615.24553781818
1265,115254.03200259517
58442,115811.19659279851
12315,508950.81587031507
53586,237587.08915002778
19047,147581.64360187808
78376,88438.2627652805
139452,205238.2682704023
51991,144711.77633997946
134950,127611.70869506913
36086,111882.86837406852
10383,153913.77717610958
124790,140996.11502247895
37118,170618.73095406004
9425,529020.9525335768
137376,121912.68842035877
123969,381683.8680294144
17926,91327.19015598352
38708,174782.10358061135
17039,126428.90131233458
120989,392380.2940911988
3767,136966.90144980256
55093,105824.65892148376
78335,236348.5520570203
60988,125894.96848703257
142671,200929.0560090514
29476,82666.12611329544
59558,309525.0897309303
74296,35051.84134794263
52148,200877.590694775
78891,98946.1382476674
127019,213490.18790374746
12930,182077.11397611478
70639,240034.87622115063
8281,126613.01910760967
116857,283934.958555505
4192,119282.73267881072
68107,144978.32056059287
37287,133552.2914467229
126168,180126.67562721827
142827,88651.16957843662
42346,178444.58184237042
134781,235581.0388224711
30066,79046.27650309067
79498,267784.7512479905
128519,169422.54252494348
47088,136181.692913113
69314,107681.78939895841
15101,178560.1828914537
48561,120001.26742415168
71678,247669.463717855
127318,85376.3791001426
122590,556387.8268888418
13556,163637.4161231579
13577,236322.2213806098
15299,208590.10900901994
33949,154230.52516090876
26638,105857.85085241837
79568,224646.45754584117
80575,167834.63511781587
12528,101661.83401482226
34340,391036.16197089077
74362,200502.2775501414
45620,282097.0105342697
52089,180500.81052004246
26602,333122.8000516264
75797,95325.7759258431
137421,182736.76409809536
58890,160503.29637011426
18539,455073.47514365276
17241,167986.01695496656
111842,178535.1911236596
48542,86665.66799767491
130087,26605.19819854852
4840,117475.38920187396
136311,87763.70139043035
134839,228274.24739809055
64181,58133.908846292914
116081,228529.76168469345
16334,165624.36982099927
52799,205323.18828025574
1339,100339.41859987078
46600,146078.36625327897
73493,218775.34902400558
32405,100297.71010463533
25865,165015.2566905353
11988,50853.504937024765
2632,176547.47572346812
116084,165522.71599681355
112835,213594.63272204195
139475,77634.78584561641
128900,103634.73162961562
137717,158571.61656690954
27859,131600.92357992337
20183,101740.53966464488
136080,446880.08930647466
42143,133542.34791060974
45222,88436.36919686993
125483,79115.02577010225
26713,277302.9587185819
77762,185909.4395985562
39322,75665.79235055365
144137,101076.93081958027
359,227611.3037748605
53211,337299.1347601288
35892,102123.80141310833
526,225425.77221430745
120914,309160.3640236496
116661,197771.28096549207
118291,261745.71178024658
138500,108814.05753974148
126159,124910.03302636964
82843,60729.94144410125
111286,53885.175021658346
15614,107217.43140232495
127641,258072.30520008513
73206,172908.77755685325
36192,77901.72567629891
140981,187678.70256635005
47635,155958.84552106145
11662,154866.63741046545
74319,189826.7577219
63832,198494.42459533346
141268,548395.6492847983
28819,463302.7909774035
143027,50213.14895462826
60541,91300.83433308468
114731,228305.92613450572
37160,187551.088064369
24786,86950.75816966905
131516,177487.26214147126
123264,154991.2311251108
34209,58500.64870017597
80324,188764.45161350648
19746,103967.17412093606
56222,291805.331392208
115630,104772.37169927033
58473,288684.0134534827
50668,100627.53599824765
31775,233405.82617651753
70168,181951.40416928288
8993,86292.8590790768
33987,152428.6713220894
14937,267673.1667203267
32172,213018.5965169987
128948,150397.75650713878
62569,287403.2792265347
121556,125385.71648523989
29339,349412.8740845291
11665,132358.53773096576
113831,91237.09491690058
111195,183470.4760730237
24328,392896.64403195895
52168,117811.89862007124
23300,122868.61596974335
119217,202539.9828947661
27392,146317.02576857794
16340,114136.24916161127
37096,118089.45404577654
120143,169760.776858239
2855,130876.60801376907
79027,95561.04570900799
139484,203369.13986411257
62874,89294.82337783712
12601,97311.38278568216
24522,158426.73060894903
7819,467755.06908471906
79564,68577.15473931188
45247,398265.1394230168
42951,352864.3838935746
60350,127742.98907628172
856,74981.78645163024
118318,58959.60543800084
67349,76009.53139282488
10037,53338.76965765998
118219,239761.66275481798
133049,85795.5912989018
110805,114906.20876213668
1294,263276.49925668834
51248,189047.7095089084
132500,179709.93386377467
16998,267733.77156019874
62191,260027.47708001873
119041,109343.02213265134
12155,55447.88515759952
15225,204835.84002889693
34372,226852.85684709047
56598,95778.01272096677
54472,118544.88225653568
48680,172262.87184852303
132732,85596.60774917464
131938,107531.50805696129
135803,87246.98709476084
38818,124153.76155641611
63459,62230.3600501195
67141,200802.7935250721
64060,92065.80798991921
33696,175128.67231094328
124109,137064.71448100373
39761,177211.49360138355
136270,161275.2772259349
63361,136585.95011952505
134231,43541.06241709295
80446,127291.0736371172
145374,141097.6751690091
80272,238275.29388477394
140660,91770.02942312017
44559,259414.08782556083
124787,239721.53288710496
6091,361329.5089776853
39787,55440.726807413055
16873,203395.76806137024
128700,128990.82606097529
80218,53675.14338479525
33009,164507.87137740155
28697,115501.1291658107
69774,79955.25727355639
21649,146676.5752402972
146371,411304.8733462242
71695,138472.72569391888
58823,178745.42126589484
134997,125502.35348892282
136266,98012.53525229936
14752,66325.41159292233
144361,173601.81725673698
146004,123509.89751035978
66833,95074.38662612528
111537,145475.08305259634
134589,61299.37880677114
135690,106167.44765196244
42198,73469.52939572517
140574,127922.18739132621
129480,106852.16403343108
21498,171682.27988570553
128517,238873.4077426537
48770,136750.5771970536
59264,107686.09116777906
63041,150723.77845851736
144535,32196.30428249459
122450,84611.03326403094
18017,84662.48510663609
44220,159606.95630256843
145266,218563.96456399164
60308,232886.03898331616
4576,87533.13065418322
65290,134608.41660896098
68711,212440.89358536337
51394,308867.2765380446
110899,141993.1902733251
61388,144781.8529127732
122068,95480.88168405302
141654,206875.8139939927
15584,88935.04820861337
134580,266778.798719152
118271,186372.19404633672
52766,98674.81912000495
30937,103973.14945924851
10911,245427.6912321817
23372,137696.74478706392
56322,488839.9720884954
40888,218663.0373252488
18828,70128.94449581079
54522,296985.98552765127
40780,82867.37323442085
123332,67780.4893352906
76061,374927.06093120214
132014,72275.16219942099
37553,203605.5343475159
56798,107981.06612465436
34932,185534.71542112113
24372,431007.28861691186
23268,87548.11514943959
24504,171627.58915824073
71009,94291.01657198634
116523,64825.87504951656
46292,125516.89745201073
114244,148372.62190603503
78075,451977.25492859224
24441,253882.86637648856
131728,54566.525652155426
120146,185505.26293539192
133100,120488.49137242089
15070,79342.57761414263
82657,66511.90693837887
39013,182160.51311276323
137718,138353.99872882388
13008,156310.7705766036
56360,102466.88557634846
20947,210053.13636383676
48321,506524.1535802011
6573,159013.29143575253
48016,297486.4025057352
136813,184698.56482372092
1886,49682.50805272279
113498,135629.3559322777
24463,51873.33781119558
112224,152889.77746912735
128755,163540.02189321927
3560,176334.6007778306
133860,179852.83253851742
31965,191988.34524152608
10914,257436.8540903847
70840,272558.1054426619
135878,174268.32367132092
40642,178138.5822020949
18207,79326.59999556714
73530,115907.39959356937
144635,310838.42634766334
77353,525927.2828242632
146847,164623.7102240322
37144,249434.45063652145
78762,179194.3969519165
55879,35419.86656816334
11695,149778.00051550957
21887,58021.92754306166
124544,154467.51159772804
61656,259730.57342820376
25799,115669.5378370245
25938,177380.28805036208
2184,84309.01722335239
53567,157742.7564413962
117896,161640.57936679796
3281,146736.4868487188
122216,194178.2858433817
57158,367543.39122249663
129,322547.901161566
20217,134599.6187486569
51499,148033.33934938212
136788,130683.46333200048
2134,81302.41874524736
43682,162045.4128124072
124167,101562.06596908503
137448,107058.90968065473
124138,88806.34945500232
131360,227489.74130887122
50614,136331.88656102974
53264,81975.15120219794
59225,77803.10913001653
14751,214092.24158419285
592,90438.8400763286
120218,164391.04528028978
141982,109288.05845237854
72519,468372.9745101894
6574,141911.3081339345
125976,321907.0320525779
116315,329425.3250043506
52409,320465.6565110364
64380,185976.5057418247
21180,378046.410975684
142816,189073.0971859856
59337,93037.8381974525
14650,102715.91334013501
114973,134800.1128222036
51004,162079.1220187019
17740,97717.51264954351
19013,156523.25896268163
126222,195292.66955629844
44422,219591.47840050817
57647,167426.7332728661
20783,509317.14805684076
33381,98067.42167051815
11616,114202.01806585531
130344,297763.0726821196
69797,205389.92133807944
141337,131744.6246302213
129479,132507.534962864
76052,98596.34904088672
146605,204881.03393498133
194,419704.8740936195
142638,195959.8573037381
116910,139026.35197629663
118565,159327.33203769237
128068,174816.4355246827
10985,138800.53746333672
79782,121780.28515680438
45723,57812.81567068146
141733,111376.3949297125
9893,175196.13487675478
22206,208757.98403935312
10381,176718.10542694226
117850,281865.09323412157
51652,116306.02848511025
135338,119947.08667230753
19038,224312.2554154704
26787,127965.26714371872
15914,221059.91825115966
3571,146626.74156250467
34345,183790.6918704632
132121,85173.89503438516
136037,188673.83064374924
122517,37199.97654265548
54002,242409.6858403805
36183,83084.46128712958
12703,43426.984239409176
122024,143660.34080282555
40786,144458.74722657987
74280,137955.35729470276
73559,161354.749077106
7812,253671.13632922055
121600,81814.24071376157
80433,192704.0095127632
61823,125444.79365347832
70354,206756.09657997923
124664,186434.60786641898
35108,151402.93667736326
132211,111324.37725630181
64726,184689.12829738876
13290,252491.87392970396
125648,392598.7885460404
122439,129968.35659384492
83201,23964.80802040826
30869,169155.907153653
43819,226953.77840628795
41622,107051.62014675364
138289,105438.0404247685
112845,105102.57785661252
9488,86920.92990828415
14215,291617.0696946824
47824,114256.49483129196
61285,335475.0004915687
5186,220326.90244009698
134608,156861.6344371072
47464,112947.41950549913
3826,131755.0079394837
25709,113252.18474295856
15343,109911.85743048205
45630,131070.10655717779
18054,572833.2809395436
57450,101327.13678527404
115829,198505.84653478907
82425,119182.62613251066
121986,286197.8547910797
30825,343190.3067108572
67544,197851.61335217816
142517,60612.40165540228
12024,260401.85158669663
60196,65524.80257154144
112087,123334.06175865143
8533,73436.700410896
63859,142817.36726823967
25883,124470.70954726188
145742,259506.0773516196
77488,121517.10268190388
46274,289987.21883923834
70278,258450.8128245179
82788,188123.81396318675
134278,169795.52894939462
80095,268914.9916692073
61742,86259.1422185943
51795,65897.64617050317
25542,100108.66072117156
62650,112614.07378487015
119680,425263.09579770605
36468,301674.1071255604
59479,203049.82790821
39424,151067.3250040462
142570,113945.68218561454
73609,103383.07857270868
69713,92410.1915698517
112061,136844.87238001556
14792,131319.28481624433
365,135604.60256368073
47773,95961.95322911201
125079,139790.1416320951
75257,158926.73005704122
131099,85011.86158646797
11038,117322.13264790957
83053,214189.45583858492
71311,102236.25126663447
81821,107883.41587971486
74536,100920.45867144782
26588,94164.46178360419
114414,135973.46809544432
44027,270350.78096857003
37344,183916.19619590163
32490,100091.14259457093
141838,223653.63311811702
128692,197546.0202823041
117680,157493.3118164535
16800,372109.8331353943
73288,105953.25621012913
118521,158409.92832485517
112007,104058.5635454937
39483,82619.70198054981
6224,163245.99358809553
77552,143224.16283273406
28885,137341.00090960014
50445,139208.04603152935
110386,130409.4596923154
63121,76774.52578896323
78952,198856.25315163116
79944,208897.42753024268
11580,68886.71059401336
68387,70478.78728864578
984,209867.10480807314
118169,104781.73274191201
15037,104131.38698396964
82169,364703.35261558706
34319,226205.83417017304
27563,107980.06942698825
59605,83755.83282913223
20969,41388.355916750974
135241,66858.30423955321
4415,198596.8982171645
110948,122281.47612386827
127233,101814.00360943467
49607,210222.13223109642
44726,263737.3205017497
2567,191401.59186656616
24621,153023.97363477232
48783,186177.9691041481
110919,87211.61820792929
15352,106192.72964864477
20369,83525.93971262561
64022,144931.73149491384
119349,243048.24252187583
115826,161708.06972808167
140878,246984.38364811323
41803,107306.45977568396
20949,103628.79297929531
39169,134460.5381034779
113341,47981.53173365583
13478,179963.9196278154
143281,117168.72234099478
77815,146017.54763847843
76127,78343.08634209429
28673,173300.2095525366
55402,331864.95086545986
68422,196278.7724955873
17951,108043.14004538802
28516,130446.99243470252
127891,71151.7457115629
39415,95798.35335392956
129517,126955.401175417
122712,153680.45315430302
79754,140064.54994294042
58331,59484.26768776436
78590,255741.1250462595
79565,40446.39334421516
55167,90159.99635934082
1449,111651.55579717254
125706,240380.84920668328
12951,111598.81225553685
69453,122865.14953984975
14258,243015.4795878731
15508,67641.80506757955
111915,143731.86266476082
57491,215849.16728799808
29540,171605.17486138135
79358,259531.8208656782
132615,152740.95991404774
29469,412453.2131746149
25832,80817.58421371155
79474,140091.13024812695
48809,97239.73514077032
62985,75670.6889130542
123689,93014.28318037608
14352,266961.8364076859
15530,190674.00956039812
114304,186303.51246116194
48723,181337.06714380262
112614,187506.4573620472
138414,241101.8111029337
4134,213364.1702738338
127781,232122.48142377136
60291,92845.55092392996
131401,87711.13068367593
51367,129371.08892398767
68628,201293.73601330467
35369,107702.58501049526
28111,263004.6620395119
18104,77692.31049023234
82722,228953.3634981418
18694,458265.0690486535
142414,105624.10422167003
59922,82316.92998205053
559,277930.52570841927
4755,102009.56703198883
66112,138290.22997169578
117218,151825.96389768695
143789,181782.2473378305
57142,107917.85122404128
66210,276258.2341242637
56988,150558.90585654194
40132,164524.8476126769
76741,384953.88452867954
32090,148425.93054582452
5575,109445.65068856603
18589,144499.11195177955
34437,241175.3781423904
59794,49252.05000504791
41744,108959.60382248863
34732,184793.06601215235
26650,61232.810910880464
112216,85846.19438412169
69127,90692.11880605898
19283,181680.0528345366
4460,284723.8767884155
11945,59251.32854578576
132616,175397.63805427766
26410,217311.257537735
43590,448897.3714873356
119203,172326.1369533011
140749,258734.98789959901
32368,187212.4235845472
9487,104279.8419608134
4675,195633.3593069064
130092,226014.15379723825
16252,234337.05220399727
143622,143864.9194789444
62935,111808.27254565578
39153,156892.0870627157
114374,256680.68576387217
16712,143501.1691929485
13872,368069.1224925781
128219,199637.59315200977
144472,89386.63595769843
123197,115598.5804035087
142440,108964.40353974147
58760,288453.8405715595
14274,114805.49763074593
9021,85017.86304067903
67196,54582.798145697074
45614,102564.47705834493
61621,172281.14553932042
33059,65337.425202233135
138766,76692.62182833596
22907,173087.4128729616
146373,160952.9401911385
17524,279972.14254364534
119130,92545.17846904186
131977,86703.48101778606
15958,175405.85181717432
72783,253738.550175299
76593,126739.37658431892
114426,336605.08417785936
110359,320987.3247394463
113994,151122.89864099084
52857,167454.79078712148
114980,264866.6595451591
142604,167745.85875947418
113171,269675.0675926971
127529,159832.71022945555
37524,230143.52627340477
69163,139342.37769383113
56884,95944.19408115649
139936,122075.8636721386
80535,109787.3556189948
145330,157896.5454577695
51090,430947.5098609574
20552,196141.16702450055
80837,144497.37066884688
128503,248642.5247432937
2543,164527.7555820929
77354,255698.52771721804
17373,305558.1644461885
28323,89838.16730225005
128132,231865.27517171943
72505,175132.92903812387
55277,77032.15192859495
143132,220969.65890760729
145104,117516.55316258619
34629,128339.26697086875
56503,107813.58500378477
146323,160852.18537842747
136864,250899.00821214129
80640,217052.79167299828
6231,91151.73299712571
146638,231261.93758064165
122132,101139.12438209083
27176,97856.94146089644
33766,91352.23857428637
77142,272026.1828148166
49935,189004.5517097307
79050,100074.97442489817
75250,105272.79287075638
20289,146073.5047047679
124355,100846.89917733095
64481,275177.1305062412
127951,39461.31568126842
129074,88240.66898463403
141087,214399.279941947
70935,178082.63850170907
50224,229005.74485867086
5587,84698.43535967819
115085,91718.16875129865
142913,111336.2171199267
129880,101739.42007505118
76260,268867.48878025275
73794,272769.1487430784
78266,171268.16489385942
126594,200918.8831737743
136127,290244.879431695
29888,365724.2765220065
19760,318819.285442815
63337,280714.1517731101
14705,247941.36810615164
145093,94344.75207881337
134266,249159.4972919001
195,187868.2462668899
127474,40517.72268957479
111400,75759.95107571244
125550,142375.8023877831
2998,150646.4811852557
68247,62488.12837955341
18495,318497.2837119855
64098,231246.80136961362
83091,322504.9867996454
16792,120371.4277438959
146220,289625.34352288325
137418,132625.475590441
145967,219833.06959786845
111812,165887.3102967958
40987,74219.04389691487
128177,124721.73310124589
47677,515981.49552554206
38101,183883.36159381844
74323,262688.7887182211
30277,218447.230704299
56401,187455.3535552219
70132,81550.35034525814
131480,280035.727856459
29576,85434.29984742975
116574,105706.61824191202
137498,87682.69581981628
37996,120757.041082595
111872,305466.7436265659
41278,80537.92228663883
118808,200510.1800263725
25906,179712.34311984765
72173,65571.54453911234
114987,62070.917244756514
119512,100310.16699945982
186,170079.20664119907
132213,178425.4423424576
29648,162900.96161615237
117755,265458.20564113243
130739,61634.64785927607
134930,72671.71924761595
18221,152683.91897900973
144227,340423.6216477683
17731,184286.0983354497
16781,650160.4498558197
14627,273785.155150685
21509,124958.83413537157
44454,266233.0401877722
133869,77690.42894592877
79827,152593.1764894309
111805,122580.77270085471
141410,132003.19914185762
141969,158342.830064957
78412,190461.91018582467
145068,392822.23752686003
122597,45683.351618667126
142364,163908.033043383
138859,59785.165677714394
27132,372050.16204726766
114897,218768.1996469185
117594,236770.0576475109
118189,110829.28615466409
35484,322012.66171336366
123546,93010.16463244341
73903,155228.41748818607
43110,186424.70378171196
69881,64320.36551972058
1568,197287.7076870514
120429,113307.75688417249
142512,79881.77194899599
73287,295514.22130234964
16462,162772.9576293918
74133,94381.74997176728
20507,106865.35805659766
64762,255703.33222662233
130364,150851.23353515
126549,76169.95205172742
12021,51479.167173607595
11097,75575.09733875247
69302,161977.68095640696
145495,211433.71308258467
24344,128428.15039799709
7278,202936.31937357225
146742,73460.83802908233
134972,144228.05748847002
132648,164117.82796690532
33128,225699.64469186743
48398,246828.39330925647
120671,114868.78599989266
125441,138951.21404300252
136934,148557.58265115583
8196,252379.18172606872
25657,297696.0319796287
29394,263997.97113918205
16106,224432.73521141807
123761,130809.67054207643
9114,242495.99844402933
33893,387584.2043408301
25946,299165.0629886305
8892,105302.9256612497
48064,242610.11419059176
27360,253200.2952871523
42506,136171.68763525644
26703,100651.89711637949
74336,310022.5198381828
22441,99025.036569066
123930,92793.05463987487
1113,220314.54666431638
69437,189098.6725820402
127060,239857.85840887247
59696,143703.98373081005
71568,61795.56970902017
143016,205656.5053184909
79613,63935.785704619644
12195,195768.44685063517
57403,118181.47299321539
3991,249190.88418290336
131794,251919.0513252949
126563,108428.68169228657
117242,88346.04422812728
46107,324381.46570267656
129363,206206.79451990238
66366,168639.94396333065
132131,99029.42137639795
124731,99117.92668282497
39143,220706.52089302283
125316,166479.81125225988
117838,336662.62967417727
64232,110848.79950665575
143407,58462.46578873749
126004,153841.24530944804
133564,152923.4460695443
54328,100929.08298620205
50045,90587.19638937153
1625,150183.97005344456
124391,48071.5407718373
68031,221925.04601825756
32915,129405.32118049837
41476,204957.98749449587
48455,198885.28455975527
119356,544605.673871886
140278,190548.53956258242
112045,103435.93283061296
42222,205468.8974500306
117369,188966.93190545047
57063,111863.19388942371
14949,470066.6259369987
124154,177441.81518414966
2359,192391.21150575086
71808,95902.52661749406
114944,146141.97095331486
138853,213670.43994175573
37262,322155.90096388373
116166,201837.93900600384
10221,85234.85279634909
4462,121018.16770117282
61442,104467.037684054
26566,142250.42170179513
146559,175812.89556049847
57170,119913.57187870661
121654,246461.98641626158
121203,100492.96904896769
3467,123726.0104002899
37141,194271.73739287042
59206,90300.04203876495
42145,284496.96213680506
26851,107968.61872602702
62161,176241.33855644602
133690,172593.42143432252
130151,164710.5021806247
8250,273813.65399445366
31155,133688.1344955819
125273,309099.8410638721
10980,123965.30666302792
30716,175935.1020756316
22457,390994.23368188145
14904,94305.40527109057
41354,171462.01385082203
140205,196425.34443047977
20781,121718.96884832089
46402,401704.76848345896
32726,67811.26046408227
63022,165806.5309552515
129917,78096.12766661224
138537,314726.1070151579
19745,70156.09706101581
141893,105267.00378017113
4834,165720.8853803044
81060,95868.62660560402
141261,364153.35773245146
50811,111735.04719720173
19186,113202.56655897078
71881,137771.744932026
28404,168580.77173452647
139920,61721.19042758879
132163,109243.3994844679
145311,175283.97358570548
118697,154920.21204915398
71782,240485.49306359678
112070,220581.97960690595
21808,203989.8615555694
4833,126182.76791524561
122785,82235.67506151156
138384,176602.73683360982
8493,104713.9470378212
119591,91265.88332764324
131255,93510.51880686099
111969,112424.84711625935
51204,158521.68023498286
131622,177433.39950031333
66139,69819.28571891267
141370,244295.13200837685
66741,158717.23328295472
43536,246608.5592516329
10022,124636.4233166165
133932,65745.4410805693
24255,183257.58688601627
39826,81774.24885474518
122045,118600.71722043837
142584,82151.58859294669
137342,94848.83439671839
122275,95614.4325419739
20708,105453.74835856707
137063,204833.6000463585
43747,155731.50772341737
145938,109924.5247910732
34649,153517.34634743232
42128,290794.3442629757
51952,222125.5523780654
22839,102694.54443827983
26193,118298.02549035574
40122,111113.14297399436
23574,46545.74631316881
371,166398.65988329524
111602,174621.96370288072
112729,50720.29776235297
128045,178860.35566520444
51242,39156.34311083708
48789,144270.4366893597
35091,160832.25314214246
22831,193581.34021544692
11052,124425.89480209263
146193,107660.85689502137
71810,254614.65962961176
115205,95820.96759638647
131813,233984.46851974854
143588,174680.34286307418
117159,235996.88381048467
119226,157089.14485194153
5966,226877.27918105084
117646,19871.35973531527
66872,141213.46711057602
3170,358695.74297379237
8754,138532.68521901872
34277,108677.22918095911
2895,356600.42661590024
21645,524420.5258950023
110384,132669.45609519415
78721,270310.8533830425
110463,56818.97915539876
120611,283621.4282908253
61299,89381.15951457586
40832,142976.70049858908
24817,217323.99081999535
20448,268167.96947341034
16891,100314.19829313195
14973,99278.18966739008
53241,93392.58170678183
112021,81869.11628622822
56403,217998.23544532416
138039,92994.41934303053
126959,246232.94838945701
54829,46341.97998684752
45666,94997.45969925915
75372,141098.911200153
38744,220933.1197143848
125576,38427.237777827555
117524,286697.98190999904
136999,176683.23998402205
60089,130466.30129964788
77918,291579.4668496167
129417,252996.0277136697
50841,180166.23491140292
83130,236595.254386913
77224,178860.29574069055
129388,73557.58687409971
122654,143971.2147606505
82026,250265.8784751221
17255,58205.88369235331
82479,136417.19453043933
6591,59133.669238977265
80579,130226.21427446339
43576,126473.55848445442
69079,238664.8124643045
9249,198750.6643502751
140465,188926.5364688603
114179,78337.57683965651
69736,378498.9770341859
11802,49467.773369808216
39343,78344.34777156296
61765,431633.04020109796
141197,170342.62139871786
136552,180993.13007451195
42213,194693.67036586042
67526,177724.14626411596
60543,127301.20668308143
73748,315505.53238154226
139517,175413.70057642378
30051,192749.11186688617
17962,103388.98501503118
140985,272697.1391263313
114855,144940.93511605385
132584,159388.90435593814
20296,109765.95659543111
45591,223471.65216314414
19002,139239.17158241826
131545,134571.01483496782
81164,266181.71079197235
115600,177816.1495709444
143378,173047.32395375494
140801,267489.5322964219
35543,174321.69772051906
125705,116185.01830357843
42873,142542.8144123198
68687,86941.35229707725
14634,203962.93811824778
39444,124717.03269396587
16231,107266.70386891002
82557,67496.30449548483
70322,88715.86298439665
65114,104955.00042423005
1361,152108.39695584215
142347,208737.70849084508
172,166715.40015342357
23978,167033.70172512557
29134,201226.1517326625
29654,87786.96123154058
72142,601886.6438029929
46547,341390.71080002794
118528,118583.78779593973
1883,84734.02852742969
8396,115450.55450724144
74903,81062.63410123189
21339,448916.444835303
11032,87017.13333733569
41270,294021.60604862816
75700,174101.59150716814
146480,657253.704180015
127024,199934.85012644445
115746,194486.51602880284
125574,147438.9915830256
49292,83951.4231989221
53553,197440.6782607011
123581,301743.0043989521
110253,155518.0790155241
70629,110182.06860294816
38170,107324.09428641979
126673,172690.03821957417
121589,85778.1201688747
65952,163302.8626093455
110693,148113.6100249685
27004,67421.42741802541
53565,262720.28073073097
37529,158263.40580739916
51384,122133.01883005307
70771,93031.32708129851
147069,60698.00062610616
124547,209437.5873807121
4600,260708.80468398525
37351,250933.13955391804
113776,475884.7603746905
142646,126270.57513537869
71600,140387.8118932549
10718,127339.70187255889
54465,71057.23882022049
55487,155418.80491437265
51082,179467.33678156332
66296,101652.78643509294
59927,65915.3453842973
35843,79719.4524286894
146844,125154.6112706571
12484,96674.8851404371
60181,320206.6683665965
54645,82177.98742814951
27405,169448.82315440054
38453,140559.4727265437
16438,165544.2572139736
55440,366253.32292497635
22882,126322.3825912227
131632,115967.99789792733
110465,97264.26199189143
82194,129164.14476415038
9861,180656.5112598731
45828,313068.94619040197
120952,208290.68940013807
111461,150761.222416959
26947,239085.18802013336
46711,53279.0117090381
46303,140391.10564916284
124387,323949.3783279217
23650,146547.63078864457
48678,204167.78485402523
128054,99867.07798502277
21798,413873.94250143867
61067,261912.6599224978
114102,274048.6110595366
10344,181283.36658070656
142330,99446.14910992672
121095,217009.79459335143
112300,75819.46317274762
8029,214975.50224055006
33924,284833.8152085829
7957,166583.35025489362
139585,71197.38673580022
68569,145936.46886003923
24626,133466.71939173888
16036,145487.0038930342
79365,46307.26330445537
17237,60966.17051297913
64359,241038.72098574464
19217,127940.6923504804
143517,79543.31326933707
59707,290553.6227493392
110777,44366.8626699873
15033,129927.93302723975
49237,154256.66906444787
129300,410618.43214031996
131451,98707.76933529854
5421,242230.08712577226
46517,208875.57909363072
83055,131023.70808704788
16126,197244.578381362
73149,500467.9019039378
37135,192153.41938945928
78842,179954.9388577321
43805,289477.96052116784
58194,126414.3873062714
118432,78359.10832470145
27662,120541.37188824202
25551,79684.94887365651
143292,156755.0124162577
67528,91202.3057786172
54250,226115.29932755878
43284,194459.81087493655
20245,200585.97967891052
134662,180121.3548247605
82773,56982.18811858515
329,144094.820815277
128736,89205.09079581668
1962,212861.1316303665
29439,250923.51762205327
64068,799050.5384738055
51580,111543.58114388894
11400,111233.01610187405
132066,93377.34306315228
9107,327228.4412430956
58432,109192.94852685092
19996,371311.6064708533
61726,132140.86026149453
124560,208919.02943986526
44881,144859.91572252175
141010,114139.1895914893
115591,88054.80872487821
142001,190029.2324397794
119745,188507.9833282226
37550,407767.32140111865
11989,41230.217539488265
31485,178509.51580694475
15322,59499.3074432728
131357,189054.59942079656
174,303631.8489046936
27153,194491.1070203037
79601,170145.1985956781
3586,172206.78553084354
119216,172820.51667774617
140769,173224.53710881455
60250,103674.2740513306
145528,221609.0481579057
115575,223272.86058427792
137923,284839.665144685
22864,256531.47538018
28399,362286.7296075743
68649,205557.77663328435
113042,162601.91243592283
57061,319401.93445350684
120439,72050.73737706814
61696,161962.17682545085
65978,60697.632568218134
71832,459473.7454642183
24728,115762.93378692729
129449,109269.700953463
57601,63088.54227741057
45474,184334.36739055475
124094,98776.10572395704
16148,188198.7354208536
29551,498999.2600800325
28006,110295.41224145988
18862,159869.81337337586
2626,437727.0621236041
42421,172022.28972443275
24775,91380.90266746847
68531,94098.4680418537
9605,138944.32594143043
34343,95490.42161554378
22172,86343.11039906344
29299,139566.6089729757
61810,98235.44268439243
44099,265861.3454004746
39760,175115.3923943896
18772,130277.61476833928
72439,104359.3200294407
21676,311952.14534878393
17343,280660.9779139812
51750,138919.0813405742
23039,255148.54973767154
42237,253676.95146505715
22708,153353.0088053683
53024,195371.46974924352
30603,109758.9073527611
55166,602814.1119806158
81036,317370.69258389494
12857,188468.22323698006
22878,418393.129753512
31123,131477.75348472391
65186,153965.8633010868
67068,142056.4760103725
120576,97005.32191387471
41203,166849.54670846998
6511,203030.79599557904
139879,112129.77454533143
145004,176438.38313652313
54907,194907.66249048244
14124,152602.35254940842
68246,55958.08860585469
42969,118549.98438999495
138033,121528.2651087876
60788,309536.03566035593
15975,112341.36177242413
74939,73591.48099131105
57410,99894.09455164356
46333,81004.02316401144
24848,88657.40290595588
56915,132469.45704468124
140605,152560.09043495872
136941,396593.6766357756
40096,332046.5130719515
12783,154512.97338077583
45597,461169.7313873938
70231,109550.29009167296
128260,79815.0205462596
81842,102821.04064380054
124472,254148.96351352072
117804,148805.78364532316
58244,52385.039748702286
47586,187182.04536985257
142781,84805.25345547756
67281,181882.61017276658
130549,227728.734891386
58922,136147.0216159261
19231,38366.87657656947
20227,293769.49936781917
124854,114895.82201704095
126774,287258.45810901513
18992,136146.44072691552
116295,102801.56776733915
12814,107597.16690901639
14456,162458.22539216815
75963,168801.3788111587
4993,102338.09684705347
145720,92365.37731700894
37283,203435.46731074213
70984,85096.99508929625
50230,407278.1808049929
122682,108888.30302404871
1454,202872.77503258368
173,659222.8841064759
114910,175416.33408060297
135460,149019.92160500088
128639,221162.89022048176
47279,170893.58168176445
41698,449258.67698996956
139978,171448.37171297034
11964,64406.81663909338
37645,156118.39588876977
72891,142314.87255806822
63424,105761.6884159979
39783,260177.40185104145
23131,107362.8419341326
12986,126251.59098785339
124606,37868.433316023744
6003,421647.02404987597
32198,242007.40785940748
55666,134924.73720316216
31297,104542.85480592505
139598,116647.44957414537
28010,532048.3356704423
4911,267074.0277169134
3495,184367.21363410825
68499,173576.54589712658
6865,133382.80624999382
127560,306601.8863021589
58871,154162.27398179233
45466,140976.10294718828
145546,152795.47203195223
67368,171832.44228800642
75005,104407.26242053264
38083,351689.9404579782
48431,140084.66644671292
23840,70339.33295679584
27978,165042.10864556624
10322,98634.46847408298
22157,110128.83172057343
136319,185725.07473682388
38538,373203.21386325004
14817,153883.8900798225
123140,95798.84317648473
41608,134695.00056542532
145516,557579.7615744104
13770,253234.1731400882
69799,174187.18745671402
37064,409298.2538598608
15087,96171.94483353516
68583,280913.79054928094
60129,212555.40899840524
111932,184077.06968178382
4852,107342.72379073547
136439,176755.05533447897
133125,132027.58468819916
10986,103840.6153875555
67867,141930.10309732275
34091,174515.14483363443
111323,268027.98807742225
32751,162921.00411365423
33086,190344.59836640971
81692,93272.21945399018
1719,223083.6997690308
57028,355416.6047657103
8765,195054.07029558986
10731,274897.09111968015
59495,73602.91546260474
52919,150210.79938761255
5938,143120.05101378128
39319,124172.175405391
35640,136798.72603360316
77911,112667.37234451101
33941,152029.79600346182
65633,223343.79076009145
18899,145592.6363702538
32072,114632.35923695768
44244,184220.62683520938
32967,184029.93113252067
124304,92119.90982397413
112402,104567.4856625528
119470,59570.80483177342
68741,144157.2184054726
64886,104554.11638746777
23444,92553.96441232522
17089,107044.49135121575
120773,282025.27159210556
63747,157780.99945260596
55448,97443.29175087209
71685,86360.13107127286
52786,198521.55408235505
115832,121651.78989576765
145016,166430.99231119617
29265,97980.01957171335
133990,203258.76875684716
39253,115551.25354365617
141406,181295.46553887575
57734,374629.43217354495
61094,76566.92538848589
16490,145165.42747506307
118168,88327.9273729339
4074,457623.07800348534
76571,149485.8599684034
38639,403100.23704193713
120392,203069.30385568654
54312,38975.40008998176
124308,88866.39608008935
41322,71568.8163999144
7451,160100.22340422135
68113,335011.86377990595
28139,561336.5956175965
37499,428159.20531056647
15254,109638.82561755134
112215,169448.13776270038
73671,457303.3997569111
147029,391330.46907966066
83071,176562.46070909998
39438,62421.06330291032
138246,219346.06064462045
127158,111052.43044940222
14544,116007.30453765718
120173,265175.84707439557
5964,276571.70330975496
42138,98156.27029699732
72620,189662.6912767718
60254,54118.99981603667
71051,187975.97741611433
42928,205193.26521772787
136548,110069.98293111644
142204,151413.28292264068
114494,68520.17246963982
9301,180271.1681763469
28975,151548.1151252953
26781,112811.11379582499
10659,149677.18998272822
47308,280029.81801998557
132098,197080.5648562187
114582,102807.2063740354
141929,151936.46047538822
130736,313145.6279618412
65039,88704.15449806473
63641,173782.60623643678
83181,317976.0527981294
39409,183689.6119698488
31758,286211.7893372058
117260,100415.69005534408
126165,153020.4063732405
20366,132632.44864037784
128172,145881.85293284047
10096,163334.96067805766
13758,270816.35290349764
497,155310.12347541956
69100,345281.9634646608
9800,338103.6512486676
128285,129599.02212798988
15979,296015.31086749485
19798,84673.55225921069
141128,217490.93365469563
2166,146157.8784868539
19968,112928.33159512712
6142,160108.9428589582
55960,179962.6274715274
11450,149104.43004757044
65170,128597.95054893833
17993,272013.7310068044
52798,171536.2127127889
63047,53767.554405028524
42286,86583.93303933485
67630,157004.53895375476
37301,144206.78829619
125072,164000.94594824305
62697,63202.03049285571
34925,311170.1956061984
120552,119721.59646455855
33325,275028.0577593972
142147,60618.67494045767
115898,116835.02513640052
51221,187211.59588709375
17890,138512.51242738432
116310,169695.05741719384
51044,191362.50058572227
74396,168571.78852797492
30973,384120.99422995537
43612,217413.1135534744
4724,105607.87561842395
82896,311823.0243901021
78708,173820.84408099958
43198,182571.53246817592
76348,170736.23853706208
77466,286555.93888645805
5422,161152.92374227065
132629,105093.9224732191
114085,111562.4838494876
2611,95834.16766968272
30794,423042.610893602
122822,88623.2486987895
8639,241860.1898416563
42544,224519.60116870416
139448,128284.57382517989
21311,100966.07407519227
49165,116334.65863790805
4811,154651.58467290914
9485,356130.66872772266
20916,250398.77596131898
144085,139588.61549674778
44022,107544.13029440839
72591,67646.39059701815
23655,116251.5717162904
27391,239994.989577464
60777,75608.52462843072
64741,44279.61348347137
112485,371578.0878144468
142602,110461.27532750115
22440,97516.69460451054
141473,124520.94862940548
79585,217643.9315738857
141144,111104.95147578348
15142,88753.25029235231
119523,326676.8113686401
125044,64659.48630056683
33699,107836.88317019149
128479,274678.97773990314
136313,122250.33345992671
113320,144501.39082058598
121210,240361.37915600493
4941,92780.78511481073
73352,78585.72819391379
45919,179639.03148421954
134067,100961.26388548531
116327,97360.22824430841
16237,180504.06412714018
142622,601871.1874844858
114081,340095.8527585443
17810,122529.3612353184
124722,361912.2594692455
20089,104082.81457371445
77431,188258.16969792827
28479,82135.72400030968
36642,96390.52504618885
30980,290129.98909712915
25081,331185.13710688206
132365,93548.63133050194
145874,117068.18586724164
137019,45162.836263848214
51334,86562.61859825008
12016,57425.772455761704
7760,227603.29739930734
116927,145720.138508095
117586,94968.63044523957
140270,79005.39105171071
13055,189331.27369210048
48595,142807.13883121262
111684,189146.83898395437
81669,225891.2006833434
82434,72573.8614821494
19951,158903.49165409425
81820,141695.62872886885
66509,114347.57505063785
16992,157416.56665760448
46377,96646.23453357679
83188,110836.70289432927
67837,184488.59902235324
115067,93242.15240904239
127393,39927.72591712702
4832,102667.79886268263
130833,305075.69496149314
112967,411851.49531245144
14760,176924.30834289562
141807,156065.25954046217
38965,124545.03027793774
52215,104260.4018692877
12582,145503.7559037337
122860,201902.50650474816
129796,267529.7922762662
136500,224115.82592586474
46239,158555.3319043031
30369,102102.14096077016
130709,319979.6996571923
144577,246962.09841162522
17013,303127.29085513717
11516,81408.70269317961
14212,223412.05638391344
18444,143962.8827984823
27594,214210.83048340058
15740,152948.8708407138
123943,121590.8261394773
5105,145594.08511295193
53143,194275.55872913872
120159,231712.53958535517
36836,209423.44942743547
135723,278844.9930851728
82916,85617.69822270985
6382,116474.41288315199
50225,251551.60945271084
44651,98240.80277990884
64291,298149.6364681687
30115,174962.29552417237
128558,155354.00492352503
11453,103341.9476628165
14244,153217.26700001463
24680,103371.01462479343
123125,155819.89130586752
37239,126337.23361690796
129435,94832.93846518357
146076,262458.96459929843
12747,144160.00242225028
50433,148866.90017083564
140408,85864.7595389269
13167,282488.4984774561
145533,144114.9706497599
25384,87982.84121631901
131987,88335.47396282823
135980,107838.22061584987
135942,219298.62022456387
25169,92543.10691098149
61564,73901.78420868862
36701,134114.06253197425
128776,80328.58658753091
66406,115948.01863973076
22735,158076.40765413726
14508,171351.78182307025
142164,66645.52506346145
145747,265116.30531869276
143726,154558.456414234
69189,90367.56868585115
40918,130307.87323357891
144130,61805.585416248956
134030,300279.60108574794
4734,105067.9744821066
80199,168904.424537918
44179,241778.16697730636
17781,176702.33670073628
127495,381219.9960027126
125821,252244.44085055887
3352,222562.55499094469
62752,131536.16873426817
13105,68080.4655103583
43638,359812.78308261867
112014,85567.84401412649
111685,139619.55102556688
121151,112412.89512739662
63149,136237.35488224955
47604,103887.26872610612
39863,293357.2599231838
130696,184189.80975393968
77357,44680.1521927738
32316,240392.1604562431
121619,93870.61212554699
25163,123344.86980397737
145072,148997.0139945349
50058,73122.20217802172
127438,87709.72967805705
129009,128221.55023305293
32552,132881.65872295434
16991,135542.2230042458
68814,93243.25369895877
126596,144355.25798452925
41582,152734.3520937818
81705,296170.7042287327
4289,132534.81207707088
54630,210357.12445433688
36910,93160.84298037033
54426,180461.40590754294
143958,234208.58836301434
131008,159159.08200227912
24123,75255.84561591121
6674,52517.253352148015
41638,260290.46494774637
54263,151554.52532900005
132255,128778.92934025804
29357,151242.57576141786
73217,207222.94372858934
16658,84147.5911061551
69833,132769.08134937126
75645,179673.76997798655
19080,117202.82093928682
65856,247828.5143877454
46880,143893.77652627724
76154,102165.3369781018
110514,47492.709033677915
67801,144365.93225752848
22246,125959.42569254249
48475,379111.90218624775
9465,88763.19471914819
37613,327390.52721663215
70403,62690.50471538522
80941,339525.62506951083
127010,249777.7937749074
127513,112434.4069999616
18159,181035.60224151643
17612,148005.19723583828
128272,157185.12574568577
112442,88458.81848162341
73302,140196.3558091876
122434,64190.59574671578
72773,160932.15091733186
130098,140089.28109577752
21277,148340.93822784262
125602,247205.50599666417
112329,216912.65600086845
122983,129657.96783497618
70969,172189.42527816215
59778,251657.91047221294
8747,111790.47534376272
129361,177792.08953712988
15660,210217.79439582778
41952,98783.5106492901
65943,106274.13237295258
62813,95536.5730202587
4306,259436.63958791166
64983,281189.80512415024
48338,116977.57593486413
13998,100974.82812083059
33008,214260.7039059922
47475,228979.60356278974
69145,127356.96166003382
145246,169724.87645737565
35548,138314.5439546066
128207,236591.8351698714
16590,204435.96816645423
6761,69585.17476814294
121863,65756.94844643096
19133,300573.27065186296
19361,330336.5289591907
54095,252994.61304050533
50402,315028.78143399116
120701,313876.0672640605
132931,301655.0477656106
116290,230762.3322480729
17939,129320.27763783843
40349,99771.07366125537
130730,86906.28423491496
145926,182405.9617239385
9915,264008.57749635226
9113,216052.60808477312
5534,245993.1414082094
3337,325452.64902949554
61108,172548.52128165445
60520,114727.5295996072
74237,180713.72650895262
6077,196672.0900271836
4118,27867.398529091402
137291,201165.26491958846
33595,99468.95972531826
125278,154934.19807368942
60807,111213.3440183824
69942,178963.20412536262
41785,104048.03018818333
13665,69036.11595494277
141120,305305.86819313356
74115,37818.32538377758
60042,247833.04396866375
116776,55013.625872456454
43086,102095.41513385208
124458,245377.80365455867
50245,255766.86002656072
130556,110685.48904916811
125510,140124.296614438
113972,106038.25980931544
38859,138395.71766772194
41815,153124.18456517908
29852,93090.40163330901
43623,159562.20404585442
52677,151018.6232352956
74967,204809.88693162292
70554,322909.8979618559
142537,142542.85708536263
145238,176737.2978733285
115752,105165.74597514581
72536,139558.3356223342
47233,136050.0849774541
143938,364158.828468286
53702,178642.70702567347
21066,123397.27700986389
8808,80852.93174376519
146184,165278.76845175147
35733,109702.43565540828
134269,216339.8113838978
22133,65008.8754588483
7849,314189.91729194846
80661,339233.83913923247
134288,163406.86872638453
125828,214491.60605349287
13398,172949.87824480905
57558,99635.18501728133
72288,82030.54095559829
115769,65997.04300768564
18673,246994.81156854815
113428,160166.01809855638
53121,233373.5876724007
38099,369162.92228625127
122611,175943.59086118024
35918,176830.08031305645
23,243056.19464267546
43564,54248.58932209396
134648,161768.16093726258
30134,405819.11251381796
144341,57630.74167253796
43572,71843.3825152133
14854,173902.0684120653
122218,233624.31017898966
146795,138950.54286868064
141905,116768.27758484292
6520,232963.3965737222
43799,155635.3758197502
126100,85646.15332154551
19112,383417.20013054373
142491,280115.5170614163
137820,197426.73061304796
112210,420431.0899583026
48063,87873.85306382326
57669,127954.90105497523
68611,167467.9720783925
114272,116283.38556564307
111026,137686.72709508994
82439,149706.77666096424
15573,155230.4658373904
6730,63902.30555550644
79813,125778.71849439293
56286,107255.79796585717
139244,171574.65489819009
16228,152376.9064530523
123079,90543.58326139703
77803,269736.9874800238
116255,156612.76276406628
19516,124724.91330103629
33588,112732.55312969936
116614,118358.16487095809
110497,195883.19556302315
58332,95973.46178270134
33602,80899.91286353268
115149,92253.76878387947
113812,186360.19918481723
26254,99431.6909886479
123601,210209.47928605098
81280,249466.13429624855
58362,66469.02220630394
18068,108483.09452517555
58000,303606.0999363883
37433,75356.46761566025
127476,101265.96367495734
128980,225712.92831924575
77660,179773.71088332514
11140,80859.04801800792
54432,135084.61770009052
12384,73686.21569297262
80880,92637.89618501664
125150,247332.97546637303
60363,175694.56390797038
18291,189812.49078426513
66829,255590.09648610267
40675,262232.0775474423
18769,187401.52295035444
47937,96443.87599104115
132737,58923.000741825585
34896,128662.29126105458
76193,299456.76350297953
27539,99412.79268122782
74430,86091.98972504717
72527,243759.91340527445
17100,73807.76475097661
81947,250303.71497106616
63527,144109.53966017236
137156,175515.66548669102
126852,120982.50414813074
26505,85205.73906337755
13870,107322.05979726043
43078,427891.5576982711
143326,336464.44702964125
44327,568646.0273522335
9656,113342.97348028349
68953,223571.0999005281
49070,96303.14408352434
126896,245000.06816508612
12624,108283.13752103508
112334,95290.55168282974
15999,192271.53340944753
115946,266559.09656276816
14658,333565.65842255706
117202,235482.48057104
73009,62319.9875687616
35697,37594.62974533229
12877,247813.98681395256
143515,319783.8570375344
123683,409604.302877334
51891,280326.5404482168
4145,393271.2065313413
124205,178614.3550494096
26990,195826.259220991
46780,198052.7188080991
136050,112039.97230044573
65744,92411.09558299305
33612,169597.04845678297
31973,442899.6977025886
62817,165736.87304854987
114144,121691.13603172192
79323,416469.4493109212
27794,150847.2128539206
123592,239610.16100874296
17892,188944.0209311889
17415,261001.22051057342
42092,174938.77896793088
76447,77387.78637842959
55043,167265.46534867748
81761,139879.5131985325
135806,99900.90052136211
119517,101422.98764534552
41777,211486.03286804887
75836,106303.97037309349
49544,185868.07001196392
59918,130058.4174594671
71669,257230.83504002378
120977,192080.5094280661
5187,70009.1848912343
47575,417541.27260879776
79307,275492.79055448016
29911,218576.55626302288
130130,165083.3154390739
2837,561605.4820836539
80075,200191.11923438875
135209,174521.60170267656
36954,280769.0073814169
8242,201661.41158635356
28360,131639.64872778996
69311,69179.57094535933
15847,151865.90404663282
43816,263848.605139182
124475,221336.75769891305
142787,71514.67019662865
140394,241946.91326454072
120758,56680.04866177714
22461,118966.9048562324
68653,118107.41266866069
20542,339479.1314133323
13127,171086.62963582686
121119,218119.21833155578
54243,158200.24641247542
50215,164790.77289118024
5166,43469.256130541915
57490,262617.9275457578
13153,226408.95999664965
31851,212210.18176130916
40564,207623.3412830993
118094,504977.6766237753
13449,145328.330266601
48067,493841.0924753925
127187,237025.10853473056
142962,260472.30618366448
33470,126199.75519523703
29772,109248.84243698028
18941,520684.4893461877
52508,106935.62046797689
1154,519294.1786187431
137520,190642.75522948857
6819,178455.45602321596
134982,198214.16340641538
71119,141513.36851627158
75741,130218.70350091682
111179,81857.29331491404
28864,84509.82333695907
124838,181797.28975138697
52646,261237.08827155898
112136,256975.18017965351
78781,226336.83065369684
138563,164813.17995404702
129664,130234.58019787195
3677,498238.9903589253
140184,218236.35110153625
137783,196216.45620676593
144946,253702.66678311978
138170,144375.64043986794
146632,106922.06133287662
63525,137398.2316145516
19571,192092.24326107913
82821,121655.21635318888
26966,182043.63058018225
126846,173102.32168092992
133290,134479.3242561218
70559,247021.1924387603
137365,230336.0728011616
58987,144745.84694872503
17469,231142.3416309364
38382,200599.35419920273
146494,346593.4668941875
82235,143508.31462499156
140484,314319.92105617974
14827,106350.45357870622
80314,136059.63053208278
28419,242637.00371697362
77817,98240.41521359647
69506,591785.4939877603
20751,321795.68277936016
65815,136806.2958917286
125015,126476.41515103207
130248,144528.55178013036
36328,53489.63508526989
73145,305742.5529136772
31455,104181.31095310858
37885,444410.44058062456
16839,324456.0949014261
9934,251141.43215923273
119723,93492.18608904433
19681,254431.45112453165
51130,76679.36046082404
34757,65642.88182885712
71075,337964.9505129338
134452,198393.60940537113
29374,202848.67868389538
132974,96919.33904177825
50791,269701.2830707163
61883,113139.06923413716
121565,212931.5639122048
1395,61071.159011438256
133569,62107.0742174231
47787,572269.1187111301
117775,138151.77393108152
54946,71219.09553229819
24652,151090.56031698475
135600,299013.23879351036
45294,187213.93081806292
55755,117790.20868120439
113108,85891.16005591344
25607,110153.78356491383
119212,109057.79003790529
52637,81085.80546341941
144620,151112.87705459684
28239,185829.75790212455
128352,92870.30917951638
51346,126647.65952776698
37498,574989.477340135
20695,540507.2742908394
37500,453676.3721332693
121548,90323.61463149729
35597,96894.22263210961
13860,278960.42510824965
49433,163427.48201266196
24696,106288.22236017918
111625,486055.83741919626
69848,54039.7460203964
24760,139176.50199826676
126461,212192.46365235094
45633,113072.9649291459
66965,206377.33582341712
41373,337717.0556687781
67292,117176.55953749057
38633,271530.2444580832
13362,113981.3014685357
138821,144385.53799153783
68771,420516.5619519979
113653,247121.46130526692
115882,110853.38125933876
123870,96795.30339921138
112115,270252.5880228963
50511,116780.57829036919
29365,176123.87839469436
55642,89125.1215122121
140475,101366.57507677635
50890,154117.80270289964
48096,147884.80569255
146155,114272.7853437051
23591,146372.599107806
14613,175474.51911281212
25501,333248.234159295
28347,83258.63434218908
52136,224661.21324390735
62889,113390.08381366491
15318,140748.1049846644
30668,104834.85122189818
33715,328785.2987930478
117176,138347.20039369422
80469,353039.6821788584
45174,300476.6022170754
41529,194262.17514223597
78971,493270.34017544123
36013,205669.69567571083
144725,216570.77557447937
112548,152760.7300710009
141644,400244.3777657456
123829,135029.99366836314
34431,87152.88611070356
65988,230512.65389280417
130170,451653.53412214376
142985,124740.35696533197
39724,166016.66375394375
27524,495384.6880454463
31237,189395.47150564523
59194,157151.51494295723
25535,125985.67726531302
26532,151827.83884191702
76596,117707.38258934635
134538,164817.68572267532
74604,219449.60617874048
111989,217932.3905305964
62005,43951.619604442785
138436,241908.3327494866
57960,135934.78613648677
127221,156388.58406206794
64752,190308.979275826
71263,187893.0343738861
19486,142792.86331340508
129587,58273.924476357206
82253,106369.86206528606
28203,393909.0005827157
73533,165482.14961876877
63508,336612.7206477511
138184,83459.65666664475
54010,142063.3169210372
5377,434010.4560142973
112777,274660.72862115165
70622,143841.59582080835
46451,143632.82546184456
76434,115272.0563419562
76014,264755.0490805049
67664,50224.836333185216
10086,223695.02036344848
38629,303932.38197256456
19023,210363.39039073198
6671,36394.10756191862
124496,218616.36147618864
63644,153284.4337482582
4246,674831.4308179017
70599,256822.67441846014
33483,105567.36153949895
125864,95004.08548961216
147024,305525.19299387606
125911,129319.04329311871
136032,91564.26571828676
22128,150220.52226364802
3197,262016.14435625277
124045,80089.2655600342
110556,297153.41305146535
65332,273302.77004245913
71230,304295.6569807563
131731,73571.75946649202
138325,120016.59874652632
11976,65322.54548403216
131798,85083.67274158436
13121,177691.00827143836
43930,440057.421608014
142007,501490.6414321243
120464,108072.19883637106
142523,146872.89872694638
32634,77778.22985435248
2586,169910.70739543228
76626,44544.982886281665
19835,149042.68717051443
139045,243177.40717929258
61273,194905.2310323771
43174,100907.03630525932
4210,176107.27869231728
80829,247304.35767086298
34968,94286.13429401092
118931,214656.00575991807
71875,83552.75719343466
138227,76162.92326883327
133063,156020.63125887534
29028,299700.6511941532
130180,186660.2622411131
1015,132326.31009227817
15390,140011.698419059
71262,128104.68842919607
145139,143978.4004255297
144156,37942.2908395696
140953,129782.32092928
35234,190401.83803462813
34575,370416.3526625929
139888,151170.19208555293
127042,502307.6395875786
44787,70528.54890693468
13918,465179.09448147635
64563,121967.62330076593
142785,163355.0105324057
140329,219030.9732945583
6042,123816.6752316725
144115,65551.5782610821
43814,282534.1354021355
46455,249734.0609423825
45618,93862.6209791605
59310,137310.16031317745
131332,177559.87799029137
80343,44189.82120858927
6421,113159.960253005
133658,85662.5456704476
20797,60675.45591377637
20836,160119.2983224884
34192,261467.88124442362
82808,125898.47661313762
23662,166037.45144493607
8716,179661.01798547138
12512,192326.78523467356
46741,87382.25747390953
11207,167650.92676147897
80530,600091.8738557268
51405,65840.85095098116
57076,192424.7598419704
144962,208234.65525643033
38127,106513.28701782723
119447,344863.0514918736
140392,449942.7142923302
5305,182366.26591320295
143203,80183.13726516951
28653,89095.18981938221
42674,98552.10543133582
133173,370240.3796244037
122400,215197.28701882166
73866,162919.43955197738
22905,200464.99732490745
67691,54398.51826943124
17733,120886.83499830654
24272,88394.0902064262
142820,59767.521597176405
26047,85791.19271729302
145205,201027.08506145058
6002,123471.03890123602
145258,166677.87435127777
33401,88236.99375641256
134549,218871.36002127087
127808,160481.65318353238
733,465082.9101302282
122199,346160.29431999306
14177,444013.9638831904
123531,227573.2702569816
115954,122652.01850691644
54585,151775.9551621446
143387,128337.16707453426
123982,72956.68209554607
139356,63837.005169989476
2970,87383.32481326432
51577,593050.8717530976
48497,194658.4594022499
44698,96875.0786582735
45586,216880.79779435502
131988,101848.82106685168
10172,47902.98407243714
82121,130160.02457822752
22509,227877.98281862139
59222,70405.35485899734
63094,199088.85649624473
41720,71156.33016338952
45097,155666.19191988034
122462,202217.9650324951
114395,103714.14964277063
52318,125774.60090465611
116840,146295.7604345275
117978,170934.95834621284
48565,156436.04426928787
11808,44575.9354929807
141972,177319.2126819176
21261,240738.23951534875
120710,370465.9462283938
122857,117894.32116970562
72752,153525.70446400766
63728,125395.8401135318
12218,93981.24848122982
121774,83793.33527373943
4944,115222.72449791746
368,168225.06021465795
114155,213007.87382095138
5231,122585.5295762558
28065,212507.4948527593
112736,227905.64096793014
43079,113958.3978913266
24225,207314.8794577226
133140,146413.41923171695
128402,45049.06233127835
32959,161827.3478660146
63123,203229.38749109049
63625,161551.05105694672
135389,208464.46176597918
131346,129565.51293729324
42966,168448.2279545782
72922,132842.70371169675
125693,175851.1135347435
46207,96920.31324977418
145883,497988.54127208283
131548,102088.28513528348
119796,77024.86886590447
68871,460029.733950504
142595,119890.49952102291
51682,301826.26830922713
31940,208849.76138152755
28995,105261.97647887756
137290,200122.99693225106
20876,105015.65757562488
55586,349768.4932359147
111408,436211.40474678506
33620,99229.01392040981
133058,81640.37927509786
130750,116710.56369274302
56593,231827.16373976786
44991,89013.45761130007
16433,139137.26256124896
19303,504383.2751728165
10263,80123.58479651492
69973,131589.56359261414
143870,96591.79982813989
57907,195686.89706225359
30985,74001.85175689834
81801,131257.7887609967
62508,62854.40550576833
13297,120738.96532631133
136458,274757.1452851844
144554,177608.06383588954
123675,189955.73383582925
4702,166257.65631560073
110843,119461.08477656203
43159,175996.29390812828
139998,61157.80414315833
142534,145113.56314131568
21413,84788.81642733136
29102,352339.3345215934
18043,108272.84096424017
16644,74788.61341572319
68951,113296.65713142513
3150,234605.95863167947
15095,52645.639570761334
144437,222437.9641714227
33922,35632.46191040587
45050,167451.67487446708
128421,199318.55390225956
71063,144671.5754168811
138132,154185.95350326103
10638,98652.9139113906
140298,115403.58396347138
18571,134998.49998480745
128869,186310.09650301444
128882,185063.90319217727
75193,272158.21537949186
132343,99796.76376098373
64689,205192.6113726186
6062,143411.62066756585
44290,138274.4749966488
121642,87020.18805231925
76124,278082.2094583319
121216,490821.47076493665
49230,57583.094114890264
52319,80163.81205989505
131861,181314.95088175056
53537,119104.6194998234
18454,351784.4667893113
82515,84415.50854867528
48668,116041.00334924035
131605,152839.33644598883
52443,68606.04393611762
141066,76080.75222459728
137534,94832.72378294231
52609,239004.69026453898
110680,98443.15956505963
75215,457576.47096499696
77257,482104.7076827971
7632,61143.47702214692
135127,124269.31087473725
146395,209548.63227608017
18411,160113.73105599772
48264,90797.81611153645
38219,112558.86413115732
122346,115913.94106106422
73940,141713.4463568031
50357,144168.2782056123
4743,300812.7141959621
141043,119921.59262193795
31226,252152.48953409004
142593,60532.915498354894
45522,99049.71823087706
56706,50590.55720930965
121023,137437.78824414324
59001,142651.7725111502
143111,116714.79646265984
57440,114769.79593919033
20814,107865.35395784359
55064,161757.7183222991
27198,122721.35095685688
146230,145060.23399066794
138344,165995.74971397905
51831,163275.18444637535
135988,304785.6462252607
120282,295803.3654505726
55710,173595.99391390875
77190,289085.550968935
10309,262308.76022086723
11521,62943.49845295373
36162,350280.3947676938
54308,112874.90854498863
117995,40988.70897925836
131710,82819.88603825995
128886,201885.69569734772
142891,158434.61042766843
18594,132696.77172397304
124523,85856.51079964847
60105,82229.09548656638
12538,72189.74214747107
130593,282444.86965066986
111001,640656.7100945741
16091,102474.75024801222
33933,129292.67281992183
17614,224613.96683002534
42954,120639.85261567266
125064,372391.04773354967
131899,212825.93726603224
128119,148459.50464447134
32680,67117.40906382413
50177,87201.19764577404
136496,270275.8064029912
51812,83643.61055436402
139897,165914.11962075572
25918,150330.1728486403
67584,102302.57098178638
38229,253237.52822323714
76500,190206.26550131926
143698,149308.7261607974
14357,71095.53636251553
74848,176778.6344995754
137941,244108.82304627576
43152,79480.53892899948
4970,246680.64963859098
13781,117475.20165210002
73268,144287.90380832797
124509,178825.6287764394
54821,162032.8984290861
132510,176402.45251402457
112134,214907.08424311454
70986,228485.87057234073
121320,116312.78186569284
58543,208737.40509065287
16146,103801.89685025589
7200,165896.75864004984
75991,219804.04207610205
114543,184865.45735981409
62974,148138.60572396714
78132,244287.24244085624
5211,165181.49764376986
38937,86664.76767483065
82765,187309.22530082916
134436,405198.63075471815
144412,97220.46854876932
133298,95311.01584646801
26757,217034.72138333498
13939,77784.93407242592
47951,361061.79610910575
43122,92599.92166396591
7028,164353.64784538257
72370,163383.60703425304
141314,380331.8495916733
146511,227039.87443482986
5368,298381.0898839043
113257,206086.01463584363
141744,338464.62658754893
137816,190086.0177258567
13046,240910.02096124028
132429,71574.66477758565
71411,121788.35624597894
44774,84004.30412453835
135510,395836.84202864557
137979,193483.09482852265
121206,128124.57133154891
27695,152395.4072189332
37995,98272.39426981079
146214,109190.08141881289
122320,266473.96380393795
6517,173328.21563961712
30401,100758.68489720584
138180,225094.84106400108
116876,130401.43783519574
132401,216887.46337850837
142924,106918.48502597235
142456,97531.66229057786
136392,201240.7326327377
131221,261268.4795383477
132359,197685.12052700168
71784,162017.97035318112
120604,179965.33567493645
45301,269132.47382826696
67511,117305.21572537001
17327,135302.85091862507
136912,129083.64959267374
25484,132342.84402293872
134270,184688.8572728666
78773,97839.24150690819
45197,116990.46927091503
66502,85277.1282260321
64880,68574.07783596701
3539,86935.2534625766
25258,226286.780924903
140770,85439.11208624543
121283,38371.47951048342
50061,170722.058520242
17195,206493.8904123758
69022,101463.68657591337
73656,124994.62441679732
51290,79396.10045948563
133814,83756.57803656594
117259,137336.45773934916
32543,57249.12698477476
16053,183705.54915653807
71920,285213.2046650623
59395,131575.72141677528
1465,133913.86390199955
64832,97615.8986570201
126280,342322.56795975845
36107,54256.34739745229
111161,117652.68763718763
136331,103770.43282578915
125682,130821.91362392445
4228,225699.90525088235
119714,243458.38669944496
139958,227914.05568460474
140073,33784.831234470854
119561,64556.54536763816
56620,83752.77730609057
139033,126604.85337674008
41307,103753.56766322056
79477,45062.85568419752
9150,151688.9592072039
54861,115108.27681918952
29214,334487.5260990098
132501,234561.92239458713
111157,562899.2877318638
18851,105713.14964498323
121835,108428.28101831692
133287,66394.80346722435
127787,351290.31673261354
137771,137199.76997345622
127656,90313.64523361002
117450,64820.45648502605
38576,86423.65032067281
51298,51666.60347895876
136658,274259.56295244955
16175,170712.82475364354
12200,171440.37455274854
46347,177332.24881394935
112715,315030.9940684076
134955,124732.48053449905
40312,174603.43217119953
8375,136695.32403947602
39529,173327.3369639676
74714,94455.2844083979
121842,172446.4017437506
123741,234095.80593608483
134734,196938.55087937997
21613,281566.30624769087
76730,182913.94397310374
130802,313206.1053932459
132559,116386.36418901858
59026,167745.2309588687
80557,54382.803595683756
43139,193925.56317116335
131329,82458.21869061704
140602,162764.33634379102
113770,70245.14795679584
58639,221161.64847433782
111282,346143.3550686587
76654,98342.33279768229
143803,77247.14009733906
31252,220596.5656672907
12979,326872.1085948007
78943,253982.7681246681
51166,219715.17205471912
16688,64288.21217698266
77905,181804.78812214322
116176,156724.698373096
135011,56449.884388408915
31949,138770.67640476092
29322,240371.03433152038
68245,171700.52430544444
63997,130626.05090709904
57522,172220.68319717742
137108,226349.60165046185
117574,119822.66902205613
33611,151150.11925793413
29337,292971.9174820188
140926,69842.56235029467
112636,152922.45922358974
59561,47050.68796853842
121358,160977.6863070277
11646,142310.36460798694
58991,253983.6050377519
135674,150606.3296786783
126907,146136.87704926348
66948,152954.8310193079
46855,239402.89650630334
4592,154470.42379424436
44856,210221.78890529688
21462,246089.50398749023
70918,171268.19398405423
111643,490568.34160864167
56466,289609.18633923837
53502,363913.06180490326
137394,109804.34461312792
146266,254014.09436168108
124456,488797.3185081461
14628,388583.8636040396
12355,182993.0168132331
46380,152624.78993313963
65782,110019.78124720295
16720,210609.54784069303
118325,142061.91966933734
129994,221354.2667332722
67377,281901.00907890673
53343,208510.50455437312
45225,221006.57089776103
59633,64003.594574677714
143307,139154.2013847506
29713,202262.8557611039
41438,106244.14186090145
117235,110630.27555042652
76727,73498.35904573688
118927,47180.12489772352
130205,134241.7331338094
40371,184120.5906862669
25046,235732.94386551774
20848,295981.287875349
68468,320356.4345059115
133447,548376.5333042608
66020,73949.61259536177
111727,117168.5123335756
60566,296988.8637688548
64471,36094.55896280425
37267,213022.0023824765
60008,79726.0741311538
137419,125644.35677819775
142438,137594.70478304542
74861,227331.7085439022
55709,119111.52941727592
75806,92372.08031948542
124829,233817.90563961677
79974,66985.56708147941
10490,187508.03205850726
13820,173946.3354797005
120844,225750.21330824494
25168,212183.00371539718
11133,227309.37552317127
81133,203740.36822282252
2917,83315.29075167455
76552,146784.41241622408
117366,258100.1939303602
68755,102866.5125330542
34931,175151.9323731605
127105,263332.5871437854
134451,149836.19046769408
127183,193861.13933672596
35655,205425.53888292363
18242,101651.19946880195
40389,122067.65664206914
44139,481716.7575706941
583,140210.23414115614
46265,185617.62114094273
118509,247800.8517154999
46108,158592.75901889146
69144,44439.706939286
56628,139783.60689868318
44129,335634.5270536702
25083,154128.2043656697
62495,174076.79958478297
3765,144168.25907547312
47420,118349.37957679837
22534,134988.61840193515
115076,354954.5201495932
79460,88122.98952962171
75148,65582.74478155773
8183,75440.14783695016
142558,156981.77739218282
28753,117365.9801722689
18708,376973.4814038253
112776,145148.10628072923
22847,279267.8148428133
59027,164637.00182586597
112229,276361.5096945134
137046,208706.91400284378
137125,191187.22180840687
125624,181485.9641549638
16215,85181.76324577893
38350,273047.14790831204
19100,305425.2166354244
142542,143452.9734270557
117768,140254.9975630768
52489,169339.9415397475
54447,112910.38933303644
20976,70234.33278638299
20870,145117.18536820594
33658,48715.54126082632
125897,343197.8510356056
51646,155838.17933704756
123481,73453.22662780622
53214,340658.2942403081
44421,139511.20483601443
79979,79472.68596812958
134834,106722.84983714554
60573,380472.8451776649
145824,154240.01985377807
43651,161360.33828864052
18177,125440.64552223822
121233,80989.07937765552
136125,199062.55068986013
50535,53694.48161068183
33671,79158.8332352624
57722,335633.3337067455
66712,240291.70221710837
75897,111062.52288483854
140834,97263.88687370946
6831,280500.44281916897
61337,138687.92825702674
133154,320636.2682917215
42846,133017.19636924475
27410,260414.26027430885
32895,102849.63081055763
111440,156877.60772733737
117236,93936.2927423229
67766,45916.6833297081
131659,185979.12039085355
45405,160857.49958085938
40961,131147.0884040182
70263,158654.51258414038
56708,131638.9164524996
40522,100586.83512163568
11613,81923.14605769678
65008,67183.95488033237
128188,231364.48174429534
118558,262048.552004919
11156,123996.37556678845
23442,225208.4451797703
145735,376144.4773340787
14727,76440.61910484901
45961,129178.6863105869
15454,179414.53372239688
20030,275178.64680669643
64576,286745.19067702786
46659,109726.84415029424
80162,105297.15902916109
41668,150242.02671012582
124885,316677.5784163512
126520,154342.72489808325
35740,185413.03303066618
51011,388824.11421557836
39994,85707.59846397667
62953,53217.44909741057
116086,56902.26865539876
9914,187173.3623321446
118983,200958.76298748323
34945,186686.85994577158
137881,130043.54365189126
65094,271199.4661774463
69257,98504.48944341515
112871,213127.58029567538
139611,183490.40970596866
118487,106164.46242329097
24139,101516.73540083633
46566,186180.29693004803
135527,103827.16370782966
15532,251727.73876481308
52714,123763.62607397378
121074,83069.4498348008
29972,140700.04656783078
21015,257610.38482690812
40344,88341.903421003
132901,137992.56904752887
43096,262143.16916607897
129638,151226.74761570833
134,199517.57963989797
133452,95984.05589388347
126566,53372.94103844631
19118,240937.8340318064
76754,91114.5077662661
34989,200154.13760098358
56092,53002.48970252382
41765,86795.32078793635
13157,213601.5732382255
67988,159409.86581938487
28971,190531.10316256495
111845,104666.53612883402
126393,268126.2157779386
111406,363419.3074685571
65713,87215.37342980373
69808,193485.7309149988
10610,208345.89695239978
35000,112132.4710547316
51189,252615.37168783927
131140,410631.8562600451
122160,176514.45287227992
69649,226594.57125531108
52518,264192.6913518307
134528,126503.65710089801
50234,186662.19290973677
81089,417459.2018168155
58996,155684.07017715563
65285,224434.96456306375
145773,135657.75294846838
22981,77265.83157180068
76210,262378.4104695153
75032,84690.17735482148
111172,170343.9473996317
122156,42449.67451750903
75333,100772.67634475486
4122,142019.60005467397
49437,251314.06655734894
79705,84455.33917602828
2646,169784.79392294885
35426,96917.55797055844
13335,171495.06012482799
41853,114846.96149929066
117174,181472.90180665615
47822,95564.01525542872
122496,156198.48942458004
61068,355046.07887715753
145577,63970.14881597237
8856,119916.33686079906
4295,708190.7908144353
4173,314792.9157928402
78624,237281.4447731102
18123,180066.30788259284
52044,233638.8946348484
42615,123335.1246208232
138172,378120.6618073782
14060,100167.9252218396
129355,161910.51994868254
116225,123902.4091907988
44177,101013.64071945807
42499,108983.36364233366
40023,137511.95168720913
31867,155316.661724107
29622,171457.7444506961
138723,51956.74182825691
117939,204983.5886243088
36241,151910.2933448744
119708,106637.67699352166
121004,241031.2416899589
115611,273292.62961276347
61867,255373.4840774929
20306,100433.43081255964
125941,109588.67682800349
126759,242530.05224738864
129761,176643.25021278107
115515,337827.5877097912
133641,142591.67199240022
124012,213024.41278077653
111005,106287.98143499937
120350,90234.51496573741
145116,238868.20576203964
68916,161005.4278810523
70718,353733.2705186791
80429,81100.25204633972
20091,285957.22934746795
45930,181525.5428737952
77156,192219.26590841866
63905,117126.3026250997
41391,144193.97389876016
139698,252362.75349258102
144410,44415.20083739701
115134,349503.76908452914
14162,114987.52565001028
50529,103638.2213627137
132257,172512.82237292393
18181,194923.11152828153
13840,166664.80410716514
112538,152465.1625477621
34426,207864.95820690197
3915,95341.26908416275
130183,145498.08303130875
41925,163044.69034286196
30381,142844.49095838968
136051,413795.9638498508
19682,161307.21131964866
10362,149144.57271439093
51728,145546.50109353062
45087,196504.81771598515
13015,155221.30089889857
28432,177790.29654596493
45339,99989.22459131159
55149,59688.71595194681
36941,99058.49003667186
57777,67697.05313370639
53291,153420.55189407774
124028,201348.578758899
35486,322740.93873335345
144162,81246.00874909318
76119,207140.3995468177
3519,128250.31842563619
38596,412850.6504194407
6752,35855.56175618219
57670,138731.39570996558
73036,184431.76127724498
80317,205707.11133836984
113189,580874.9141254601
45156,86392.32335755776
115372,77672.58979730442
73962,281990.3867011006
51058,315049.11819237034
138591,162721.18051429006
76499,344736.2189423472
34485,152103.4913646412
6459,483530.05504792713
110310,63829.080226123624
67038,187291.50306231098
71387,118568.00399093336
6103,407733.529766011
142025,165767.8166424009
64640,411695.4179502926
127686,193616.10753068057
60814,72922.08707397518
50902,92198.68629030773
42813,91770.92673263705
136878,189943.13370392472
136354,97975.0655666078
30722,149768.27955327742
137068,155848.9132947775
56461,173268.9786374588
77264,206056.71149477724
29892,126109.27270478773
2226,354479.47127117147
12407,140524.68006146862
14578,179347.22640327277
140720,558289.4337104446
117309,135703.0223695715
30660,385403.34621833725
66041,70693.29350961949
44594,70779.78286474384
52888,221434.12044668116
75010,129650.53633910982
145791,114622.18458315049
26809,76945.51210718277
82037,173662.86260320767
14835,163006.71391941496
11920,57508.19864456668
143620,168496.7905013599
53651,129788.73430288472
44828,145357.649678933
50268,276103.0669662681
74596,150824.2708616056
65455,272037.3303622866
45657,174138.86421822564
72776,376819.6201384367
138774,231979.49793607343
72882,103876.35729970688
40697,65930.568108461
24700,151653.59807240893
31979,103759.39996765926
77071,39873.94197165323
128630,123263.96087420247
114224,119546.00428148921
123742,505901.5605881695
138725,67074.96276176207
133492,137051.5054362537
9484,194043.08921653882
122574,172809.53983522148
117955,174405.64756044815
55746,226589.91521345597
141611,226680.17027371432
7263,239879.94717020553
110245,220954.20070403483
59406,294082.93720920396
19125,63124.38457395042
136173,104774.00387339307
40276,71069.48027449127
67025,194409.77793553047
127735,68479.84930536602
48304,114719.4294023466
147178,86314.21155430394
61706,220500.5504796161
27629,101290.89909810216
1219,113757.78571353763
20790,294442.1518525891
145157,184574.07330322673
19310,109786.7763060531
52839,172029.7665951271
72119,144845.76991411814
126745,172204.35899629348
375,142349.42750526755
31578,79197.47253390482
140413,77368.62752855028
111011,92088.95863982712
134822,92614.12800557721
142675,93513.90254325252
136057,119871.63600203012
7081,110133.29806658361
76423,137057.59754905943
31948,77972.07658804527
49266,131209.8829069128
38333,102507.12300474118
115170,117451.52652156536
123404,46592.35164664368
26239,133542.09410401416
56421,379761.90173568635
30404,117047.68528978497
3286,249846.46152122994
22788,87066.3948541727
20487,230167.25101436995
61566,144736.55242457025
3606,279967.0149175094
11438,169100.61395138447
138760,190627.5244716941
111364,105293.94953214565
37137,182162.69916274148
143952,125430.66953049848
137368,273620.06557229697
50833,241288.65033110604
122457,130598.61483647679
118535,145319.30128678627
132238,104920.93769171747
121066,80196.0271306783
135482,148882.4056562116
66738,185227.85730195386
74962,181267.2656194417
123219,284146.40365078807
79262,60733.84929974172
62211,266652.60930586385
11404,195341.25055511392
66899,216807.23433116393
80959,326488.3013272792
49293,110596.1369237632
128069,287143.96508113336
1543,104973.47220470985
139760,284418.3234237523
44723,150931.46577112048
80521,76096.46943491578
22112,175752.49703832844
55154,392965.748407017
23735,309231.65222670045
24556,72354.98658412392
51706,164385.59878069002
51545,189444.91100910513
144676,83844.74988822147
30581,123495.55103827085
136390,81092.18093486535
1060,110259.70873623996
53619,137338.11083395092
48642,62276.29234809477
120396,133388.26904296016
51815,142267.56095202547
31814,292456.16539129085
46002,138414.71103766887
44450,140302.68729252307
15692,197831.3786323705
800,76218.6620390505
63081,241457.13495104425
111528,172304.1737575283
63179,300683.85697958735
20803,101385.53422989548
117683,64737.31526572288
137191,116161.44127009789
51145,132027.33190174922
49818,139724.4119686303
70089,102422.59509581758
68985,345508.3825604549
126342,189955.73383582925
19446,370178.0430595027
56601,94006.28974672203
10540,177654.49315432107
16236,91898.88554456871
6344,116330.54720788897
28371,67722.66598433338
111831,52723.53431777624
122628,240631.6101920118
80053,258704.77124680608
140165,87150.61028428901
135716,153855.27824971583
126225,125162.48799414016
111731,214150.2479331191
133488,104023.45881847685
6173,162501.7836449798
4893,192746.25267421908
147096,89474.90281989687
35139,250417.54122133204
77378,147001.9307627848
119635,127490.37311132319
74093,82698.67889496635
132260,370992.77105830086
37543,111998.700311728
56021,140582.8766913308
40384,224317.2352709915
81180,124357.27435669111
51160,196262.78330613335
45874,161182.17732393258
127165,258038.4560610833
45833,106680.7629497014
115112,265441.7971664157
48430,257698.00851688551
138417,135343.36404362507
135477,229593.3984082932
48572,102426.85543952492
138211,244331.59228435025
42910,110238.0484425306
64012,429344.67270292767
52667,77948.37292684024
118164,159601.19446697648
54154,127610.05841114852
141445,63391.23073974382
135563,159057.6408071505
62369,124303.90230143868
56550,158848.69065045146
37379,141162.71109995837
146438,198476.96259873398
1801,169803.22714801627
67545,142358.04683126416
69714,250811.8128218649
19445,188559.7529442178
79147,50686.199110140326
135442,109310.76621355629
66232,227256.99543789742
4281,83156.67814852523
3903,220183.18875680043
7027,178002.83089768855
115275,73931.95447460827
146925,644517.5030784335
74428,75942.39155088193
80492,272959.2810443631
47851,117695.26181964525
71910,68759.07506639275
147040,112265.95437900601
40116,98411.11675755285
128578,114138.41090592963
50835,231894.93519828204
137949,169654.05134004925
52480,145727.46912271268
117233,83184.97593841166
76509,195536.9258717708
133718,846904.1373324473
21119,118782.95801383792
146142,200570.12939655775
1699,169753.34861147532
71698,235595.462858428
47705,77205.06205216088
137741,57207.05338011092
68493,126739.9263744349
131660,141938.10366651494
117595,102997.4395662645
64866,284973.5325490206
40147,284668.6992201916
82230,45067.31505457508
14084,63272.66161530689
36899,110178.51861688629
31016,201779.01365239095
141070,393187.9988288286
45965,88833.56712357336
146456,232822.64813726337
10353,64360.63779534096
134577,222178.8459622467
146944,377925.91373448656
50514,98853.33680920242
2904,65874.99802033788
37935,233000.85729986115
15869,317280.0130672222
36098,258276.2292032895
65780,87777.66195039861
72291,84447.98217602828
143402,98036.11258364949
131970,89237.46178978588
40929,200614.40752940043
3703,121981.25966481274
116203,191659.02371041928
143543,137859.84533554624
126606,131091.5802605724
59064,223840.31110816353
71791,190465.44500619697
7608,473224.99616593216
71801,176779.42367764068
55070,313048.95839918236
42199,51948.61029603505
135300,140236.72026368813
61073,63554.30025930671
136731,104282.49978976525
2232,151259.59828015938
112855,107775.38010698732
4021,203725.2477360186
24896,498455.21578255086
68369,245442.93975119115
18739,123274.0561490373
49330,255675.40162352932
6053,485826.79701388243
79693,163757.8360609602
24303,218868.4747541251
15366,256277.85798426275
8407,175209.41446985866
16015,243422.1360671491
75972,140526.70620316517
145112,119759.63659102118
5199,484349.5762077181
19442,171899.36229580033
63664,206998.5798446762
3442,147985.9974830707
123585,111547.82072219101
118077,122353.42220812662
67661,41321.06459919348
38328,128844.68419159894
58798,81849.87642040709
124232,89163.93746785431
123973,123532.200764496
63331,350439.12368787196
43972,102530.40084937058
145242,83609.2554274666
66621,125316.08329826604
11406,90080.10177731984
19252,304293.4443422411
55972,85519.43107298695
8631,286591.2289290755
143535,231846.35388329206
30737,108158.45277359009
18683,150309.30052513842
13544,98593.67805140704
7581,136091.7297082154
44231,211750.2079680785
78518,190035.93836946352
127249,165893.5253578797
52417,259086.95283123123
72412,67485.12714389767
53216,130015.71417697969
114344,243613.3247212215
14734,349150.88767472573
46043,149349.83701527823
76436,123064.23725854317
129050,316146.563906619
38273,186462.20609846414
15554,242534.1990362181
8050,121042.85340203725
116428,128728.76270425915
64349,235046.47912705864
69543,360935.97946146753
82695,36373.0195758729
33354,156930.39311757096
118576,274156.2249978594
113863,181496.36239615377
42144,376918.5593287351
39806,203153.97713680685
25175,134032.45551090303
30942,164407.29552013977
9009,76091.66658547451
142740,34521.897332844885
29682,191288.49442063287
136285,166428.0573713801
140443,226284.5522314451
48045,154590.3976160743
111307,128266.38715694242
120934,251758.170699095
35232,178773.80914879215
123286,91011.428695021
54051,276716.0572788183
132392,179970.25150695263
75238,126037.36502797567
35877,233880.43348880613
116128,233434.8949178232
57931,206956.94652756365
6503,88213.56642671944
42854,82522.67740403661
121952,112757.13967907366
578,321868.8497281908
14711,90613.18965568484
19673,177932.80497746266
144417,76627.41294030637
21669,121991.66064536478
17706,209764.75769581355
67158,115227.56769290495
43074,245272.11778601925
70498,110769.84414583971
70863,158836.54065525578
143021,86364.92789234294
43194,210366.29604037924
123400,108924.17130806233
125815,135890.5481757208
120590,416567.12199981883
80565,284341.3472524621
82774,53774.763888017005
78125,127391.00114272536
111110,62934.20523771302
122613,107156.94211615018
131078,135856.90519808035
15544,260364.9602455506
11459,242471.27050424396
63651,113132.75884826806
6981,150859.4083160256
141887,122886.33897884862
130946,166776.52707541233
80008,232490.10165360846
137076,319857.7968127061
67869,168943.9868052367
63017,230936.4254629467
135533,102101.61636568382
41010,184988.58840998527
9199,98312.42012566348
137780,170099.89576945428
77593,298292.95984110713
11510,39164.61607206331
110555,155689.66524143837
136144,97358.73459043363
62233,290775.16186903167
111263,233378.2199132194
119795,536916.5650925299
45427,242157.46761704716
23243,188320.58754032067
17630,347789.79823473206
51809,134539.10036933137
72553,345040.9198446344
128372,95591.59894075245
58793,104109.66765513034
3479,78783.78075666631
34742,269759.11779091443
40972,131270.5494366183
47424,689739.0935195464
21112,203024.8248187321
122069,187527.65954482357
58659,111816.97189752123
78692,66064.1683278565
2519,126675.2036556715
114176,88971.61060302498
43136,128315.21607193106
70834,76653.14455951384
38727,194862.27110030077
6055,130981.68317546758
45143,218338.1126954325
126802,73547.79464330294
77288,145798.7498880163
30723,98103.98057235165
68303,250627.33465515362
5078,134248.34175477753
123225,116549.24274491206
58392,58297.76861617039
76559,132916.27974211008
2698,158767.41211292185
138190,108366.80806799384
123911,216627.86363213634
52376,179006.5731204691
42755,99070.5784763236
36672,269991.5121498539
11852,41643.48938682784
48931,81440.81917436823
43989,150049.47064850852
123215,147245.73893757042
137955,143079.53447733528
119516,118416.87806561834
15821,202456.88858987333
143966,166721.03743187396
119765,203818.63298279335
12916,159650.66485726976
63453,56882.463235320894
111651,142405.42257260784
10771,245659.27609013492
56282,467867.71639813576
65017,477869.47549168963
128320,112187.49298467045
79859,90593.72770831024
50137,218401.2356389063
118831,198527.14624609644
15151,97137.48153202572
117689,156766.3740595422
130031,54133.56835505563
28959,201714.2501040096
4964,312389.1844537464
4051,279397.6063919097
159,262572.7169390842
15801,134257.58675460896
127463,182760.56866220548
17961,103349.9826613811
111190,192224.18526024278
138459,117675.90077709046
124624,145615.09463834082
26380,115468.36964962767
137410,226183.82978224743
44116,158365.27515492027
12971,298712.7335769777
9326,363490.29207602167
78987,75679.83188489817
31712,103379.6318168928
77459,635910.8016420295
40334,161041.97937468352
122582,175212.10122764355
43789,75906.34052019521
121561,334801.586588779
54230,184930.37513270948
120271,115733.00538348526
19904,361853.1741909503
113937,73843.96991665072
126013,101688.81242022433
60004,244754.9186495296
15463,307899.00269099965
146168,74958.38326573979
128598,174822.83185123198
74706,104600.54324880891
72556,510851.5761287668
140728,253036.6289819971
20452,99707.90954309131
75925,83401.84708680678
112522,99235.63043633041
57144,152085.6446002489
55177,231064.1189537415
47590,141790.51418574428
50048,42778.845298700784
42979,193787.43109099893
37592,161456.42949511623
111115,294638.28621221764
25326,85893.62342719473
19146,95303.01221902728
145196,118582.17972317498
124655,153483.09373595502
130913,120416.06064096955
119445,105732.23198401721
58609,74000.66151547307
42248,76676.68954841311
71660,143516.2907922004
26782,161843.93063458105
130897,50935.18576580475
124833,465843.1429915547
119346,166170.5117488535
16488,254516.9048526794
33125,108321.24970453225
57303,88448.44777222932
53748,134922.5481967439
13457,325043.78671033675
44869,416297.30800987047
20429,137601.09297387922
15051,269254.8602278183
114383,108534.67188710911
58229,135592.7619279195
24371,177219.42218693852
111598,219685.53468807664
119622,130357.72768194869
48186,103506.06310378785
9035,129922.57091425297
69970,191187.9923331726
115395,251948.5756335613
73967,235233.30824565358
34359,124328.64168975159
31133,145360.835457247
47689,119249.7972995509
24738,184548.17411802142
27940,78230.30605282972
7389,116993.98523438127
38462,177213.8876955564
30413,267579.03257226874
122098,150360.72297468744
122379,104580.12283055519
1694,77687.41671546492
20351,140290.92843028065
137505,478494.0083181722
119157,153035.08724111418
52880,108560.18596579395
77010,77332.5611843137
7594,131439.87763131777
73346,115956.10659514772
63101,190347.41463691936
74775,354857.68769538065
62063,335068.51740421547
36858,121086.71863499722
8152,140251.76403080617
60523,156120.98871389942
3916,315243.6616617888
29003,337249.848722615
134198,114577.01532128824
118733,151930.2676599305
34705,403160.04538930603
113902,159128.9601474392
13491,155783.74512102717
144649,178452.63140056224
35840,106680.93370771263
146023,135391.63874322496
137200,97264.7935909564
42414,255536.87812470715
80807,250930.12542490457
3890,135543.90271723672
37896,101876.93610400116
115810,130445.56648749913
34803,118370.9015182768
115571,315681.33121377055
116396,134752.94719936297
139118,161076.93315966602
141354,356270.5592849886
36708,216468.48714964936
70890,210390.87650519208
135315,117331.1447390467
142757,207656.33456277338
61657,144303.20993614732
64294,79067.26169809858
27500,90392.56617670727
47826,117477.68417220216
143922,267484.78787435335
22520,171880.997947557
5339,390105.9909465895
129501,102798.16631017854
120139,142342.92687376784
116312,176105.2514735292
45617,173954.59691341815
51493,106045.3026904316
66204,134902.2372092951
56128,177427.3345426977
131967,311896.29605443764
122396,405034.6775552005
124108,329119.849112923
18190,102259.79340989658
47263,102347.67552387711
110553,103445.83136063599
62343,65245.879277075735
134708,216493.98827433254
145477,281628.57861644076
73112,140534.0116311348
26728,130080.6457037227
139975,150795.18091964867
140895,123093.84474372401
67176,160344.5433383906
123372,212956.51100111232
114849,107148.25960744405
140282,219252.78132198946
19452,192906.05156729178
7992,87440.94831698846
110268,83139.4738601137
11236,175101.81045934072
56500,129730.51096247026
11507,54106.14320447489
15292,186861.4777198617
77931,420922.59808246937
33264,99338.82859163039
49458,148792.29457112929
7808,409154.8204703521
21932,186940.01168547643
58614,138140.699590826
51473,106996.70228131076
48115,177968.4452453298
36363,63742.41937379654
61001,45581.57441034322
144950,185615.4753092897
130616,163320.62701876066
38381,153942.57332404167
27231,177081.67972300696
19228,101263.03371098515
42133,201716.83270457553
40959,169728.13694524454
30752,96876.5970181241
1653,275790.97932174645
47930,144947.7873715476
20744,197265.38338549447
18492,210729.5386777443
20592,147885.5553998874
6371,570057.704433928
138263,157694.83351312007
18568,129792.05462939477
10570,127299.50506621598
11178,297171.5936784006
111857,131089.51150506188
52251,196404.19690878168
1851,84444.54656818506
36043,146005.1722326824
78306,610536.1723091481
119403,179523.80881000994
52640,557195.6765769636
127650,94288.11572825414
19467,168414.35952963863
44102,256281.7133112499
66830,335368.68659745844
42529,502990.460141025
124553,48729.43113001337
111373,62440.980504989275
22536,154332.13047645125
31741,102598.6230289535
76963,96848.40343788055
38272,288088.64415543276
70768,87707.54846264086
74649,123946.85058664685
126719,207052.27009637866
72336,149520.01351597483
144553,141123.90899401167
17984,330446.8024555815
67829,247143.36993830756
63890,338281.9661345016
76355,64250.5299087891
80488,78714.63312420524
56850,134688.654210563
83178,55714.99861256128
4129,78037.9387096102
14597,108997.94357168772
35801,271223.0287516653
58652,111374.82481371271
19685,528192.2309997071
61229,220060.98226949625
54925,331206.3839164858
146167,143483.90667033748
120113,254411.06593732027
128469,83499.90181632568
71270,96843.03173014025
9359,118138.60973294014
71653,132624.6062181975
114703,106010.15113798376
131638,263766.4119963292
7202,252549.28902697726
72718,136850.7562451249
3980,87622.3918846212
28769,102546.51141620413
119609,206141.93138827826
4227,248836.80442535656
4972,119467.43473001732
49383,157855.26508935704
19513,248758.9588092738
16532,147449.88846662515
125416,68164.39607059205
33465,115337.94359684689
522,110414.60757974237
70515,70286.23149974228
135966,103512.22185796987
82495,171594.06554122907
25232,102529.18828710691
36207,184772.84172300555
32642,48402.486042842545
35898,146637.39473486278
77248,69468.62483276988
110408,116367.94102351245
19382,93849.71248264075
6706,54985.38039922288
60955,196920.12119220337
15996,186791.91173048186
3234,83190.3247172926
52302,58189.14247624314
55542,247746.34160314722
43236,94722.81265699462
37236,80697.50368318341
18311,235975.2172747831
11952,33067.16220914587
17559,172945.6361707242
130558,180337.57684999495
9000,480115.75304185407
132361,159951.94939280255
63006,157095.92466688761
33615,171853.36710815047
114120,137473.39194329013
113291,217681.68020593788
141758,175469.48144301458
46649,147277.88246889669
79918,77126.06875334895
59104,260939.7345385627
24876,128473.07227380149
142086,490451.6934610158
51539,99320.9774359346
81750,157602.87912567667
64457,96588.4223894111
25338,104453.09803432376
136214,329376.7568904032
3457,172089.9155065408
135810,51751.25163512555
118351,398131.009223044
18384,138583.5459415591
17896,47248.784948868604
78012,150789.99186149804
24353,160015.5986539364
58960,78075.43913522479
1004,108110.55899526975
111586,55987.01541153778
126310,122347.86386096332
38181,94244.9934584903
137654,119719.7850448356
70684,188228.381771027
133654,115765.04899487332
3873,155115.81841745457
57925,101031.43797729257
50019,91325.6104058317
120109,148710.09096154312
120026,272126.4776470596
438,404983.9959228183
120582,170550.1152811956
31646,205692.84231700227
146572,103495.14664941572
10312,89712.62536902033
23977,74256.1171757824
30540,362116.42653978744
139222,89239.67105521316
81697,181621.28350194212
65748,61404.107759580016
146493,133057.56071825454
62693,260914.29157164023
52391,90101.26389170537
74255,144575.63756098883
72245,205618.61393876048
25819,121544.83112410131
12788,131462.42830469273
139476,85263.5768069127
25313,184556.81217166298
123644,182546.89137341216
137236,153458.80859984
146963,277559.95075486734
40277,66790.26075045855
58800,131101.55509879114
10656,67134.48900168357
18541,57207.16028382153
57485,300171.2889248876
48005,60844.56769981765
131016,562569.4021036772
24808,86467.17329426523
4217,257611.1917336526
37821,232025.7782252588
34752,263050.062729213
15897,310520.47405064234
43531,141785.87379353534
36565,169619.43888610287
16895,105441.53056369757
115011,105287.62384501714
120482,347068.1028217187
34715,118127.56235031082
27688,91735.05467998334
62473,95245.52008848023
29044,227382.74877972034
34665,177250.37732380585
49324,772460.4847459068
6888,156093.75025822845
65972,279375.51021753
111405,182684.05889727816
5396,150368.36372262132
55512,151255.77354360127
130502,217834.8023871187
81548,51301.88692706644
73737,118940.84525141842
78248,322412.2137838352
72385,148869.2057946908
20,296914.4553650251
126497,235046.7838632593
58374,262556.9009768127
69042,80280.37418363002
12341,89900.00129607774
62756,333108.98756154446
135097,46773.42319415191
2129,181451.8215903228
41527,264458.917035784
138393,466355.61302918516
33309,424897.45727014437
19335,264324.7615966918
117232,283288.1869578466
130343,210155.33083031734
140647,132969.5324453852
60333,218244.25960825803
138187,249173.32404316566
61004,130430.95997680153
110837,125601.7588836879
110605,154859.56077350132
115257,254316.0088673224
68544,106611.68398194609
43954,356710.4938321671
70273,376317.154209982
116845,143729.76137474252
9279,61369.83490468962
48712,144589.8958987631
16225,157893.68640744605
110986,290112.9105355733
624,154941.5007767233
42898,171700.57848468097
28122,179840.36551624726
23788,239982.75268380367
65962,162166.2640376676
23289,291924.2833918269
22296,52483.40347216617
7564,120536.75739619596
114858,151401.99000476275
49899,80810.06078049481
34317,172091.7624241524
11838,45559.8294984525
122803,176691.65005633805
140800,300475.2525318125
61568,123262.5374961519
63908,124628.91445998401
45429,157699.371348289
72571,50486.51808919041
35876,331142.3259843679
38863,160974.20362944592
37190,544216.5424313642
140702,246253.4438412466
41878,283500.5617537039
35035,175726.25751999122
73202,216896.65126096897
120715,246165.37476897522
38356,239003.44604663254
23965,154888.43467980894
59124,94415.51279793284
19150,132598.43025559222
139089,233717.37522232
80848,58321.100083411024
45955,124404.57666769059
79176,60398.9692674024
9774,242367.6070984518
22077,237200.00764154998
6289,140498.23805481064
36330,65137.218675272394
141036,186503.63415713498
39123,60023.63749835489
71957,197735.35087744647
24210,114735.01336806142
113080,155090.80895999793
42169,323995.2746464184
35092,191132.65002115484
125588,121119.1152923171
53576,329930.823237263
64951,81426.86774366692
124555,155923.8725148504
138868,96505.09798657557
69874,157324.8005068725
65092,139455.31574717327
43425,163490.03680760053
9789,113821.5990345756
58606,166576.1909379625
37356,93981.24848122982
57111,312369.05295752914
10736,118010.00917082533
128226,64571.31194344947
43960,151079.70825345058
25174,96318.26474353648
3909,204802.66158692582
131470,147843.33413237598
132156,89156.5341937023
38427,110841.87112566587
49815,58263.27090980315
11778,63071.303709137734
54135,252029.5222212008
77733,92942.89783191841
66455,125148.21577782271
27184,64376.1872601536
52937,125202.21972297202
16903,255514.7262870797
74395,195584.74473067882
37067,180640.76970362721
72758,382500.3624485316
53555,623717.9130591482
116723,106954.96334743567
71113,128510.19462025158
54576,135745.40093011103
114945,122932.22907373538
138016,269842.9476232581
43884,326764.13667948346
66696,121735.58075697141
62108,216393.97312063616
2968,387722.68121597264
15917,70074.93388574745
1579,104812.42462736297
13674,70384.83233596543
341,515606.7915814824
9559,328147.5630009413
138107,103007.12021073545
75119,301709.39593875123
47935,330597.3039274875
77696,277862.34496942285
145212,46767.00930781218
142020,140187.7897999027
66362,202180.9610446691
82663,172608.94858311204
2735,110257.45502013809
20426,185100.1808463087
18031,79257.31394983294
125081,579128.8469781799
79708,85994.0670474877
128681,191034.1199199466
110583,230289.0958851669
66535,189954.26178618413
44692,97697.50074023736
145768,117819.9508273948
63580,111476.81771636824
53284,78877.45003144522
112875,77274.96077015412
20182,171199.0996669886
16702,145674.24562896814
123864,102846.47557359381
40048,171388.34357575956
122598,152143.6790785957
6800,322770.6967988912
119330,130990.67939053025
126343,326870.6491517497
29210,150297.3106623863
28401,156640.4314511491
133701,48817.36171835615
19304,106815.10957266291
49226,73773.82678865599
72680,144606.1940440035
44343,205140.13713399152
50600,281332.654952668
53824,456016.2227336129
17750,133481.4183328892
120167,354655.27450134564
111751,195789.4709817488
69061,196670.26033911208
74923,100009.68240243114
15658,182283.33856036596
73262,160748.88744998618
44318,594809.7287909789
46379,337496.54009057826
144766,129353.96519874915
62112,63318.74828975275
26524,397198.5661899502
133284,445661.72434237186
136632,182538.2344664364
10741,166524.3831333138
60599,77545.62106892958
117243,90883.21099293063
3933,186699.77162168972
30244,72514.2936088015
40332,66644.97408579457
114579,233715.7715068306
128624,96489.07532776921
73798,137381.84314000505
142286,179555.392861105
123669,166146.3042034011
58571,131942.43410745874
37073,317666.4705574984
18034,167247.32596380432
120089,63971.19068849039
46806,416967.7665770832
21710,216171.75272130658
54044,298831.10716002045
40114,50892.443745516786
45555,69225.27797571581
82941,295994.0181567669
12622,343412.2902078226
123605,88026.83336742313
128555,85039.3766374636
78082,375175.0476013813
23668,93299.50759939876
118705,175135.55683537154
52643,105207.92983945324
114039,178713.32571605867
111363,77653.88009087575
45539,234950.73008982986
68765,84237.70490166996
40566,144914.6972347969
78875,194752.2755309707
74147,263477.4811503341
6302,121348.63193506794
7304,348993.7993156577
32338,106844.11169374103
124785,69894.37678035563
141634,134136.781914698
138116,55636.849316909625
114523,151513.28728624707
145980,106024.57276404338
37631,92348.53089883599
128180,52951.83865199192
19556,112572.29228539532
129535,21952.12875794873
83187,116718.76969063446
36187,105666.90057070491
25647,187856.94049217185
119740,109340.8217344679
137080,87242.74987615405
46328,141891.7414622148
31704,481774.0877585116
56412,146892.3213861092
71004,149002.99001910072
110944,180975.81881523284
45831,203920.67658915388
73039,244539.19831297218
38957,79202.13953703699
73438,144832.48731144803
82708,126616.4245637469
33424,177918.3738937797
39778,234149.2220093739
15071,238801.28126782388
110566,85274.40709446261
72529,200285.96100099897
21718,141259.917133135
130450,169322.20956599218
60305,151872.2909237371
4121,132266.76371242446
16058,116682.7492186923
69637,235985.48144650622
56486,144217.56965999733
46190,219241.05937365143
138595,155723.48083298717
113650,100757.84149977034
82659,147171.96357903825
46096,168892.6201905879
13807,159143.55027978186
10402,83033.21941044732
27012,245821.87553280144
11719,278010.8120089974
13974,114101.38231771588
70341,138549.48647708932
20050,91153.39383380691
58215,89473.59040857098
27449,238777.75838471064
44527,229310.79738908523
136750,48202.60050708499
130397,130658.20527025408
114989,122561.67040604027
49142,233388.5607668044
137937,47118.446332808744
30375,75785.82311750905
121559,302149.7869867869
40238,146662.7324737836
71331,92116.35807078883
33532,255828.22549214915
68318,98617.52395975083
66736,134623.00187526026
69841,64372.62076541204
34137,234825.38695452176
144696,180640.61513901775
133161,110478.87404609122
69084,120698.24084172034
68315,92375.10349737294
31705,243577.32277486648
110262,107027.12192324942
1879,147009.37440898432
39703,249429.9611592979
29334,124309.55569152598
129105,219133.31734049515
20635,223396.7950626514
21546,108260.88917719986
51520,241265.70040556553
82982,142590.7545731857
59012,169871.95613106713
142472,138933.48290204382
11418,166365.48207176404
49220,174620.47457948892
124085,96097.37756821289
56243,470838.4797319481
14163,106505.43089319106
139198,168028.1469854989
67370,160794.94839588727
110732,98869.53867493529
27194,183986.661888918
6426,187873.62737035006
39864,97475.74427860757
81720,91667.9069683346
41411,194965.56779940924
51521,141438.6892140492
74517,208933.2221922727
130496,266836.6180518681
53102,168242.11701459932
140167,123354.75447630906
115680,99203.03858895626
46713,110506.76096553507
44171,101123.55305279384
12594,102487.29984104782
10863,80650.42837988223
129729,111868.93225887048
133400,202331.34964178238
78493,321369.7981843914
50341,64563.280454419364
41005,283045.40686140646
36045,177194.3433376606
38102,125042.5808618189
31820,281252.23866412276
120728,77076.12324200259
50843,317983.04598689167
61221,188668.92528287455
141704,149012.58169091603
3179,171376.74336606736
60928,133547.6721717698
121528,132828.62987199344
137911,239819.33945258765
19311,244691.34783574092
122821,400246.5668631779
113580,529354.205673838
80583,134661.84569176153
124231,122864.98439245095
52984,250866.89017466188
42045,236611.58016132851
79014,105196.48723054238
18075,112518.35239106225
52366,88401.16862319948
33522,202418.38483661125
42425,83451.78479817446
10166,37473.992778796804
47560,146998.43801219843
77617,180759.81781426404
12062,255421.882971666
129337,247666.27058620926
54894,510291.8919477933
45482,241914.04296551167
133302,106396.45120830575
47970,239740.45793444914
64226,307968.26466064306
76333,90842.64771600683
112265,122830.43877781762
43460,102294.20825482556
10572,115690.89896158018
37647,160572.44226880808
124698,61831.2511868521
134999,128023.44117399146
82932,126315.68975138041
6219,56209.89067280125
76307,254985.97128310823
75088,246071.20402678836
135721,338775.18146520085
10506,256242.85910687025
24748,48373.41422037327
140491,89621.03860169716
59661,135940.81293011105
145607,119032.98055345763
66256,254953.86398588523
52842,89297.1922502198
75969,142856.8849280491
124517,124392.52777115538
51941,166830.53148423188
38816,103033.20354867948
60997,281535.76490119926
21162,167092.2531422327
50478,78028.02301387106
11242,223546.1193197585
42456,128247.71011750466
14596,120158.54998493756
70307,107516.22246630136
23221,80241.26898115699
131286,285351.23835425917
29844,105325.51578468332
82126,102897.76425041744
123610,111806.90686240926
59073,80898.27102806132
1308,125368.00033862569
3444,80370.90926622233
137456,144035.57082353055
49064,127285.48407853078
82580,308187.43219370366
13399,112331.04231336754
142662,279828.63693257776
119787,51719.56234160211
59604,117448.1169926273
39095,210587.78919630317
55047,124367.40962685502
62778,248075.80910217678
26172,253255.64808914968
39629,54827.59363801959
2989,91714.5908789594
110308,88757.77505856083
125884,177944.0551584047
118120,140955.75988944445
2937,135168.54546571666
80352,109057.00412296195
143867,162617.31381651037
19300,257411.57699420297
82485,91555.81303054414
138583,159019.83255169098
44208,202017.0381741943
48300,138936.7371837712
118287,300169.7023351125
5029,638615.7892118694
115293,98980.15989151427
53029,217870.11324985712
128050,134440.652554223
6892,163584.03183536895
39683,194627.0554208969
78181,376488.24272625824
2740,538459.7080428349
19339,185197.22887248578
20756,158811.21597824816
16544,526794.7735417422
141390,147812.8754698108
123477,51849.09560931339
78434,172552.71760843706
122663,292302.4628223372
22941,189933.18443037246
5070,145898.5837942297
55361,158090.77814913585
66828,278049.87877872307
29413,139302.2714016278
134010,273516.1454920779
80649,53519.853312349005
116687,94073.73345810904
32429,73896.39114790875
61228,193582.76159103063
29674,136938.8631549781
129769,97861.6599373355
16642,177853.57149498392
32292,306414.11720191024
3278,117540.13208528787
30847,186981.64382468132
14067,73579.69380621218
45527,94095.68875444609
59427,66464.87304031778
112117,271597.674569045
81753,209293.28680443103
78211,141464.87868159328
62996,142264.30815109526
56940,145043.6750451033
17439,104545.95032617127
119422,213940.6698183826
75323,262002.35780185426
32824,169856.47056401297
145875,108097.29790319077
138937,99195.78921399088
138999,63685.50225319981
67725,367338.450669919
41145,156026.35183062343
15930,42525.66761372126
139492,377051.4029778175
49124,142760.77678730927
137659,166620.0690616691
120994,236943.7892971603
53636,98592.23710866744
47303,472671.40813655977
32152,152323.4282716495
136709,118167.81867913454
17980,93392.55722516947
57676,108144.0209791334
79844,159632.51338939162
117442,61256.86508690253
66531,148868.87135705748
127564,203476.76207172766
58293,356720.4956012564
46119,88142.86068586826
16652,330895.9302200617
11033,345115.5681368548
82576,23379.475837680457
130530,108759.85610450046
114240,428544.04405546526
6709,77987.21773844975
68412,71237.37164698515
15908,88407.03695251864
37204,369788.25787050335
82990,104733.3851874815
136897,261093.64829464862
122870,86599.55199507772
129012,113314.46774598616
118578,146239.62390015763
77409,208144.52384257273
72715,212435.21009524958
123015,70425.78373424511
10181,158376.80684346776
11674,306874.8040685828
121760,61407.734969940444
3375,83130.4048011856
16353,148452.97034481246
71564,57030.77748282741
124278,109448.00148419
61431,218308.33227472624
45681,229880.09643404084
32558,71508.68079019962
78134,177747.32083069414
40309,338388.84644845116
140169,91661.15782325702
77962,237326.44323424477
52933,105997.69800229673
117951,226771.20918379913
73668,178053.27441781084
28579,54626.55194305428
25211,224716.07670872225
44066,702280.5853563715
139834,166060.4771957111
117480,224484.9906003431
112807,70494.91755826242
134201,173634.65563945496
74493,100557.47759533308
33441,95194.02567591683
62176,108369.97589043598
130385,361175.7945870053
82912,64005.635883732306
146516,101557.18928978083
7515,314683.0060958847
19408,177995.93009879036
10080,88209.97785397335
29699,190651.8194076216
115032,365001.78945521684
38415,249960.55272714497
50570,113054.00651653807
132314,406017.01084221597
1627,284578.0454771855
118166,472675.36944282614
10631,271026.7005615171
46452,251303.79230055943
23489,83527.49802057054
144657,346254.185093371
67421,107074.10304825852
9468,123456.13727678178
123247,101804.24855786563
146976,354934.348253278
71732,120927.26779720557
74043,112087.12630902459
53061,159190.8693500281
144489,136545.84179418127
144031,322779.138041489
23305,522018.78288327175
42424,477425.2178362658
46073,86459.48695457829
16074,107306.76458374716
25153,418331.11312823556
26016,176843.13408327015
62147,170232.64658152996
25261,274641.58222057484
119877,179802.5917437218
72757,174551.55518734915
53828,227732.53008983986
137330,210700.0979644952
1227,108629.33204979816
39949,220378.9952839902
131182,110201.06538475177
69209,169758.49375483606
82931,251372.83294036466
123577,98568.3193677715
44348,138237.52569632992
128112,206507.81291842012
20265,193212.03063942117
58274,305915.16735320666
76237,100230.90822727195
23845,140561.07078578306
20578,168992.58282132793
136859,137584.52617715325
5274,188866.91064464743
45823,329504.36363398726
64319,179359.59748441694
20014,245717.87660462578
80366,111074.0231359989
145789,117854.57545710869
135344,112982.11680289215
134082,197050.09880466206
57941,275389.3154001658
31355,422513.8043055776
52622,289879.75358428335
72612,123286.45605970547
118577,148905.59209471126
10158,214956.43200444366
135976,85137.9720246089
145542,159879.88520494767
73383,163578.22118268046
48606,420699.7482569674
19885,206289.6063087795
132810,106210.08976458042
143864,85728.8107427166
72159,98429.22752597892
22076,126825.80874792804
3851,139184.0890830005
143288,254789.94773291633
68012,148151.85340741382
116078,130528.41066034877
19048,135740.4302863324
59709,222924.69658832264
52959,206481.02374037539
110307,128761.14033251046
59287,109747.30659989646
7681,118024.91740689716
121116,79383.25524346139
141319,98694.51246040309
20066,237439.1187073023
23224,89146.95295387023
33032,196476.40113363374
72419,234129.61645028184
5807,24864.657655418778
52982,52180.3019754136
76051,118271.51350554767
16954,490255.8169903211
19649,381260.9724512883
40255,113409.72308449325
33662,276194.6322682435
18557,116251.86335990792
146359,62050.62307220962
27683,131740.6340804395
17527,190853.9462956264
143337,63764.032694401045
77836,241204.57469972942
77513,85128.41625751513
134418,130228.85291973152
129420,101761.83465405622
126317,182743.79530740093
15548,138781.2192286085
49113,324789.94336097996
122809,188962.02965648586
26908,126139.38880547209
118482,250151.84149325418
51286,298517.3895228976
127260,247226.21395785053
146415,133711.48379542952
28442,196696.47678190345
79210,43985.52273907293
27726,60775.14192557689
70661,56024.185545968474
38044,64493.20447593747
14899,192709.9324666144
69297,98109.2322670125
129604,125072.01354865171
61000,181799.62690124902
114205,472932.53122877516
16460,170470.09237706082
25963,58682.94446967306
146396,127778.1234874354
136537,93955.68485501692
143684,94191.77776333128
35718,609531.6255424557
119004,115556.23877776455
49043,168341.64977431964
22122,256746.00278990154
38282,180497.40436053753
19712,143063.36361773932
111524,175775.24109739385
44992,130158.54992534901
117982,718389.2776770735
7396,132061.6784903857
80160,185581.03483390578
143180,112579.71715769931
115751,188955.09017050435
24781,131268.55780876914
137111,226786.52442248916
64288,59566.133425226195
59842,287576.93567918113
46246,91424.22209592038
66714,73682.79039774819
143815,246365.59947915687
18967,341568.1552836019
37189,135257.98826113914
76681,92451.86007783558
130915,137777.56835382522
69461,164152.12436933073
1561,117442.00873518633
55094,213543.38803824194
39805,116000.09670864226
23428,247348.77053586062
129431,143770.94104728935
146543,467004.2381863093
16514,482931.3533027121
10549,92699.56476509126
65324,140979.44945858244
73817,180849.26805128925
63597,255700.54138722256
43094,109188.02911175031
117365,98235.97891511468
21568,122055.0272110595
11106,258602.70378864527
23729,126763.05595568568
146674,226850.17413291667
55992,144959.4869656042
32448,161334.551314491
38120,224227.51591238426
112231,56019.38963488478
71419,87305.22614955295
10602,146505.65880369055
47605,144731.3540177929
121288,155290.59813285776
11482,26940.99419716921
31241,309684.08201985504
137989,125376.2023368795
44668,150396.42220789843
55898,80182.00420519909
16622,234738.7598603182
79614,108069.76626476471
114361,53489.28230090448
6545,243128.68269831972
3590,83478.41537802579
111268,41148.79136131571
72383,92654.10304750968
78569,674191.8324023953
67028,312510.6747595052
50317,264627.6241850888
80189,109303.78155256517
55172,166783.731409705
31684,205106.7194577205
74295,207091.73480849224
121121,56303.420092754975
130286,133084.64738082094
145012,109106.7846278816
126902,187350.5403597645
82542,95202.38400659783
116101,218489.6562257462
67621,70246.06452385137
114324,168147.71091085416
113352,179402.47939878097
12992,300145.44049765833
122573,228867.30067618657
42758,345435.0143112564
28696,168446.76275690133
140478,158059.67603822044
127678,244305.30968505994
137483,226914.5809008914
62673,536912.0391134969
123909,111367.23597630975
124754,142691.9299605867
8619,223748.49353636883
144121,163661.9977556621
38463,130690.42502490678
65835,178425.4423424576
30828,135157.992404777
996,225795.3912129571
67913,169470.3198212593
82706,110438.29760962477
120525,147609.0577001196
142902,474872.8234694761
19714,163345.30644314145
71444,79805.7442735564
127549,87116.68918308002
146042,81582.59637847914
69999,318692.8543554651
45779,71445.9122976795
79982,255580.78502860514
128778,335474.813879168
51950,156575.1277946169
25861,124952.66508097856
7084,227734.2184241588
114329,135408.95673524943
16789,67678.58441583569
113344,184887.67774051943
124837,169112.18756159802
12050,130800.16267667076
147169,269458.42540774704
40842,171167.5910749737
18471,66890.71303373639
19124,236737.60539454056
111145,203201.63312431687
133090,114088.58150900484
17870,338402.6603970548
78152,151471.34553544442
7061,209495.5558888936
139798,109007.24049017785
121052,94998.7695717484
43027,169373.38092408827
76090,104819.01335613444
62744,161608.40022562465
27139,103848.98483742257
9726,145518.51446815595
25307,115091.03733887436
57684,240628.13233290194
56713,185879.0548635904
114116,169700.2012416684
122214,204579.414990886
115524,194019.7217785395
22132,299995.49258842727
21870,167963.17468539777
22184,396473.2678804471
111317,85371.17416584767
126200,293005.71592231654
45550,150451.04930456242
50878,114044.46553176269
9990,77515.0498001088
32432,113006.12970291666
141897,177402.33346889366
54361,154797.59989143716
21789,145980.5010164243
44600,140546.80069848095
81257,82246.10481249711
34599,146808.43162616692
70022,333109.7996035503
48388,287655.0770050528
28196,151642.95505878088
55057,85561.13511470638
16694,239392.36741026334
122209,244933.46724711006
23862,46667.97147849795
72978,124390.6938822745
121816,240051.483333036
20614,74021.649546045
139940,256408.93493324847
46430,87695.71226943469
133595,151447.5839201612
20102,236487.94053899572
76112,180131.87014438433
33967,137979.50360100006
71961,337038.28712676244
20214,110060.10047813118
71850,124634.58022856803
38926,118456.73593946216
52727,201777.51212345963
123612,96763.90973493479
110355,175483.53667916133
144384,189640.26582410574
138074,140407.0186247244
22370,124913.49005475495
115106,160137.55876989628
1306,229329.91917166862
114450,106659.54570248612
77778,315026.7374662948
80372,259529.25155626627
39730,157011.5073193384
130718,230136.8277429124
38544,208855.58674848784
63428,79496.9894286909
78222,129198.06190721485
57718,89625.65547262097
47803,73083.91542616868
28618,271060.9461922599
132661,170806.7792423612
131602,263154.4281720914
118734,133146.37179605578
14141,233533.21091019572
46586,94164.78436512021
127369,264533.2838774383
43759,137138.1570323928
43487,247608.2866216065
140035,170005.65754121012
60371,64886.541190397955
79161,47176.97017610837
139294,109231.77641715496
131944,100054.87539427044
123510,102905.10239972685
15632,218549.22789001168
7904,254438.00556410308
22081,192252.88380869935
72608,63616.108503861324
41061,226949.8204697296
47516,99816.23583765824
127068,75869.60638438183
9163,60171.11875018985
49444,144141.17816038337
14219,179296.39870865655
42186,54530.956430493265
81949,159872.54588590295
122401,193648.13544574237
4732,152741.1432221792
10728,273953.46101409686
38980,158187.2222610321
32860,142039.8972465166
78928,239593.7901727312
8851,238682.5654251639
74368,340614.780244879
68650,135600.92395702167
32238,125513.33379227435
48620,112425.96526566314
140017,130718.31908907763
32873,237827.81476741587
51187,259272.4821143321
136296,247483.63375161524
136958,116923.69731969576
112698,182938.13796879505
116463,90113.62968729962
66453,151204.36980359996
122371,185976.769004131
4775,310297.59837125766
122795,144627.47319222314
686,282303.3190082996
39152,214815.539415076
6926,93234.97107946855
24697,129485.70683661426
82558,263372.64575441275
141876,105548.60759451965
80190,258143.63339565112
6957,161253.1608710446
6609,121028.26679904721
40019,111935.7946814067
82221,449015.01286040724
55974,87533.02223138805
11944,43408.00328787906
24675,160528.23746374328
12615,112384.22179322393
48117,171079.91339460248
65079,142515.27992023237
55292,69260.22583647922
9015,366690.7413298821
69120,209114.65578127952
12950,425422.7682336818
113925,85723.7387148981
142855,305235.97477074794
17784,110921.76974288712
50893,516910.5530594606
57667,80255.03186928458
64180,55278.0250706683
144898,60143.0776316776
142566,215397.84197116437
19273,81555.3453580287
42765,270692.3521905931
54981,103816.90298563751
110627,176912.9237172943
137109,95738.02877520202
26460,324989.71702763136
132418,165556.0002886436
146995,136066.50138914352
13199,305224.1685068716
66069,105820.67113074743
28588,180896.90309901402
1149,184652.8802325719
65982,131380.5936024716
116242,75240.36028442581
116072,215365.07925942662
132906,130955.61434175547
129782,106035.10503509044
119709,41334.53257201846
48619,137506.06502499996
124346,232356.49962658272
39265,354081.88313992723
35126,211188.92544125643
131121,72220.29660675835
55902,424689.4064858471
141946,103484.77092493308
128544,426142.8357153174
124071,49961.441037096374
24173,224063.668277988
140723,114349.26194074389
35899,147395.74621248318
62375,67862.0710284735
11652,261296.9712820195
55956,109676.38265690091
44630,167381.4384412988
27531,203024.55556413007
47442,407008.13025101495
23379,632264.7309555833
3644,246350.34762965556
61975,78782.05322170556
15708,100198.80017287395
8232,91364.64957428636
69401,53195.833733066946
40648,138835.96000764667
111008,95021.21832430948
34487,200826.72073201992
33498,274273.93373707565
34335,72585.46025534303
126595,330400.9293056086
38176,128160.9830278605
71239,195725.75599639007
78906,307819.9145372536
15360,219742.9639647568
42905,136359.1816676068
29983,245682.68676046707
133540,82986.36281321252
138125,215989.16238191724
10723,97081.01436623602
124392,69938.40626272753
6010,237478.8005415421
81075,297416.1786685799
8780,158512.9863866317
146819,121654.48496181893
132017,161476.86356764502
121065,110611.77902963033
19613,86905.39899093735
144793,121650.63638042196
5000,206184.17565786262
45368,265483.3351020155
20772,466010.3928545355
58564,341224.87985230796
141192,205480.26224914327
146471,200647.38708008034
4913,278324.6466558484
126720,442359.7102850226
29421,144290.0201693512
112171,138994.7194071535
42636,284794.09077283676
48884,177824.19162207385
127123,267787.29158126155
42766,171854.45165011706
112404,462837.96164798207
73607,118804.42535442101
22780,229231.30292296747
145827,236808.56102750695
20974,333127.7496691728
125777,143763.88927476705
37336,158012.99348076514
54657,88783.50744048158
14079,42890.64836295009
56279,122912.7374734091
127806,87544.77473296227
34750,90021.15004156232
122641,276489.6029593765
19220,141798.99061616577
38949,140346.91308613308
14747,147391.00846456637
74497,84942.6969483996
65134,214415.36125198886
74518,161088.68760103112
126603,119551.01904597534
20206,345980.2224552372
6551,166620.39984697086
136189,428906.400200675
136874,64405.14907818832
14436,425358.6188419246
126301,186899.1585275484
72495,161363.36415745883
12494,257584.22416242852
11515,62329.32738080881
53257,195547.27976909548
4252,365709.5762752016
69263,246761.90759856516
11433,166931.5000719609
35263,252778.1655895405
63609,280809.9343937246
30713,490452.5007804538
7466,115778.69037765029
44449,85599.21411273324
133845,80863.78091417134
11813,63964.609432263795
130260,198186.46345858037
112097,129779.44596007586
127685,157236.19779301467
34903,35673.60540456095
56435,119314.93310612452
22756,101086.46309818992
67572,134902.73574942717
42229,360095.6110630693
71721,228092.4910110422
115118,86792.17773633725
20445,238728.1690047367
36652,199568.84716056136
70880,228236.98720872484
118170,101737.38239921881
80850,245486.5002795751
69699,143309.59131624244
143571,138575.25216172624
37124,366768.0015717582
143880,83534.9626761614
114458,145486.07686866436
140855,68468.6922658557
3593,156401.11134476698
39374,229598.16158478646
11492,86570.08491690885
14431,348093.28187635384
74582,200855.2685282986
9489,86017.87940890665
73042,236848.57202592393
21366,100170.69639398328
144355,285845.7335456296
12477,389705.61253035045
129176,132407.09490477038
15504,183212.116027203
76058,515609.6383310946
143319,450227.5571436527
82328,127891.11204095889
124603,120962.16452649646
145805,152817.25597391074
7193,162146.95069193927
6176,197106.96547725718
111212,161078.53431177558
47572,110394.2694339964
48550,172140.98870329282
47381,107075.03003961887
11522,105838.6202377272
140868,315541.67108417227
124273,207692.39070815744
134449,84290.28959594606
116945,145539.67506021657
6578,148030.33207531454
124842,47546.1550359597
132677,85327.78673653366
21512,230898.92816169845
14166,133262.11895301702
12083,312034.1342013189
112651,113687.89105063911
77263,221310.8904889159
132843,182805.2704484422
116361,105436.34296978104
127866,167496.94560399756
46372,137429.85820767126
12999,152483.86611166096
40776,534481.608441841
135311,187608.2010998866
5282,141666.93632844996
115035,174619.6089927716
56785,87965.30662290835
122019,269490.90211210435
24469,105745.6045531626
20297,149363.41151502263
31850,117808.56050418477
61592,133729.32544156548
7776,145604.20580743594
73495,151922.0617616286
39104,292197.9194039606
133834,625082.5661089136
125201,161587.64345407378
81222,80511.27535160651
117738,225099.57912462758
60186,224164.78631499564
60972,122810.59073445384
45570,89204.98210174288
115054,110742.90201356154
12206,354227.1463800715
69496,148101.4306401953
134663,183464.71822034227
139142,352921.4550350784
135429,96897.55843174671
16326,73229.69345276174
37331,384748.468852951
56296,414424.0396751455
118706,348923.94798736926
80058,166566.88285046766
12925,428578.9018676668
10529,114798.06974824434
52850,479159.11775469856
44938,214428.60874627193
146733,139979.68978182838
135350,264251.53371061175
79774,103558.39462334814
81238,190574.75408938204
111218,53302.58283896744
124891,111401.35981895261
77637,86216.13703654404
14612,68326.95250809676
79817,112435.84022173987
3599,139934.827391257
19190,484439.68174901395
10652,146153.82970065685
59504,294190.3061236602
18470,220675.38904364716
8229,85539.7723049307
37745,91545.55129897868
41146,115097.87696844747
33239,246852.51872784918
17417,76570.9411284816
119509,295105.63924411347
18984,214837.58365102528
144854,276500.89671997004
56781,192950.13728743757
128416,114055.6381742788
137931,59970.224674273995
65203,98874.49834721975
135578,87395.96766069467
110420,314640.3206791812
66640,287140.92849855963
28200,423906.6929092333
142193,153696.91492511216
10090,252819.45242056748
48533,166907.39690111432
16360,214011.75363366012
50721,263328.21113551536
21530,117003.50381518988
68252,142855.79321892257
114017,80873.85267911284
57344,143549.21757017175
8553,122789.15998022386
79966,189517.43205061904
12919,93303.34538367258
133802,348725.9371318054
3368,245841.5139520758
45793,45975.93867243714
19485,92417.93536169534
2907,385889.7718105349
16899,91619.37824380261
48348,231611.8015585087
56241,144459.28120791848
116045,145026.40869662838
120405,125955.40318866755
1700,135506.79638368948
45257,130212.72542213993
41677,179279.52183222538
111234,68112.53114519277
21166,97817.14470096887
55677,535789.6879823337
140560,162987.80839034243
117963,195799.4647918215
63774,109460.69101381188
128498,268103.58999728184
118514,235216.25983718768
136668,177082.2457387458
48232,168041.9619016123
128346,216797.98337416744
113166,159320.83416838062
51824,211247.99938916788
25961,122075.60006525728
125163,124287.29443483696
64750,155933.61529006757
73307,200562.686642429
140367,159977.14477136178
13100,145431.45314109026
131197,124830.24753563303
67332,145004.7832888515
75970,352155.90990527614
56616,147428.37095756666
124894,117310.83694073497
39672,97070.4338134188
81721,74362.3213258956
40123,94717.98157145524
75165,215206.1442598308
16404,142531.6473394694
52805,226326.84314656525
27448,92548.09132227537
10155,64159.553455407586
74897,124699.62915373506
134937,127982.0206508658
124546,71391.17865769562
25182,82918.79214410181
60847,93094.15535511718
54913,145139.33464659803
64596,175921.11916771892
58763,198577.68870313079
111204,206796.5791932981
5894,192948.32774663932
136988,118099.91870242494
35781,129798.84394535434
23089,57975.61847292453
18351,130088.1219291162
71745,49993.71895764006
142928,100314.61464853985
50630,236909.47372365606
50651,63964.750742274926
22214,193444.21322593233
26847,264886.5708873287
140037,145099.34856033482
140192,87439.5822680273
9981,64424.52908298538
10043,77607.04475824186
301,319666.3498201956
5233,85304.57298265486
11950,46587.191813684076
12551,108713.11840326288
111079,106365.5094141997
43317,242146.47469374628
59527,256928.91122350655
76717,96803.20026902534
112975,151638.5003825833
43585,143246.74133677856
118188,138487.37359047934
7735,143584.34549614502
74671,143921.16493554498
23373,163718.9956662616
26607,146218.63916903565
35313,93543.61462357373
45343,153285.1731560023
143974,284487.96893797745
17091,88917.02789994182
60832,77601.73456286547
31913,229617.00796667993
140150,135041.35754715567
128538,109852.03650659963
113871,229614.25913628266
27488,234497.6097150652
49452,103933.05084304647
32474,362318.4649765851
79719,181672.57582598116
67293,119497.83630178454
142854,245319.09041894728
52704,307537.0258725487
78718,101279.84177936544
7431,147446.79837854183
123902,111946.4773139569
82893,73185.93031929442
70573,73664.07537331182
62137,260515.66485038062
8498,172032.95024196908
39358,170438.54204995334
62633,176851.22383812847
23330,158218.0817280711
5482,180463.95374071875
18005,81573.5640727251
64513,68445.94641168293
124306,251123.03627913137
10352,91609.27243190595
74463,46074.27209550386
33256,311684.41562700685
22702,59935.73704250215
123336,107677.87325250046
8066,209396.28528996647
27836,130120.04334675534
53010,142838.59865350902
199,216577.23778145405
131117,149942.5629780334
124412,123064.18877441064
51327,132681.88219094992
134245,114971.17957752285
72856,436626.27736972144
140617,210731.4759154674
24780,61199.758139031896
76455,190561.1150262478
141766,487314.7186347152
114119,454437.4339283845
53286,323140.16766405344
61312,199050.64051415343
36216,241050.90285096335
12776,64088.029615916006
64487,242963.99222482898
117836,93159.14875124797
47571,112112.13799264646
136972,182973.31648323673
48876,376792.8872507227
113858,193509.8600621504
39125,68824.85339437007
67620,139795.6752704703
31653,82486.8653788263
112700,100043.3461404224
144091,130375.38416127257
11142,76727.74954951537
65335,273602.91862408986
111043,174426.17959884135
128018,235069.1776759848
120585,236000.5331721014
17317,105324.50593485721
74681,174852.00203182618
43781,235210.31988380736
125626,177671.95742964573
4050,116629.27603524775
8106,411348.27883770945
52450,270639.3028148853
131112,264869.7656569934
37721,298532.58977752895
68167,111923.40253944026
126194,145310.251409953
32993,73264.81302764584
123279,126921.53122581288
120035,314203.0060299634
119630,58995.74104928135
120065,169435.9225851525
25088,259476.3436875787
58511,321071.2766737903
13472,122958.85568362792
112561,403287.7285013962
133143,198159.55565952577
5197,104875.91904243111
15661,450506.55107407575
36010,93030.46132302574
58618,190474.3282809463
128651,298198.77150583337
59025,61694.68380308364
124447,135582.08532099618
58068,108886.59749057886
118307,80559.46525251374
132385,83711.0455963451
16186,132375.7730393996
17800,228022.35696737366
5395,186016.08874198378
132922,167084.051215772
78051,246273.0442496937
125448,140144.5632305873
11548,35678.88363631768
137899,275217.16603530716
118773,204407.58414681247
30652,192940.65579246572
117858,236413.9488248176
13214,77050.63151311722
64176,445091.82694815245
111335,100173.15485163653
56719,181285.52826081502
116059,146318.69632803006
81922,199550.264122662
127058,189853.9321378558
113357,91249.70097047312
146813,224558.70129934704
133852,125890.440228186
14970,360798.1853787881
20373,280405.05266559764
113215,129331.37980878071
11687,203444.72511268215
135891,115379.28746696554
145000,160760.0224832078
49007,106668.39854556108
56188,126460.68976364081
33298,216829.76044811233
144948,528960.6238387296
114220,91424.10657430592
14967,152990.74216018518
20390,117744.86389067303
8879,142065.48443791392
7695,168977.37720160693
120787,139042.47755835738
11167,203249.55778851648
110987,145895.6590559021
28037,218891.47210194025
142365,135598.62280376226
11603,75960.87561551889
38440,75809.82199431065
112512,327613.02008739754
17000,224273.28364174976
73837,150182.23252393116
36189,192885.2482849218
129610,185966.0509122007
82835,85783.43585757236
4463,94994.82430194286
147145,77253.23833935766
132840,405281.3878857003
30776,327643.9161822858
73646,198554.27820809642
45014,145462.5444652923
42981,73860.93304448565
41936,183591.47275565082
33781,55044.577050178064
59717,125441.75378841427
889,48980.03706127927
74290,111153.98887202762
40350,277769.7510932417
18713,391157.74484791124
43920,93278.99409564582
75899,88487.52239111102
25841,143268.6125108416
28721,44457.36416338213
9076,86026.47880661774
45094,500186.6069630159
144207,256923.42733870834
117893,158679.19344914664
133953,237148.41901747533
45926,205172.29745544764
8012,136584.57146449148
69928,76899.13750950272
79996,97706.53925993503
23315,164796.12802816732
116444,208829.6211816197
41948,101511.85938515337
28508,106893.19392766031
34275,74256.9599757824
10409,166022.10199058306
29765,179189.27978347585
123509,209422.3302922615
14940,132107.92726248287
34984,144116.35817519395
146036,223256.05088918627
138463,164917.41448840906
18533,136203.46665832962
119308,127050.12010583808
1551,418051.0328661192
135220,253430.3536197784
117326,209815.90618228825
34532,142795.6878806574
63892,194350.63307175768
42582,83122.88659191848
145660,101023.21887876536
24485,389641.9257310035
143972,175718.65969530164
22805,59832.56706766738
141345,115859.9081294533
19752,500987.17401151673
72656,147978.83272839064
35430,78212.42581922079
12491,169088.74094788957
58242,195893.90822736564
60332,124475.56388019017
112196,168893.88669668805
130133,129971.11149929737
147138,222741.8639293082
143689,58969.71221163745
52176,173811.51013808482
22588,112307.92050171118
131761,146292.9413196421
51381,379624.5193779254
59352,204959.2979007496
73159,119572.37118600271
10669,266720.52646070794
137054,298165.5431919293
121933,245258.240611399
146150,182003.7319592342
128005,151201.6079475308
9127,112910.36284478832
141974,103879.01774994776
132612,256104.06521319837
17457,151912.11900459454
2109,188171.5645488249
25644,61499.28348080651
141212,254989.9126356791
52978,478891.0588666896
798,393005.0345167498
12220,179140.27488631304
33099,128411.30695090085
136409,337305.6721160573
35928,149917.44531590707
57593,173549.68943701044
112944,146199.34099528316
112157,64231.91762823993
66333,140413.93548431864
3745,375135.237215918
74665,399726.6741053973
45420,183765.23267387145
133516,218132.06926706465
41258,107729.33109317429
124566,227417.9348845064
42955,122425.5819129081
120462,409423.0354661229
125213,205579.58369561814
129247,104964.91095383531
64729,114574.41269371696
35101,106066.66760304234
129951,154436.66560607334
69103,100059.68168225327
17699,96666.2532998388
126267,329019.45769322204
75470,162316.2259972944
57370,133010.48492182326
132284,270836.87496233574
59953,57673.95413085665
72914,117099.2258740966
81806,80451.43479232836
50310,139378.6955164709
18234,369318.1565234667
115960,138253.7618772613
72615,173878.66652437812
47926,274623.7023019267
47768,97669.4145214836
141238,152455.90867905784
37214,60955.22617781254
43664,125483.86288251402
141836,120415.48455478251
25214,83722.94733792615
76795,185770.20657340516
79734,63692.33352350422
67024,318507.36705126934
64732,140075.86090521936
39245,334098.0638249973
18747,358470.7697659388
3783,346075.97049382766
132463,165455.8622730554
112947,216062.85257262306
80256,126881.60752504127
116028,136287.0918473108
57957,238555.70460078953
17390,239021.92044013628
9432,473788.4462034353
2231,103903.21659297223
134234,106984.66381452806
138920,48181.89848821354
130000,146153.49318718183
118716,448767.1110185617
6689,60319.23298707808
127011,209551.9302565258
34440,607882.9343091481
38873,157453.02962917392
65040,180209.2221613617
143951,62568.42959388212
126519,105538.58426289383
113737,74646.9093793289
23679,291175.7420593057
21276,153207.61218268474
16506,63370.58583839651
51801,241702.55159834726
24592,100678.01521925585
116304,99051.16450503515
136643,174745.50924574435
58766,204197.46770865822
141341,170113.37669888663
139590,166384.28515662346
13368,96308.26576496799
56967,81193.59042239297
50676,83084.9571080315
137396,59647.584356368156
127157,208763.1375294855
1606,187141.46168143014
55990,245698.4519791252
46090,65417.00625180224
29335,362819.3371026853
142651,306271.34605642746
74092,312897.03549762897
35809,249654.87145686688
130640,166116.30145217752
2728,153782.46978279453
113406,251050.17015382287
2949,131613.64190671052
130576,169807.6239055371
20286,304958.0360075974
4001,177025.79806115723
137297,240876.03015530395
35975,250267.50412850158
52891,66091.78474547743
236,232621.92728084206
129956,58969.88951172799
79779,136547.57586360158
129447,28801.529486330666
19058,108959.0447769743
63902,252253.95695118117
7987,180602.68916210992
17377,175499.56737484696
75572,461206.58944849356
14903,155439.77411048976
47864,265931.79274942627
42929,145525.9742237955
121775,94829.24585228536
73844,163611.60272560455
137267,196335.96158654155
68621,59144.60442409613
28761,124429.83260891325
38447,241235.18845248426
72562,96742.63753783349
15120,187896.83470395338
130025,202100.30422455657
136901,266962.34786629345
31801,267574.47494606866
74627,298304.5663076582
143602,147655.23879740268
18735,127645.49496963114
70879,506864.99802177056
56758,210607.07362115337
37292,326094.57187396556
42101,347434.16603431106
31763,129478.96862453411
68195,198859.32983256067
47960,72013.28675548047
160,306851.02199660626
6664,60225.37132073807
82702,255591.3544475393
41344,259187.52033141337
111604,143809.36449510776
34651,69838.96176449396
35786,69963.18662847448
123193,205096.11567964125
77534,152095.39402084763
21003,331926.3027033131
75291,152607.81329150274
14788,248709.43803000727
38942,62262.138033310766
80716,92579.08550567226
38855,212363.28685101698
55882,180629.09319339236
16466,172930.48875344804
224,66671.9728868296
23924,239680.04435657663
43013,119998.1504065702
33806,67521.96020781095
147036,191532.6597153102
18419,78286.1979858564
126048,424066.6557664554
80963,181115.9437811371
51600,237513.24078985595
141254,249037.3622559151
14069,226095.01830457768
30693,190062.17178599624
11801,132643.11357109362
119577,333545.7159730427
59694,105029.83191711667
42165,379420.70260475844
4617,499078.840501313
118944,51991.60762718832
51344,222671.87753030966
76723,466589.61290004064
113290,138736.86265060687
12636,174915.5877681322
16643,149856.10039218568
32415,36524.92822441228
127486,184066.79444937388
80750,63208.68104433631
131958,316209.8890238758
2249,395255.5917900781
18793,192173.4071981432
10202,70078.06094206126
49471,132815.00646591844
27589,105165.67196745408
17631,135151.28206672677
33082,178767.559697125
43888,420064.2825098037
131950,259232.8218227694
76265,211449.49056921588
133939,107595.66991120907
15446,165037.35945445515
132522,151478.3194102172
111038,188293.39844486097
42527,200536.47330313385
59041,94548.08611224924
83184,402094.1862428001
72804,74946.4393978283
14159,341279.4200414467
31923,193000.625828063
128447,144702.86525725242
14439,73060.17903960627
20205,102738.46952482245
45840,93889.75042408034
52777,74821.56645650315
56656,439836.8247840204
139617,83777.71223451055
2850,195655.30678892485
127987,346306.48908335716
134733,539214.8938994255
120503,348486.1576596547
29830,52657.108641838146
69075,325532.7652169864
113019,132871.41492305242
25664,74208.8082274594
27871,169785.60060355123
47254,255748.80195254058
28343,168896.80753367284
38428,102280.54513825194
4166,134605.543795578
55776,128143.28212489537
6261,306344.97850480664
6213,177302.61980716547
6306,142243.4726487603
40705,139944.86887463502
125519,85247.25870215023
13001,164923.78847231125
76074,195368.92564914515
52619,174816.27884235387
20539,43516.25750367838
7944,86192.85579562851
145018,148679.5456823306
27407,108046.29289359087
42878,249875.63890331655
68558,450137.8327785503
142850,59716.813024361385
33558,180320.65305166005
147016,163661.66890597023
146284,357944.10017667245
34035,42171.76457739603
122324,269982.4439237028
33187,81612.38219410223
60480,182436.75076234393
82334,399194.5354506935
71472,174692.57508652794
20116,263770.94546872936
56371,98763.27087093581
78380,169787.6478881182
76548,276329.90196463553
28388,285494.74359038635
134395,62938.04815324368
2206,196024.33174886522
127719,78853.42911654839
123696,119314.85885187113
76755,228447.01986826176
42840,275712.3610361905
133346,125037.97577496481
28777,179921.37550220176
120900,302862.1265281433
64239,162561.84598702574
59358,103280.81290245529
131310,185661.43112239055
113987,60983.75711661964
17008,86746.39352960075
137031,156835.40261195385
4204,41602.55813608995
146170,102038.85436334778
15195,106819.16536187465
64298,125705.47805234465
63988,174288.17673968285
112002,391165.6010682939
30517,420249.0217727648
142728,244268.156909021
48924,238665.15676163856
50863,272179.6323997703
75650,341839.19025665225
66678,141954.21931968047
42964,149142.25200154493
7674,136061.6430095501
2588,111911.13554323229
146337,153017.9901118245
7315,264434.06770841195
57759,34603.39518958706
49749,79665.24735104296
42173,104309.20439258571
118987,527198.5728032319
46040,363886.679067686
37559,117329.79647451125
32735,49542.51901791155
77996,148243.39701218012
53814,220254.9522390791
141421,264834.72828802565
129819,105587.58037065566
71461,277751.6087362029
125727,149274.94850158913
52537,148691.60950263313
35102,111999.64257107953
6975,65916.69358965928
34375,113012.4979653737
52486,179480.1022265073
126785,290037.39112911286
131541,57877.115813569064
46749,107259.31902048172
74689,98192.68710822295
24653,72753.65421558349
9748,237868.32755240958
69780,101281.05091017231
41721,248489.3604076006
46170,193802.24503851883
34286,51266.44146929077
25111,200313.68646425466
27507,319401.93445350684
142972,334383.354578465
50502,118281.41245778344
62587,107175.15775985795
23709,190676.39877509238
24046,146666.68114076578
11997,116709.18735805666
141032,81256.83743170107
115376,101773.03231982331
69802,297127.17025745177
60395,204154.66018677823
34481,438477.8409421098
59972,162922.0584316975
5889,194406.2812341031
1045,356817.62912837474
79784,126359.44586281589
65758,103354.27856492272
82769,217678.8454406411
16010,241380.09487650142
23326,87658.9353393171
139811,147863.65356468313
74589,217757.62526706464
139386,115359.10997722429
38659,134434.6496536506
60842,79881.01907451979
62801,205239.2373839571
13838,128945.93234106651
75255,377300.5283614811
136190,64707.63931047103
24475,288307.3992488738
77188,254987.4277748732
29973,582981.9557169564
54910,147687.2165146139
62706,156560.86119016365
132533,414357.1230226077
29055,119648.10310660265
52929,122714.7206463732
60452,146984.9912542507
119859,503034.3480190038
12544,100855.95191495147
134800,91143.94908590795
20686,247598.78490381938
61367,123938.09378024355
52114,102017.87597577224
38996,114362.52715310964
134404,322621.89921353775
134660,294679.2100462883
19409,89723.07978248839
75297,246448.054864945
56353,141406.6928738447
51275,78795.45920270789
30247,306280.4188963423
33888,185226.73020971497
31853,103470.06094673977
68813,95324.86515154454
117554,101022.33323044983
46521,262523.72780168167
63420,129979.20614283744
33310,116087.9942033896
146250,170807.55671179964
28174,188287.97563190514
67012,237089.62525008016
14577,124621.78328819059
59379,155807.12046845478
119602,96250.05369266888
7248,287129.9327138876
20323,167787.99500966986
71088,89626.88815141981
37762,99971.1756955974
25596,231488.3092199742
135211,141048.41022960635
126025,179217.14009941788
62532,140004.9795084917
26726,452829.66088706977
29027,119258.51988567642
121807,149695.9137705874
15013,212832.31695610622
53670,84075.15111593812
22845,198010.96705992636
54288,205082.04485336336
13003,260730.33905676415
3669,106727.31329785436
42806,184734.21003718223
34840,226371.9834491604
136557,184739.11231839025
80799,231350.7766937923
20484,143782.71723238612
33894,143017.75975878706
15956,95347.65102918989
114704,313635.3174730333
138031,117578.6159072684
136487,86330.8852542318
27721,70385.4434042687
143485,174394.59397128725
8311,125472.25917944241
71215,221894.96886293456
23676,115713.74329353363
145084,359188.8094884935
54113,213324.35574011767
119606,296427.78928046057
20701,442117.24618768296
119707,51751.96236295499
130895,53378.70147298659
65023,481727.6573063473
145323,219887.1575187677
26691,140899.33777680647
17342,275695.9444716221
138573,123816.39177769692
122492,178619.28179043785
63329,286916.5985397061
36219,206586.21315896677
114321,182364.21678830293
57577,308056.9558938078
27364,136044.41177944155
129109,285630.60028925317
37297,54711.621899842445
65080,148092.10469741595
19285,183294.711887251
39173,88200.91351618446
56280,329079.9208515864
37972,137311.53778654808
70546,114636.33826004558
4207,206282.3875082357
49666,42579.33735409707
73117,116211.97750460517
80117,214163.13662537234
31239,80754.6817955036
8420,129749.81742215731
14407,181734.89209920916
64862,148646.15825564598
59945,111532.021138713
146951,228474.96669689237
115056,399105.6573053153
41568,191771.35350802704
138593,175586.63410134727
130144,124044.61102370259
82802,123824.46472036354
123941,401144.7997334766
33622,454415.57296519086
8306,204292.68108215477
136137,71666.04840315961
120956,217300.04788998674
7926,99032.5110294503
110236,149683.9878801517
54521,98278.78013788634
38529,235563.24306301185
34952,145269.07102493764
122272,198877.47982372768
2960,418283.6074367467
126351,172100.70480582886
146015,56924.02227623598
113294,258449.73480589333
10458,257758.53386360593
60971,126093.21191683612
123855,107515.81817601161
47883,110753.99829038678
32120,142175.5868957188
20531,125524.62264299826
64769,199803.43738039836
62258,145359.81098257916
34582,128031.50215550419
113677,322942.9320037358
124206,49535.0980513974
6634,92348.4354420084
47224,207159.3047694241
75898,52972.064727926634
6199,125908.8564926408
51209,188209.78120839503
114345,275608.77948978933
66245,101853.50143957102
24299,218085.14314072524
13128,173325.41608353265
127942,411447.79146066017
44741,148476.174140375
16132,308851.46836197417
135208,103931.23231335919
61390,156082.4710252913
2695,179562.61518692452
22542,91262.16736644432
74646,188982.15125251803
34954,116318.88521018982
137217,404697.779321307
33330,97100.36532404408
40736,81870.62983390967
14618,495489.018305158
18149,94446.04523604174
45515,271867.3150773418
125056,181751.4553589134
117320,105779.30257866645
132259,305298.5381324295
28048,89548.43091827117
6903,240542.56707590586
116103,220539.35141430056
59739,82191.0265570376
39901,169282.45497944186
53323,112677.85553258812
133408,166615.75637574226
53048,408804.98412223393
81927,90796.07137134118
18180,203287.22767520716
27191,244416.72441325788
9580,97634.6569553727
146838,269068.8584866498
77528,86240.27939675524
75863,417331.2828822625
69004,178653.6284354895
25903,289517.5678392383
23781,246917.54503723525
128394,244020.109086306
18488,173217.26012109357
139295,43057.21295145033
74192,293845.06041743234
123633,44606.32162861165
36958,110135.4422178047
67444,92866.52722688181
14040,158113.28059555186
144467,86525.5262050923
126116,281825.6428149244
6095,286969.71520322363
54904,137067.8565293298
25936,139496.77110469603
66394,252287.75079150006
147188,56514.431190697156
17206,120775.5582892147
29460,228118.37449109356
62920,174015.92971024066
57212,86061.29137011353
65540,87589.5617658127
141394,229154.22167095626
124810,232715.61753157416
38236,245077.590263844
14948,215238.21131743654
11481,70144.15793387375
27685,160485.78071493786
120253,235035.4020444192
61180,222922.34539616897
68197,311726.22034529556
48874,152030.4699237371
75174,73258.21057774374
46742,152935.40138213433
47916,88804.79202091198
37584,170068.01717602892
69306,73967.13852879989
116850,94363.03868205825
72779,133740.32432006477
16197,236803.42437509014
130203,84298.37613451929
39707,128133.41161341233
25593,80932.42515846723
113923,288302.52047982725
19055,307879.539249952
145643,34329.935668347935
124826,228730.36020376906
44135,178098.11523753597
59563,180955.1797930173
113466,176548.0587263355
16420,201401.48267718166
76772,103086.08843941861
38567,284551.3830589512
67416,105964.14552372547
40899,390047.23680225795
61813,205558.5727670826
34270,304123.36922090163
76022,241942.84470099286
16576,221039.50118593933
126217,257090.26864324932
71508,57344.76272261901
6600,90488.86037087462
64472,153099.73857655673
122684,88775.41727022083
75887,114491.32901882216
72224,139451.72547822245
81749,106095.73873368805
18598,94847.59197481611
48608,83601.53689548241
63767,431771.18311796663
124413,103342.49199176214
17450,111738.82448365701
34008,187180.94080309494
3266,118693.2548018277
719,310158.732313614
61664,344239.5485714839
35556,110465.35340217191
47574,107061.15612981223
68952,221156.6404991229
127094,104730.38476006656
142926,196122.9083034406
12148,54630.002557101645
78999,134475.01975746604
48584,280042.02435216535
9455,92429.50222589847
17638,78650.22684109097
131356,196791.97210127284
141266,204939.8998333268
80595,154865.0955494449
28217,127685.83064850373
16018,110820.1060647018
125259,36782.68265533688
146714,148887.1230759429
123594,141739.3614271649
74806,167151.84825739524
12961,138545.4299245324
60650,59168.40215028195
130518,134869.6950698716
115244,287387.91254242696
58009,253845.63721615903
75997,157757.49480917276
64959,165175.373000264
123093,613885.1838246349
120782,112752.29684789258
2721,253471.6451838497
66269,238630.28331661946
146164,242760.28313152934
8181,105874.54031806799
12625,148588.77493307943
139648,245182.8871187742
123311,116974.11267222778
44880,100072.45847867863
62896,577709.7021317461
141024,173688.92330477323
119258,170088.59077025607
143092,216941.96529209305
74703,158355.49182691608
26361,123126.98398110559
121394,371161.9365077651
143330,409740.40604900976
7858,99854.54295692002
50897,99961.34019923539
51574,114895.5546557329
51734,122099.09466498863
137574,104059.74078569852
24711,78475.46063286248
27020,294942.5792110348
131090,96211.81176776519
111878,90653.84228331356
126469,130945.73424769906
123030,243371.45580703497
126433,232252.58510346382
132617,134396.91080762705
41018,205459.2039835668
7484,254111.80922554893
15448,91422.65130421682
123082,102752.01469562433
33101,225538.0258870478
127413,514590.29741250223
131833,73064.67635013114
19219,141590.72873369744
141438,223441.49778170342
128742,190668.61504721042
126699,124835.02510434508
10745,84811.00055487166
63986,78358.60490436993
6937,135491.0832911754
44725,67257.85455963267
113354,168687.37372611946
16928,318413.7072929415
132544,173742.6449549121
18210,156190.3067810431
26923,105378.00757657866
15055,255773.08245236758
47511,109615.17472636045
56840,123291.57371305725
135178,77331.88540592005
135623,39847.77941442987
142775,103328.19623336032
142130,76738.10098486535
114571,307206.86120786873
47395,145006.10049517147
16309,246530.50514913205
41037,150342.32347646658
70567,186484.28436984884
23356,157905.8106483403
78504,133381.13393614214
30252,118499.14704754321
78950,169013.72997610102
122167,515263.48552151397
8337,130045.72935379086
8020,329804.4675606604
26707,171695.29235092338
11374,251341.3050068441
50057,73644.74411567808
112185,82874.87851660882
54843,117629.86673410714
26190,133792.63222529227
41435,142520.33750232327
127494,242553.94462102975
125908,123348.27927525746
121019,73116.35938166521
62793,179435.79266534248
4814,67643.71992040741
125876,121311.61385043009
47244,241139.72136397846
126769,216146.11360354413
139474,56539.161700256445
18518,76597.4417713058
39305,214970.7795840429
132449,121922.94851260656
61136,255256.47481735784
58297,191313.70940175527
33252,117722.44671480347
127688,167337.74157921784
131688,45572.426102194404
116126,83955.2058933699
127797,445906.82278784714
142567,69308.44242229479
43625,197389.53107485265
43773,184210.4112874911
38864,125100.97854900424
35321,75836.44506007421
116474,107306.60628688333
115574,214772.3266213841
65053,135835.64414870972
61060,82654.59113052761
69608,248204.4086267071
54041,545531.0716541314
131603,167681.1540763835
75852,74792.4802851533
121715,185881.6150401781
136696,98160.7466276616
60409,241108.18993330596
53268,315049.11819237034
52143,208171.75906270946
134283,53941.85080619771
16025,85912.57406993989
37225,174808.3782158348
17211,274491.7745486629
50133,73529.56439564396
24031,71672.04668714874
45809,120499.84695778284
54781,870246.8077282025
48353,206449.24269411858
67159,246116.0272284271
133765,154396.24818377523
35973,246681.8285264052
120984,156305.32436357503
55276,440725.6039500317
17722,182595.333867029
41645,229645.44068992775
134061,251463.74632695093
123653,364447.7562404745
35220,145817.69613481034
16819,374146.20816126384
79744,75861.10260315475
24973,169398.55448260764
60791,202885.10173251687
133007,139315.6414558784
132707,241958.95585841924
144378,150817.29806997624
145406,97623.7341937904
4599,222671.33682328273
131309,94909.92723020133
81919,47312.83549225932
141434,116218.75044528133
39418,230533.31859874062
64569,185969.95557215728
50708,454441.3975307383
135142,445444.7452187083
146441,107122.8041287235
81980,143213.94493600028
43126,76803.27139255442
49965,288159.43701858295
65829,144581.40903992532
5525,404810.81368710333
140084,126691.55382162955
112805,264401.58617200924
20127,414987.127449182
131842,125098.91300259804
74510,324275.9590658598
62095,195519.38183397014
120258,180289.1472164396
140326,175898.39541998957
75780,84063.21974252368
18340,223299.38367266048
57022,280174.4634495618
27312,136625.35465277228
112796,82528.19969313321
69781,123546.6480035506
35188,212953.44135229685
68882,150577.92117917238
140160,88464.95383456587
11397,224079.37954786574
64878,142301.81194562602
136448,135535.8663156696
79232,65711.45847482051
134912,346270.10225991707
142341,108550.37703318289
135152,363032.603465627
58518,139236.41357588687
121714,82988.67238192991
113349,125342.90603203434
143590,89340.6292054357
133601,139517.39627268503
134393,67311.71212917459
11334,112920.66965048903
74099,61636.9758196941
17539,141616.44646810106
20964,128605.13651116804
124435,91893.25193523508
146882,63109.18619099678
1862,240231.86628213304
58041,339970.1345493841
21812,340614.780244879
3618,169607.99469981363
72312,315938.5697067982
58622,282745.8948031244
27561,140238.92248871145
11403,145964.83754334244
121938,157551.7089533472
20953,104493.54856746821
141141,105404.99387672215
144084,100360.69129978021
19378,133050.36340426723
38239,92622.38557132558
17696,189453.41054869717
132101,103536.62897286519
57813,77334.8065951111
64293,123687.91817193257
63616,46484.426337403056
43543,135958.22369757204
110803,164863.6408887833
55143,99526.07239028698
20651,474574.23105315934
78073,205384.92125113693
142708,172750.52604881086
113996,83955.1571978274
64135,131509.49706596296
74024,181520.1817134367
40938,116670.4188098693
123453,515194.10792300233
50334,161363.89536596806
33869,130163.06704162442
122957,97670.9923567279
68385,281237.62043497147
141223,108074.45363974386
135186,170970.17453545635
67871,135045.57762599294
130342,190147.46602213784
142686,84072.11261393563
144949,112568.07391289638
24754,130794.43399011462
16369,138476.01374481941
125239,133358.73392026802
143537,84710.54847516699
121786,64546.402229045794
136389,93899.02473658309
117501,85224.024436913
127479,406579.53366361914
143913,249363.93179159035
39804,113422.86184281239
141792,326419.75823707844
133757,330008.5790715452
20506,201669.0556769524
47286,159123.74093366036
81338,223401.53011167573
74966,121170.28855163598
33075,175549.37360472127
4283,110268.60701118025
26456,87421.06274489283
52096,237462.11889792222
116932,112795.58454928594
79617,71075.31864917943
44159,276162.0607702517
76106,180603.43100698644
76803,71735.25882772265
11346,264624.3758672444
24185,123065.25216892225
26766,70301.87063590868
124321,70352.18440142728
24358,168868.74034204218
132881,183627.09646361676
46766,164335.6340966615
71208,386284.8978117087
59878,74594.2089027128
23687,267164.94305257965
124713,404532.84044389904
117269,156636.6822772675
83194,131923.14398143403
68487,100785.53184321252
36615,91307.20359462926
132582,173905.8509103354
18648,128955.90348383239
75501,232071.2686846099
32344,244088.49667294242
57921,162249.49626542002
15416,72695.01510457625
1062,125551.62193104718
10189,138385.7965482712
70077,346171.1109345294
37452,144313.86603499734
18196,134175.16390756622
113999,197627.56425060754
17966,126700.32922532618
112662,49844.50346527438
34573,189662.7819836914
77595,78881.97037204997
33560,35662.83652612495
125661,118062.7513049168
38049,130794.3119593068
68625,133793.68359573616
43111,262217.87858025765
116532,182543.79738534905
77926,173450.71462036617
32160,180795.1057568395
144626,77048.16498720585
77985,151309.0754928468
144886,165437.93832757228
75067,124731.67425746392
60213,177300.83319678478
120373,153475.0371347121
23705,110599.35681973772
61617,61911.90963431919
34403,50454.1910685228
138197,65245.9573741563
70271,123818.80803480663
124795,116144.62153091312
36721,118662.95740451026
110689,203964.8609961284
64094,104602.22337506508
38730,160795.74225267227
137866,331196.4303376266
115885,187165.47221199816
38237,363698.0904873907
129098,80860.3334527355
11409,217244.21836031915
67306,229697.11691019614
24654,67200.24803656145
40924,198701.9915430338
57930,86542.07553573513
2147,146395.21901063193
141509,124820.16980245334
78693,213318.94222973997
15162,160400.41626353026
126046,136491.24790773782
63166,249596.31204597827
19129,200134.7605216234
118453,199293.01982344338
120008,63315.63692751857
146367,183092.2708398092
41314,59748.298121663225
13816,226406.28172243564
49958,197958.31077014635
128744,150118.9906144535
44782,192829.90404615362
17957,158479.05908885002
25356,208439.20948585356
3066,311546.7005696434
18878,367873.2050288301
131543,254467.0736573296
69752,179674.82076670325
25569,234740.81282588828
1498,101868.31597286761
118727,51421.61796896419
123328,44344.363971249724
37957,148317.95113187763
136795,181109.44047793272
124571,66825.42878357817
136629,168784.1903035966
42560,232623.71389008826
64431,289615.4303392383
110635,145398.77255631713
8157,197509.67332807786
42687,237222.2162410192
67994,117723.7661006217
127594,210615.93922290677
55833,153245.07865046832
4723,224055.96575420536
12524,171138.51700246191
14360,84838.85810596446
132851,120000.51883169165
52289,132961.7452186377
64688,193971.20089691464
71118,127742.60246193553
139397,105934.6000973098
45433,69038.39748865619
147019,173515.4335904452
68185,103106.51697693935
63691,101618.31584526411
143721,345854.3287829079
121477,108879.81114450326
141209,158565.66030763072
129938,60166.33235857966
127504,74574.02692002058
127117,150257.39989296428
41207,222519.90404793934
6126,228036.7710791414
130201,302118.7911938102
26878,111592.27896928391
35721,173639.98694864288
129001,71703.28489661144
129228,290823.37948387826
132402,261784.86769671232
47678,102881.36867597289
35121,242127.06145555485
143075,234453.9445897642
75879,100709.6766218615
110237,309583.7586023831
129257,257633.63537266158
461,103936.81464015922
13360,264317.1749987567
132268,154830.45396383613
4742,155990.85329140848
74279,104135.90079369198
80903,76793.78997112099
121485,221693.7353796087
4487,190307.63516254682
2856,72261.34370738186
4297,262737.11984627496
12351,91171.1093876582
125773,279331.6332150298
70677,134280.52589001946
113612,272586.7708081737
146893,165502.36763914072
52210,131317.51592315148
46145,81987.41710703052
22802,191023.47920575537
55346,150588.98326938238
20097,261447.75943021517
11100,85559.41415681693
41783,151751.43992652165
139693,169317.00657124445
33928,143584.37295249524
122119,100281.97976239165
133147,135779.96742929632
15983,167978.68286218826
134473,301479.1950325688
72204,342638.34943387634
73964,401141.9681511715
17550,290545.0067296428
80637,77190.006622359
118851,63464.86392887555
52452,99483.99012234426
920,181024.62425806178
41326,69898.31040282254
42051,155236.31202160163
135691,312365.6802751232
136930,236020.33038032794
27395,173383.13822587967
42609,349287.97268924915
142582,314707.056259818
12521,422299.82311003015
137371,443688.7121452109
17828,139872.07797817924
61703,197805.1282625101
129216,199584.421677293
33513,188725.67328910023
39259,139304.42369383114
10428,427210.98071939405
42745,65402.65626929416
140601,101895.38773884712
131085,128741.14579566581
52532,458541.1028123107
76801,95034.55681186925
23949,165703.86573847526
17936,110872.62103883378
72292,77099.70452604073
13415,91268.78885403165
65618,397005.2042556383
126961,255116.8568204759
54251,175170.112543505
53238,81261.90303578138
132122,298599.5279157761
36949,89552.8622574457
64154,139347.9901630828
116561,50585.40861704021
115232,189336.1299337571
16086,234656.2760238925
42904,233466.8676813286
53374,281770.4648874071
67348,312937.78044720454
75959,240683.10293637734
38060,306329.66702918377
67256,259309.96185749953
82377,82287.07205582573
7933,250619.69811568063
48079,151281.52954072857
132730,76401.01092859494
142918,248661.04769802498
136685,153239.70389624202
37391,64421.67847327651
33176,118057.96318285377
12197,186354.4336750196
126085,324079.5212392957
27341,95195.41142946153
27083,164658.73527095577
23314,272971.35365433834
19163,99975.02227438445
15274,126090.40339776708
139093,164848.5640005643
147182,103018.00873596927
13417,128314.50781487089
136115,114853.16401704095
33170,261475.63365309752
129402,230936.5370219196
5132,130421.00208968812
33281,127491.41442468128
122632,231430.07340955926
140112,445878.301802858
47372,85556.83133756221
144211,251439.33927258436
128514,255924.34950368298
20335,245438.9655245847
17101,213933.20411717275
71106,324354.6785420419
51388,258331.3509364062
80192,208841.13464232723
46893,98275.10119371174
35757,138076.63661320342
5056,46594.556015374495
40095,266316.07427508914
127662,127518.60623155587
31620,224215.59349115036
40615,116078.63798730957
30009,84246.39140632814
385,143434.44834929446
130310,63150.144485026045
541,100050.68396862874
28851,117536.68307166117
76424,81971.21083044204
66081,189182.01544878236
9243,61321.32021117744
124007,232072.0720410607
52026,76970.81794938674
140655,140758.954717101
26290,112446.39243372832
134551,140551.2725415286
114933,179797.6815219091
115961,206676.8331898119
32492,101489.2714052655
128508,173297.53891422518
147162,89258.01154580945
125440,136584.1310855917
17872,96923.91821994868
54841,118137.82097157749
66722,210416.02272970686
48250,99658.4356197963
55153,90091.82182491849
30655,120437.85294364643
111155,250131.50965035573
6170,64815.668454473656
64759,65765.84472423342
117523,148306.4325359308
26652,168685.931578319
33462,101440.8824025376
54016,305153.40520763234
36215,150889.11902988722
30496,266612.55776924646
146234,224915.79411253938
53842,271425.20056802867
127390,122126.6111832344
39222,104558.70385661138
29906,158555.18720745388
123218,292309.6232561375
26980,155844.2500155624
63429,259207.67503314407
131315,485177.5304534588
133122,115649.82899487331
115095,364512.0573527282
43728,61815.30524154156
144261,174949.86920983015
78811,240806.54714675248
131241,116460.72618371175
116401,128378.47418301163
111158,174688.67476203485
118839,214647.83873099656
70611,341069.52130616456
111527,687939.6658439263
32380,93447.39620101707
9870,453943.4384910383
17718,212203.41923483607
111778,125407.13763529592
113301,142472.72796933094
52030,45965.1222340191
28240,103093.5424082209
75888,164802.36824009143
17534,234040.45791246754
12337,187069.73358446133
6891,372845.8940923569
71680,146777.5936944274
125493,141327.04417363743
69993,134192.87709374717
75261,137703.14018732117
1990,149251.0832528756
120817,94482.44746817855
50435,121872.86901323417
33410,145177.49161553584
17737,55176.380112930405
146135,241749.03414669185
62064,112929.82736616457
55196,265583.8804567447
114871,122721.94342647716
30433,134024.58387973616
24615,119979.12906558946
56052,126815.766222204
63607,187672.10491290002
119913,59578.56558446767
20528,96199.98491045489
50299,69919.94441738413
112353,199074.5083335038
8863,71926.87302660146
146117,127913.71435282042
143348,83820.46135052768
139794,137237.03696131968
133703,105687.08894788915
2887,197394.3706289152
63526,201917.5200862247
74921,174812.49975975283
50318,448117.3786715107
20096,331372.4465388628
12354,270273.788513575
28622,178895.70249344708
81081,257256.97378687205
78281,107226.00472498452
34718,239869.2907601415
28628,145855.12444132354
62952,75398.65194770375
2344,272744.61493219587
79470,249552.81451023696
58964,279080.2304241013
82751,131482.5835372092
116020,115609.20968380678
136371,216365.76988225122
145850,85191.42887688012
122533,120470.94590966329
59408,105553.28019315282
28950,244691.42031243612
32288,172676.44366444775
52137,271938.1508611838
25806,75472.52739630255
30060,111796.21580085513
46664,64245.90812530852
79499,71214.11921386837
44672,226808.67898849634
142493,265427.2377913525
53864,294688.4958895512
56592,110614.60608518057
2977,209512.9581096645
24271,138168.06584644286
146751,176154.445523977
113268,257429.5185190459
76406,95715.01468143068
144302,138316.82836543804
9146,129587.58597222675
56565,144947.56698257918
139961,269848.00919707434
52250,591010.6488329228
136047,221928.1141103906
138014,232697.4924891518
123233,47405.646620365995
74253,456906.0471107042
43133,112080.58226552501
17016,157543.633468916
57019,154390.73392768367
71152,157498.6744247587
22381,168400.53420511083
112920,135156.38803432666
18213,136260.78520082083
118703,458693.98673805664
33731,98432.51689790499
64645,317692.8232067124
122406,136591.53265564737
51711,98686.09098497637
61926,140913.26925318726
117164,308031.5668169519
65619,241475.21753557457
24105,292438.17944840464
113950,324409.6802385035
145152,277298.9869013497
56326,361251.5335603112
25734,231396.7091201579
6233,177568.1306990099
14768,104520.25635647115
12534,186197.4554554276
130332,214164.99857717397
4434,197737.15160558702
28206,460566.62914543063
116987,451658.7388721438
57262,335927.476616494
130292,225543.7811840629
5232,273818.20154960564
135940,88550.45885250629
79364,172365.6710546063
145025,213718.2052675657
1100,211550.40072585532
41208,98673.61476500075
116292,171451.38864263066
63292,126283.217836308
140908,116292.64064689867
53115,83844.25133085634
142885,80582.93193131978
74154,157198.6924192579
138233,201003.2849168842
25068,133161.66090062563
125464,82778.76338587605
131476,142562.22935742943
31906,438427.5210994653
74217,254329.29430480234
112101,174755.3104646493
4378,110846.78305735684
21222,234797.9036274294
125031,342561.6226459356
142647,45203.91794488385
118153,107086.44059486568
145889,188167.29645782095
115286,131732.23112341113
135523,201259.5814515364
50769,55202.18012536537
124949,128014.86874973204
123926,574493.9853200738
43891,159846.21444973754
24901,122245.55383246674
132303,62818.70110352618
135325,146695.31453980878
123405,179000.7515868994
66363,132106.52411489288
7782,633868.8532469663
4354,414118.01467293315
131501,259582.88757999195
4369,101257.06093125773
14047,68320.23077790588
39777,206189.97777714656
49479,164244.46086774272
140425,169768.81120274737
114171,174061.76408398902
863,147323.6777551857
11807,69454.61604180782
143498,156047.29303758126
41971,95240.02126229249
47925,106862.3115973084
137878,158637.3993762371
66891,125577.52365345458
45995,120659.93947232398
73895,211125.794114226
126033,228159.25447370872
22416,183297.84941510024
82041,201112.60409376863
132074,110803.15630967848
69870,152414.1998292745
29608,237825.04879349258
66581,100511.99010204074
9832,108982.9112589027
142189,106331.03593023692
11278,95852.29674500058
134375,145283.70903145644
71658,199964.11516200658
73073,153055.949478906
111353,112536.94474249764
19351,114810.9670192202
48976,61616.35174055099
32055,107030.34623122647
35628,165380.79947656975
126027,45219.65465498128
29264,124054.1989737729
38714,125556.64518166764
45876,227482.46499232866
475,172031.0807769542
7284,83290.64666803254
133444,106307.39153319343
58403,132375.44290100288
75304,588361.724698701
4996,122727.50849817466
111193,534825.455802147
6294,109876.18705390883
5383,256999.92786079147
126045,121907.07074121764
6890,520375.1423288677
141007,346894.08003417024
4151,119319.5715780432
4633,120087.08961765716
3372,265946.4075169532
144609,85808.16631746334
138252,135076.49454334512
136674,111079.04180033745
38542,136108.40347590245
145379,125499.77388946238
144780,240766.5077504039
132496,196176.1577358986
18481,105728.81098751398
15091,290844.28350374574
39698,186689.6886046595
41365,125385.19061161154
4516,76347.34492269746
61306,371392.6934933388
119179,84496.6151741562
66760,95269.93683307696
69111,87886.76077599973
14242,216463.75243381123
117868,170484.5719796837
125762,173362.58858393802
55157,200527.47468841853
22731,90311.6335192539
2743,206674.61844000162
112750,113510.87310649519
50801,143798.97727534536
43525,301994.41337582335
35322,123080.41614520189
62496,56366.32623378413
26540,394661.9321032758
2445,213328.58517239423
79233,55065.53796136426
15331,369966.40690224775
54975,102667.2560065645
51072,245667.94744286174
66936,146952.8227253419
31854,253350.65398558756
15747,167063.65154034857
69692,89814.54165866044
134527,288419.43304753874
122382,389788.35473312397
24985,224370.40798611863
72349,237785.48885558534
113336,254226.88891116023
141052,85740.03702956099
65669,375803.75712623657
42461,117856.95787311743
65827,105915.13139706913
38553,156468.2840280577
52438,83820.57333453187
113629,121280.11182238601
66197,150614.82681906075
41917,154432.4818143734
78048,178571.99584940914
57666,249429.86848708568
124691,133833.80242538036
42265,254654.89955793833
119211,37192.29106451485
21409,122710.17255436812
1313,143312.39709134895
15339,134332.42140250542
81863,388945.28871546953
12247,162209.79640778175
81356,80792.8255045695
78598,147135.8749910792
72280,289572.1423392384
119752,130946.41216238352
29664,261827.05218302103
122298,174104.51423217834
3248,144305.16794682803
65555,134628.72816373952
132801,82363.96642066077
20857,351932.87217250693
44777,139190.63715865312
34244,87122.00545559458
67329,37870.99516012966
6866,80439.45384643585
6246,299155.5121622081
20404,126422.31145968329
27788,148585.417356922
128212,87945.39512784239
4735,305214.0871219459
13928,191689.17674528388
131918,761020.9919955088
133913,81182.46546303223
29716,100377.97725838696
38149,287858.70821187313
135271,80086.55750064757
69640,195540.7217412431
123929,133549.25526695623
54864,120983.28988721105
769,154543.02573971808
146442,103592.8203973186
132215,95006.70181621297
115745,46262.687471044825
131673,51301.02740647365
13467,140405.58447755466
59674,81201.91016633835
14557,102377.17544822529
142032,95377.31908580715
11290,120654.60180587016
58855,208110.62148998876
142522,86714.6887426797
37278,57237.7536014148
82506,180836.06890697012
9722,123751.0150439911
30085,263785.16768722166
146005,322766.50163959246
65337,69810.30908608588
139991,311628.4633482356
143299,783023.8959665826
39600,203010.40603227494
127689,85543.70480377786
12539,302707.8642044311
76044,308650.1257904599
52633,304999.0951401101
28295,100516.46048080397
76159,230220.68541163765
6958,156918.99044193348
73364,150738.0596092916
78925,138719.76305388287
48937,221678.08876680737
43450,154269.896688773
27316,76303.74577217242
22565,127627.3409003813
42390,171138.78292671902
129952,167599.81941305829
57302,265430.0235389244
112413,170884.42160403336
82699,97341.8859896632
126644,153591.28977837562
2263,227985.2430483809
129292,117288.51115285442
59405,161805.65934673097
66966,74211.29264502566
134927,158777.40652102942
23700,99292.53957454844
118860,96291.61989603749
1803,290158.9143239375
15109,142979.56748805667
116179,177719.98234406332
9264,146651.01019381976
110367,214984.29142371885
9106,138986.33574212645
129032,461480.9552772355
133099,165567.1706587493
122666,217429.3228234421
23848,75175.36754165488
36878,71516.46992354214
39262,137603.83609818795
120105,148342.41140385388
16602,244620.93913787388
140933,112142.71773554204
143035,202256.84256031303
124060,160253.73664369938
37574,179373.93909809145
138186,98796.47912664473
139091,213858.2799233034
79935,222169.39311632956
68870,373983.91767329467
78524,373013.326930547
26386,84926.95476639768
41386,112205.23654507172
115282,213510.0700529713
44233,205222.7279807803
5128,228773.4955349621
123781,430089.41203310294
57573,251897.71127524658
113940,140198.82646940806
61332,346282.39550701086
15347,310967.84495237755
76105,130583.31465227535
43259,122454.7206302275
37171,91101.85928071877
125618,169680.67418753234
26813,112582.70836542026
140881,407472.2284408426
2213,108704.07762934153
11249,120901.918075853
110953,208481.1035660425
35766,154662.85484308397
50319,77641.48224230469
64580,57443.9972125331
71533,125469.809258862
127840,72724.58090736059
56379,113009.68918299802
13857,181028.22756121095
123330,51940.67216870209
147170,248836.5102517021
126056,79562.95399689207
131528,457382.3485507119
55959,134539.31307538552
40636,130841.09600626514
40020,163946.68743649952
76056,181498.73784513102
24335,158645.45057453163
134729,296892.8197994651
16984,204910.71651764226
66639,249410.17951341922
52546,84827.38004479045
25,232834.43804201222
120370,210607.68997633987
122104,254638.46610253706
139903,140213.82373933535
49323,235113.59011868882
35935,185109.75418502715
137635,156555.72172826732
44126,274671.8121394164
137722,213476.6555072001
38720,454378.4098522364
143837,237466.56001054202
146697,219910.70344714582
112273,99898.06842786362
49592,139835.2887373565
31955,181507.7236374707
46086,108698.52493837464
118630,73661.73981546688
15349,103930.70906409365
124683,43854.73919898519
130922,194810.26138082996
68285,120564.00391394722
111289,86767.63275482423
17535,252838.86564909742
80474,59744.19441706213
136199,58159.966857205014
16173,245844.16416881385
42178,264030.45888250513
118939,78772.53928068871
145807,237990.0091734894
143702,291668.26159370283
66468,281518.04676364886
37242,84348.14914895341
40408,217688.64609456007
142729,169313.25195812693
69175,132801.2409468322
74102,92769.48802874981
77680,206906.05519771433
83069,257511.6193491653
32786,60793.261797262196
144380,516950.8282544863
133067,275164.27254885284
140776,331367.6003808656
46400,225168.3735127541
55651,131233.79372015077
49247,241476.8640371479
140202,59297.79294006626
116434,144716.82539397376
71970,109250.80026733565
50725,248286.551813232
46033,166998.4363947213
66925,172174.03278177814
113327,95460.8641177002
13662,230842.52405526576
66456,70079.34362490625
58476,180919.425363141
130574,113613.14559566061
114621,555536.350038036
54607,92995.39766659564
119948,70197.97287283206
127861,218987.50477409805
16684,74360.702328057
73744,111799.25857119024
119869,79788.06729487935
127611,198309.96951591197
37113,224737.2602431202
846,115032.51914201985
123975,342667.01495518757
78622,125112.57719271799
58544,160689.2225228421
61584,92167.35151002178
126804,64341.769128709435
27843,254468.28441637845
53210,359145.9721017883
119201,124577.56185651066
33864,130967.21741204515
26491,146397.40634546443
17681,252566.47853924218
131996,63026.184730223526
74131,184905.6769441508
75678,135508.46527277454
79432,174487.90911647052
64234,182211.0460191519
110376,122930.41318062747
54966,269037.93232891953
63658,187153.33519065916
4093,410016.9847943909
116377,153878.50055458443
44906,284407.92211348633
138586,211265.84498621282
112028,87995.02063676987
69719,64134.717237301484
6967,259390.60383864935
76201,115125.49862644874
20208,116802.69112362649
59912,187515.1258778578
143315,258810.31220102555
69991,196316.31831968552
18748,100820.05575899805
2649,212681.68632492717
69820,269694.02152093546
124473,149504.51505300438
51329,317611.2378013225
62119,127395.53885341124
2912,119057.25409824491
32969,49435.4424578553
18823,201890.0069553309
141555,161861.2337463706
44976,174753.83901137052
6871,153608.4296368261
48907,59994.24252881095
7286,145293.2384943582
142780,85869.34577504641
30038,58651.76411166458
126957,139928.84929721057
78460,92710.24349580961
67573,374582.40917435876
13866,232790.12597545038
626,223069.40805991506
144799,125486.7579605284
14745,116850.0215399371
33371,88464.82994399207
117278,129375.58183818529
48682,64408.82420085295
125171,135781.8147606381
3029,191721.57096705673
53507,158759.56606689034
43297,126986.30087235346
10315,187102.28986400826
112374,86242.77537435989
75411,125412.17628120442
54011,141345.16963816748
113605,137132.70391317358
76620,245315.90502837964
32742,203900.4881021731
65461,125477.87734585797
21793,289533.9904696612
39505,157870.44033662305
77786,173332.52902227454
20077,42053.32336935055
74104,178840.25239297334
117177,102119.60600808515
128965,241598.03764720162
7116,74219.00999436373
56449,82738.86521307417
49600,206320.76843029406
20557,89130.8688785244
41215,73987.86614870573
50678,394530.55042778817
146670,228751.78175396647
46747,180873.30337857982
31534,260148.25514387042
18645,205628.75126615594
125838,114489.06782229911
55885,67413.19063992143
116073,143453.92926101244
8828,157604.58730481373
130402,74491.60055545962
17538,258135.7942265146
70797,580656.7884159838
129906,504394.16594760277
23912,83310.82122354912
61835,185459.90300960612
15240,85014.17112448702
41234,230036.54027729476
37464,323629.6327506168
7051,224771.9851609583
20360,338716.6333526925
65488,295970.72409471485
63917,242048.58104341582
38198,137456.15003783905
36434,132582.28175772037
127452,83729.89849646724
53265,82850.9392520806
119918,160230.0700598302
18634,301259.99961407785
80641,272983.4836974026
23100,111040.19999902946
19879,277647.5195268026
141859,142007.419317113
140113,82257.30301372899
63648,93822.69497523924
139281,261658.1825323315
77895,345897.8390678648
60458,110041.09238812226
18875,273300.2991217476
140686,76837.75913128575
72088,85295.27518049646
67465,113686.03994094994
141264,157166.0199290333
146717,99668.32581121614
51375,83944.17412453837
143783,115761.44878425222
118622,322607.46384202637
117418,173243.7113150897
58243,172268.39452088543
119942,492914.9067840144
114067,114745.41045971829
30373,109731.651117567
72659,104321.04410800186
55015,116471.90582199281
66297,184843.80827032236
134425,365735.67049580737
139139,202594.49583405774
50281,241724.44845180408
144655,166692.8863146435
130090,201990.5593044383
9716,290338.09978033113
146608,142937.2627176694
5352,213605.121210359
115695,490977.82943004754
127401,110244.87925357177
61850,323515.19564953435
125529,105646.80474426069
27731,141170.0492641746
25774,401792.8996231764
131190,256455.64813422866
74511,95611.58316281723
119052,138439.6268629689
110426,427484.0497821432
5357,104118.50827834578
8244,205955.65048482735
46757,127521.3907463373
81267,427756.9997015662
18651,259762.3580220259
8706,101688.5052889887
133736,202605.57691039925
115213,185902.75628032035
68703,112777.70322306655
143384,147123.6648942591
119841,122770.21159294067
120320,112407.50986811184
82964,240681.31640284427
18029,151437.6006948282
67345,107417.09940077146
49977,318229.592094083
58548,142244.0969820302
115151,92210.60494781054
122834,121929.37899649012
112107,433868.2202790622
62961,298139.2419459714
60885,150631.75262352172
117588,189974.22841889705
143377,192204.95026191825
7043,48395.568420874
146383,119702.19334772462
7803,315683.6892585745
73079,145017.61003358266
42354,69073.07971200251
52245,59283.932036571285
9069,93586.06226452475
112536,264434.49550918903
139747,35522.35790085627
18920,137686.11217066008
26761,443471.1359628039
66644,114270.60303189057
18490,577561.5461891752
134509,46521.515629203095
72494,124634.65966934801
72557,185664.27414752415
4243,244816.8832532426
15769,65291.88324471626
123534,109843.44650126781
139325,180686.23626895391
7497,185956.84865788493
81212,122326.83377230566
44378,263568.4288536873
22652,171504.2132775131
146377,43285.23132230151
120427,129083.88136854695
12913,134864.94446383504
145960,116391.96692346933
66440,249476.9871391934
29047,97702.6511482235
81762,332685.1685846183
137332,85436.7132473521
